run_date,code,name,alias,action,reason,confidence,sources,seen_count
2026-04-01,1301,極洋,極洋,skip,duplicate,high,"kabutan,nikkei",2
2026-04-01,1301,極洋,Kyokuyo,skip,duplicate,high,reuters,1
2026-04-01,1301,極洋,Kyokuyo Co Ltd,skip,duplicate,high,reuters,1
2026-04-01,130A,Veritas In Silico,Veritas In Silico,skip,duplicate,high,"kabutan,nikkei,reuters",3
2026-04-01,130A,Veritas In Silico,ウェリタス,skip,duplicate,high,kabutan,1
2026-04-01,130A,Veritas In Silico,Veritas In Silico Inc,add,new_candidate,medium,reuters,1
2026-04-01,1332,ニッスイ,ニッスイ,skip,duplicate,high,"kabutan,nikkei",2
2026-04-01,1332,ニッスイ,Nissui,skip,duplicate,high,reuters,1
2026-04-01,1332,ニッスイ,Nissui Corp,skip,duplicate,high,reuters,1
2026-04-01,1333,マルハニチロ,Umios,skip,duplicate,high,"kabutan,nikkei,reuters,tdnet",4
2026-04-01,1333,マルハニチロ,Umios Corp,skip,duplicate,high,reuters,1
2026-04-01,1333,マルハニチロ,マルハニチロ,skip,duplicate,high,tdnet,1
2026-04-01,135A,VRAIN Solution,VRAIN Solution,skip,duplicate,high,"kabutan,nikkei,reuters",3
2026-04-01,135A,VRAIN Solution,ヴレインS,skip,duplicate,high,kabutan,1
2026-04-01,135A,VRAIN Solution,Vrain Solution Inc,add,new_candidate,medium,reuters,1
2026-04-01,1375,ユキグニファクトリー,ユキグニファクトリー,skip,duplicate,high,"kabutan,nikkei",2
2026-04-01,1375,ユキグニファクトリー,Yukiguni Factory,skip,duplicate,high,reuters,1
2026-04-01,1375,ユキグニファクトリー,Yukiguni Factory Co Ltd,skip,duplicate,high,reuters,1
2026-04-01,1375,ユキグニファクトリー,ユキグニ,skip,duplicate,high,kabutan,1
2026-04-01,1376,カネコ種苗,カネコ種苗,skip,duplicate,high,"kabutan,nikkei",2
2026-04-01,1376,カネコ種苗,Kaneko Seeds,skip,duplicate,high,reuters,1
2026-04-01,1376,カネコ種苗,Kaneko Seeds Co Ltd,skip,duplicate,high,reuters,1
2026-04-01,1376,カネコ種苗,カネコ種,skip,duplicate,high,kabutan,1
2026-04-01,1377,サカタのタネ,サカタのタネ,skip,duplicate,high,"kabutan,nikkei",2
2026-04-01,1377,サカタのタネ,Sakata Seed,skip,duplicate,high,reuters,1
2026-04-01,1377,サカタのタネ,Sakata Seed Corp,skip,duplicate,high,reuters,1
2026-04-01,1377,サカタのタネ,サカタタネ,skip,duplicate,high,kabutan,1
2026-04-01,1379,ホクト,ホクト,skip,duplicate,high,"kabutan,nikkei,tdnet",3
2026-04-01,1379,ホクト,Hokuto,skip,duplicate,high,reuters,1
2026-04-01,1379,ホクト,Hokuto Corp,skip,duplicate,high,reuters,1
2026-04-01,137A,Cocolive,Cocolive,skip,duplicate,high,"kabutan,nikkei,reuters",3
2026-04-01,137A,Cocolive,ココリブ,skip,duplicate,high,kabutan,1
2026-04-01,137A,Cocolive,Cocolive Inc,add,new_candidate,medium,reuters,1
2026-04-01,1380,秋川牧園,秋川牧園,add,exists_in_base,high,"kabutan,nikkei",2
2026-04-01,1380,秋川牧園,Akikawa Foods & Farms,skip,duplicate,high,reuters,1
2026-04-01,1380,秋川牧園,Akikawa Foods & Farms Co Ltd,skip,duplicate,high,reuters,1
2026-04-01,1381,アクシーズ,アクシーズ,skip,duplicate,high,"kabutan,nikkei",2
2026-04-01,1381,アクシーズ,Axyz,skip,duplicate,high,reuters,1
2026-04-01,1381,アクシーズ,Axyz Co Ltd,skip,duplicate,high,reuters,1
2026-04-01,1382,ホーブ,ホーブ,skip,duplicate,high,"kabutan,nikkei,tdnet",3
2026-04-01,1382,ホーブ,Hob,skip,duplicate,high,reuters,1
2026-04-01,1382,ホーブ,Hob Co Ltd,skip,duplicate,high,reuters,1
2026-04-01,1383,ベルグアース,ベルグアース,add,exists_in_base,high,"kabutan,nikkei,tdnet",4
2026-04-01,1383,ベルグアース,Berg Earth,skip,duplicate,high,reuters,1
2026-04-01,1383,ベルグアース,Berg Earth Co Ltd,skip,duplicate,high,reuters,1
2026-04-01,1384,ホクリヨウ,ホクリヨウ,skip,duplicate,high,"kabutan,nikkei",2
2026-04-01,1384,ホクリヨウ,Hokuryo,skip,duplicate,high,reuters,1
2026-04-01,1384,ホクリヨウ,Hokuryo Co Ltd,skip,duplicate,high,reuters,1
2026-04-01,138A,光フードサービス,光フードサービス,add,exists_in_base,high,"kabutan,nikkei,tdnet",6
2026-04-01,138A,光フードサービス,光フードS,skip,duplicate,high,kabutan,1
2026-04-01,138A,光フードサービス,Hikari Food Service,add,new_candidate,medium,reuters,1
2026-04-01,138A,光フードサービス,Hikari Food Service Co Ltd,add,new_candidate,medium,reuters,1
2026-04-01,1401,エムビーエス,エムビーエス,add,exists_in_base,high,"kabutan,nikkei",2
2026-04-01,1401,エムビーエス,mbs,skip,duplicate,high,reuters,1
2026-04-01,1401,エムビーエス,mbs Inc,skip,duplicate,high,reuters,1
2026-04-01,1407,ウエストﾎｰﾙﾃﾞｨﾝｸﾞｽ,ウエストホールディングス,skip,duplicate,high,"kabutan,nikkei",2
2026-04-01,1407,ウエストﾎｰﾙﾃﾞｨﾝｸﾞｽ,West,skip,duplicate,high,reuters,1
2026-04-01,1407,ウエストﾎｰﾙﾃﾞｨﾝｸﾞｽ,West Holdings Corp,skip,duplicate,high,reuters,1
2026-04-01,1407,ウエストﾎｰﾙﾃﾞｨﾝｸﾞｽ,ウエストHD,skip,duplicate,high,kabutan,1
2026-04-01,1414,ショーボンドﾎｰﾙﾃﾞｨﾝｸﾞｽ,ショーボンド,skip,duplicate,high,"kabutan,tdnet",4
2026-04-01,1414,ショーボンドﾎｰﾙﾃﾞｨﾝｸﾞｽ,ショーボンドホールディングス,skip,duplicate,high,"kabutan,nikkei",2
2026-04-01,1414,ショーボンドﾎｰﾙﾃﾞｨﾝｸﾞｽ,Sho-Bond,skip,duplicate,high,reuters,1
2026-04-01,1414,ショーボンドﾎｰﾙﾃﾞｨﾝｸﾞｽ,Sho-Bond Holdings Co Ltd,skip,duplicate,high,reuters,1
2026-04-01,1417,ミライト・ワン,ミライト・ワン,skip,duplicate,high,"kabutan,nikkei",3
2026-04-01,1417,ミライト・ワン,Mirait One,skip,duplicate,high,reuters,1
2026-04-01,1417,ミライト・ワン,Mirait One Corp,skip,duplicate,high,reuters,1
2026-04-01,1418,インターライフﾎｰﾙﾃﾞｨﾝｸﾞｽ,インターライフホールディングス,skip,duplicate,high,"kabutan,nikkei",2
2026-04-01,1418,インターライフﾎｰﾙﾃﾞｨﾝｸﾞｽ,Interlife,skip,duplicate,high,reuters,1
2026-04-01,1418,インターライフﾎｰﾙﾃﾞｨﾝｸﾞｽ,Interlife Holdings Co Ltd,skip,duplicate,high,reuters,1
2026-04-01,1418,インターライフﾎｰﾙﾃﾞｨﾝｸﾞｽ,インタライフ,skip,duplicate,high,kabutan,1
2026-04-01,1419,タマホーム,タマホーム,skip,duplicate,high,"kabutan,nikkei,tdnet",3
2026-04-01,1419,タマホーム,Tama Home,skip,duplicate,high,reuters,1
2026-04-01,1419,タマホーム,Tama Home Co Ltd,skip,duplicate,high,reuters,1
2026-04-01,141A,トライアルﾎｰﾙﾃﾞｨﾝｸﾞｽ,トライアル,skip,duplicate,high,"kabutan,tdnet",3
2026-04-01,141A,トライアルﾎｰﾙﾃﾞｨﾝｸﾞｽ,トライアルホールディングス,skip,duplicate,high,"kabutan,nikkei",2
2026-04-01,141A,トライアルﾎｰﾙﾃﾞｨﾝｸﾞｽ,Trial Holdings Inc,add,new_candidate,medium,reuters,1
2026-04-01,141A,トライアルﾎｰﾙﾃﾞｨﾝｸﾞｽ,Trial,review,new_candidate,low,reuters,1
2026-04-01,1420,サンヨーホームズ,サンヨーH,skip,duplicate,high,"kabutan,tdnet",6
2026-04-01,1420,サンヨーホームズ,サンヨーホームズ,add,exists_in_base,high,"kabutan,nikkei",2
2026-04-01,1420,サンヨーホームズ,Sanyo Homes,skip,duplicate,high,reuters,1
2026-04-01,1420,サンヨーホームズ,Sanyo Homes Corp,skip,duplicate,high,reuters,1
2026-04-01,1429,日本アクア,日本アクア,skip,duplicate,high,"kabutan,nikkei,tdnet",6
2026-04-01,1429,日本アクア,Nippon Aqua,skip,duplicate,high,reuters,1
2026-04-01,1429,日本アクア,Nippon Aqua Co Ltd,skip,duplicate,high,reuters,1
2026-04-01,142A,ジンジブ,ジンジブ,add,exists_in_base,high,"kabutan,nikkei,tdnet",4
2026-04-01,142A,ジンジブ,Jinjibu,add,new_candidate,medium,reuters,1
2026-04-01,142A,ジンジブ,Jinjibu Co Ltd,add,new_candidate,medium,reuters,1
2026-04-01,1430,ファーストｺｰﾎﾟﾚｰｼｮﾝ,ファーストコーポレーション,skip,duplicate,high,"kabutan,nikkei",2
2026-04-01,1430,ファーストｺｰﾎﾟﾚｰｼｮﾝ,1stコーポ,skip,duplicate,high,kabutan,1
2026-04-01,1430,ファーストｺｰﾎﾟﾚｰｼｮﾝ,First-Corporation Inc,skip,duplicate,high,reuters,1
2026-04-01,1430,ファーストｺｰﾎﾟﾚｰｼｮﾝ,ファーストコーポ,add,new_candidate,medium,tdnet,1
2026-04-01,1431,Lib Work,Lib Work,skip,duplicate,high,"kabutan,nikkei,reuters",3
2026-04-01,1431,Lib Work,Lib Work Co Ltd,skip,duplicate,high,reuters,1
2026-04-01,1431,Lib Work,リブワーク,skip,duplicate,high,kabutan,1
2026-04-01,1433,ベステラ,ベステラ,skip,duplicate,high,"kabutan,nikkei,tdnet",7
2026-04-01,1433,ベステラ,Besterra,skip,duplicate,high,reuters,1
2026-04-01,1433,ベステラ,Besterra Co Ltd,skip,duplicate,high,reuters,1
2026-04-01,1434,JESCOﾎｰﾙﾃﾞｨﾝｸﾞｽ,JESCO,skip,duplicate,high,"kabutan,reuters",2
2026-04-01,1434,JESCOﾎｰﾙﾃﾞｨﾝｸﾞｽ,JESCOホールディングス,skip,duplicate,high,"kabutan,nikkei",2
2026-04-01,1434,JESCOﾎｰﾙﾃﾞｨﾝｸﾞｽ,Jesco Holdings Inc,skip,duplicate,high,reuters,1
2026-04-01,1435,robot home,robot home,skip,duplicate,high,"kabutan,nikkei,reuters,tdnet",7
2026-04-01,1435,robot home,robot home Inc,skip,duplicate,high,reuters,1
2026-04-01,1435,robot home,ロボホーム,skip,duplicate,high,kabutan,1
2026-04-01,1436,グリーンエナジー＆カンパニー,グリーンエナジー&カンパニー,add,exists_in_base,high,"kabutan,nikkei",2
2026-04-01,1436,グリーンエナジー＆カンパニー,GreenEnergy & Company,skip,duplicate,high,reuters,1
2026-04-01,1436,グリーンエナジー＆カンパニー,GreenEnergy & Company Inc,skip,duplicate,high,reuters,1
2026-04-01,1436,グリーンエナジー＆カンパニー,グリーンエナ,skip,duplicate,high,kabutan,1
2026-04-01,1436,グリーンエナジー＆カンパニー,グリーンエナジー,add,new_candidate,medium,tdnet,5
2026-04-01,1438,岐阜造園,岐阜造園,add,exists_in_base,high,"kabutan,nikkei",2
2026-04-01,1438,岐阜造園,Gifu Landscape Architect,skip,duplicate,high,reuters,1
2026-04-01,1438,岐阜造園,Gifu Landscape Architect Co Ltd,skip,duplicate,high,reuters,1
2026-04-01,143A,イシン,イシン,add,exists_in_base,high,"kabutan,nikkei",2
2026-04-01,143A,イシン,Ishin Co Ltd,add,new_candidate,medium,reuters,1
2026-04-01,143A,イシン,Ishin,review,new_candidate,low,reuters,1
2026-04-01,1443,技研ﾎｰﾙﾃﾞｨﾝｸﾞｽ,技研ホールディングス,skip,duplicate,high,"kabutan,nikkei",2
2026-04-01,1443,技研ﾎｰﾙﾃﾞｨﾝｸﾞｽ,Giken,skip,duplicate,high,reuters,1
2026-04-01,1443,技研ﾎｰﾙﾃﾞｨﾝｸﾞｽ,Giken Holdings Co Ltd,skip,duplicate,high,reuters,1
2026-04-01,1443,技研ﾎｰﾙﾃﾞｨﾝｸﾞｽ,技研HD,skip,duplicate,high,kabutan,1
2026-04-01,1444,ニッソウ,ニッソウ,add,exists_in_base,high,"kabutan,nikkei,tdnet",5
2026-04-01,1444,ニッソウ,Nissou,skip,duplicate,high,reuters,1
2026-04-01,1444,ニッソウ,Nissou Co Ltd,skip,duplicate,high,reuters,1
2026-04-01,1446,キャンディル,キャンディル,skip,duplicate,high,"kabutan,nikkei",2
2026-04-01,1446,キャンディル,Candeal,skip,duplicate,high,reuters,1
2026-04-01,1446,キャンディル,Candeal Co Ltd,skip,duplicate,high,reuters,1
2026-04-01,1447,SAAFﾎｰﾙﾃﾞｨﾝｸﾞｽ,SAAFHD,skip,duplicate,high,"kabutan,tdnet",16
2026-04-01,1447,SAAFﾎｰﾙﾃﾞｨﾝｸﾞｽ,SAAFホールディングス,skip,duplicate,high,"kabutan,nikkei",2
2026-04-01,1447,SAAFﾎｰﾙﾃﾞｨﾝｸﾞｽ,SAAF,skip,duplicate,high,reuters,1
2026-04-01,1447,SAAFﾎｰﾙﾃﾞｨﾝｸﾞｽ,SAAF Holdings Co Ltd,skip,duplicate,high,reuters,1
2026-04-01,1450,TANAKEN,TANAKEN,skip,duplicate,high,"kabutan,nikkei,reuters",3
2026-04-01,1450,TANAKEN,Tanaken Inc,skip,duplicate,high,reuters,1
2026-04-01,1450,TANAKEN,タナケン,skip,duplicate,high,kabutan,1
2026-04-01,145A,L is B,エルイズビー,skip,duplicate,high,"kabutan,tdnet",6
2026-04-01,145A,L is B,L is B,skip,duplicate,high,"kabutan,nikkei,reuters",3
2026-04-01,145A,L is B,L is B Corp,add,new_candidate,medium,reuters,1
2026-04-01,146A,コロンビア・ワークス,コロンビア・ワークス,skip,duplicate,high,"kabutan,nikkei,tdnet",5
2026-04-01,146A,コロンビア・ワークス,コロンビア,skip,duplicate,high,kabutan,1
2026-04-01,146A,コロンビア・ワークス,Columbia Works,add,new_candidate,medium,reuters,1
2026-04-01,146A,コロンビア・ワークス,Columbia Works Inc,add,new_candidate,medium,reuters,1
2026-04-01,147A,ソラコム,ソラコム,add,exists_in_base,high,"kabutan,nikkei",2
2026-04-01,147A,ソラコム,Soracom,add,new_candidate,medium,reuters,1
2026-04-01,147A,ソラコム,Soracom Inc,add,new_candidate,medium,reuters,1
2026-04-01,148A,ハッチ・ワーク,ハッチ・ワーク,skip,duplicate,high,"kabutan,nikkei,tdnet",4
2026-04-01,148A,ハッチ・ワーク,Hatch Work,add,new_candidate,medium,reuters,1
2026-04-01,148A,ハッチ・ワーク,Hatch Work Co Ltd,add,new_candidate,medium,reuters,1
2026-04-01,1491,中外鉱業,中外鉱業,skip,duplicate,high,"kabutan,nikkei",2
2026-04-01,1491,中外鉱業,Chugai Mining,skip,duplicate,high,reuters,1
2026-04-01,1491,中外鉱業,Chugai Mining Co Ltd,skip,duplicate,high,reuters,1
2026-04-01,1491,中外鉱業,中外鉱,skip,duplicate,high,kabutan,1
2026-04-01,149A,シンカ,シンカ,add,exists_in_base,high,"kabutan,nikkei,tdnet",6
2026-04-01,149A,シンカ,Thinca,add,new_candidate,medium,reuters,1
2026-04-01,149A,シンカ,Thinca Co Ltd,add,new_candidate,medium,reuters,1
2026-04-01,150A,JSH,JSH,skip,duplicate,high,"kabutan,nikkei,reuters",3
2026-04-01,150A,JSH,JSH Co Ltd,add,new_candidate,medium,reuters,1
2026-04-01,1514,住石ﾎｰﾙﾃﾞｨﾝｸﾞｽ,住石HD,skip,duplicate,high,"kabutan,tdnet",2
2026-04-01,1514,住石ﾎｰﾙﾃﾞｨﾝｸﾞｽ,住石ホールディングス,skip,duplicate,high,"kabutan,nikkei",2
2026-04-01,1514,住石ﾎｰﾙﾃﾞｨﾝｸﾞｽ,Sumiseki,skip,duplicate,high,reuters,1
2026-04-01,1514,住石ﾎｰﾙﾃﾞｨﾝｸﾞｽ,Sumiseki Holdings Inc,skip,duplicate,high,reuters,1
2026-04-01,1515,日鉄鉱業,日鉄鉱,skip,duplicate,high,"kabutan,tdnet",3
2026-04-01,1515,日鉄鉱業,日鉄鉱業,skip,duplicate,high,"kabutan,nikkei",2
2026-04-01,1515,日鉄鉱業,Nittetsu Mining,skip,duplicate,high,reuters,1
2026-04-01,1515,日鉄鉱業,Nittetsu Mining Co Ltd,skip,duplicate,high,reuters,1
2026-04-01,1518,三井松島ﾎｰﾙﾃﾞｨﾝｸﾞｽ,三井松島HD,skip,duplicate,high,"kabutan,tdnet",3
2026-04-01,1518,三井松島ﾎｰﾙﾃﾞｨﾝｸﾞｽ,三井松島ホールディングス,skip,duplicate,high,"kabutan,nikkei",2
2026-04-01,1518,三井松島ﾎｰﾙﾃﾞｨﾝｸﾞｽ,Mitsui Matsushima,skip,duplicate,high,reuters,1
2026-04-01,1518,三井松島ﾎｰﾙﾃﾞｨﾝｸﾞｽ,Mitsui Matsushima Holdings Co Ltd,skip,duplicate,high,reuters,1
2026-04-01,151A,ダイブ,ダイブ,add,exists_in_base,high,"kabutan,nikkei",2
2026-04-01,151A,ダイブ,Dive Inc,add,new_candidate,medium,reuters,1
2026-04-01,151A,ダイブ,Dive,review,new_candidate,low,reuters,1
2026-04-01,153A,カウリス,カウリス,add,exists_in_base,high,"kabutan,nikkei,tdnet",4
2026-04-01,153A,カウリス,Caulis,add,new_candidate,medium,reuters,1
2026-04-01,153A,カウリス,Caulis Inc,add,new_candidate,medium,reuters,1
2026-04-01,155A,情報戦略テクノロジー,情報戦略テクノロジー,add,exists_in_base,high,"kabutan,nikkei",2
2026-04-01,155A,情報戦略テクノロジー,情報戦略テク,skip,duplicate,high,kabutan,1
2026-04-01,155A,情報戦略テクノロジー,情報戦略,add,new_candidate,medium,tdnet,4
2026-04-01,155A,情報戦略テクノロジー,Information Strategy and Technology,add,new_candidate,medium,reuters,1
2026-04-01,155A,情報戦略テクノロジー,Information Strategy and Technology Co Ltd,add,new_candidate,medium,reuters,1
2026-04-01,156A,マテリアルｸﾞﾙｰﾌﾟ,マテリアルG,skip,duplicate,high,"kabutan,tdnet",2
2026-04-01,156A,マテリアルｸﾞﾙｰﾌﾟ,マテリアルグループ,skip,duplicate,high,"kabutan,nikkei",2
2026-04-01,156A,マテリアルｸﾞﾙｰﾌﾟ,Material,add,new_candidate,medium,reuters,1
2026-04-01,156A,マテリアルｸﾞﾙｰﾌﾟ,Material Group Inc,add,new_candidate,medium,reuters,1
2026-04-01,157A,グリーンモンスター,Gモンスター,skip,duplicate,high,"kabutan,tdnet",3
2026-04-01,157A,グリーンモンスター,グリーンモンスター,add,exists_in_base,high,"kabutan,nikkei",2
2026-04-01,157A,グリーンモンスター,Green Monster,add,new_candidate,medium,reuters,1
2026-04-01,157A,グリーンモンスター,Green Monster Inc,add,new_candidate,medium,reuters,1
2026-04-01,1605,INPEX,INPEX,skip,duplicate,high,"kabutan,nikkei,reuters",3
2026-04-01,1605,INPEX,Inpex Corp,skip,duplicate,high,reuters,1
2026-04-01,160A,アズパートナーズ,アズパートナーズ,skip,duplicate,high,"kabutan,nikkei,tdnet",5
2026-04-01,160A,アズパートナーズ,アズパートナ,skip,duplicate,high,kabutan,1
2026-04-01,160A,アズパートナーズ,As Partners,add,new_candidate,medium,reuters,1
2026-04-01,160A,アズパートナーズ,As Partners Co Ltd,add,new_candidate,medium,reuters,1
2026-04-01,1662,石油資源開発,石油資源,skip,duplicate,high,"kabutan,tdnet",2
2026-04-01,1662,石油資源開発,石油資源開発,skip,duplicate,high,"kabutan,nikkei",2
2026-04-01,1662,石油資源開発,Japan Petroleum Exploration,skip,duplicate,high,reuters,1
2026-04-01,1662,石油資源開発,Japan Petroleum Exploration Co Ltd,skip,duplicate,high,reuters,1
2026-04-01,1663,K＆Oエナジーｸﾞﾙｰﾌﾟ,K&Oエナジーグループ,skip,duplicate,high,"kabutan,nikkei",2
2026-04-01,1663,K＆Oエナジーｸﾞﾙｰﾌﾟ,K&O Energy,skip,duplicate,high,reuters,1
2026-04-01,1663,K＆Oエナジーｸﾞﾙｰﾌﾟ,K&O Energy Group Inc,skip,duplicate,high,reuters,1
2026-04-01,1663,K＆Oエナジーｸﾞﾙｰﾌﾟ,K&Oエナジ,skip,duplicate,high,kabutan,1
2026-04-01,1663,K＆Oエナジーｸﾞﾙｰﾌﾟ,K&Oエナジー,skip,duplicate,high,tdnet,1
2026-04-01,166A,タスキﾎｰﾙﾃﾞｨﾝｸﾞｽ,タスキHD,skip,duplicate,high,"kabutan,tdnet",2
2026-04-01,166A,タスキﾎｰﾙﾃﾞｨﾝｸﾞｽ,タスキホールディングス,skip,duplicate,high,"kabutan,nikkei",2
2026-04-01,166A,タスキﾎｰﾙﾃﾞｨﾝｸﾞｽ,Tasuki,add,new_candidate,medium,reuters,1
2026-04-01,166A,タスキﾎｰﾙﾃﾞｨﾝｸﾞｽ,Tasuki Holdings Inc,add,new_candidate,medium,reuters,1
2026-04-01,167A,リョーサン菱洋ﾎｰﾙﾃﾞｨﾝｸﾞｽ,リョーサン菱洋,skip,duplicate,high,tdnet,2
2026-04-01,167A,リョーサン菱洋ﾎｰﾙﾃﾞｨﾝｸﾞｽ,リョーサン菱洋ホールディングス,skip,duplicate,high,"kabutan,nikkei",2
2026-04-01,167A,リョーサン菱洋ﾎｰﾙﾃﾞｨﾝｸﾞｽ,リョー菱HD,skip,duplicate,high,kabutan,1
2026-04-01,167A,リョーサン菱洋ﾎｰﾙﾃﾞｨﾝｸﾞｽ,Ryoyo Ryosan,add,new_candidate,medium,reuters,1
2026-04-01,167A,リョーサン菱洋ﾎｰﾙﾃﾞｨﾝｸﾞｽ,Ryoyo Ryosan Holdings Inc,add,new_candidate,medium,reuters,1
2026-04-01,168A,イタミアート,イタミアート,add,exists_in_base,high,"kabutan,nikkei,tdnet",5
2026-04-01,168A,イタミアート,Itamiarts,add,new_candidate,medium,reuters,1
2026-04-01,168A,イタミアート,Itamiarts Inc,add,new_candidate,medium,reuters,1
2026-04-01,1711,SDSﾎｰﾙﾃﾞｨﾝｸﾞｽ,SDSHD,skip,duplicate,high,"kabutan,tdnet",4
2026-04-01,1711,SDSﾎｰﾙﾃﾞｨﾝｸﾞｽ,SDSホールディングス,skip,duplicate,high,"kabutan,nikkei",2
2026-04-01,1711,SDSﾎｰﾙﾃﾞｨﾝｸﾞｽ,SDS,skip,duplicate,high,reuters,1
2026-04-01,1711,SDSﾎｰﾙﾃﾞｨﾝｸﾞｽ,SDS Holdings Co Ltd,skip,duplicate,high,reuters,1
2026-04-01,1716,第一カッター興業,第一カッター興業,skip,duplicate,high,"kabutan,nikkei",2
2026-04-01,1716,第一カッター興業,Dai-Ichi Cutter Kogyo,skip,duplicate,high,reuters,1
2026-04-01,1716,第一カッター興業,Dai-Ichi Cutter Kogyo KK,skip,duplicate,high,reuters,1
2026-04-01,1716,第一カッター興業,第一カッタ,skip,duplicate,high,kabutan,1
2026-04-01,1717,明豊ファシリティワークス,明豊ファシリティワークス,skip,duplicate,high,"kabutan,nikkei",2
2026-04-01,1717,明豊ファシリティワークス,Meiho Facility Works,skip,duplicate,high,reuters,1
2026-04-01,1717,明豊ファシリティワークス,Meiho Facility Works Ltd,skip,duplicate,high,reuters,1
2026-04-01,1717,明豊ファシリティワークス,明豊ファシリ,skip,duplicate,high,kabutan,1
2026-04-01,1717,明豊ファシリティワークス,明豊ファシリティ,skip,duplicate,high,tdnet,1
2026-04-01,1718,美樹工業,美樹工業,skip,duplicate,high,"kabutan,nikkei,tdnet",5
2026-04-01,1718,美樹工業,Mikikogyo,skip,duplicate,high,reuters,1
2026-04-01,1718,美樹工業,Mikikogyo Co Ltd,skip,duplicate,high,reuters,1
2026-04-01,1719,安藤・間,安藤ハザマ,skip,duplicate,high,"kabutan,nikkei,tdnet",4
2026-04-01,1719,安藤・間,Hazama Ando,skip,duplicate,high,reuters,1
2026-04-01,1719,安藤・間,Hazama Ando Corp,skip,duplicate,high,reuters,1
2026-04-01,1719,安藤・間,安藤・間,add,exists_in_base,high,kabutan,1
2026-04-01,1720,東急建設,東急建設,skip,duplicate,high,"kabutan,nikkei,tdnet",4
2026-04-01,1720,東急建設,Tokyu Construction,skip,duplicate,high,reuters,1
2026-04-01,1720,東急建設,Tokyu Construction Co Ltd,skip,duplicate,high,reuters,1
2026-04-01,1721,コムシスﾎｰﾙﾃﾞｨﾝｸﾞｽ,コムシスHD,skip,duplicate,high,"kabutan,tdnet",5
2026-04-01,1721,コムシスﾎｰﾙﾃﾞｨﾝｸﾞｽ,コムシスホールディングス,skip,duplicate,high,"kabutan,nikkei",2
2026-04-01,1721,コムシスﾎｰﾙﾃﾞｨﾝｸﾞｽ,Comsys,skip,duplicate,high,reuters,1
2026-04-01,1721,コムシスﾎｰﾙﾃﾞｨﾝｸﾞｽ,Comsys Holdings Corp,skip,duplicate,high,reuters,1
2026-04-01,1723,日本電技,日本電技,skip,duplicate,high,"kabutan,nikkei",2
2026-04-01,1723,日本電技,Nihon Dengi,skip,duplicate,high,reuters,1
2026-04-01,1723,日本電技,Nihon Dengi Co Ltd,skip,duplicate,high,reuters,1
2026-04-01,1724,シンクレイヤ,シンクレイヤ,skip,duplicate,high,"kabutan,nikkei,tdnet",5
2026-04-01,1724,シンクレイヤ,Synclayer,skip,duplicate,high,reuters,1
2026-04-01,1724,シンクレイヤ,Synclayer Inc,skip,duplicate,high,reuters,1
2026-04-01,1726,ビーアールﾎｰﾙﾃﾞｨﾝｸﾞｽ,Br.HD,skip,duplicate,high,"kabutan,tdnet",3
2026-04-01,1726,ビーアールﾎｰﾙﾃﾞｨﾝｸﾞｽ,ビーアールホールディングス,skip,duplicate,high,"kabutan,nikkei",2
2026-04-01,1726,ビーアールﾎｰﾙﾃﾞｨﾝｸﾞｽ,Br.,skip,duplicate,high,reuters,1
2026-04-01,1726,ビーアールﾎｰﾙﾃﾞｨﾝｸﾞｽ,Br. Holdings Corp,skip,duplicate,high,reuters,1
2026-04-01,1736,オーテック,オーテック,skip,duplicate,high,"kabutan,nikkei,tdnet",5
2026-04-01,1736,オーテック,Otec,skip,duplicate,high,reuters,1
2026-04-01,1736,オーテック,Otec Corp,skip,duplicate,high,reuters,1
2026-04-01,173A,ハンモック,ハンモック,add,exists_in_base,high,"kabutan,nikkei",2
2026-04-01,173A,ハンモック,Hammock,add,new_candidate,medium,reuters,1
2026-04-01,173A,ハンモック,Hammock Inc,add,new_candidate,medium,reuters,1
2026-04-01,1758,太洋基礎工業,太洋基礎,skip,duplicate,high,"kabutan,tdnet",3
2026-04-01,1758,太洋基礎工業,太洋基礎工業,add,exists_in_base,high,"kabutan,nikkei",2
2026-04-01,1758,太洋基礎工業,Taiyo Kisokogyo,skip,duplicate,high,reuters,1
2026-04-01,1758,太洋基礎工業,Taiyo Kisokogyo Co Ltd,skip,duplicate,high,reuters,1
2026-04-01,175A,Will Smart,Will Smart,skip,duplicate,high,"kabutan,nikkei,reuters",3
2026-04-01,175A,Will Smart,ウィルスマ,skip,duplicate,high,kabutan,1
2026-04-01,175A,Will Smart,ウィルスマート,add,new_candidate,medium,tdnet,3
2026-04-01,175A,Will Smart,Will Smart Co Ltd,add,new_candidate,medium,reuters,1
2026-04-01,1762,高松コンストラクションｸﾞﾙｰﾌﾟ,高松コンストラクショングループ,skip,duplicate,high,"kabutan,nikkei",2
2026-04-01,1762,高松コンストラクションｸﾞﾙｰﾌﾟ,Takamatsu Construction,skip,duplicate,high,reuters,1
2026-04-01,1762,高松コンストラクションｸﾞﾙｰﾌﾟ,Takamatsu Construction Group Co Ltd,skip,duplicate,high,reuters,1
2026-04-01,1762,高松コンストラクションｸﾞﾙｰﾌﾟ,高松グループ,skip,duplicate,high,kabutan,1
2026-04-01,1764,工藤建設,工藤建設,skip,duplicate,high,"kabutan,nikkei",2
2026-04-01,1764,工藤建設,Kudo,skip,duplicate,high,reuters,1
2026-04-01,1764,工藤建設,Kudo Corp,skip,duplicate,high,reuters,1
2026-04-01,1766,東建ｺｰﾎﾟﾚｰｼｮﾝ,東建コーポ,skip,duplicate,high,"kabutan,tdnet",2
2026-04-01,1766,東建ｺｰﾎﾟﾚｰｼｮﾝ,東建コーポレーション,skip,duplicate,high,"kabutan,nikkei",2
2026-04-01,1766,東建ｺｰﾎﾟﾚｰｼｮﾝ,Token,skip,duplicate,high,reuters,1
2026-04-01,1766,東建ｺｰﾎﾟﾚｰｼｮﾝ,Token Corp,skip,duplicate,high,reuters,1
2026-04-01,1768,ソネック,ソネック,skip,duplicate,high,"kabutan,nikkei,tdnet",3
2026-04-01,1768,ソネック,Sonec,skip,duplicate,high,reuters,1
2026-04-01,1768,ソネック,Sonec Corp,skip,duplicate,high,reuters,1
2026-04-01,1770,藤田エンジニアリング,藤田エンジニアリング,add,exists_in_base,high,"kabutan,nikkei",2
2026-04-01,1770,藤田エンジニアリング,Fujita Engineering,skip,duplicate,high,reuters,1
2026-04-01,1770,藤田エンジニアリング,Fujita Engineering Co Ltd,skip,duplicate,high,reuters,1
2026-04-01,1770,藤田エンジニアリング,藤田エンジ,skip,duplicate,high,kabutan,1
2026-04-01,1776,三井住建道路,三住道路,skip,duplicate,high,tdnet,4
2026-04-01,1776,三井住建道路,三井住建道路,add,exists_in_base,high,"kabutan,nikkei",2
2026-04-01,1776,三井住建道路,Sumiken Mitsui Road,skip,duplicate,high,reuters,1
2026-04-01,1776,三井住建道路,Sumiken Mitsui Road Co Ltd,skip,duplicate,high,reuters,1
2026-04-01,1776,三井住建道路,三井住建道,skip,duplicate,high,kabutan,1
2026-04-01,177A,コージンバイオ,コージンバイオ,add,exists_in_base,high,"kabutan,nikkei",2
2026-04-01,177A,コージンバイオ,コージンB,skip,duplicate,high,kabutan,1
2026-04-01,177A,コージンバイオ,Kohjin Bio,add,new_candidate,medium,reuters,1
2026-04-01,177A,コージンバイオ,Kohjin Bio Co Ltd,add,new_candidate,medium,reuters,1
2026-04-01,1780,ヤマウラ,ヤマウラ,skip,duplicate,high,"kabutan,nikkei",2
2026-04-01,1780,ヤマウラ,Yamaura,skip,duplicate,high,reuters,1
2026-04-01,1780,ヤマウラ,Yamaura Corp,skip,duplicate,high,reuters,1
2026-04-01,1783,fantasista,fantasista,skip,duplicate,high,"kabutan,nikkei,reuters,tdnet",6
2026-04-01,1783,fantasista,Fantasista Co Ltd,skip,duplicate,high,reuters,1
2026-04-01,1783,fantasista,ファンタジス,skip,duplicate,high,kabutan,1
2026-04-01,1786,オリエンタル白石,オリエンタル白石,skip,duplicate,high,"kabutan,nikkei,tdnet",3
2026-04-01,1786,オリエンタル白石,Oriental Shiraishi,skip,duplicate,high,reuters,1
2026-04-01,1786,オリエンタル白石,Oriental Shiraishi Corp,skip,duplicate,high,reuters,1
2026-04-01,1786,オリエンタル白石,オリエン白石,skip,duplicate,high,kabutan,1
2026-04-01,1787,ナカボーテック,ナカボーテック,skip,duplicate,high,"kabutan,nikkei",2
2026-04-01,1787,ナカボーテック,Nakabohtec Corrosion Protecting,skip,duplicate,high,reuters,1
2026-04-01,1787,ナカボーテック,Nakabohtec Corrosion Protecting Co Ltd,skip,duplicate,high,reuters,1
2026-04-01,1787,ナカボーテック,ナカボテック,skip,duplicate,high,kabutan,1
2026-04-01,1788,三東工業社,三東工業社,add,exists_in_base,high,"kabutan,nikkei",2
2026-04-01,1788,三東工業社,Santo,skip,duplicate,high,reuters,1
2026-04-01,1788,三東工業社,Santo Corp,skip,duplicate,high,reuters,1
2026-04-01,1788,三東工業社,三東工業,skip,duplicate,high,kabutan,1
2026-04-01,1793,大本組,大本組,skip,duplicate,high,"kabutan,nikkei",2
2026-04-01,1793,大本組,Ohmoto Gumi,skip,duplicate,high,reuters,1
2026-04-01,1793,大本組,Ohmoto Gumi Co Ltd,skip,duplicate,high,reuters,1
2026-04-01,1795,マサル,マサル,add,exists_in_base,high,"kabutan,nikkei",2
2026-04-01,1795,マサル,Masaru,skip,duplicate,high,reuters,1
2026-04-01,1795,マサル,Masaru Corp,skip,duplicate,high,reuters,1
2026-04-01,1798,守谷商会,守谷商会,skip,duplicate,high,"kabutan,nikkei",2
2026-04-01,1798,守谷商会,Moriya,skip,duplicate,high,reuters,1
2026-04-01,1798,守谷商会,Moriya Corp,skip,duplicate,high,reuters,1
2026-04-01,1799,第一建設工業,第一建設,skip,duplicate,high,"kabutan,tdnet",2
2026-04-01,1799,第一建設工業,第一建設工業,skip,duplicate,high,"kabutan,nikkei",2
2026-04-01,1799,第一建設工業,Daiichi Kensetsu,skip,duplicate,high,reuters,1
2026-04-01,1799,第一建設工業,Daiichi Kensetsu Corp,skip,duplicate,high,reuters,1
2026-04-01,1801,大成建設,大成建,skip,duplicate,high,"kabutan,tdnet",5
2026-04-01,1801,大成建設,大成建設,skip,duplicate,high,"kabutan,nikkei",2
2026-04-01,1801,大成建設,Taisei,skip,duplicate,high,reuters,1
2026-04-01,1801,大成建設,Taisei Corp,skip,duplicate,high,reuters,1
2026-04-01,1802,大林組,大林組,skip,duplicate,high,"kabutan,nikkei,tdnet",4
2026-04-01,1802,大林組,Obayashi,skip,duplicate,high,reuters,1
2026-04-01,1802,大林組,Obayashi Corp,skip,duplicate,high,reuters,1
2026-04-01,1803,清水建設,清水建,skip,duplicate,high,"kabutan,tdnet",5
2026-04-01,1803,清水建設,清水建設,skip,duplicate,high,"kabutan,nikkei",2
2026-04-01,1803,清水建設,Shimizu,skip,duplicate,high,reuters,1
2026-04-01,1803,清水建設,Shimizu Corp,skip,duplicate,high,reuters,1
2026-04-01,1807,佐藤渡辺,佐藤渡辺,skip,duplicate,high,"kabutan,nikkei,tdnet",4
2026-04-01,1807,佐藤渡辺,Watanabe Sato,skip,duplicate,high,reuters,1
2026-04-01,1807,佐藤渡辺,Watanabe Sato Co Ltd,skip,duplicate,high,reuters,1
2026-04-01,1808,長谷工ｺｰﾎﾟﾚｰｼｮﾝ,長谷工コーポレーション,skip,duplicate,high,"kabutan,nikkei",2
2026-04-01,1808,長谷工ｺｰﾎﾟﾚｰｼｮﾝ,Haseko,skip,duplicate,high,reuters,1
2026-04-01,1808,長谷工ｺｰﾎﾟﾚｰｼｮﾝ,Haseko Corp,skip,duplicate,high,reuters,1
2026-04-01,1808,長谷工ｺｰﾎﾟﾚｰｼｮﾝ,長谷工,skip,duplicate,high,kabutan,1
2026-04-01,1810,松井建設,松井建設,skip,duplicate,high,"kabutan,nikkei",2
2026-04-01,1810,松井建設,Matsui Construction,skip,duplicate,high,reuters,1
2026-04-01,1810,松井建設,Matsui Construction Co Ltd,skip,duplicate,high,reuters,1
2026-04-01,1810,松井建設,松井建,skip,duplicate,high,kabutan,1
2026-04-01,1811,錢高組,銭高組,skip,duplicate,high,"kabutan,nikkei",2
2026-04-01,1811,錢高組,Zenitaka,skip,duplicate,high,reuters,1
2026-04-01,1811,錢高組,Zenitaka Corp,skip,duplicate,high,reuters,1
2026-04-01,1811,錢高組,錢高組,add,exists_in_base,high,kabutan,1
2026-04-01,1812,鹿島建設,鹿島,skip,duplicate,high,"kabutan,nikkei",2
2026-04-01,1812,鹿島建設,Kajima,skip,duplicate,high,reuters,1
2026-04-01,1812,鹿島建設,Kajima Corp,skip,duplicate,high,reuters,1
2026-04-01,1812,鹿島建設,鹿島建設,add,exists_in_base,high,kabutan,1
2026-04-01,1813,不動テトラ,不動テトラ,skip,duplicate,high,"kabutan,nikkei",2
2026-04-01,1813,不動テトラ,Fudo Tetra,skip,duplicate,high,reuters,1
2026-04-01,1813,不動テトラ,Fudo Tetra Corp,skip,duplicate,high,reuters,1
2026-04-01,1814,大末建設,大末建,skip,duplicate,high,"kabutan,tdnet",2
2026-04-01,1814,大末建設,大末建設,skip,duplicate,high,"kabutan,nikkei",2
2026-04-01,1814,大末建設,Daisue Construction,skip,duplicate,high,reuters,1
2026-04-01,1814,大末建設,Daisue Construction Co Ltd,skip,duplicate,high,reuters,1
2026-04-01,1815,鉄建建設,鉄建建設,add,exists_in_base,high,"kabutan,tdnet",2
2026-04-01,1815,鉄建建設,Tekken,skip,duplicate,high,reuters,1
2026-04-01,1815,鉄建建設,Tekken Corp,skip,duplicate,high,reuters,1
2026-04-01,1815,鉄建建設,鉄建,skip,duplicate,high,nikkei,1
2026-04-01,1820,西松建設,西松建,skip,duplicate,high,"kabutan,tdnet",2
2026-04-01,1820,西松建設,西松建設,skip,duplicate,high,"kabutan,nikkei",2
2026-04-01,1820,西松建設,Nishimatsu Construction,skip,duplicate,high,reuters,1
2026-04-01,1820,西松建設,Nishimatsu Construction Co Ltd,skip,duplicate,high,reuters,1
2026-04-01,1822,大豊建設,大豊建,skip,duplicate,high,"kabutan,tdnet",2
2026-04-01,1822,大豊建設,大豊建設,skip,duplicate,high,"kabutan,nikkei",2
2026-04-01,1822,大豊建設,Daiho,skip,duplicate,high,reuters,1
2026-04-01,1822,大豊建設,Daiho Corp,skip,duplicate,high,reuters,1
2026-04-01,1826,佐田建設,佐田建設,skip,duplicate,high,"kabutan,nikkei",2
2026-04-01,1826,佐田建設,Sata Construction,skip,duplicate,high,reuters,1
2026-04-01,1826,佐田建設,Sata Construction Co Ltd,skip,duplicate,high,reuters,1
2026-04-01,1826,佐田建設,佐田建,skip,duplicate,high,kabutan,1
2026-04-01,1827,ナカノフドー建設,ナカノフドー建設,skip,duplicate,high,"kabutan,nikkei",2
2026-04-01,1827,ナカノフドー建設,Nakano,skip,duplicate,high,reuters,1
2026-04-01,1827,ナカノフドー建設,Nakano Corp,skip,duplicate,high,reuters,1
2026-04-01,1827,ナカノフドー建設,ナカノフドー,skip,duplicate,high,kabutan,1
2026-04-01,1828,田辺工業,田辺工業,skip,duplicate,high,"kabutan,nikkei",2
2026-04-01,1828,田辺工業,Tanabe Engineering,skip,duplicate,high,reuters,1
2026-04-01,1828,田辺工業,Tanabe Engineering Corp,skip,duplicate,high,reuters,1
2026-04-01,1833,奥村組,奥村組,skip,duplicate,high,"kabutan,nikkei",2
2026-04-01,1833,奥村組,Okumura,skip,duplicate,high,reuters,1
2026-04-01,1833,奥村組,Okumura Corp,skip,duplicate,high,reuters,1
2026-04-01,1835,東鉄工業,東鉄工,skip,duplicate,high,"kabutan,tdnet",3
2026-04-01,1835,東鉄工業,東鉄工業,skip,duplicate,high,"kabutan,nikkei",2
2026-04-01,1835,東鉄工業,Totetsu Kogyo,skip,duplicate,high,reuters,1
2026-04-01,1835,東鉄工業,Totetsu Kogyo Co Ltd,skip,duplicate,high,reuters,1
2026-04-01,1840,土屋ﾎｰﾙﾃﾞｨﾝｸﾞｽ,土屋HD,skip,duplicate,high,"kabutan,tdnet",2
2026-04-01,1840,土屋ﾎｰﾙﾃﾞｨﾝｸﾞｽ,土屋ホールディングス,skip,duplicate,high,"kabutan,nikkei",2
2026-04-01,1840,土屋ﾎｰﾙﾃﾞｨﾝｸﾞｽ,Tsuchiya,skip,duplicate,high,reuters,1
2026-04-01,1840,土屋ﾎｰﾙﾃﾞｨﾝｸﾞｽ,Tsuchiya Holdings Co Ltd,skip,duplicate,high,reuters,1
2026-04-01,1841,サンユー建設,サンユー建設,skip,duplicate,high,"kabutan,tdnet",3
2026-04-01,1841,サンユー建設,サンユ,skip,duplicate,high,kabutan,1
2026-04-01,1841,サンユー建設,1841.T,add,new_candidate,medium,reuters,1
2026-04-01,1844,大盛工業,大盛工業,skip,duplicate,high,"kabutan,nikkei",2
2026-04-01,1844,大盛工業,Ohmori,skip,duplicate,high,reuters,1
2026-04-01,1844,大盛工業,Ohmori Co Ltd,skip,duplicate,high,reuters,1
2026-04-01,1844,大盛工業,大盛工,add,new_candidate,medium,tdnet,2
2026-04-01,1847,イチケン,イチケン,skip,duplicate,high,"kabutan,nikkei,tdnet",4
2026-04-01,1847,イチケン,Ichiken,skip,duplicate,high,reuters,1
2026-04-01,1847,イチケン,Ichiken Co Ltd,skip,duplicate,high,reuters,1
2026-04-01,1848,富士ピー・エス,富士ピー・エス,skip,duplicate,high,"kabutan,nikkei",2
2026-04-01,1848,富士ピー・エス,Fuji PS,skip,duplicate,high,reuters,1
2026-04-01,1848,富士ピー・エス,Fuji PS Corp,skip,duplicate,high,reuters,1
2026-04-01,1848,富士ピー・エス,富士PS,skip,duplicate,high,kabutan,1
2026-04-01,184A,学びエイド,学びエイド,add,exists_in_base,high,"kabutan,nikkei,tdnet",5
2026-04-01,184A,学びエイド,Manabi-aid,add,new_candidate,medium,reuters,1
2026-04-01,184A,学びエイド,Manabi-aid Co Ltd,add,new_candidate,medium,reuters,1
2026-04-01,1850,南海辰村建設,南海辰村建設,skip,duplicate,high,"kabutan,nikkei,tdnet",3
2026-04-01,1850,南海辰村建設,Nankai Tatsumura Construction,skip,duplicate,high,reuters,1
2026-04-01,1850,南海辰村建設,Nankai Tatsumura Construction Co Ltd,skip,duplicate,high,reuters,1
2026-04-01,1850,南海辰村建設,南海辰村,skip,duplicate,high,kabutan,1
2026-04-01,1852,淺沼組,浅沼組,skip,duplicate,high,"kabutan,nikkei,tdnet",4
2026-04-01,1852,淺沼組,Asanuma,skip,duplicate,high,reuters,1
2026-04-01,1852,淺沼組,Asanuma Corp,skip,duplicate,high,reuters,1
2026-04-01,1852,淺沼組,淺沼組,add,exists_in_base,high,kabutan,1
2026-04-01,1853,森組,森組,add,exists_in_base,high,"kabutan,nikkei",2
2026-04-01,1853,森組,Mori-Gumi,skip,duplicate,high,reuters,1
2026-04-01,1853,森組,Mori-Gumi Co Ltd,skip,duplicate,high,reuters,1
2026-04-01,1860,戸田建設,戸田建,skip,duplicate,high,"kabutan,tdnet",7
2026-04-01,1860,戸田建設,戸田建設,skip,duplicate,high,"kabutan,nikkei",2
2026-04-01,1860,戸田建設,Toda,skip,duplicate,high,reuters,1
2026-04-01,1860,戸田建設,Toda Corp,skip,duplicate,high,reuters,1
2026-04-01,1861,熊谷組,熊谷組,skip,duplicate,high,"kabutan,nikkei,tdnet",4
2026-04-01,1861,熊谷組,Kumagai Gumi,skip,duplicate,high,reuters,1
2026-04-01,1861,熊谷組,Kumagai Gumi Co Ltd,skip,duplicate,high,reuters,1
2026-04-01,1866,北野建設,北野建設,skip,duplicate,high,"kabutan,nikkei",2
2026-04-01,1866,北野建設,Kitano Construction,skip,duplicate,high,reuters,1
2026-04-01,1866,北野建設,Kitano Construction Corp,skip,duplicate,high,reuters,1
2026-04-01,1866,北野建設,北野建,skip,duplicate,high,kabutan,1
2026-04-01,1867,植木組,植木組,skip,duplicate,high,"kabutan,nikkei,tdnet",3
2026-04-01,1867,植木組,Ueki,skip,duplicate,high,reuters,1
2026-04-01,1867,植木組,Ueki Corp,skip,duplicate,high,reuters,1
2026-04-01,186A,アストロスケールﾎｰﾙﾃﾞｨﾝｸﾞｽ,アストロスケールホールディングス,skip,duplicate,high,"kabutan,nikkei",2
2026-04-01,186A,アストロスケールﾎｰﾙﾃﾞｨﾝｸﾞｽ,アストロHD,skip,duplicate,high,kabutan,1
2026-04-01,186A,アストロスケールﾎｰﾙﾃﾞｨﾝｸﾞｽ,アストロスケール,add,new_candidate,medium,tdnet,7
2026-04-01,186A,アストロスケールﾎｰﾙﾃﾞｨﾝｸﾞｽ,Astroscale,add,new_candidate,medium,reuters,1
2026-04-01,186A,アストロスケールﾎｰﾙﾃﾞｨﾝｸﾞｽ,Astroscale Holdings Inc,add,new_candidate,medium,reuters,1
2026-04-01,1870,矢作建設工業,矢作建,skip,duplicate,high,"kabutan,tdnet",2
2026-04-01,1870,矢作建設工業,矢作建設工業,skip,duplicate,high,"kabutan,nikkei",2
2026-04-01,1870,矢作建設工業,Yahagi Construction,skip,duplicate,high,reuters,1
2026-04-01,1870,矢作建設工業,Yahagi Construction Co Ltd,skip,duplicate,high,reuters,1
2026-04-01,1871,ピーエス・コンストラクション,ピーエス,skip,duplicate,high,"kabutan,tdnet",3
2026-04-01,1871,ピーエス・コンストラクション,ピーエス・コンストラクション,skip,duplicate,high,"kabutan,nikkei",2
2026-04-01,1871,ピーエス・コンストラクション,PS Construction,skip,duplicate,high,reuters,1
2026-04-01,1871,ピーエス・コンストラクション,PS Construction Co Ltd,skip,duplicate,high,reuters,1
2026-04-01,1873,日本ハウスﾎｰﾙﾃﾞｨﾝｸﾞｽ,日本ハウスホールディングス,skip,duplicate,high,"kabutan,nikkei",2
2026-04-01,1873,日本ハウスﾎｰﾙﾃﾞｨﾝｸﾞｽ,Nihon House,skip,duplicate,high,reuters,1
2026-04-01,1873,日本ハウスﾎｰﾙﾃﾞｨﾝｸﾞｽ,Nihon House Holdings Co Ltd,skip,duplicate,high,reuters,1
2026-04-01,1873,日本ハウスﾎｰﾙﾃﾞｨﾝｸﾞｽ,日本ハウス,skip,duplicate,high,kabutan,1
2026-04-01,1873,日本ハウスﾎｰﾙﾃﾞｨﾝｸﾞｽ,日本ハウスHD,skip,duplicate,high,tdnet,1
2026-04-01,1878,大東建託,大東建,skip,duplicate,high,"kabutan,tdnet",2
2026-04-01,1878,大東建託,大東建託,skip,duplicate,high,"kabutan,nikkei",2
2026-04-01,1878,大東建託,Daito Trust Construction,skip,duplicate,high,reuters,1
2026-04-01,1878,大東建託,Daito Trust Construction Co Ltd,skip,duplicate,high,reuters,1
2026-04-01,1879,新日本建設,新日本建設,skip,duplicate,high,"kabutan,nikkei",2
2026-04-01,1879,新日本建設,Shinnihon,skip,duplicate,high,reuters,1
2026-04-01,1879,新日本建設,Shinnihon Corp,skip,duplicate,high,reuters,1
2026-04-01,1879,新日本建設,新日本建,skip,duplicate,high,kabutan,1
2026-04-01,1882,東亜道路工業,東亜道路工業,skip,duplicate,high,"kabutan,nikkei",2
2026-04-01,1882,東亜道路工業,Toa Road,skip,duplicate,high,reuters,1
2026-04-01,1882,東亜道路工業,Toa Road Corp,skip,duplicate,high,reuters,1
2026-04-01,1882,東亜道路工業,東亜道,skip,duplicate,high,kabutan,1
2026-04-01,1885,東亜建設工業,東亜建,skip,duplicate,high,"kabutan,tdnet",9
2026-04-01,1885,東亜建設工業,東亜建設工業,skip,duplicate,high,"kabutan,nikkei",2
2026-04-01,1885,東亜建設工業,Toa Corp (Tokyo),skip,duplicate,high,reuters,1
2026-04-01,1887,日本国土開発,日本国土開発,skip,duplicate,high,"kabutan,nikkei",2
2026-04-01,1887,日本国土開発,JDC,skip,duplicate,high,reuters,1
2026-04-01,1887,日本国土開発,JDC Corp,skip,duplicate,high,reuters,1
2026-04-01,1888,若築建設,若築建,skip,duplicate,high,"kabutan,tdnet",6
2026-04-01,1888,若築建設,若築建設,skip,duplicate,high,"kabutan,nikkei",2
2026-04-01,1888,若築建設,Wakachiku Construction,skip,duplicate,high,reuters,1
2026-04-01,1888,若築建設,Wakachiku Construction Co Ltd,skip,duplicate,high,reuters,1
2026-04-01,1893,五洋建設,五洋建,skip,duplicate,high,"kabutan,tdnet",2
2026-04-01,1893,五洋建設,五洋建設,skip,duplicate,high,"kabutan,nikkei",2
2026-04-01,1893,五洋建設,Penta-Ocean Construction,skip,duplicate,high,reuters,1
2026-04-01,1893,五洋建設,Penta-Ocean Construction Co Ltd,skip,duplicate,high,reuters,1
2026-04-01,1897,金下建設,金下建設,skip,duplicate,high,"kabutan,nikkei",2
2026-04-01,1897,金下建設,Kaneshita Construction,skip,duplicate,high,reuters,1
2026-04-01,1897,金下建設,Kaneshita Construction Co Ltd,skip,duplicate,high,reuters,1
2026-04-01,1897,金下建設,金下建,skip,duplicate,high,kabutan,1
2026-04-01,1898,世紀東急工業,世紀東急,skip,duplicate,high,"kabutan,tdnet",2
2026-04-01,1898,世紀東急工業,世紀東急工業,skip,duplicate,high,"kabutan,nikkei",2
2026-04-01,1898,世紀東急工業,Seikitokyu Kogyo,skip,duplicate,high,reuters,1
2026-04-01,1898,世紀東急工業,Seikitokyu Kogyo Co Ltd,skip,duplicate,high,reuters,1
2026-04-01,1899,福田組,福田組,skip,duplicate,high,"kabutan,nikkei,tdnet",6
2026-04-01,1899,福田組,Fukuda,skip,duplicate,high,reuters,1
2026-04-01,1899,福田組,Fukuda Corp,skip,duplicate,high,reuters,1
2026-04-01,189A,D＆Mカンパニー,D&Mカンパニー,skip,duplicate,high,"kabutan,nikkei,tdnet",3
2026-04-01,189A,D＆Mカンパニー,DMカンパニ,skip,duplicate,high,kabutan,1
2026-04-01,189A,D＆Mカンパニー,D&M Company,add,new_candidate,medium,reuters,1
2026-04-01,189A,D＆Mカンパニー,D&M Company Co Ltd,add,new_candidate,medium,reuters,1
2026-04-01,1904,大成温調,大成温調,skip,duplicate,high,"kabutan,nikkei,tdnet",4
2026-04-01,1904,大成温調,Taisei Oncho,skip,duplicate,high,reuters,1
2026-04-01,1904,大成温調,Taisei Oncho Co Ltd,skip,duplicate,high,reuters,1
2026-04-01,1905,テノックス,テノックス,skip,duplicate,high,"kabutan,nikkei,tdnet",3
2026-04-01,1905,テノックス,Tenox,skip,duplicate,high,reuters,1
2026-04-01,1905,テノックス,Tenox Corp,skip,duplicate,high,reuters,1
2026-04-01,1909,日本ドライケミカル,日本ドライケミカル,skip,duplicate,high,"kabutan,nikkei,tdnet",3
2026-04-01,1909,日本ドライケミカル,Nippon Dry-Chemical,skip,duplicate,high,reuters,1
2026-04-01,1909,日本ドライケミカル,Nippon Dry-Chemical Co Ltd,skip,duplicate,high,reuters,1
2026-04-01,1909,日本ドライケミカル,日本ドライ,skip,duplicate,high,kabutan,1
2026-04-01,190A,Chordia Therapeutics,Chordia Therapeutics,skip,duplicate,high,"kabutan,nikkei,reuters",3
2026-04-01,190A,Chordia Therapeutics,コーディア,skip,duplicate,high,kabutan,1
2026-04-01,190A,Chordia Therapeutics,Chordia,add,new_candidate,medium,tdnet,5
2026-04-01,190A,Chordia Therapeutics,Chordia Therapeutics Inc,add,new_candidate,medium,reuters,1
2026-04-01,1911,住友林業,住友林,skip,duplicate,high,"kabutan,tdnet",2
2026-04-01,1911,住友林業,住友林業,skip,duplicate,high,"kabutan,nikkei",2
2026-04-01,1911,住友林業,Sumitomo Forestry,skip,duplicate,high,reuters,1
2026-04-01,1911,住友林業,Sumitomo Forestry Co Ltd,skip,duplicate,high,reuters,1
2026-04-01,1914,日本基礎技術,日本基礎技術,add,exists_in_base,high,"kabutan,nikkei",2
2026-04-01,1914,日本基礎技術,Japan Foundation Engineering,skip,duplicate,high,reuters,1
2026-04-01,1914,日本基礎技術,Japan Foundation Engineering Co Ltd,skip,duplicate,high,reuters,1
2026-04-01,1914,日本基礎技術,日基技,skip,duplicate,high,kabutan,1
2026-04-01,1921,巴ｺｰﾎﾟﾚｰｼｮﾝ,巴コーポレーション,skip,duplicate,high,"kabutan,nikkei",2
2026-04-01,1921,巴ｺｰﾎﾟﾚｰｼｮﾝ,Tomoe,skip,duplicate,high,reuters,1
2026-04-01,1921,巴ｺｰﾎﾟﾚｰｼｮﾝ,Tomoe Corp,skip,duplicate,high,reuters,1
2026-04-01,1925,大和ハウス工業,大和ハウス,skip,duplicate,high,"kabutan,tdnet",2
2026-04-01,1925,大和ハウス工業,大和ハウス工業,skip,duplicate,high,"kabutan,nikkei",2
2026-04-01,1925,大和ハウス工業,Daiwa House Industry,skip,duplicate,high,reuters,1
2026-04-01,1925,大和ハウス工業,Daiwa House Industry Co Ltd,skip,duplicate,high,reuters,1
2026-04-01,1926,ライト工業,ライト工,skip,duplicate,high,tdnet,3
2026-04-01,1926,ライト工業,ライト工業,skip,duplicate,high,"kabutan,nikkei",2
2026-04-01,1926,ライト工業,Raito Kogyo,skip,duplicate,high,reuters,1
2026-04-01,1926,ライト工業,Raito Kogyo Co Ltd,skip,duplicate,high,reuters,1
2026-04-01,1926,ライト工業,ライト,skip,duplicate,high,kabutan,1
2026-04-01,1928,積水ハウス,積水ハウス,skip,duplicate,high,"kabutan,nikkei,tdnet",7
2026-04-01,1928,積水ハウス,Sekisui House,skip,duplicate,high,reuters,1
2026-04-01,1928,積水ハウス,Sekisui House Ltd,skip,duplicate,high,reuters,1
2026-04-01,1929,日特建設,日特建設,skip,duplicate,high,"kabutan,nikkei",2
2026-04-01,1929,日特建設,Nittoc Construction,skip,duplicate,high,reuters,1
2026-04-01,1929,日特建設,Nittoc Construction Co Ltd,skip,duplicate,high,reuters,1
2026-04-01,1929,日特建設,日特建,skip,duplicate,high,kabutan,1
2026-04-01,192A,インテｸﾞﾙｰﾌﾟ,インテグループ,skip,duplicate,high,"kabutan,nikkei,tdnet",4
2026-04-01,192A,インテｸﾞﾙｰﾌﾟ,インテG,skip,duplicate,high,kabutan,1
2026-04-01,192A,インテｸﾞﾙｰﾌﾟ,Integroup,add,new_candidate,medium,reuters,1
2026-04-01,192A,インテｸﾞﾙｰﾌﾟ,Integroup Inc,add,new_candidate,medium,reuters,1
2026-04-01,1930,北陸電気工事,北陸電気工事,skip,duplicate,high,"kabutan,nikkei",2
2026-04-01,1930,北陸電気工事,Hokuriku Electrical Construction,skip,duplicate,high,reuters,1
2026-04-01,1930,北陸電気工事,Hokuriku Electrical Construction Co Ltd,skip,duplicate,high,reuters,1
2026-04-01,1930,北陸電気工事,北陸電工,skip,duplicate,high,kabutan,1
2026-04-01,1934,ユアテック,ユアテック,skip,duplicate,high,"kabutan,nikkei,tdnet",4
2026-04-01,1934,ユアテック,Yurtec,skip,duplicate,high,reuters,1
2026-04-01,1934,ユアテック,Yurtec Corp,skip,duplicate,high,reuters,1
2026-04-01,1938,日本リーテック,日リーテック,skip,duplicate,high,"kabutan,tdnet",2
2026-04-01,1938,日本リーテック,日本リーテック,skip,duplicate,high,"kabutan,nikkei",2
2026-04-01,1938,日本リーテック,Nippon Rietec,skip,duplicate,high,reuters,1
2026-04-01,1938,日本リーテック,Nippon Rietec Co Ltd,skip,duplicate,high,reuters,1
2026-04-01,1939,四電工,四電工,skip,duplicate,high,"kabutan,nikkei",2
2026-04-01,1939,四電工,Yondenko,skip,duplicate,high,reuters,1
2026-04-01,1939,四電工,Yondenko Corp,skip,duplicate,high,reuters,1
2026-04-01,1941,中電工,中電工,skip,duplicate,high,"kabutan,nikkei,tdnet",4
2026-04-01,1941,中電工,Chudenko,skip,duplicate,high,reuters,1
2026-04-01,1941,中電工,Chudenko Corp,skip,duplicate,high,reuters,1
2026-04-01,1942,関電工,関電工,skip,duplicate,high,"kabutan,nikkei",2
2026-04-01,1942,関電工,Kandenko,skip,duplicate,high,reuters,1
2026-04-01,1942,関電工,Kandenko Co Ltd,skip,duplicate,high,reuters,1
2026-04-01,1944,きんでん,きんでん,skip,duplicate,high,"kabutan,nikkei",2
2026-04-01,1944,きんでん,Kinden,skip,duplicate,high,reuters,1
2026-04-01,1944,きんでん,Kinden Corp,skip,duplicate,high,reuters,1
2026-04-01,1945,東京エネシス,東京エネシス,skip,duplicate,high,"kabutan,nikkei,tdnet",3
2026-04-01,1945,東京エネシス,Tokyo Energy & Systems,skip,duplicate,high,reuters,1
2026-04-01,1945,東京エネシス,Tokyo Energy & Systems Inc,skip,duplicate,high,reuters,1
2026-04-01,1946,トーエネック,トーエネック,skip,duplicate,high,"kabutan,nikkei",2
2026-04-01,1946,トーエネック,Toenec,skip,duplicate,high,reuters,1
2026-04-01,1946,トーエネック,Toenec Corp,skip,duplicate,high,reuters,1
2026-04-01,1946,トーエネック,トーエネク,skip,duplicate,high,kabutan,1
2026-04-01,1948,弘電社,弘電社,skip,duplicate,high,"kabutan,nikkei,tdnet",5
2026-04-01,1948,弘電社,Kodensha,skip,duplicate,high,reuters,1
2026-04-01,1948,弘電社,Kodensha Co Ltd,skip,duplicate,high,reuters,1
2026-04-01,1949,住友電設,住友電設,skip,duplicate,high,"kabutan,tdnet",2
2026-04-01,1949,住友電設,1949.T,skip,duplicate,high,reuters,1
2026-04-01,194A,WOLVES HAND,WOLVES HAND,skip,duplicate,high,"kabutan,nikkei,reuters",3
2026-04-01,194A,WOLVES HAND,ウルフハンド,skip,duplicate,high,kabutan,1
2026-04-01,194A,WOLVES HAND,WOLVES,add,new_candidate,medium,tdnet,2
2026-04-01,194A,WOLVES HAND,WOLVES HAND Co Ltd,add,new_candidate,medium,reuters,1
2026-04-01,1950,日本電設工業,日本電設工業,skip,duplicate,high,"kabutan,nikkei",2
2026-04-01,1950,日本電設工業,Nippon Densetsu Kogyo,skip,duplicate,high,reuters,1
2026-04-01,1950,日本電設工業,Nippon Densetsu Kogyo Co Ltd,skip,duplicate,high,reuters,1
2026-04-01,1950,日本電設工業,日本電設,skip,duplicate,high,kabutan,1
2026-04-01,1951,エクシオｸﾞﾙｰﾌﾟ,エクシオグループ,skip,duplicate,high,"kabutan,nikkei,tdnet",4
2026-04-01,1951,エクシオｸﾞﾙｰﾌﾟ,EXEO,skip,duplicate,high,reuters,1
2026-04-01,1951,エクシオｸﾞﾙｰﾌﾟ,EXEO Group Inc,skip,duplicate,high,reuters,1
2026-04-01,1951,エクシオｸﾞﾙｰﾌﾟ,エクシオG,add,new_candidate,medium,kabutan,1
2026-04-01,1952,新日本空調,新日本空調,skip,duplicate,high,"kabutan,nikkei",2
2026-04-01,1952,新日本空調,Shin Nippon Air Technologies,skip,duplicate,high,reuters,1
2026-04-01,1952,新日本空調,Shin Nippon Air Technologies Co Ltd,skip,duplicate,high,reuters,1
2026-04-01,1959,クラフティア,クラフティア,skip,duplicate,high,"kabutan,nikkei,tdnet",3
2026-04-01,1959,クラフティア,Kraftia,skip,duplicate,high,reuters,1
2026-04-01,1959,クラフティア,Kraftia Corp,skip,duplicate,high,reuters,1
2026-04-01,195A,MUSCAT GROUP,MUSCAT GROUP,skip,duplicate,high,"kabutan,nikkei",2
2026-04-01,195A,MUSCAT GROUP,マスカットG,skip,duplicate,high,kabutan,1
2026-04-01,195A,MUSCAT GROUP,MUSCAT G,add,new_candidate,medium,tdnet,7
2026-04-01,195A,MUSCAT GROUP,Muscat,add,new_candidate,medium,reuters,1
2026-04-01,195A,MUSCAT GROUP,Muscat Group Inc,add,new_candidate,medium,reuters,1
2026-04-01,1960,サンテック,サンテック,skip,duplicate,high,"kabutan,nikkei,tdnet",3
2026-04-01,1960,サンテック,Sanyo Engineering & Construction,skip,duplicate,high,reuters,1
2026-04-01,1960,サンテック,Sanyo Engineering & Construction Inc,skip,duplicate,high,reuters,1
2026-04-01,1961,三機工業,三機工,skip,duplicate,high,"kabutan,tdnet",3
2026-04-01,1961,三機工業,三機工業,skip,duplicate,high,"kabutan,nikkei",2
2026-04-01,1961,三機工業,Sanki Engineering,skip,duplicate,high,reuters,1
2026-04-01,1961,三機工業,Sanki Engineering Co Ltd,skip,duplicate,high,reuters,1
2026-04-01,1963,日揮ﾎｰﾙﾃﾞｨﾝｸﾞｽ,日揮ホールディングス,skip,duplicate,high,"kabutan,nikkei",2
2026-04-01,1963,日揮ﾎｰﾙﾃﾞｨﾝｸﾞｽ,JGC,skip,duplicate,high,reuters,1
2026-04-01,1963,日揮ﾎｰﾙﾃﾞｨﾝｸﾞｽ,JGC Holdings Corp,skip,duplicate,high,reuters,1
2026-04-01,1963,日揮ﾎｰﾙﾃﾞｨﾝｸﾞｽ,日揮HD,skip,duplicate,high,kabutan,1
2026-04-01,1964,中外炉工業,中外炉,skip,duplicate,high,"kabutan,tdnet",2
2026-04-01,1964,中外炉工業,中外炉工業,skip,duplicate,high,"kabutan,nikkei",2
2026-04-01,1964,中外炉工業,Chugai Ro,skip,duplicate,high,reuters,1
2026-04-01,1964,中外炉工業,Chugai Ro Co Ltd,skip,duplicate,high,reuters,1
2026-04-01,1965,テクノ菱和,テクノ菱和,skip,duplicate,high,"kabutan,nikkei,tdnet",4
2026-04-01,1965,テクノ菱和,Techno Ryowa,skip,duplicate,high,reuters,1
2026-04-01,1965,テクノ菱和,Techno Ryowa Ltd,skip,duplicate,high,reuters,1
2026-04-01,1966,高田工業所,高田工業所,skip,duplicate,high,"kabutan,nikkei",2
2026-04-01,1966,高田工業所,Takada,skip,duplicate,high,reuters,1
2026-04-01,1966,高田工業所,Takada Corp,skip,duplicate,high,reuters,1
2026-04-01,1966,高田工業所,高田工,skip,duplicate,high,kabutan,1
2026-04-01,1967,ヤマト,ヤマト,skip,duplicate,high,"kabutan,nikkei,tdnet",4
2026-04-01,1967,ヤマト,Yamato,skip,duplicate,high,reuters,1
2026-04-01,1967,ヤマト,Yamato Corp,skip,duplicate,high,reuters,1
2026-04-01,1968,太平電業,太平電業,skip,duplicate,high,"kabutan,nikkei",2
2026-04-01,1968,太平電業,Taihei Dengyo Kaisha,skip,duplicate,high,reuters,1
2026-04-01,1968,太平電業,Taihei Dengyo Kaisha Ltd,skip,duplicate,high,reuters,1
2026-04-01,1968,太平電業,太平電,skip,duplicate,high,kabutan,1
2026-04-01,1969,高砂熱学工業,高砂熱学工業,skip,duplicate,high,"kabutan,nikkei",2
2026-04-01,1969,高砂熱学工業,Takasago Thermal Engineering,skip,duplicate,high,reuters,1
2026-04-01,1969,高砂熱学工業,Takasago Thermal Engineering Co Ltd,skip,duplicate,high,reuters,1
2026-04-01,1969,高砂熱学工業,高砂熱,skip,duplicate,high,kabutan,1
2026-04-01,196A,MFS,MFS,add,exists_in_base,high,"kabutan,nikkei,reuters",3
2026-04-01,196A,MFS,MFS Inc,add,new_candidate,medium,reuters,1
2026-04-01,1972,三晃金属工業,三晃金属工業,skip,duplicate,high,"kabutan,nikkei",2
2026-04-01,1972,三晃金属工業,Sanko Metal Industrial,skip,duplicate,high,reuters,1
2026-04-01,1972,三晃金属工業,Sanko Metal Industrial Co Ltd,skip,duplicate,high,reuters,1
2026-04-01,1972,三晃金属工業,三晃金,skip,duplicate,high,kabutan,1
2026-04-01,1975,朝日工業社,朝日工業社,skip,duplicate,high,"kabutan,nikkei",2
2026-04-01,1975,朝日工業社,Asahi Kogyosha,skip,duplicate,high,reuters,1
2026-04-01,1975,朝日工業社,Asahi Kogyosha Co Ltd,skip,duplicate,high,reuters,1
2026-04-01,1975,朝日工業社,朝日工,skip,duplicate,high,kabutan,1
2026-04-01,1976,明星工業,明星工業,skip,duplicate,high,"kabutan,nikkei,tdnet",4
2026-04-01,1976,明星工業,Meisei Industrial,skip,duplicate,high,reuters,1
2026-04-01,1976,明星工業,Meisei Industrial Co Ltd,skip,duplicate,high,reuters,1
2026-04-01,1976,明星工業,明星工,skip,duplicate,high,kabutan,1
2026-04-01,1979,大氣社,大気社,skip,duplicate,high,"kabutan,nikkei",2
2026-04-01,1979,大氣社,Taikisha,skip,duplicate,high,reuters,1
2026-04-01,1979,大氣社,Taikisha Ltd,skip,duplicate,high,reuters,1
2026-04-01,1979,大氣社,大氣社,add,exists_in_base,high,kabutan,1
2026-04-01,197A,タウンズ,タウンズ,add,exists_in_base,high,"kabutan,nikkei,tdnet",3
2026-04-01,197A,タウンズ,Tauns Laboratories,add,new_candidate,medium,reuters,1
2026-04-01,197A,タウンズ,Tauns Laboratories Inc,add,new_candidate,medium,reuters,1
2026-04-01,1980,ダイダン,ダイダン,skip,duplicate,high,"kabutan,nikkei",2
2026-04-01,1980,ダイダン,Dai-Dan,skip,duplicate,high,reuters,1
2026-04-01,1980,ダイダン,Dai-Dan Co Ltd,skip,duplicate,high,reuters,1
2026-04-01,1981,協和日成,協和日成,skip,duplicate,high,"kabutan,nikkei,tdnet",7
2026-04-01,1981,協和日成,Kyowanissei,skip,duplicate,high,reuters,1
2026-04-01,1981,協和日成,Kyowanissei Co Ltd,skip,duplicate,high,reuters,1
2026-04-01,1982,日比谷総合設備,日比谷設,skip,duplicate,high,"kabutan,tdnet",3
2026-04-01,1982,日比谷総合設備,日比谷総合設備,skip,duplicate,high,"kabutan,nikkei",2
2026-04-01,1982,日比谷総合設備,Hibiya Engineering,skip,duplicate,high,reuters,1
2026-04-01,1982,日比谷総合設備,Hibiya Engineering Ltd,skip,duplicate,high,reuters,1
2026-04-01,198A,PostPrime,PostPrime,skip,duplicate,high,"kabutan,nikkei,reuters",3
2026-04-01,198A,PostPrime,ポスプラ,skip,duplicate,high,kabutan,1
2026-04-01,198A,PostPrime,PostPrime Inc,add,new_candidate,medium,reuters,1
2026-04-01,1992,神田通信機,神田通信機,add,exists_in_base,high,"kabutan,nikkei",2
2026-04-01,1992,神田通信機,Kanda Tsushinki,skip,duplicate,high,reuters,1
2026-04-01,1992,神田通信機,Kanda Tsushinki Co Ltd,skip,duplicate,high,reuters,1
2026-04-01,1992,神田通信機,神田通機,skip,duplicate,high,kabutan,1
2026-04-01,1994,高橋カーテンウォール工業,高橋ウォール,skip,duplicate,high,"kabutan,tdnet",3
2026-04-01,1994,高橋カーテンウォール工業,高橋カーテンウォール工業,add,exists_in_base,high,"kabutan,nikkei",2
2026-04-01,1994,高橋カーテンウォール工業,Takahashi Curtain Wall,skip,duplicate,high,reuters,1
2026-04-01,1994,高橋カーテンウォール工業,Takahashi Curtain Wall Corp,skip,duplicate,high,reuters,1
2026-04-01,1997,暁飯島工業,暁飯島工業,add,exists_in_base,high,"kabutan,nikkei",2
2026-04-01,1997,暁飯島工業,Akatsuki Eazima,skip,duplicate,high,reuters,1
2026-04-01,1997,暁飯島工業,Akatsuki Eazima Co Ltd,skip,duplicate,high,reuters,1
2026-04-01,1997,暁飯島工業,暁飯島,add,new_candidate,medium,tdnet,1
2026-04-01,2001,ニップン,ニップン,skip,duplicate,high,"kabutan,nikkei,tdnet",4
2026-04-01,2001,ニップン,Nippn,skip,duplicate,high,reuters,1
2026-04-01,2001,ニップン,Nippn Corp,skip,duplicate,high,reuters,1
2026-04-01,2002,日清製粉ｸﾞﾙｰﾌﾟ本社,日清粉G,skip,duplicate,high,"kabutan,tdnet",3
2026-04-01,2002,日清製粉ｸﾞﾙｰﾌﾟ本社,日清製粉グループ本社,skip,duplicate,high,"kabutan,nikkei",2
2026-04-01,2002,日清製粉ｸﾞﾙｰﾌﾟ本社,Nisshin Seifun,skip,duplicate,high,reuters,1
2026-04-01,2002,日清製粉ｸﾞﾙｰﾌﾟ本社,Nisshin Seifun Group Inc,skip,duplicate,high,reuters,1
2026-04-01,2003,日東富士製粉,日東富士,skip,duplicate,high,"kabutan,tdnet",2
2026-04-01,2003,日東富士製粉,日東富士製粉,skip,duplicate,high,"kabutan,nikkei",2
2026-04-01,2003,日東富士製粉,Nitto Fuji Flour Milling,skip,duplicate,high,reuters,1
2026-04-01,2003,日東富士製粉,Nitto Fuji Flour Milling Co Ltd,skip,duplicate,high,reuters,1
2026-04-01,2004,昭和産業,昭和産業,skip,duplicate,high,"kabutan,nikkei",2
2026-04-01,2004,昭和産業,Showa Sangyo,skip,duplicate,high,reuters,1
2026-04-01,2004,昭和産業,Showa Sangyo Co Ltd,skip,duplicate,high,reuters,1
2026-04-01,2004,昭和産業,昭和産,skip,duplicate,high,kabutan,1
2026-04-01,2009,鳥越製粉,鳥越製粉,skip,duplicate,high,"kabutan,nikkei",2
2026-04-01,2009,鳥越製粉,Torigoe,skip,duplicate,high,reuters,1
2026-04-01,2009,鳥越製粉,Torigoe Co Ltd,skip,duplicate,high,reuters,1
2026-04-01,2009,鳥越製粉,鳥越粉,skip,duplicate,high,kabutan,1
2026-04-01,202A,豆蔵,豆蔵,add,exists_in_base,high,"kabutan,nikkei,tdnet",7
2026-04-01,202A,豆蔵,Mamezo,add,new_candidate,medium,reuters,1
2026-04-01,202A,豆蔵,Mamezo Co Ltd,add,new_candidate,medium,reuters,1
2026-04-01,2053,中部飼料,中部飼料,skip,duplicate,high,"kabutan,nikkei",2
2026-04-01,2053,中部飼料,Chubushiryo,skip,duplicate,high,reuters,1
2026-04-01,2053,中部飼料,Chubushiryo Co Ltd,skip,duplicate,high,reuters,1
2026-04-01,2053,中部飼料,中部飼,skip,duplicate,high,kabutan,1
2026-04-01,2055,日和産業,日和産業,skip,duplicate,high,"kabutan,nikkei,tdnet",3
2026-04-01,2055,日和産業,Nichiwa Sangyo,skip,duplicate,high,reuters,1
2026-04-01,2055,日和産業,Nichiwa Sangyo Co Ltd,skip,duplicate,high,reuters,1
2026-04-01,2055,日和産業,日和産,skip,duplicate,high,kabutan,1
2026-04-01,205A,ロゴスﾎｰﾙﾃﾞｨﾝｸﾞｽ,ロゴスHD,skip,duplicate,high,"kabutan,tdnet",3
2026-04-01,205A,ロゴスﾎｰﾙﾃﾞｨﾝｸﾞｽ,ロゴスホールディングス,skip,duplicate,high,"kabutan,nikkei",2
2026-04-01,205A,ロゴスﾎｰﾙﾃﾞｨﾝｸﾞｽ,Logos Holdings Inc,add,new_candidate,medium,reuters,1
2026-04-01,205A,ロゴスﾎｰﾙﾃﾞｨﾝｸﾞｽ,Logos,review,new_candidate,low,reuters,1
2026-04-01,2060,フィード・ワン,フィード・ワン,skip,duplicate,high,"kabutan,nikkei,tdnet",5
2026-04-01,2060,フィード・ワン,Feed One,skip,duplicate,high,reuters,1
2026-04-01,2060,フィード・ワン,Feed One Co Ltd,skip,duplicate,high,reuters,1
2026-04-01,206A,PRISM BioLab,PRISM BioLab,skip,duplicate,high,"kabutan,nikkei,reuters",3
2026-04-01,206A,PRISM BioLab,PRISMバ,skip,duplicate,high,kabutan,1
2026-04-01,206A,PRISM BioLab,PRISM BioLab Co Ltd,add,new_candidate,medium,reuters,1
2026-04-01,206A,PRISM BioLab,PRISMBio,add,new_candidate,medium,tdnet,1
2026-04-01,208A,構造計画研究所ﾎｰﾙﾃﾞｨﾝｸﾞｽ,構造計画研究所ホールディングス,skip,duplicate,high,"kabutan,nikkei",2
2026-04-01,208A,構造計画研究所ﾎｰﾙﾃﾞｨﾝｸﾞｽ,構造計画HD,skip,duplicate,high,kabutan,1
2026-04-01,208A,構造計画研究所ﾎｰﾙﾃﾞｨﾝｸﾞｽ,Kozo Keikaku Engineering,add,new_candidate,medium,reuters,1
2026-04-01,208A,構造計画研究所ﾎｰﾙﾃﾞｨﾝｸﾞｽ,Kozo Keikaku Engineering Holdings Inc,add,new_candidate,medium,reuters,1
2026-04-01,2108,日本甜菜製糖,日本甜菜製糖,skip,duplicate,high,"kabutan,nikkei",2
2026-04-01,2108,日本甜菜製糖,甜菜糖,skip,duplicate,high,"kabutan,tdnet",2
2026-04-01,2108,日本甜菜製糖,Nippon Beet Sugar Manufacturing,skip,duplicate,high,reuters,1
2026-04-01,2108,日本甜菜製糖,Nippon Beet Sugar Manufacturing Co Ltd,skip,duplicate,high,reuters,1
2026-04-01,2109,DM三井製糖,DM三井製糖,skip,duplicate,high,"kabutan,nikkei,tdnet",4
2026-04-01,2109,DM三井製糖,Mitsui DM Sugar,skip,duplicate,high,reuters,1
2026-04-01,2109,DM三井製糖,Mitsui DM Sugar Co Ltd,skip,duplicate,high,reuters,1
2026-04-01,2112,塩水港精糖,塩水港精糖,skip,duplicate,high,"kabutan,nikkei",2
2026-04-01,2112,塩水港精糖,Ensuiko Sugar Refining,skip,duplicate,high,reuters,1
2026-04-01,2112,塩水港精糖,Ensuiko Sugar Refining Co Ltd,skip,duplicate,high,reuters,1
2026-04-01,2112,塩水港精糖,塩水糖,skip,duplicate,high,kabutan,1
2026-04-01,2114,フジ日本,フジ日本,skip,duplicate,high,"kabutan,nikkei,tdnet",3
2026-04-01,2114,フジ日本,Fuji Nihon,skip,duplicate,high,reuters,1
2026-04-01,2114,フジ日本,Fuji Nihon Corp,skip,duplicate,high,reuters,1
2026-04-01,2117,ウェルネオシュガー,ウェルネオシュガー,skip,duplicate,high,"kabutan,nikkei,tdnet",3
2026-04-01,2117,ウェルネオシュガー,Wellneo Sugar,skip,duplicate,high,reuters,1
2026-04-01,2117,ウェルネオシュガー,Wellneo Sugar Co Ltd,skip,duplicate,high,reuters,1
2026-04-01,2117,ウェルネオシュガー,ウェルネオS,skip,duplicate,high,kabutan,1
2026-04-01,211A,カドス・ｺｰﾎﾟﾚｰｼｮﾝ,カドス・コーポレーション,skip,duplicate,high,"kabutan,nikkei",2
2026-04-01,211A,カドス・ｺｰﾎﾟﾚｰｼｮﾝ,カドスC,skip,duplicate,high,kabutan,1
2026-04-01,211A,カドス・ｺｰﾎﾟﾚｰｼｮﾝ,カドス,add,new_candidate,medium,tdnet,2
2026-04-01,211A,カドス・ｺｰﾎﾟﾚｰｼｮﾝ,Cados Corp,add,new_candidate,medium,reuters,1
2026-04-01,211A,カドス・ｺｰﾎﾟﾚｰｼｮﾝ,Cados,review,new_candidate,low,reuters,1
2026-04-01,2120,LIFULL,LIFULL,skip,duplicate,high,"kabutan,nikkei,reuters,tdnet",5
2026-04-01,2120,LIFULL,LIFULL Co Ltd,skip,duplicate,high,reuters,1
2026-04-01,2121,MIXI,MIXI,skip,duplicate,high,"kabutan,nikkei,reuters,tdnet",4
2026-04-01,2121,MIXI,MIXI Inc,skip,duplicate,high,reuters,1
2026-04-01,2122,インタースペース,インタースペース,add,exists_in_base,high,"kabutan,nikkei",2
2026-04-01,2122,インタースペース,Interspace,skip,duplicate,high,reuters,1
2026-04-01,2122,インタースペース,Interspace Co Ltd,skip,duplicate,high,reuters,1
2026-04-01,2122,インタースペース,インタスペス,skip,duplicate,high,kabutan,1
2026-04-01,2124,ジェイエイシーリクルートメント,JAC,skip,duplicate,high,tdnet,4
2026-04-01,2124,ジェイエイシーリクルートメント,ジェイエイシーリクルートメント,skip,duplicate,high,"kabutan,nikkei",2
2026-04-01,2124,ジェイエイシーリクルートメント,JAC Recruitment,skip,duplicate,high,reuters,1
2026-04-01,2124,ジェイエイシーリクルートメント,JAC Recruitment Co Ltd,skip,duplicate,high,reuters,1
2026-04-01,2124,ジェイエイシーリクルートメント,ジェイエイシ,skip,duplicate,high,kabutan,1
2026-04-01,2127,日本M＆Aセンターﾎｰﾙﾃﾞｨﾝｸﾞｽ,日本M&Aセンターホールディングス,skip,duplicate,high,"kabutan,nikkei",2
2026-04-01,2127,日本M＆Aセンターﾎｰﾙﾃﾞｨﾝｸﾞｽ,Nihon M&A Center,skip,duplicate,high,reuters,1
2026-04-01,2127,日本M＆Aセンターﾎｰﾙﾃﾞｨﾝｸﾞｽ,Nihon M&A Center Holdings Inc,skip,duplicate,high,reuters,1
2026-04-01,2127,日本M＆Aセンターﾎｰﾙﾃﾞｨﾝｸﾞｽ,日本M&A,skip,duplicate,high,kabutan,1
2026-04-01,212A,フィットイージー,フィットイージー,skip,duplicate,high,"kabutan,nikkei,tdnet",7
2026-04-01,212A,フィットイージー,FEASY,skip,duplicate,high,kabutan,1
2026-04-01,212A,フィットイージー,Fit Easy,add,new_candidate,medium,reuters,1
2026-04-01,212A,フィットイージー,Fit Easy Inc,add,new_candidate,medium,reuters,1
2026-04-01,2130,メンバーズ,メンバーズ,skip,duplicate,high,"kabutan,nikkei,tdnet",3
2026-04-01,2130,メンバーズ,Members,skip,duplicate,high,reuters,1
2026-04-01,2130,メンバーズ,Members Co Ltd,skip,duplicate,high,reuters,1
2026-04-01,2134,北浜キャピタルパートナーズ,キタハマキャピタル,skip,duplicate,high,tdnet,4
2026-04-01,2134,北浜キャピタルパートナーズ,北浜キャピタルパートナーズ,skip,duplicate,high,"kabutan,nikkei",2
2026-04-01,2134,北浜キャピタルパートナーズ,Kitahama Capital Partners,skip,duplicate,high,reuters,1
2026-04-01,2134,北浜キャピタルパートナーズ,Kitahama Capital Partners Co Ltd,skip,duplicate,high,reuters,1
2026-04-01,2134,北浜キャピタルパートナーズ,北浜CP,skip,duplicate,high,kabutan,1
2026-04-01,2136,ヒップ,ヒップ,skip,duplicate,high,"kabutan,nikkei",2
2026-04-01,2136,ヒップ,HIP,skip,duplicate,high,reuters,1
2026-04-01,2136,ヒップ,HIP Corp,skip,duplicate,high,reuters,1
2026-04-01,2138,クルーズ,クルーズ,skip,duplicate,high,"kabutan,nikkei,tdnet",3
2026-04-01,2138,クルーズ,Crooz,skip,duplicate,high,reuters,1
2026-04-01,2138,クルーズ,Crooz Inc,skip,duplicate,high,reuters,1
2026-04-01,2139,中広,中広,skip,duplicate,high,"kabutan,nikkei",2
2026-04-01,2139,中広,Chuco,skip,duplicate,high,reuters,1
2026-04-01,2139,中広,Chuco Co Ltd,skip,duplicate,high,reuters,1
2026-04-01,2146,UTｸﾞﾙｰﾌﾟ,UTグループ,skip,duplicate,high,"kabutan,nikkei,tdnet",3
2026-04-01,2146,UTｸﾞﾙｰﾌﾟ,UT Group Co Ltd,skip,duplicate,high,reuters,1
2026-04-01,2148,アイティメディア,ITM,skip,duplicate,high,tdnet,2
2026-04-01,2148,アイティメディア,アイティメディア,skip,duplicate,high,"kabutan,nikkei",2
2026-04-01,2148,アイティメディア,ITmedia,skip,duplicate,high,reuters,1
2026-04-01,2148,アイティメディア,ITmedia Inc,skip,duplicate,high,reuters,1
2026-04-01,2148,アイティメディア,ITメディア,skip,duplicate,high,kabutan,1
2026-04-01,2152,幼児活動研究会,幼児活動研究会,skip,duplicate,high,"kabutan,nikkei",2
2026-04-01,2152,幼児活動研究会,Youji,skip,duplicate,high,reuters,1
2026-04-01,2152,幼児活動研究会,Youji Corp,skip,duplicate,high,reuters,1
2026-04-01,2152,幼児活動研究会,幼児活動研,skip,duplicate,high,kabutan,1
2026-04-01,2153,E・Jﾎｰﾙﾃﾞｨﾝｸﾞｽ,E・Jホールディングス,skip,duplicate,high,"kabutan,nikkei",2
2026-04-01,2153,E・Jﾎｰﾙﾃﾞｨﾝｸﾞｽ,E J Holdings Inc,skip,duplicate,high,reuters,1
2026-04-01,2153,E・Jﾎｰﾙﾃﾞｨﾝｸﾞｽ,E J,add,new_candidate,medium,reuters,1
2026-04-01,2153,E・Jﾎｰﾙﾃﾞｨﾝｸﾞｽ,E・JHD,add,new_candidate,medium,kabutan,1
2026-04-01,2153,E・Jﾎｰﾙﾃﾞｨﾝｸﾞｽ,イージェイHD,add,new_candidate,medium,tdnet,1
2026-04-01,2154,オープンアップｸﾞﾙｰﾌﾟ,オープンアップG,skip,duplicate,high,tdnet,4
2026-04-01,2154,オープンアップｸﾞﾙｰﾌﾟ,オープンアップグループ,skip,duplicate,high,"kabutan,nikkei",2
2026-04-01,2154,オープンアップｸﾞﾙｰﾌﾟ,Open Up,skip,duplicate,high,reuters,1
2026-04-01,2154,オープンアップｸﾞﾙｰﾌﾟ,Open Up Group Inc,skip,duplicate,high,reuters,1
2026-04-01,2154,オープンアップｸﾞﾙｰﾌﾟ,オープンUP,add,new_candidate,medium,kabutan,1
2026-04-01,2156,セーラー広告,セーラー広告,skip,duplicate,high,"kabutan,nikkei,tdnet",3
2026-04-01,2156,セーラー広告,Saylor Advertising,skip,duplicate,high,reuters,1
2026-04-01,2156,セーラー広告,Saylor Advertising Inc,skip,duplicate,high,reuters,1
2026-04-01,2157,コシダカﾎｰﾙﾃﾞｨﾝｸﾞｽ,コシダカホールディングス,skip,duplicate,high,"kabutan,nikkei",2
2026-04-01,2157,コシダカﾎｰﾙﾃﾞｨﾝｸﾞｽ,Koshidaka,skip,duplicate,high,reuters,1
2026-04-01,2157,コシダカﾎｰﾙﾃﾞｨﾝｸﾞｽ,Koshidaka Holdings Co Ltd,skip,duplicate,high,reuters,1
2026-04-01,2157,コシダカﾎｰﾙﾃﾞｨﾝｸﾞｽ,コシダカHD,add,new_candidate,medium,kabutan,1
2026-04-01,2158,FRONTEO,FRONTEO,skip,duplicate,high,"kabutan,nikkei,reuters,tdnet",4
2026-04-01,2158,FRONTEO,FRONTEO Inc,skip,duplicate,high,reuters,1
2026-04-01,2158,FRONTEO,フロンテオ,skip,duplicate,high,kabutan,1
2026-04-01,215A,タイミー,タイミー,add,exists_in_base,high,"kabutan,nikkei,tdnet",6
2026-04-01,215A,タイミー,Timee Inc,add,new_candidate,medium,reuters,1
2026-04-01,215A,タイミー,Timee,review,new_candidate,low,reuters,1
2026-04-01,2160,ジーエヌアイｸﾞﾙｰﾌﾟ,GNI,skip,duplicate,high,"reuters,tdnet",12
2026-04-01,2160,ジーエヌアイｸﾞﾙｰﾌﾟ,ジーエヌアイグループ,skip,duplicate,high,"kabutan,nikkei",2
2026-04-01,2160,ジーエヌアイｸﾞﾙｰﾌﾟ,GNI Group Ltd,skip,duplicate,high,reuters,1
2026-04-01,2160,ジーエヌアイｸﾞﾙｰﾌﾟ,ジーエヌアイ,add,new_candidate,medium,kabutan,1
2026-04-01,2162,nms ﾎｰﾙﾃﾞｨﾝｸﾞｽ,nms HD,skip,duplicate,high,tdnet,5
2026-04-01,2162,nms ﾎｰﾙﾃﾞｨﾝｸﾞｽ,nms,skip,duplicate,high,"kabutan,reuters",2
2026-04-01,2162,nms ﾎｰﾙﾃﾞｨﾝｸﾞｽ,nms ホールディングス,skip,duplicate,high,"kabutan,nikkei",2
2026-04-01,2162,nms ﾎｰﾙﾃﾞｨﾝｸﾞｽ,nms Holdings Corp,skip,duplicate,high,reuters,1
2026-04-01,2163,アルトナー,アルトナー,skip,duplicate,high,"kabutan,nikkei,tdnet",7
2026-04-01,2163,アルトナー,Artner,skip,duplicate,high,reuters,1
2026-04-01,2163,アルトナー,Artner Co Ltd,skip,duplicate,high,reuters,1
2026-04-01,2164,地域新聞社,地域新聞社,add,exists_in_base,high,"kabutan,nikkei,tdnet",5
2026-04-01,2164,地域新聞社,Chiikishinbunsha,skip,duplicate,high,reuters,1
2026-04-01,2164,地域新聞社,Chiikishinbunsha Co Ltd,skip,duplicate,high,reuters,1
2026-04-01,2168,パソナｸﾞﾙｰﾌﾟ,パソナグループ,skip,duplicate,high,"kabutan,nikkei",2
2026-04-01,2168,パソナｸﾞﾙｰﾌﾟ,Pasona,skip,duplicate,high,reuters,1
2026-04-01,2168,パソナｸﾞﾙｰﾌﾟ,Pasona Group Inc,skip,duplicate,high,reuters,1
2026-04-01,2168,パソナｸﾞﾙｰﾌﾟ,パソナG,add,new_candidate,medium,kabutan,1
2026-04-01,2169,CDS,CDS,skip,duplicate,high,"kabutan,nikkei,reuters,tdnet",4
2026-04-01,2169,CDS,CDS Co Ltd,skip,duplicate,high,reuters,1
2026-04-01,2170,リンクアンドモチベーション,LINK&M,skip,duplicate,high,"kabutan,tdnet",4
2026-04-01,2170,リンクアンドモチベーション,リンクアンドモチベーション,skip,duplicate,high,"kabutan,nikkei",2
2026-04-01,2170,リンクアンドモチベーション,Link and Motivation,skip,duplicate,high,reuters,1
2026-04-01,2170,リンクアンドモチベーション,Link and Motivation Inc,skip,duplicate,high,reuters,1
2026-04-01,2173,博展,博展,skip,duplicate,high,"kabutan,nikkei,tdnet",5
2026-04-01,2173,博展,Hakuten,skip,duplicate,high,reuters,1
2026-04-01,2173,博展,Hakuten Corp,skip,duplicate,high,reuters,1
2026-04-01,2175,エス・エム・エス,エス・エム・エス,skip,duplicate,high,"kabutan,nikkei",3
2026-04-01,2175,エス・エム・エス,SMS,skip,duplicate,high,reuters,1
2026-04-01,2175,エス・エム・エス,SMS Co Ltd,skip,duplicate,high,reuters,1
2026-04-01,2179,成学社,成学社,skip,duplicate,high,"kabutan,nikkei",2
2026-04-01,2179,成学社,Seigakusha,skip,duplicate,high,reuters,1
2026-04-01,2179,成学社,Seigakusha Co Ltd,skip,duplicate,high,reuters,1
2026-04-01,2180,サニーサイドアップｸﾞﾙｰﾌﾟ,サニーサイドアップ,skip,duplicate,high,tdnet,3
2026-04-01,2180,サニーサイドアップｸﾞﾙｰﾌﾟ,サニーサイドアップグループ,skip,duplicate,high,"kabutan,nikkei",2
2026-04-01,2180,サニーサイドアップｸﾞﾙｰﾌﾟ,Sunny Side Up,skip,duplicate,high,reuters,1
2026-04-01,2180,サニーサイドアップｸﾞﾙｰﾌﾟ,Sunny Side Up Group Inc,skip,duplicate,high,reuters,1
2026-04-01,2180,サニーサイドアップｸﾞﾙｰﾌﾟ,サニーサイド,skip,duplicate,high,kabutan,1
2026-04-01,2181,パーソルﾎｰﾙﾃﾞｨﾝｸﾞｽ,パーソルHD,add,new_candidate,high,"kabutan,tdnet",3
2026-04-01,2181,パーソルﾎｰﾙﾃﾞｨﾝｸﾞｽ,パーソルホールディングス,skip,duplicate,high,"kabutan,nikkei",2
2026-04-01,2181,パーソルﾎｰﾙﾃﾞｨﾝｸﾞｽ,Persol,skip,duplicate,high,reuters,1
2026-04-01,2181,パーソルﾎｰﾙﾃﾞｨﾝｸﾞｽ,Persol Holdings Co Ltd,skip,duplicate,high,reuters,1
2026-04-01,2183,リニカル,リニカル,skip,duplicate,high,"kabutan,nikkei,tdnet",3
2026-04-01,2183,リニカル,Linical,skip,duplicate,high,reuters,1
2026-04-01,2183,リニカル,Linical Co Ltd,skip,duplicate,high,reuters,1
2026-04-01,2185,シイエム・シイ,シイエム・シイ,skip,duplicate,high,"kabutan,nikkei,tdnet",4
2026-04-01,2185,シイエム・シイ,CMC,skip,duplicate,high,reuters,1
2026-04-01,2185,シイエム・シイ,CMC Corp,skip,duplicate,high,reuters,1
2026-04-01,2186,ソーバル,ソーバル,skip,duplicate,high,"kabutan,nikkei",2
2026-04-01,2186,ソーバル,Sobal,skip,duplicate,high,reuters,1
2026-04-01,2186,ソーバル,Sobal Corp,skip,duplicate,high,reuters,1
2026-04-01,218A,Liberaware,リベラウェア,skip,duplicate,high,"kabutan,tdnet",7
2026-04-01,218A,Liberaware,Liberaware,skip,duplicate,high,"kabutan,nikkei,reuters",3
2026-04-01,218A,Liberaware,Liberaware Co Ltd,add,new_candidate,medium,reuters,1
2026-04-01,2193,クックパッド,Cookpad,skip,duplicate,high,"reuters,tdnet",8
2026-04-01,2193,クックパッド,クックパッド,skip,duplicate,high,"kabutan,nikkei",2
2026-04-01,2193,クックパッド,Cookpad Inc,skip,duplicate,high,reuters,1
2026-04-01,2195,アミタﾎｰﾙﾃﾞｨﾝｸﾞｽ,アミタHD,skip,duplicate,high,"kabutan,tdnet",6
2026-04-01,2195,アミタﾎｰﾙﾃﾞｨﾝｸﾞｽ,アミタホールディングス,skip,duplicate,high,"kabutan,nikkei",2
2026-04-01,2195,アミタﾎｰﾙﾃﾞｨﾝｸﾞｽ,Amita,skip,duplicate,high,reuters,1
2026-04-01,2195,アミタﾎｰﾙﾃﾞｨﾝｸﾞｽ,Amita Holdings Co Ltd,skip,duplicate,high,reuters,1
2026-04-01,2196,エスクリ,エスクリ,add,exists_in_base,high,"kabutan,tdnet",3
2026-04-01,2196,エスクリ,2196.T,add,new_candidate,medium,reuters,1
2026-04-01,2198,アイ・ケイ・ケイﾎｰﾙﾃﾞｨﾝｸﾞｽ,アイ・ケイ・ケイHD,skip,duplicate,high,tdnet,5
2026-04-01,2198,アイ・ケイ・ケイﾎｰﾙﾃﾞｨﾝｸﾞｽ,アイ・ケイ・ケイホールディングス,skip,duplicate,high,"kabutan,nikkei",2
2026-04-01,2198,アイ・ケイ・ケイﾎｰﾙﾃﾞｨﾝｸﾞｽ,IKK,skip,duplicate,high,reuters,1
2026-04-01,2198,アイ・ケイ・ケイﾎｰﾙﾃﾞｨﾝｸﾞｽ,IKK Holdings Inc,skip,duplicate,high,reuters,1
2026-04-01,2198,アイ・ケイ・ケイﾎｰﾙﾃﾞｨﾝｸﾞｽ,アイケイケイ,skip,duplicate,high,kabutan,1
2026-04-01,219A,Heartseed,ハートシード,skip,duplicate,high,"kabutan,tdnet",4
2026-04-01,219A,Heartseed,Heartseed,skip,duplicate,high,"kabutan,nikkei,reuters",3
2026-04-01,219A,Heartseed,Heartseed Inc,add,new_candidate,medium,reuters,1
2026-04-01,2201,森永製菓,森永菓,skip,duplicate,high,tdnet,2
2026-04-01,2201,森永製菓,森永製菓,skip,duplicate,high,"kabutan,nikkei",2
2026-04-01,2201,森永製菓,Morinaga &,skip,duplicate,high,reuters,1
2026-04-01,2201,森永製菓,Morinaga & Co Ltd,skip,duplicate,high,reuters,1
2026-04-01,2201,森永製菓,森永,skip,duplicate,high,kabutan,1
2026-04-01,2204,中村屋,中村屋,skip,duplicate,high,"kabutan,nikkei,tdnet",4
2026-04-01,2204,中村屋,Nakamuraya,skip,duplicate,high,reuters,1
2026-04-01,2204,中村屋,Nakamuraya Co Ltd,skip,duplicate,high,reuters,1
2026-04-01,2206,江崎グリコ,江崎グリコ,skip,duplicate,high,"kabutan,nikkei",2
2026-04-01,2206,江崎グリコ,Ezaki Glico,skip,duplicate,high,reuters,1
2026-04-01,2206,江崎グリコ,Ezaki Glico Co Ltd,skip,duplicate,high,reuters,1
2026-04-01,2206,江崎グリコ,グリコ,skip,duplicate,high,kabutan,1
2026-04-01,2207,meito,meito,skip,duplicate,high,"kabutan,nikkei,reuters,tdnet",4
2026-04-01,2207,meito,Meito Co Ltd,skip,duplicate,high,reuters,1
2026-04-01,2208,ブルボン,ブルボン,skip,duplicate,high,"kabutan,nikkei",2
2026-04-01,2208,ブルボン,Bourbon,skip,duplicate,high,reuters,1
2026-04-01,2208,ブルボン,Bourbon Corp,skip,duplicate,high,reuters,1
2026-04-01,2209,井村屋ｸﾞﾙｰﾌﾟ,井村屋グループ,skip,duplicate,high,"kabutan,nikkei",2
2026-04-01,2209,井村屋ｸﾞﾙｰﾌﾟ,Imuraya,skip,duplicate,high,reuters,1
2026-04-01,2209,井村屋ｸﾞﾙｰﾌﾟ,Imuraya Group Co Ltd,skip,duplicate,high,reuters,1
2026-04-01,2209,井村屋ｸﾞﾙｰﾌﾟ,井村屋G,skip,duplicate,high,kabutan,1
2026-04-01,220A,Faber Company,Faber Company,skip,duplicate,high,"kabutan,nikkei,reuters",3
2026-04-01,220A,Faber Company,ファベル,skip,duplicate,high,"kabutan,tdnet",2
2026-04-01,220A,Faber Company,Faber Company Inc,add,new_candidate,medium,reuters,1
2026-04-01,2211,不二家,不二家,skip,duplicate,high,"kabutan,nikkei,tdnet",3
2026-04-01,2211,不二家,Fujiya,skip,duplicate,high,reuters,1
2026-04-01,2211,不二家,Fujiya Co Ltd,skip,duplicate,high,reuters,1
2026-04-01,2212,山崎製パン,山崎パン,skip,duplicate,high,tdnet,2
2026-04-01,2212,山崎製パン,山崎製パン,skip,duplicate,high,"kabutan,nikkei",2
2026-04-01,2212,山崎製パン,Yamazaki Baking,skip,duplicate,high,reuters,1
2026-04-01,2212,山崎製パン,Yamazaki Baking Co Ltd,skip,duplicate,high,reuters,1
2026-04-01,2212,山崎製パン,山パン,skip,duplicate,high,kabutan,1
2026-04-01,2215,第一屋製パン,第一パン,skip,duplicate,high,tdnet,2
2026-04-01,2215,第一屋製パン,第一屋製パン,add,exists_in_base,high,"kabutan,nikkei",2
2026-04-01,2215,第一屋製パン,First Baking,skip,duplicate,high,reuters,1
2026-04-01,2215,第一屋製パン,First Baking Co Ltd,skip,duplicate,high,reuters,1
2026-04-01,2215,第一屋製パン,一パン,skip,duplicate,high,kabutan,1
2026-04-01,2216,カンロ,カンロ,skip,duplicate,high,"kabutan,nikkei",2
2026-04-01,2216,カンロ,Kanro,skip,duplicate,high,reuters,1
2026-04-01,2216,カンロ,Kanro Inc,skip,duplicate,high,reuters,1
2026-04-01,2217,モロゾフ,モロゾフ,skip,duplicate,high,"kabutan,nikkei,tdnet",8
2026-04-01,2217,モロゾフ,Morozoff,skip,duplicate,high,reuters,1
2026-04-01,2217,モロゾフ,Morozoff Ltd,skip,duplicate,high,reuters,1
2026-04-01,2220,亀田製菓,亀田製菓,skip,duplicate,high,"kabutan,nikkei",2
2026-04-01,2220,亀田製菓,Kameda Seika,skip,duplicate,high,reuters,1
2026-04-01,2220,亀田製菓,Kameda Seika Co Ltd,skip,duplicate,high,reuters,1
2026-04-01,2220,亀田製菓,亀田菓,skip,duplicate,high,tdnet,1
2026-04-01,2221,岩塚製菓,岩塚製菓,skip,duplicate,high,"kabutan,nikkei",2
2026-04-01,2221,岩塚製菓,Iwatsuka Confectionery,skip,duplicate,high,reuters,1
2026-04-01,2221,岩塚製菓,Iwatsuka Confectionery Co Ltd,skip,duplicate,high,reuters,1
2026-04-01,2222,寿スピリッツ,寿スピリッツ,skip,duplicate,high,"kabutan,nikkei",2
2026-04-01,2222,寿スピリッツ,Kotobuki Spirits,skip,duplicate,high,reuters,1
2026-04-01,2222,寿スピリッツ,Kotobuki Spirits Co Ltd,skip,duplicate,high,reuters,1
2026-04-01,2224,コモ,コモ,skip,duplicate,high,"kabutan,nikkei",2
2026-04-01,2224,コモ,Como,skip,duplicate,high,reuters,1
2026-04-01,2224,コモ,Como Co Ltd,skip,duplicate,high,reuters,1
2026-04-01,2226,湖池屋,湖池屋,skip,duplicate,high,"kabutan,nikkei",2
2026-04-01,2226,湖池屋,Koike-Ya,skip,duplicate,high,reuters,1
2026-04-01,2226,湖池屋,Koike-Ya Inc,skip,duplicate,high,reuters,1
2026-04-01,2226,湖池屋,コイケヤ,skip,duplicate,high,kabutan,1
2026-04-01,2229,カルビー,カルビー,skip,duplicate,high,"kabutan,nikkei,tdnet",4
2026-04-01,2229,カルビー,Calbee,skip,duplicate,high,reuters,1
2026-04-01,2229,カルビー,Calbee Inc,skip,duplicate,high,reuters,1
2026-04-01,2264,森永乳業,森永乳,skip,duplicate,high,"kabutan,tdnet",5
2026-04-01,2264,森永乳業,森永乳業,skip,duplicate,high,"kabutan,nikkei",2
2026-04-01,2264,森永乳業,Morinaga Milk Industry,skip,duplicate,high,reuters,1
2026-04-01,2264,森永乳業,Morinaga Milk Industry Co Ltd,skip,duplicate,high,reuters,1
2026-04-01,2266,六甲バター,六甲バター,skip,duplicate,high,"kabutan,nikkei,tdnet",4
2026-04-01,2266,六甲バター,Rokko Butter,skip,duplicate,high,reuters,1
2026-04-01,2266,六甲バター,Rokko Butter Co Ltd,skip,duplicate,high,reuters,1
2026-04-01,2266,六甲バター,六甲バタ,skip,duplicate,high,kabutan,1
2026-04-01,2267,ヤクルト本社,ヤクルト,skip,duplicate,high,"kabutan,tdnet",2
2026-04-01,2267,ヤクルト本社,ヤクルト本社,skip,duplicate,high,"kabutan,nikkei",2
2026-04-01,2267,ヤクルト本社,Yakult Honsha,skip,duplicate,high,reuters,1
2026-04-01,2267,ヤクルト本社,Yakult Honsha Co Ltd,skip,duplicate,high,reuters,1
2026-04-01,2268,B－R サーティワン アイスクリーム,サーティワン,skip,duplicate,high,"kabutan,tdnet",3
2026-04-01,2268,B－R サーティワン アイスクリーム,B-R サーティワンアイスクリーム,skip,duplicate,high,"kabutan,nikkei",2
2026-04-01,2268,B－R サーティワン アイスクリーム,B-R 31 Ice Cream,skip,duplicate,high,reuters,1
2026-04-01,2268,B－R サーティワン アイスクリーム,B-R 31 Ice Cream Co Ltd,skip,duplicate,high,reuters,1
2026-04-01,2269,明治ﾎｰﾙﾃﾞｨﾝｸﾞｽ,明治HD,skip,duplicate,high,"kabutan,tdnet",2
2026-04-01,2269,明治ﾎｰﾙﾃﾞｨﾝｸﾞｽ,明治ホールディングス,skip,duplicate,high,"kabutan,nikkei",2
2026-04-01,2269,明治ﾎｰﾙﾃﾞｨﾝｸﾞｽ,Meiji,skip,duplicate,high,reuters,1
2026-04-01,2269,明治ﾎｰﾙﾃﾞｨﾝｸﾞｽ,Meiji Holdings Co Ltd,skip,duplicate,high,reuters,1
2026-04-01,2270,雪印メグミルク,雪印メグ,skip,duplicate,high,"kabutan,tdnet",4
2026-04-01,2270,雪印メグミルク,雪印メグミルク,skip,duplicate,high,"kabutan,nikkei",2
2026-04-01,2270,雪印メグミルク,Megmilk Snow Brand,skip,duplicate,high,reuters,1
2026-04-01,2270,雪印メグミルク,Megmilk Snow Brand Co Ltd,skip,duplicate,high,reuters,1
2026-04-01,2281,プリマハム,プリマハム,skip,duplicate,high,"kabutan,nikkei",2
2026-04-01,2281,プリマハム,Prima Meat Packers,skip,duplicate,high,reuters,1
2026-04-01,2281,プリマハム,Prima Meat Packers Ltd,skip,duplicate,high,reuters,1
2026-04-01,2281,プリマハム,プリマ,skip,duplicate,high,kabutan,1
2026-04-01,2282,日本ハム,日ハム,skip,duplicate,high,"kabutan,tdnet",3
2026-04-01,2282,日本ハム,日本ハム,skip,duplicate,high,"kabutan,nikkei",2
2026-04-01,2282,日本ハム,NH Foods,skip,duplicate,high,reuters,1
2026-04-01,2282,日本ハム,NH Foods Ltd,skip,duplicate,high,reuters,1
2026-04-01,2286,林兼産業,林兼産業,add,exists_in_base,high,"kabutan,nikkei",2
2026-04-01,2286,林兼産業,Hayashikane Sangyo,skip,duplicate,high,reuters,1
2026-04-01,2286,林兼産業,Hayashikane Sangyo Co Ltd,skip,duplicate,high,reuters,1
2026-04-01,2286,林兼産業,林兼,skip,duplicate,high,kabutan,1
2026-04-01,2286,林兼産業,林兼産,add,new_candidate,medium,tdnet,1
2026-04-01,2288,丸大食品,丸大食,skip,duplicate,high,"kabutan,tdnet",10
2026-04-01,2288,丸大食品,丸大食品,skip,duplicate,high,"kabutan,nikkei",2
2026-04-01,2288,丸大食品,Marudai Food,skip,duplicate,high,reuters,1
2026-04-01,2288,丸大食品,Marudai Food Co Ltd,skip,duplicate,high,reuters,1
2026-04-01,228A,オプロ,オプロ,add,exists_in_base,high,"kabutan,nikkei,tdnet",3
2026-04-01,228A,オプロ,OPRO Co Ltd,add,new_candidate,medium,reuters,1
2026-04-01,228A,オプロ,OPRO,review,new_candidate,low,reuters,1
2026-04-01,2291,福留ハム,福留ハム,skip,duplicate,high,"kabutan,nikkei,tdnet",3
2026-04-01,2291,福留ハム,Fukutome Meat Packers,skip,duplicate,high,reuters,1
2026-04-01,2291,福留ハム,Fukutome Meat Packers Ltd,skip,duplicate,high,reuters,1
2026-04-01,2291,福留ハム,福留ハ,skip,duplicate,high,kabutan,1
2026-04-01,2292,S Foods,S Foods,skip,duplicate,high,"kabutan,reuters",3
2026-04-01,2292,S Foods,S Foods Inc,skip,duplicate,high,reuters,1
2026-04-01,2292,S Foods,エスフーズ,skip,duplicate,high,nikkei,1
2026-04-01,2293,滝沢ハム,滝沢ハム,skip,duplicate,high,"kabutan,nikkei,tdnet",3
2026-04-01,2293,滝沢ハム,Takizawa Ham,skip,duplicate,high,reuters,1
2026-04-01,2293,滝沢ハム,Takizawa Ham Co Ltd,skip,duplicate,high,reuters,1
2026-04-01,2294,柿安本店,柿安本店,skip,duplicate,high,"kabutan,nikkei,tdnet",4
2026-04-01,2294,柿安本店,Kakiyasu Honten,skip,duplicate,high,reuters,1
2026-04-01,2294,柿安本店,Kakiyasu Honten Co Ltd,skip,duplicate,high,reuters,1
2026-04-01,2296,伊藤ハム米久ﾎｰﾙﾃﾞｨﾝｸﾞｽ,伊藤ハム米久ホールディングス,skip,duplicate,high,"kabutan,nikkei",2
2026-04-01,2296,伊藤ハム米久ﾎｰﾙﾃﾞｨﾝｸﾞｽ,Itoham Yonekyu,skip,duplicate,high,reuters,1
2026-04-01,2296,伊藤ハム米久ﾎｰﾙﾃﾞｨﾝｸﾞｽ,Itoham Yonekyu Holdings Inc,skip,duplicate,high,reuters,1
2026-04-01,2296,伊藤ハム米久ﾎｰﾙﾃﾞｨﾝｸﾞｽ,伊藤米久HD,add,new_candidate,medium,kabutan,1
2026-04-01,2300,きょくとう,きょくとう,add,exists_in_base,high,"kabutan,nikkei",2
2026-04-01,2300,きょくとう,Kyokuto,skip,duplicate,high,reuters,1
2026-04-01,2300,きょくとう,Kyokuto Co Ltd,skip,duplicate,high,reuters,1
2026-04-01,2300,きょくとう,きょくと,skip,duplicate,high,tdnet,1
2026-04-01,2301,学情,学情,skip,duplicate,high,"kabutan,nikkei,tdnet",4
2026-04-01,2301,学情,Gakujo,skip,duplicate,high,reuters,1
2026-04-01,2301,学情,Gakujo Co Ltd,skip,duplicate,high,reuters,1
2026-04-01,2303,ドーン,ドーン,skip,duplicate,high,"kabutan,nikkei,tdnet",4
2026-04-01,2303,ドーン,Dawn,skip,duplicate,high,reuters,1
2026-04-01,2303,ドーン,Dawn Corp,skip,duplicate,high,reuters,1
2026-04-01,2304,CSSﾎｰﾙﾃﾞｨﾝｸﾞｽ,CSS,skip,duplicate,high,"kabutan,reuters",2
2026-04-01,2304,CSSﾎｰﾙﾃﾞｨﾝｸﾞｽ,CSSホールディングス,skip,duplicate,high,"kabutan,nikkei",2
2026-04-01,2304,CSSﾎｰﾙﾃﾞｨﾝｸﾞｽ,CSS Holdings Ltd,skip,duplicate,high,reuters,1
2026-04-01,2304,CSSﾎｰﾙﾃﾞｨﾝｸﾞｽ,CSSHD,skip,duplicate,high,tdnet,1
2026-04-01,2305,スタジオアリス,スタジオアリス,skip,duplicate,high,"kabutan,nikkei,tdnet",3
2026-04-01,2305,スタジオアリス,Studio Alice,skip,duplicate,high,reuters,1
2026-04-01,2305,スタジオアリス,Studio Alice Co Ltd,skip,duplicate,high,reuters,1
2026-04-01,2305,スタジオアリス,スタ・アリス,skip,duplicate,high,kabutan,1
2026-04-01,2307,クロスキャット,クロスキャット,skip,duplicate,high,"kabutan,nikkei,tdnet",3
2026-04-01,2307,クロスキャット,Cross Cat,skip,duplicate,high,reuters,1
2026-04-01,2307,クロスキャット,Cross Cat Co Ltd,skip,duplicate,high,reuters,1
2026-04-01,2307,クロスキャット,クロスキャト,add,new_candidate,medium,kabutan,1
2026-04-01,2311,エプコ,エプコ,skip,duplicate,high,"kabutan,nikkei,tdnet",8
2026-04-01,2311,エプコ,EPCO,skip,duplicate,high,reuters,1
2026-04-01,2311,エプコ,EPCO Co Ltd,skip,duplicate,high,reuters,1
2026-04-01,2315,CAICA DIGITAL,CAICAD,skip,duplicate,high,"kabutan,tdnet",4
2026-04-01,2315,CAICA DIGITAL,CAICA DIGITAL,skip,duplicate,high,"kabutan,nikkei,reuters",3
2026-04-01,2315,CAICA DIGITAL,Caica Digital Inc,skip,duplicate,high,reuters,1
2026-04-01,2317,システナ,システナ,skip,duplicate,high,"kabutan,nikkei,tdnet",5
2026-04-01,2317,システナ,Systena,skip,duplicate,high,reuters,1
2026-04-01,2317,システナ,Systena Corp,skip,duplicate,high,reuters,1
2026-04-01,2321,ソフトフロントﾎｰﾙﾃﾞｨﾝｸﾞｽ,ソフトフロントホールディングス,skip,duplicate,high,"kabutan,nikkei",2
2026-04-01,2321,ソフトフロントﾎｰﾙﾃﾞｨﾝｸﾞｽ,Softfront,skip,duplicate,high,reuters,1
2026-04-01,2321,ソフトフロントﾎｰﾙﾃﾞｨﾝｸﾞｽ,Softfront Holdings,skip,duplicate,high,reuters,1
2026-04-01,2321,ソフトフロントﾎｰﾙﾃﾞｨﾝｸﾞｽ,ソフトフロントH,add,new_candidate,medium,tdnet,2
2026-04-01,2321,ソフトフロントﾎｰﾙﾃﾞｨﾝｸﾞｽ,ソフトフロン,add,new_candidate,medium,kabutan,1
2026-04-01,2323,fonfun,fonfun,skip,duplicate,high,"kabutan,nikkei,reuters,tdnet",6
2026-04-01,2323,fonfun,Fonfun Corp,skip,duplicate,high,reuters,1
2026-04-01,2325,NJS,NJS,skip,duplicate,high,"kabutan,nikkei,reuters,tdnet",4
2026-04-01,2325,NJS,NJS Co Ltd,skip,duplicate,high,reuters,1
2026-04-01,2326,デジタルアーツ,デジタルアーツ,skip,duplicate,high,"kabutan,nikkei",2
2026-04-01,2326,デジタルアーツ,Digital Arts,skip,duplicate,high,reuters,1
2026-04-01,2326,デジタルアーツ,Digital Arts Inc,skip,duplicate,high,reuters,1
2026-04-01,2326,デジタルアーツ,デジアーツ,skip,duplicate,high,kabutan,1
2026-04-01,2327,日鉄ソリューションズ,日鉄ソリューションズ,skip,duplicate,high,"kabutan,nikkei",2
2026-04-01,2327,日鉄ソリューションズ,NS Solutions,skip,duplicate,high,reuters,1
2026-04-01,2327,日鉄ソリューションズ,NS Solutions Corp,skip,duplicate,high,reuters,1
2026-04-01,2327,日鉄ソリューションズ,NSSOL,skip,duplicate,high,kabutan,1
2026-04-01,2329,東北新社,東北新社,skip,duplicate,high,"kabutan,nikkei,tdnet",3
2026-04-01,2329,東北新社,Tohokushinsha Film,skip,duplicate,high,reuters,1
2026-04-01,2329,東北新社,Tohokushinsha Film Corp,skip,duplicate,high,reuters,1
2026-04-01,2330,フォーサイド,フォーサイド,skip,duplicate,high,"kabutan,nikkei,tdnet",3
2026-04-01,2330,フォーサイド,Forside,skip,duplicate,high,reuters,1
2026-04-01,2330,フォーサイド,Forside Co Ltd,skip,duplicate,high,reuters,1
2026-04-01,2331,ALSOK,ALSOK,skip,duplicate,high,"kabutan,nikkei,reuters",3
2026-04-01,2331,ALSOK,ALSOK Co Ltd,skip,duplicate,high,reuters,1
2026-04-01,2332,クエスト,クエスト,skip,duplicate,high,"kabutan,nikkei",2
2026-04-01,2332,クエスト,Quest,skip,duplicate,high,reuters,1
2026-04-01,2332,クエスト,Quest Co Ltd,skip,duplicate,high,reuters,1
2026-04-01,2334,イオレ,イオレ,skip,duplicate,high,"kabutan,nikkei,tdnet",7
2026-04-01,2334,イオレ,Eole,skip,duplicate,high,reuters,1
2026-04-01,2334,イオレ,Eole Inc,skip,duplicate,high,reuters,1
2026-04-01,2335,キューブシステム,キューブシステム,skip,duplicate,high,"kabutan,nikkei",2
2026-04-01,2335,キューブシステム,Cube System,skip,duplicate,high,reuters,1
2026-04-01,2335,キューブシステム,Cube System Inc,skip,duplicate,high,reuters,1
2026-04-01,2335,キューブシステム,キューブシス,add,new_candidate,medium,kabutan,1
2026-04-01,2337,いちご,いちご,skip,duplicate,high,"kabutan,nikkei,tdnet",7
2026-04-01,2337,いちご,Ichigo,skip,duplicate,high,reuters,1
2026-04-01,2337,いちご,Ichigo Inc,skip,duplicate,high,reuters,1
2026-04-01,2338,クオンタムソリューションズ,クオンタムS,skip,duplicate,high,"kabutan,tdnet",7
2026-04-01,2338,クオンタムソリューションズ,クオンタムソリューションズ,skip,duplicate,high,"kabutan,nikkei",2
2026-04-01,2338,クオンタムソリューションズ,Quantum Solutions,skip,duplicate,high,reuters,1
2026-04-01,2338,クオンタムソリューションズ,Quantum Solutions Co Ltd,skip,duplicate,high,reuters,1
2026-04-01,2340,極楽湯ﾎｰﾙﾃﾞｨﾝｸﾞｽ,極楽湯ホールディングス,skip,duplicate,high,"kabutan,nikkei",2
2026-04-01,2340,極楽湯ﾎｰﾙﾃﾞｨﾝｸﾞｽ,Gokurakuyu,skip,duplicate,high,reuters,1
2026-04-01,2340,極楽湯ﾎｰﾙﾃﾞｨﾝｸﾞｽ,Gokurakuyu Holdings Co Ltd,skip,duplicate,high,reuters,1
2026-04-01,2340,極楽湯ﾎｰﾙﾃﾞｨﾝｸﾞｽ,極楽湯HD,skip,duplicate,high,kabutan,1
2026-04-01,2341,アルバイトタイムス,アルバイトタイムス,add,exists_in_base,high,"kabutan,nikkei",2
2026-04-01,2341,アルバイトタイムス,Arbeit-Times,skip,duplicate,high,reuters,1
2026-04-01,2341,アルバイトタイムス,Arbeit-Times Co Ltd,skip,duplicate,high,reuters,1
2026-04-01,2341,アルバイトタイムス,アルバイトT,skip,duplicate,high,kabutan,1
2026-04-01,2342,トランスジェニックｸﾞﾙｰﾌﾟ,トランスジェニックグループ,skip,duplicate,high,"kabutan,nikkei",2
2026-04-01,2342,トランスジェニックｸﾞﾙｰﾌﾟ,TransGenic,skip,duplicate,high,reuters,1
2026-04-01,2342,トランスジェニックｸﾞﾙｰﾌﾟ,TransGenic Group Inc,skip,duplicate,high,reuters,1
2026-04-01,2342,トランスジェニックｸﾞﾙｰﾌﾟ,トランスジェニックG,skip,duplicate,high,tdnet,1
2026-04-01,2342,トランスジェニックｸﾞﾙｰﾌﾟ,トランスGG,add,new_candidate,medium,kabutan,1
2026-04-01,2344,平安レイサービス,平安レイサービス,add,exists_in_base,high,"kabutan,nikkei",2
2026-04-01,2344,平安レイサービス,Heian Ceremony Service,skip,duplicate,high,reuters,1
2026-04-01,2344,平安レイサービス,Heian Ceremony Service Co Ltd,skip,duplicate,high,reuters,1
2026-04-01,2344,平安レイサービス,平安レイ,skip,duplicate,high,kabutan,1
2026-04-01,2345,HODL1,HODL1,skip,duplicate,high,"kabutan,nikkei,reuters,tdnet",5
2026-04-01,2345,HODL1,HODL1 Inc,add,new_candidate,medium,reuters,1
2026-04-01,2345,HODL1,ホドルワン,add,new_candidate,medium,kabutan,1
2026-04-01,2349,エヌアイデイ,エヌアイデイ,skip,duplicate,high,"kabutan,nikkei",2
2026-04-01,2349,エヌアイデイ,Nippon Information Development,skip,duplicate,high,reuters,1
2026-04-01,2349,エヌアイデイ,Nippon Information Development Co Ltd,skip,duplicate,high,reuters,1
2026-04-01,2351,ASJ,ASJ,skip,duplicate,high,"kabutan,nikkei,reuters,tdnet",5
2026-04-01,2351,ASJ,ASJ Inc,skip,duplicate,high,reuters,1
2026-04-01,2353,日本駐車場開発,日駐,skip,duplicate,high,tdnet,3
2026-04-01,2353,日本駐車場開発,日本駐車場開発,skip,duplicate,high,"kabutan,nikkei",2
2026-04-01,2353,日本駐車場開発,Nippon Parking Development,skip,duplicate,high,reuters,1
2026-04-01,2353,日本駐車場開発,Nippon Parking Development Co Ltd,skip,duplicate,high,reuters,1
2026-04-01,2353,日本駐車場開発,日本駐車場,skip,duplicate,high,kabutan,1
2026-04-01,2354,YE DIGITAL,YE DIGITAL,skip,duplicate,high,"kabutan,nikkei,reuters,tdnet",5
2026-04-01,2354,YE DIGITAL,YE DIGITAL Corp,skip,duplicate,high,reuters,1
2026-04-01,2354,YE DIGITAL,YEデジタル,add,new_candidate,medium,kabutan,1
2026-04-01,2359,コア,コア,skip,duplicate,high,"kabutan,nikkei,tdnet",3
2026-04-01,2359,コア,Core,skip,duplicate,high,reuters,1
2026-04-01,2359,コア,Core Corp,skip,duplicate,high,reuters,1
2026-04-01,2370,メディネット,メディネット,skip,duplicate,high,"kabutan,nikkei",2
2026-04-01,2370,メディネット,Medinet,skip,duplicate,high,reuters,1
2026-04-01,2370,メディネット,Medinet Co Ltd,skip,duplicate,high,reuters,1
2026-04-01,2370,メディネット,MDNT,review,new_candidate,low,tdnet,3
2026-04-01,2371,カカクコム,カカクコム,skip,duplicate,high,"kabutan,nikkei,tdnet",4
2026-04-01,2371,カカクコム,Kakaku.com,skip,duplicate,high,reuters,1
2026-04-01,2371,カカクコム,Kakaku.com Inc,skip,duplicate,high,reuters,1
2026-04-01,2373,ケア21,ケア21,skip,duplicate,high,"kabutan,nikkei,tdnet",3
2026-04-01,2373,ケア21,Care Twentyone,skip,duplicate,high,reuters,1
2026-04-01,2373,ケア21,Care Twentyone Corp,skip,duplicate,high,reuters,1
2026-04-01,2374,セントケア・ホールディング,セントケアHD,skip,duplicate,high,tdnet,1
2026-04-01,2374,セントケア・ホールディング,セントケア・ホールディング,skip,duplicate,high,kabutan,1
2026-04-01,2374,セントケア・ホールディング,2374.T,add,new_candidate,medium,reuters,1
2026-04-01,2374,セントケア・ホールディング,セントケア,add,new_candidate,medium,kabutan,1
2026-04-01,2375,ギグワークス,ギグワークス,skip,duplicate,high,"kabutan,nikkei,tdnet",5
2026-04-01,2375,ギグワークス,GiG Works,skip,duplicate,high,reuters,1
2026-04-01,2375,ギグワークス,GiG Works Inc,skip,duplicate,high,reuters,1
2026-04-01,2376,サイネックス,サイネックス,skip,duplicate,high,"kabutan,nikkei",2
2026-04-01,2376,サイネックス,SCiNEX,skip,duplicate,high,reuters,1
2026-04-01,2376,サイネックス,SCiNEX Corp,skip,duplicate,high,reuters,1
2026-04-01,2378,ルネサンス,ルネサンス,skip,duplicate,high,"kabutan,nikkei,tdnet",3
2026-04-01,2378,ルネサンス,Renaissance,skip,duplicate,high,reuters,1
2026-04-01,2378,ルネサンス,Renaissance Inc,skip,duplicate,high,reuters,1
2026-04-01,2379,ディップ,ディップ,skip,duplicate,high,"kabutan,nikkei,tdnet",3
2026-04-01,2379,ディップ,dip,skip,duplicate,high,reuters,1
2026-04-01,2379,ディップ,dip Corp,skip,duplicate,high,reuters,1
2026-04-01,2384,SBSﾎｰﾙﾃﾞｨﾝｸﾞｽ,SBSHD,add,new_candidate,high,"kabutan,tdnet",4
2026-04-01,2384,SBSﾎｰﾙﾃﾞｨﾝｸﾞｽ,SBSホールディングス,skip,duplicate,high,"kabutan,nikkei",2
2026-04-01,2384,SBSﾎｰﾙﾃﾞｨﾝｸﾞｽ,SBS,skip,duplicate,high,reuters,1
2026-04-01,2384,SBSﾎｰﾙﾃﾞｨﾝｸﾞｽ,SBS Holdings Inc,skip,duplicate,high,reuters,1
2026-04-01,2385,総医研ﾎｰﾙﾃﾞｨﾝｸﾞｽ,総医研ホールディングス,skip,duplicate,high,"kabutan,nikkei",2
2026-04-01,2385,総医研ﾎｰﾙﾃﾞｨﾝｸﾞｽ,Soiken,skip,duplicate,high,reuters,1
2026-04-01,2385,総医研ﾎｰﾙﾃﾞｨﾝｸﾞｽ,Soiken Holdings Inc,skip,duplicate,high,reuters,1
2026-04-01,2385,総医研ﾎｰﾙﾃﾞｨﾝｸﾞｽ,総医研HD,add,new_candidate,medium,kabutan,1
2026-04-01,2388,ウェッジﾎｰﾙﾃﾞｨﾝｸﾞｽ,ウェッジホールディングス,skip,duplicate,high,"kabutan,nikkei",2
2026-04-01,2388,ウェッジﾎｰﾙﾃﾞｨﾝｸﾞｽ,Wedge,skip,duplicate,high,reuters,1
2026-04-01,2388,ウェッジﾎｰﾙﾃﾞｨﾝｸﾞｽ,Wedge Holdings Co Ltd,skip,duplicate,high,reuters,1
2026-04-01,2388,ウェッジﾎｰﾙﾃﾞｨﾝｸﾞｽ,ウェッジHD,skip,duplicate,high,kabutan,1
2026-04-01,2389,デジタルﾎｰﾙﾃﾞｨﾝｸﾞｽ,デジタルHD,skip,duplicate,high,"kabutan,tdnet",4
2026-04-01,2389,デジタルﾎｰﾙﾃﾞｨﾝｸﾞｽ,デジタルホールディングス,skip,duplicate,high,kabutan,1
2026-04-01,2389,デジタルﾎｰﾙﾃﾞｨﾝｸﾞｽ,2389.T,add,new_candidate,medium,reuters,1
2026-04-01,2391,プラネット,プラネット,skip,duplicate,high,"kabutan,nikkei,tdnet",4
2026-04-01,2391,プラネット,Planet,skip,duplicate,high,reuters,1
2026-04-01,2391,プラネット,Planet Inc,skip,duplicate,high,reuters,1
2026-04-01,2393,日本ケアサプライ,日本ケア,skip,duplicate,high,tdnet,2
2026-04-01,2393,日本ケアサプライ,日本ケアサプライ,add,exists_in_base,high,"kabutan,nikkei",2
2026-04-01,2393,日本ケアサプライ,Nippon Care Supply,skip,duplicate,high,reuters,1
2026-04-01,2393,日本ケアサプライ,Nippon Care Supply Co Ltd,skip,duplicate,high,reuters,1
2026-04-01,2393,日本ケアサプライ,ケアサプライ,skip,duplicate,high,kabutan,1
2026-04-01,2395,新日本科学,新日本科学,skip,duplicate,high,"kabutan,nikkei",2
2026-04-01,2395,新日本科学,Shin Nippon Biomedical Laboratories,skip,duplicate,high,reuters,1
2026-04-01,2395,新日本科学,Shin Nippon Biomedical Laboratories Ltd,skip,duplicate,high,reuters,1
2026-04-01,2404,鉄人化ﾎｰﾙﾃﾞｨﾝｸﾞｽ,鉄人化HD,add,new_candidate,high,"kabutan,tdnet",2
2026-04-01,2404,鉄人化ﾎｰﾙﾃﾞｨﾝｸﾞｽ,鉄人化ホールディングス,add,exists_in_base,high,"kabutan,nikkei",2
2026-04-01,2404,鉄人化ﾎｰﾙﾃﾞｨﾝｸﾞｽ,TETSUJIN,skip,duplicate,high,reuters,1
2026-04-01,2404,鉄人化ﾎｰﾙﾃﾞｨﾝｸﾞｽ,TETSUJIN Holdings Inc,skip,duplicate,high,reuters,1
2026-04-01,2408,KG情報,KG情報,add,exists_in_base,high,"kabutan,nikkei",2
2026-04-01,2408,KG情報,KG Intelligence,skip,duplicate,high,reuters,1
2026-04-01,2408,KG情報,KG Intelligence Co Ltd,skip,duplicate,high,reuters,1
2026-04-01,2410,キャリアデザインセンター,キャリアデザインセンター,add,exists_in_base,high,"kabutan,nikkei",2
2026-04-01,2410,キャリアデザインセンター,Career Design Center,skip,duplicate,high,reuters,1
2026-04-01,2410,キャリアデザインセンター,Career Design Center Co Ltd,skip,duplicate,high,reuters,1
2026-04-01,2410,キャリアデザインセンター,キャリアデザ,skip,duplicate,high,kabutan,1
2026-04-01,2411,ゲンダイエージェンシー,ゲンダイエージェンシー,add,exists_in_base,high,"kabutan,nikkei",2
2026-04-01,2411,ゲンダイエージェンシー,Gendai Agency,skip,duplicate,high,reuters,1
2026-04-01,2411,ゲンダイエージェンシー,Gendai Agency Inc,skip,duplicate,high,reuters,1
2026-04-01,2411,ゲンダイエージェンシー,ゲンダイ,skip,duplicate,high,kabutan,1
2026-04-01,2413,エムスリー,エムスリー,skip,duplicate,high,"kabutan,nikkei,tdnet",4
2026-04-01,2413,エムスリー,M3 Inc,skip,duplicate,high,reuters,1
2026-04-01,2413,エムスリー,M3,add,new_candidate,medium,reuters,1
2026-04-01,2415,ヒューマンﾎｰﾙﾃﾞｨﾝｸﾞｽ,ヒューマンホールディングス,skip,duplicate,high,"kabutan,nikkei",2
2026-04-01,2415,ヒューマンﾎｰﾙﾃﾞｨﾝｸﾞｽ,Human,skip,duplicate,high,reuters,1
2026-04-01,2415,ヒューマンﾎｰﾙﾃﾞｨﾝｸﾞｽ,Human Holdings Co Ltd,skip,duplicate,high,reuters,1
2026-04-01,2415,ヒューマンﾎｰﾙﾃﾞｨﾝｸﾞｽ,ヒューマン,skip,duplicate,high,kabutan,1
2026-04-01,2415,ヒューマンﾎｰﾙﾃﾞｨﾝｸﾞｽ,ヒューマンHD,add,new_candidate,medium,tdnet,1
2026-04-01,2418,ツカダ・グローバルホールディング,ツカダグローバルHD,skip,duplicate,high,tdnet,2
2026-04-01,2418,ツカダ・グローバルホールディング,ツカダ・グローバルホールディング,add,exists_in_base,high,"kabutan,nikkei",2
2026-04-01,2418,ツカダ・グローバルホールディング,Tsukada Global,skip,duplicate,high,reuters,1
2026-04-01,2418,ツカダ・グローバルホールディング,Tsukada Global Holdings Inc,skip,duplicate,high,reuters,1
2026-04-01,2418,ツカダ・グローバルホールディング,ツカダGHD,skip,duplicate,high,kabutan,1
2026-04-01,241A,ROXX,ROXX,skip,duplicate,high,"kabutan,nikkei,reuters,tdnet",4
2026-04-01,241A,ROXX,ROXX Inc,add,new_candidate,medium,reuters,1
2026-04-01,2424,ブラス,ブラス,add,exists_in_base,high,"kabutan,nikkei,tdnet",5
2026-04-01,2424,ブラス,Brass,skip,duplicate,high,reuters,1
2026-04-01,2424,ブラス,Brass Corp,skip,duplicate,high,reuters,1
2026-04-01,2425,ケアサービス,ケアサービス,skip,duplicate,high,"kabutan,nikkei,tdnet",3
2026-04-01,2425,ケアサービス,Care Service,skip,duplicate,high,reuters,1
2026-04-01,2425,ケアサービス,Care Service Co Ltd,skip,duplicate,high,reuters,1
2026-04-01,2428,ウェルネット,ウェルネット,skip,duplicate,high,"kabutan,nikkei",2
2026-04-01,2428,ウェルネット,Wellnet,skip,duplicate,high,reuters,1
2026-04-01,2428,ウェルネット,Wellnet Corp,skip,duplicate,high,reuters,1
2026-04-01,2429,ワールドﾎｰﾙﾃﾞｨﾝｸﾞｽ,ワールドホールディングス,add,exists_in_base,high,"kabutan,nikkei",2
2026-04-01,2429,ワールドﾎｰﾙﾃﾞｨﾝｸﾞｽ,World,skip,duplicate,high,reuters,1
2026-04-01,2429,ワールドﾎｰﾙﾃﾞｨﾝｸﾞｽ,World Holdings Co Ltd,skip,duplicate,high,reuters,1
2026-04-01,2429,ワールドﾎｰﾙﾃﾞｨﾝｸﾞｽ,ワールドHD,add,new_candidate,medium,kabutan,1
2026-04-01,2432,ディー・エヌ・エー,ディー・エヌ・エー,skip,duplicate,high,"kabutan,nikkei,tdnet",7
2026-04-01,2432,ディー・エヌ・エー,DeNA,skip,duplicate,high,reuters,1
2026-04-01,2432,ディー・エヌ・エー,DeNA Co Ltd,skip,duplicate,high,reuters,1
2026-04-01,2432,ディー・エヌ・エー,ディーエヌエ,add,new_candidate,medium,kabutan,1
2026-04-01,2433,博報堂DYﾎｰﾙﾃﾞｨﾝｸﾞｽ,博報堂DY,skip,duplicate,high,"kabutan,tdnet",2
2026-04-01,2433,博報堂DYﾎｰﾙﾃﾞｨﾝｸﾞｽ,博報堂DYホールディングス,skip,duplicate,high,"kabutan,nikkei",2
2026-04-01,2433,博報堂DYﾎｰﾙﾃﾞｨﾝｸﾞｽ,Hakuhodo DY,skip,duplicate,high,reuters,1
2026-04-01,2433,博報堂DYﾎｰﾙﾃﾞｨﾝｸﾞｽ,Hakuhodo DY Holdings Inc,skip,duplicate,high,reuters,1
2026-04-01,2435,シダー,シダー,skip,duplicate,high,"kabutan,nikkei,tdnet",5
2026-04-01,2435,シダー,Cedar,skip,duplicate,high,reuters,1
2026-04-01,2435,シダー,Cedar Co Ltd,skip,duplicate,high,reuters,1
2026-04-01,2436,共同ピーアール,共同PR,skip,duplicate,high,"kabutan,tdnet",4
2026-04-01,2436,共同ピーアール,共同ピーアール,add,exists_in_base,high,"kabutan,nikkei",2
2026-04-01,2436,共同ピーアール,Kyodo Public Relations,skip,duplicate,high,reuters,1
2026-04-01,2436,共同ピーアール,Kyodo Public Relations Co Ltd,skip,duplicate,high,reuters,1
2026-04-01,2437,Shinwa Wise Holdings,Shinwa Wise Holdings,skip,duplicate,high,"kabutan,nikkei",2
2026-04-01,2437,Shinwa Wise Holdings,シンワワイズ,skip,duplicate,high,"kabutan,tdnet",2
2026-04-01,2437,Shinwa Wise Holdings,Shinwa Wise,skip,duplicate,high,reuters,1
2026-04-01,2437,Shinwa Wise Holdings,Shinwa Wise Holdings Co Ltd,skip,duplicate,high,reuters,1
2026-04-01,2438,アスカネット,アスカネット,add,exists_in_base,high,"kabutan,nikkei,tdnet",6
2026-04-01,2438,アスカネット,Asukanet,skip,duplicate,high,reuters,1
2026-04-01,2438,アスカネット,Asukanet Co Ltd,skip,duplicate,high,reuters,1
2026-04-01,2440,ぐるなび,ぐるなび,skip,duplicate,high,"kabutan,nikkei,tdnet",3
2026-04-01,2440,ぐるなび,Gurunavi,skip,duplicate,high,reuters,1
2026-04-01,2440,ぐるなび,Gurunavi Inc,skip,duplicate,high,reuters,1
2026-04-01,2445,タカミヤ,タカミヤ,skip,duplicate,high,"kabutan,nikkei,tdnet",3
2026-04-01,2445,タカミヤ,Takamiya,skip,duplicate,high,reuters,1
2026-04-01,2445,タカミヤ,Takamiya Co Ltd,skip,duplicate,high,reuters,1
2026-04-01,2449,プラップジャパン,プラップジャパン,add,exists_in_base,high,"kabutan,nikkei",2
2026-04-01,2449,プラップジャパン,PRAP Japan,skip,duplicate,high,reuters,1
2026-04-01,2449,プラップジャパン,PRAP Japan Inc,skip,duplicate,high,reuters,1
2026-04-01,2449,プラップジャパン,プラップJ,skip,duplicate,high,kabutan,1
2026-04-01,244A,グロースエクスパートナーズ,グロースエクスパートナーズ,add,exists_in_base,high,"kabutan,nikkei",2
2026-04-01,244A,グロースエクスパートナーズ,グロースxP,skip,duplicate,high,kabutan,1
2026-04-01,244A,グロースエクスパートナーズ,グロースエクスパ,add,new_candidate,medium,tdnet,2
2026-04-01,244A,グロースエクスパートナーズ,Growth xPartners,add,new_candidate,medium,reuters,1
2026-04-01,244A,グロースエクスパートナーズ,Growth xPartners Inc,add,new_candidate,medium,reuters,1
2026-04-01,2454,オールアバウト,オールアバウト,skip,duplicate,high,"kabutan,nikkei,tdnet",3
2026-04-01,2454,オールアバウト,All About,skip,duplicate,high,reuters,1
2026-04-01,2454,オールアバウト,All About Inc,skip,duplicate,high,reuters,1
2026-04-01,2454,オールアバウト,オルアバウト,skip,duplicate,high,kabutan,1
2026-04-01,2459,アウンコンサルティング,アウン,skip,duplicate,high,"kabutan,tdnet",3
2026-04-01,2459,アウンコンサルティング,アウンコンサルティング,add,exists_in_base,high,"kabutan,nikkei",2
2026-04-01,2459,アウンコンサルティング,Aun Consulting,skip,duplicate,high,reuters,1
2026-04-01,2459,アウンコンサルティング,Aun Consulting Inc,skip,duplicate,high,reuters,1
2026-04-01,245A,INGS,INGS,add,exists_in_base,high,"kabutan,nikkei,reuters,tdnet",5
2026-04-01,245A,INGS,INGS Inc,add,new_candidate,medium,reuters,1
2026-04-01,2461,ファンコミュニケーションズ,ファンコミ,skip,duplicate,high,"kabutan,tdnet",7
2026-04-01,2461,ファンコミュニケーションズ,ファンコミュニケーションズ,add,exists_in_base,high,"kabutan,nikkei",2
2026-04-01,2461,ファンコミュニケーションズ,FAN Communications,skip,duplicate,high,reuters,1
2026-04-01,2461,ファンコミュニケーションズ,FAN Communications Inc,skip,duplicate,high,reuters,1
2026-04-01,2462,ライク,ライク,add,exists_in_base,high,"kabutan,nikkei",2
2026-04-01,2462,ライク,LIKE,skip,duplicate,high,reuters,1
2026-04-01,2462,ライク,LIKE Inc,skip,duplicate,high,reuters,1
2026-04-01,2464,Aoba‐BBT,Aoba-BBT,skip,duplicate,high,"kabutan,nikkei,reuters",3
2026-04-01,2464,Aoba‐BBT,Aoba-BBT Inc,skip,duplicate,high,reuters,1
2026-04-01,2464,Aoba‐BBT,アオバBBT,add,new_candidate,medium,kabutan,1
2026-04-01,2469,ヒビノ,ヒビノ,skip,duplicate,high,"kabutan,nikkei,tdnet",7
2026-04-01,2469,ヒビノ,Hibino,skip,duplicate,high,reuters,1
2026-04-01,2469,ヒビノ,Hibino Corp,skip,duplicate,high,reuters,1
2026-04-01,246A,アスア,アスア,add,exists_in_base,high,"kabutan,nikkei,tdnet",4
2026-04-01,246A,アスア,ASUA Inc,add,new_candidate,medium,reuters,1
2026-04-01,246A,アスア,ASUA,review,new_candidate,low,reuters,1
2026-04-01,2471,エスプール,エスプール,skip,duplicate,high,"kabutan,nikkei",2
2026-04-01,2471,エスプール,S-Pool,skip,duplicate,high,reuters,1
2026-04-01,2471,エスプール,S-Pool Inc,skip,duplicate,high,reuters,1
2026-04-01,2475,WDBﾎｰﾙﾃﾞｨﾝｸﾞｽ,WDB,skip,duplicate,high,"kabutan,reuters",2
2026-04-01,2475,WDBﾎｰﾙﾃﾞｨﾝｸﾞｽ,WDBホールディングス,skip,duplicate,high,"kabutan,nikkei",2
2026-04-01,2475,WDBﾎｰﾙﾃﾞｨﾝｸﾞｽ,WDB Holdings Co Ltd,skip,duplicate,high,reuters,1
2026-04-01,2477,手間いらず,手間いらず,skip,duplicate,high,"kabutan,nikkei,tdnet",4
2026-04-01,2477,手間いらず,Temairazu,skip,duplicate,high,reuters,1
2026-04-01,2477,手間いらず,Temairazu Inc,skip,duplicate,high,reuters,1
2026-04-01,2479,ジェイテック,ジェイテック,skip,duplicate,high,"kabutan,nikkei,tdnet",5
2026-04-01,2479,ジェイテック,JTec,skip,duplicate,high,reuters,1
2026-04-01,2479,ジェイテック,JTec Corp,skip,duplicate,high,reuters,1
2026-04-01,247A,Aiロボティクス,Aiロボティクス,skip,duplicate,high,"kabutan,nikkei,tdnet",5
2026-04-01,247A,Aiロボティクス,Aiロボ,skip,duplicate,high,kabutan,1
2026-04-01,247A,Aiロボティクス,Ai Robotics,add,new_candidate,medium,reuters,1
2026-04-01,247A,Aiロボティクス,Ai Robotics Inc,add,new_candidate,medium,reuters,1
2026-04-01,2480,システム・ロケーション,システム・ロケーション,add,exists_in_base,high,"kabutan,nikkei",2
2026-04-01,2480,システム・ロケーション,System Location,skip,duplicate,high,reuters,1
2026-04-01,2480,システム・ロケーション,System Location Co Ltd,skip,duplicate,high,reuters,1
2026-04-01,2480,システム・ロケーション,シスロケ,skip,duplicate,high,kabutan,1
2026-04-01,2481,タウンニュース社,Townnews-Sha,skip,duplicate,high,reuters,1
2026-04-01,2481,タウンニュース社,Townnews-Sha Co Ltd,skip,duplicate,high,reuters,1
2026-04-01,2481,タウンニュース社,タウンN,skip,duplicate,high,kabutan,1
2026-04-01,2483,翻訳センター,翻訳センター,skip,duplicate,high,"kabutan,nikkei",2
2026-04-01,2483,翻訳センター,Honyaku Center,skip,duplicate,high,reuters,1
2026-04-01,2483,翻訳センター,Honyaku Center Inc,skip,duplicate,high,reuters,1
2026-04-01,2484,出前館,出前館,add,exists_in_base,high,"kabutan,nikkei",2
2026-04-01,2484,出前館,Demae-can,skip,duplicate,high,reuters,1
2026-04-01,2484,出前館,Demae-can Co Ltd,skip,duplicate,high,reuters,1
2026-04-01,2485,ティア,ティア,skip,duplicate,high,"kabutan,nikkei",2
2026-04-01,2485,ティア,Tear,skip,duplicate,high,reuters,1
2026-04-01,2485,ティア,Tear Corp,skip,duplicate,high,reuters,1
2026-04-01,2488,JTP,JTP,skip,duplicate,high,"kabutan,nikkei,reuters,tdnet",5
2026-04-01,2488,JTP,JTP Co Ltd,skip,duplicate,high,reuters,1
2026-04-01,2489,アドウェイズ,Adways,skip,duplicate,high,"reuters,tdnet",2
2026-04-01,2489,アドウェイズ,アドウェイズ,add,exists_in_base,high,"kabutan,nikkei",2
2026-04-01,2489,アドウェイズ,Adways Inc,skip,duplicate,high,reuters,1
2026-04-01,248A,キッズスター,キッズスター,add,exists_in_base,high,"kabutan,nikkei,tdnet",4
2026-04-01,248A,キッズスター,Kids Star,add,new_candidate,medium,reuters,1
2026-04-01,248A,キッズスター,Kids Star Inc,add,new_candidate,medium,reuters,1
2026-04-01,2491,バリューコマース,Vコマース,skip,duplicate,high,"kabutan,tdnet",2
2026-04-01,2491,バリューコマース,バリューコマース,add,exists_in_base,high,"kabutan,nikkei",2
2026-04-01,2491,バリューコマース,ValueCommerce,skip,duplicate,high,reuters,1
2026-04-01,2491,バリューコマース,ValueCommerce Co Ltd,skip,duplicate,high,reuters,1
2026-04-01,2492,インフォマート,インフォマート,skip,duplicate,high,"kabutan,nikkei,tdnet",4
2026-04-01,2492,インフォマート,Infomart,skip,duplicate,high,reuters,1
2026-04-01,2492,インフォマート,Infomart Corp,skip,duplicate,high,reuters,1
2026-04-01,2492,インフォマート,インフォMT,skip,duplicate,high,kabutan,1
2026-04-01,2493,イーサポートリンク,イーサポート,skip,duplicate,high,"kabutan,tdnet",2
2026-04-01,2493,イーサポートリンク,イーサポートリンク,add,exists_in_base,high,"kabutan,nikkei",2
2026-04-01,2493,イーサポートリンク,E-Supportlink,skip,duplicate,high,reuters,1
2026-04-01,2493,イーサポートリンク,E-Supportlink Ltd,skip,duplicate,high,reuters,1
2026-04-01,2497,ユナイテッド,UNITED,skip,duplicate,high,"kabutan,reuters",2
2026-04-01,2497,ユナイテッド,ユナイテッド,add,exists_in_base,high,"kabutan,nikkei",2
2026-04-01,2497,ユナイテッド,United Inc,skip,duplicate,high,reuters,1
2026-04-01,2498,オリエンタルコンサルタンツﾎｰﾙﾃﾞｨﾝｸﾞｽ,オリエンタルコンサルタンツホールディングス,add,exists_in_base,high,"kabutan,nikkei",2
2026-04-01,2498,オリエンタルコンサルタンツﾎｰﾙﾃﾞｨﾝｸﾞｽ,Oriental Consultants,skip,duplicate,high,reuters,1
2026-04-01,2498,オリエンタルコンサルタンツﾎｰﾙﾃﾞｨﾝｸﾞｽ,Oriental Consultants Holdings Co Ltd,skip,duplicate,high,reuters,1
2026-04-01,2498,オリエンタルコンサルタンツﾎｰﾙﾃﾞｨﾝｸﾞｽ,オリコンHD,skip,duplicate,high,kabutan,1
2026-04-01,2499,日本和装ﾎｰﾙﾃﾞｨﾝｸﾞｽ,日本和装,skip,duplicate,high,"kabutan,tdnet",4
2026-04-01,2499,日本和装ﾎｰﾙﾃﾞｨﾝｸﾞｽ,日本和装ホールディングス,add,exists_in_base,high,"kabutan,nikkei",2
2026-04-01,2499,日本和装ﾎｰﾙﾃﾞｨﾝｸﾞｽ,Nihonwasou,skip,duplicate,high,reuters,1
2026-04-01,2499,日本和装ﾎｰﾙﾃﾞｨﾝｸﾞｽ,Nihonwasou Holdings Inc,skip,duplicate,high,reuters,1
2026-04-01,2501,サッポロﾎｰﾙﾃﾞｨﾝｸﾞｽ,サッポロホールディングス,skip,duplicate,high,"kabutan,nikkei",2
2026-04-01,2501,サッポロﾎｰﾙﾃﾞｨﾝｸﾞｽ,Sapporo,skip,duplicate,high,reuters,1
2026-04-01,2501,サッポロﾎｰﾙﾃﾞｨﾝｸﾞｽ,Sapporo Holdings Ltd,skip,duplicate,high,reuters,1
2026-04-01,2501,サッポロﾎｰﾙﾃﾞｨﾝｸﾞｽ,サッポロHD,skip,duplicate,high,kabutan,1
2026-04-01,2502,アサヒｸﾞﾙｰﾌﾟﾎｰﾙﾃﾞｨﾝｸﾞｽ,アサヒ,skip,duplicate,high,"kabutan,tdnet",8
2026-04-01,2502,アサヒｸﾞﾙｰﾌﾟﾎｰﾙﾃﾞｨﾝｸﾞｽ,アサヒグループホールディングス,skip,duplicate,high,"kabutan,nikkei",2
2026-04-01,2502,アサヒｸﾞﾙｰﾌﾟﾎｰﾙﾃﾞｨﾝｸﾞｽ,Asahi,skip,duplicate,high,reuters,1
2026-04-01,2502,アサヒｸﾞﾙｰﾌﾟﾎｰﾙﾃﾞｨﾝｸﾞｽ,Asahi Group Holdings Ltd,skip,duplicate,high,reuters,1
2026-04-01,2503,キリンﾎｰﾙﾃﾞｨﾝｸﾞｽ,キリンホールディングス,skip,duplicate,high,"kabutan,nikkei",2
2026-04-01,2503,キリンﾎｰﾙﾃﾞｨﾝｸﾞｽ,Kirin,skip,duplicate,high,reuters,1
2026-04-01,2503,キリンﾎｰﾙﾃﾞｨﾝｸﾞｽ,Kirin Holdings Co Ltd,skip,duplicate,high,reuters,1
2026-04-01,2503,キリンﾎｰﾙﾃﾞｨﾝｸﾞｽ,キリンHD,skip,duplicate,high,kabutan,1
2026-04-01,250A,シマダヤ,シマダヤ,skip,duplicate,high,"kabutan,nikkei,tdnet",3
2026-04-01,250A,シマダヤ,Shimadaya,add,new_candidate,medium,reuters,1
2026-04-01,250A,シマダヤ,Shimadaya Corp,add,new_candidate,medium,reuters,1
2026-04-01,2531,宝ﾎｰﾙﾃﾞｨﾝｸﾞｽ,宝ホールディングス,skip,duplicate,high,"kabutan,nikkei",2
2026-04-01,2531,宝ﾎｰﾙﾃﾞｨﾝｸﾞｽ,Takara,skip,duplicate,high,reuters,1
2026-04-01,2531,宝ﾎｰﾙﾃﾞｨﾝｸﾞｽ,Takara Holdings Inc,skip,duplicate,high,reuters,1
2026-04-01,2531,宝ﾎｰﾙﾃﾞｨﾝｸﾞｽ,宝HLD,skip,duplicate,high,kabutan,1
2026-04-01,2533,オエノンﾎｰﾙﾃﾞｨﾝｸﾞｽ,オエノンHD,skip,duplicate,high,"kabutan,tdnet",3
2026-04-01,2533,オエノンﾎｰﾙﾃﾞｨﾝｸﾞｽ,オエノンホールディングス,skip,duplicate,high,"kabutan,nikkei",2
2026-04-01,2533,オエノンﾎｰﾙﾃﾞｨﾝｸﾞｽ,Oenon,skip,duplicate,high,reuters,1
2026-04-01,2533,オエノンﾎｰﾙﾃﾞｨﾝｸﾞｽ,Oenon Holdings Inc,skip,duplicate,high,reuters,1
2026-04-01,253A,ETSｸﾞﾙｰﾌﾟ,ETSグループ,skip,duplicate,high,"kabutan,nikkei,tdnet",4
2026-04-01,253A,ETSｸﾞﾙｰﾌﾟ,ETS・G,skip,duplicate,high,kabutan,1
2026-04-01,253A,ETSｸﾞﾙｰﾌﾟ,ETS Group Co Ltd,add,new_candidate,medium,reuters,1
2026-04-01,253A,ETSｸﾞﾙｰﾌﾟ,ETS,review,new_candidate,low,reuters,1
2026-04-01,2540,養命酒製造,養命酒,skip,duplicate,high,"kabutan,tdnet",6
2026-04-01,2540,養命酒製造,養命酒製造,add,exists_in_base,high,"kabutan,nikkei",2
2026-04-01,2540,養命酒製造,Yomeishu Seizo,skip,duplicate,high,reuters,1
2026-04-01,2540,養命酒製造,Yomeishu Seizo Co Ltd,skip,duplicate,high,reuters,1
2026-04-01,254A,AIフュージョンキャピタルｸﾞﾙｰﾌﾟ,AIフュージョンCG,skip,duplicate,high,tdnet,3
2026-04-01,254A,AIフュージョンキャピタルｸﾞﾙｰﾌﾟ,AIフュージョンキャピタルグループ,skip,duplicate,high,"kabutan,nikkei",2
2026-04-01,254A,AIフュージョンキャピタルｸﾞﾙｰﾌﾟ,AIFCG,skip,duplicate,high,kabutan,1
2026-04-01,254A,AIフュージョンキャピタルｸﾞﾙｰﾌﾟ,AI Fusion Capital,add,new_candidate,medium,reuters,1
2026-04-01,254A,AIフュージョンキャピタルｸﾞﾙｰﾌﾟ,AI Fusion Capital Group Corp,add,new_candidate,medium,reuters,1
2026-04-01,255A,ジーエルテクノﾎｰﾙﾃﾞｨﾝｸﾞｽ,ジーエルテクノHD,skip,duplicate,high,tdnet,6
2026-04-01,255A,ジーエルテクノﾎｰﾙﾃﾞｨﾝｸﾞｽ,ジーエルテクノホールディングス,skip,duplicate,high,"kabutan,nikkei",2
2026-04-01,255A,ジーエルテクノﾎｰﾙﾃﾞｨﾝｸﾞｽ,GLテクノ,skip,duplicate,high,kabutan,1
2026-04-01,255A,ジーエルテクノﾎｰﾙﾃﾞｨﾝｸﾞｽ,GLtechno,add,new_candidate,medium,reuters,1
2026-04-01,255A,ジーエルテクノﾎｰﾙﾃﾞｨﾝｸﾞｽ,GLtechno Holdings Inc,add,new_candidate,medium,reuters,1
2026-04-01,256A,飛島ﾎｰﾙﾃﾞｨﾝｸﾞｽ,飛島HD,skip,duplicate,high,"kabutan,tdnet",2
2026-04-01,256A,飛島ﾎｰﾙﾃﾞｨﾝｸﾞｽ,飛島ホールディングス,skip,duplicate,high,"kabutan,nikkei",2
2026-04-01,256A,飛島ﾎｰﾙﾃﾞｨﾝｸﾞｽ,Tobishima,add,new_candidate,medium,reuters,1
2026-04-01,256A,飛島ﾎｰﾙﾃﾞｨﾝｸﾞｽ,Tobishima Holdings Inc,add,new_candidate,medium,reuters,1
2026-04-01,2573,北海道コカ・コーラボトリング,北海道コカ・コーラボトリング,add,exists_in_base,high,"kabutan,nikkei",2
2026-04-01,2573,北海道コカ・コーラボトリング,Hokkaido Coca Cola Bottling,skip,duplicate,high,reuters,1
2026-04-01,2573,北海道コカ・コーラボトリング,Hokkaido Coca Cola Bottling Co Ltd,skip,duplicate,high,reuters,1
2026-04-01,2573,北海道コカ・コーラボトリング,北海コカ,skip,duplicate,high,kabutan,1
2026-04-01,2579,コカ・コーラ ボトラーズジャパンﾎｰﾙﾃﾞｨﾝｸﾞｽ,コカ・コーラ ボトラーズジャパンホールディングス,skip,duplicate,high,"kabutan,nikkei",2
2026-04-01,2579,コカ・コーラ ボトラーズジャパンﾎｰﾙﾃﾞｨﾝｸﾞｽ,コカ・コーラBJH,skip,duplicate,high,tdnet,2
2026-04-01,2579,コカ・コーラ ボトラーズジャパンﾎｰﾙﾃﾞｨﾝｸﾞｽ,Coca-Cola Bottlers Japan,skip,duplicate,high,reuters,1
2026-04-01,2579,コカ・コーラ ボトラーズジャパンﾎｰﾙﾃﾞｨﾝｸﾞｽ,Coca-Cola Bottlers Japan Holdings Inc,skip,duplicate,high,reuters,1
2026-04-01,2579,コカ・コーラ ボトラーズジャパンﾎｰﾙﾃﾞｨﾝｸﾞｽ,コカBJH,skip,duplicate,high,kabutan,1
2026-04-01,2585,ライフドリンク カンパニー,ライフドリンクC,skip,duplicate,high,tdnet,4
2026-04-01,2585,ライフドリンク カンパニー,ライフドリンク カンパニー,add,exists_in_base,high,"kabutan,nikkei",2
2026-04-01,2585,ライフドリンク カンパニー,Lifedrink Company,skip,duplicate,high,reuters,1
2026-04-01,2585,ライフドリンク カンパニー,Lifedrink Company Inc,skip,duplicate,high,reuters,1
2026-04-01,2585,ライフドリンク カンパニー,Lドリンク,skip,duplicate,high,kabutan,1
2026-04-01,2586,フルッタフルッタ,フルッタフルッタ,add,exists_in_base,high,"kabutan,nikkei,tdnet",5
2026-04-01,2586,フルッタフルッタ,Fruta Fruta,skip,duplicate,high,reuters,1
2026-04-01,2586,フルッタフルッタ,Fruta Fruta Inc,skip,duplicate,high,reuters,1
2026-04-01,2586,フルッタフルッタ,フルッタ,skip,duplicate,high,kabutan,1
2026-04-01,2587,サントリー食品ｲﾝﾀｰﾅｼｮﾅﾙ,サントリービバレッジ&フード,add,new_candidate,high,"kabutan,nikkei",2
2026-04-01,2587,サントリー食品ｲﾝﾀｰﾅｼｮﾅﾙ,Suntory Beverage & Food,skip,duplicate,high,reuters,1
2026-04-01,2587,サントリー食品ｲﾝﾀｰﾅｼｮﾅﾙ,Suntory Beverage & Food Ltd,skip,duplicate,high,reuters,1
2026-04-01,2587,サントリー食品ｲﾝﾀｰﾅｼｮﾅﾙ,サントリBF,skip,duplicate,high,kabutan,1
2026-04-01,2587,サントリー食品ｲﾝﾀｰﾅｼｮﾅﾙ,サントリーBF,add,new_candidate,medium,tdnet,1
2026-04-01,2588,プレミアムウォーターﾎｰﾙﾃﾞｨﾝｸﾞｽ,プレミアムウォーター,skip,duplicate,high,tdnet,6
2026-04-01,2588,プレミアムウォーターﾎｰﾙﾃﾞｨﾝｸﾞｽ,プレミアムウォーターホールディングス,add,exists_in_base,high,"kabutan,nikkei",2
2026-04-01,2588,プレミアムウォーターﾎｰﾙﾃﾞｨﾝｸﾞｽ,Premium Water,skip,duplicate,high,reuters,1
2026-04-01,2588,プレミアムウォーターﾎｰﾙﾃﾞｨﾝｸﾞｽ,Premium Water Holdings Inc,skip,duplicate,high,reuters,1
2026-04-01,2588,プレミアムウォーターﾎｰﾙﾃﾞｨﾝｸﾞｽ,プレミアムW,add,new_candidate,medium,kabutan,1
2026-04-01,2590,ダイドーｸﾞﾙｰﾌﾟﾎｰﾙﾃﾞｨﾝｸﾞｽ,DyDo,skip,duplicate,high,"kabutan,reuters,tdnet",11
2026-04-01,2590,ダイドーｸﾞﾙｰﾌﾟﾎｰﾙﾃﾞｨﾝｸﾞｽ,ダイドーグループホールディングス,skip,duplicate,high,"kabutan,nikkei",2
2026-04-01,2590,ダイドーｸﾞﾙｰﾌﾟﾎｰﾙﾃﾞｨﾝｸﾞｽ,DyDo Group Holdings Inc,skip,duplicate,high,reuters,1
2026-04-01,2593,伊藤園,伊藤園,skip,duplicate,high,"kabutan,nikkei,tdnet",6
2026-04-01,2593,伊藤園,Ito En,skip,duplicate,high,reuters,1
2026-04-01,2593,伊藤園,Ito En Ltd,skip,duplicate,high,reuters,1
2026-04-01,2594,キーコーヒー,キーコーヒー,skip,duplicate,high,"kabutan,nikkei",2
2026-04-01,2594,キーコーヒー,Key Coffee,skip,duplicate,high,reuters,1
2026-04-01,2594,キーコーヒー,Key Coffee Inc,skip,duplicate,high,reuters,1
2026-04-01,2597,ユニカフェ,ユニカフェ,skip,duplicate,high,"kabutan,nikkei,tdnet",6
2026-04-01,2597,ユニカフェ,Unicafe,skip,duplicate,high,reuters,1
2026-04-01,2597,ユニカフェ,Unicafe Inc,skip,duplicate,high,reuters,1
2026-04-01,2602,日清オイリオｸﾞﾙｰﾌﾟ,日清オイリオ,skip,duplicate,high,"kabutan,tdnet",5
2026-04-01,2602,日清オイリオｸﾞﾙｰﾌﾟ,日清オイリオグループ,skip,duplicate,high,"kabutan,nikkei",2
2026-04-01,2602,日清オイリオｸﾞﾙｰﾌﾟ,Nisshin OilliO,skip,duplicate,high,reuters,1
2026-04-01,2602,日清オイリオｸﾞﾙｰﾌﾟ,Nisshin OilliO Group Ltd,skip,duplicate,high,reuters,1
2026-04-01,2607,不二製油,不二製油,skip,duplicate,high,"kabutan,nikkei",2
2026-04-01,2607,不二製油,Fuji Oil Co Ltd (Osaka),add,new_candidate,medium,reuters,1
2026-04-01,2612,かどや製油,かどや製油,skip,duplicate,high,"kabutan,nikkei",2
2026-04-01,2612,かどや製油,Kadoya Sesame Mills,skip,duplicate,high,reuters,1
2026-04-01,2612,かどや製油,Kadoya Sesame Mills Inc,skip,duplicate,high,reuters,1
2026-04-01,2613,J－オイルミルズ,J-オイルミルズ,skip,duplicate,high,"kabutan,nikkei",2
2026-04-01,2613,J－オイルミルズ,J-Oil Mills,skip,duplicate,high,reuters,1
2026-04-01,2613,J－オイルミルズ,J-Oil Mills Inc,skip,duplicate,high,reuters,1
2026-04-01,2613,J－オイルミルズ,Jオイル,skip,duplicate,high,kabutan,1
2026-04-01,261A,日水コン,日水コン,add,exists_in_base,high,"kabutan,nikkei",2
2026-04-01,261A,日水コン,Nihon Suido Consultants,add,new_candidate,medium,reuters,1
2026-04-01,261A,日水コン,Nihon Suido Consultants Co Ltd,add,new_candidate,medium,reuters,1
2026-04-01,262A,インターメスティック,インターメスティック,skip,duplicate,high,"kabutan,nikkei,tdnet",8
2026-04-01,262A,インターメスティック,インターメス,skip,duplicate,high,kabutan,1
2026-04-01,262A,インターメスティック,Intermestic,add,new_candidate,medium,reuters,1
2026-04-01,262A,インターメスティック,Intermestic Inc,add,new_candidate,medium,reuters,1
2026-04-01,264A,Schoo,Schoo,skip,duplicate,high,"kabutan,nikkei,reuters,tdnet",7
2026-04-01,264A,Schoo,Schoo Inc,add,new_candidate,medium,reuters,1
2026-04-01,2652,まんだらけ,まんだらけ,skip,duplicate,high,"kabutan,nikkei,tdnet",4
2026-04-01,2652,まんだらけ,Mandarake,skip,duplicate,high,reuters,1
2026-04-01,2652,まんだらけ,Mandarake Inc,skip,duplicate,high,reuters,1
2026-04-01,2653,イオン九州,イオン九州,skip,duplicate,high,"kabutan,nikkei,tdnet",5
2026-04-01,2653,イオン九州,Aeon Kyushu,skip,duplicate,high,reuters,1
2026-04-01,2653,イオン九州,Aeon Kyushu Co Ltd,skip,duplicate,high,reuters,1
2026-04-01,2654,アスモ,アスモ,skip,duplicate,high,"kabutan,nikkei,tdnet",5
2026-04-01,2654,アスモ,Asmo,skip,duplicate,high,reuters,1
2026-04-01,2654,アスモ,Asmo Corp,skip,duplicate,high,reuters,1
2026-04-01,2656,ベクターﾎｰﾙﾃﾞｨﾝｸﾞｽ,ベクターHD,skip,duplicate,high,"kabutan,tdnet",3
2026-04-01,2656,ベクターﾎｰﾙﾃﾞｨﾝｸﾞｽ,ベクターホールディングス,skip,duplicate,high,"kabutan,nikkei",2
2026-04-01,2656,ベクターﾎｰﾙﾃﾞｨﾝｸﾞｽ,Vector,skip,duplicate,high,reuters,1
2026-04-01,2656,ベクターﾎｰﾙﾃﾞｨﾝｸﾞｽ,Vector Holdings Inc,skip,duplicate,high,reuters,1
2026-04-01,2659,サンエー,サンエー,skip,duplicate,high,"kabutan,nikkei",2
2026-04-01,2659,サンエー,San-A,skip,duplicate,high,reuters,1
2026-04-01,2659,サンエー,San-A Co Ltd,skip,duplicate,high,reuters,1
2026-04-01,265A,Hmcomm,Hmcomm,skip,duplicate,high,"kabutan,nikkei,reuters",3
2026-04-01,265A,Hmcomm,エイチエムコム,add,new_candidate,medium,tdnet,6
2026-04-01,265A,Hmcomm,Hmcomm Inc,add,new_candidate,medium,reuters,1
2026-04-01,2664,カワチ薬品,カワチ薬品,skip,duplicate,high,"kabutan,nikkei",2
2026-04-01,2664,カワチ薬品,Cawachi,skip,duplicate,high,reuters,1
2026-04-01,2664,カワチ薬品,Cawachi Ltd,skip,duplicate,high,reuters,1
2026-04-01,2666,オートウェーブ,オートウェーブ,add,exists_in_base,high,"kabutan,nikkei",2
2026-04-01,2666,オートウェーブ,Autowave,skip,duplicate,high,reuters,1
2026-04-01,2666,オートウェーブ,Autowave Co Ltd,skip,duplicate,high,reuters,1
2026-04-01,2666,オートウェーブ,オートW,skip,duplicate,high,kabutan,1
2026-04-01,2667,イメージ ワン,イメージ ワン,skip,duplicate,high,"kabutan,nikkei,tdnet",5
2026-04-01,2667,イメージ ワン,ImageOne,skip,duplicate,high,reuters,1
2026-04-01,2667,イメージ ワン,ImageOne Co Ltd,skip,duplicate,high,reuters,1
2026-04-01,2668,タビオ,タビオ,skip,duplicate,high,"kabutan,nikkei",2
2026-04-01,2668,タビオ,Tabio,skip,duplicate,high,reuters,1
2026-04-01,2668,タビオ,Tabio Corp,skip,duplicate,high,reuters,1
2026-04-01,2669,カネ美食品,カネ美食品,skip,duplicate,high,"kabutan,nikkei,tdnet",3
2026-04-01,2669,カネ美食品,Kanemi,skip,duplicate,high,reuters,1
2026-04-01,2669,カネ美食品,Kanemi Co Ltd,skip,duplicate,high,reuters,1
2026-04-01,2670,エービーシー・マート,ABCマート,skip,duplicate,high,"kabutan,tdnet",2
2026-04-01,2670,エービーシー・マート,エービーシー・マート,add,exists_in_base,high,"kabutan,nikkei",2
2026-04-01,2670,エービーシー・マート,ABC-Mart,skip,duplicate,high,reuters,1
2026-04-01,2670,エービーシー・マート,ABC-Mart Inc,skip,duplicate,high,reuters,1
2026-04-01,2673,夢みつけ隊,夢みつけ隊,skip,duplicate,high,"kabutan,nikkei,tdnet",5
2026-04-01,2673,夢みつけ隊,Yumemitsuketai,skip,duplicate,high,reuters,1
2026-04-01,2673,夢みつけ隊,Yumemitsuketai Co Ltd,skip,duplicate,high,reuters,1
2026-04-01,2674,ハードオフｺｰﾎﾟﾚｰｼｮﾝ,ハードオフ,skip,duplicate,high,"kabutan,tdnet",2
2026-04-01,2674,ハードオフｺｰﾎﾟﾚｰｼｮﾝ,ハードオフコーポレーション,skip,duplicate,high,"kabutan,nikkei",2
2026-04-01,2674,ハードオフｺｰﾎﾟﾚｰｼｮﾝ,Hard Off,skip,duplicate,high,reuters,1
2026-04-01,2674,ハードオフｺｰﾎﾟﾚｰｼｮﾝ,Hard Off Corporation Co Ltd,skip,duplicate,high,reuters,1
2026-04-01,2676,高千穂交易,高千穂交,skip,duplicate,high,tdnet,2
2026-04-01,2676,高千穂交易,高千穂交易,add,exists_in_base,high,"kabutan,nikkei",2
2026-04-01,2676,高千穂交易,Takachiho Koheki,skip,duplicate,high,reuters,1
2026-04-01,2676,高千穂交易,Takachiho Koheki Co Ltd,skip,duplicate,high,reuters,1
2026-04-01,2678,アスクル,アスクル,skip,duplicate,high,"kabutan,nikkei,tdnet",7
2026-04-01,2678,アスクル,Askul,skip,duplicate,high,reuters,1
2026-04-01,2678,アスクル,Askul Corp,skip,duplicate,high,reuters,1
2026-04-01,2681,ゲオﾎｰﾙﾃﾞｨﾝｸﾞｽ,ゲオHD,skip,duplicate,high,"kabutan,tdnet",2
2026-04-01,2681,ゲオﾎｰﾙﾃﾞｨﾝｸﾞｽ,ゲオホールディングス,skip,duplicate,high,"kabutan,nikkei",2
2026-04-01,2681,ゲオﾎｰﾙﾃﾞｨﾝｸﾞｽ,Geo,skip,duplicate,high,reuters,1
2026-04-01,2681,ゲオﾎｰﾙﾃﾞｨﾝｸﾞｽ,Geo Holdings Corp,skip,duplicate,high,reuters,1
2026-04-01,2683,魚喜,魚喜,add,exists_in_base,high,"kabutan,nikkei",2
2026-04-01,2683,魚喜,Uoki,skip,duplicate,high,reuters,1
2026-04-01,2683,魚喜,Uoki Co Ltd,skip,duplicate,high,reuters,1
2026-04-01,2685,アンドエスティHD,アンドエスティHD,skip,duplicate,high,"kabutan,nikkei,tdnet",3
2026-04-01,2685,アンドエスティHD,And ST HD,skip,duplicate,high,reuters,1
2026-04-01,2685,アンドエスティHD,And ST HD Co Ltd,skip,duplicate,high,reuters,1
2026-04-01,2685,アンドエスティHD,アンドST,skip,duplicate,high,kabutan,1
2026-04-01,2686,ジーフット,ジーフット,skip,duplicate,high,"kabutan,nikkei,tdnet",3
2026-04-01,2686,ジーフット,GFoot,skip,duplicate,high,reuters,1
2026-04-01,2686,ジーフット,GFoot Co Ltd,skip,duplicate,high,reuters,1
2026-04-01,2687,シー・ヴイ・エス・ベイエリア,CVSベイ,skip,duplicate,high,"kabutan,tdnet",2
2026-04-01,2687,シー・ヴイ・エス・ベイエリア,シー・ヴイ・エス・ベイエリア,add,exists_in_base,high,"kabutan,nikkei",2
2026-04-01,2687,シー・ヴイ・エス・ベイエリア,CVS Bay Area,skip,duplicate,high,reuters,1
2026-04-01,2687,シー・ヴイ・エス・ベイエリア,CVS Bay Area Inc,skip,duplicate,high,reuters,1
2026-04-01,2689,オルバヘルスケアﾎｰﾙﾃﾞｨﾝｸﾞｽ,オルバヘルスケアホールディングス,skip,duplicate,high,"kabutan,nikkei",2
2026-04-01,2689,オルバヘルスケアﾎｰﾙﾃﾞｨﾝｸﾞｽ,OLBA Healthcare,skip,duplicate,high,reuters,1
2026-04-01,2689,オルバヘルスケアﾎｰﾙﾃﾞｨﾝｸﾞｽ,OLBA Healthcare Holdings Inc,skip,duplicate,high,reuters,1
2026-04-01,2689,オルバヘルスケアﾎｰﾙﾃﾞｨﾝｸﾞｽ,オルバヘルス,skip,duplicate,high,kabutan,1
2026-04-01,268A,リガク・ﾎｰﾙﾃﾞｨﾝｸﾞｽ,リガク,skip,duplicate,high,tdnet,2
2026-04-01,268A,リガク・ﾎｰﾙﾃﾞｨﾝｸﾞｽ,リガク・ホールディングス,skip,duplicate,high,"kabutan,nikkei",2
2026-04-01,268A,リガク・ﾎｰﾙﾃﾞｨﾝｸﾞｽ,リガクHD,skip,duplicate,high,kabutan,1
2026-04-01,268A,リガク・ﾎｰﾙﾃﾞｨﾝｸﾞｽ,Rigaku,add,new_candidate,medium,reuters,1
2026-04-01,268A,リガク・ﾎｰﾙﾃﾞｨﾝｸﾞｽ,Rigaku Holdings Corp,add,new_candidate,medium,reuters,1
2026-04-01,2692,伊藤忠食品,伊藤忠食,skip,duplicate,high,"kabutan,tdnet",6
2026-04-01,2692,伊藤忠食品,伊藤忠食品,add,exists_in_base,high,"kabutan,nikkei",2
2026-04-01,2692,伊藤忠食品,Itochu Shokuhin,skip,duplicate,high,reuters,1
2026-04-01,2692,伊藤忠食品,Itochu Shokuhin Co Ltd,skip,duplicate,high,reuters,1
2026-04-01,2693,YKT,YKT,skip,duplicate,high,"kabutan,nikkei,reuters",3
2026-04-01,2693,YKT,YKT Corp,skip,duplicate,high,reuters,1
2026-04-01,2694,焼肉坂井ﾎｰﾙﾃﾞｨﾝｸﾞｽ,焼肉坂井HD,skip,duplicate,high,"kabutan,tdnet",3
2026-04-01,2694,焼肉坂井ﾎｰﾙﾃﾞｨﾝｸﾞｽ,焼肉坂井ホールディングス,skip,duplicate,high,"kabutan,nikkei",2
2026-04-01,2694,焼肉坂井ﾎｰﾙﾃﾞｨﾝｸﾞｽ,Yakiniku Sakai,skip,duplicate,high,reuters,1
2026-04-01,2694,焼肉坂井ﾎｰﾙﾃﾞｨﾝｸﾞｽ,Yakiniku Sakai Holdings Inc,skip,duplicate,high,reuters,1
2026-04-01,2695,くら寿司,くら寿司,skip,duplicate,high,"kabutan,nikkei,tdnet",3
2026-04-01,2695,くら寿司,Kura Sushi,skip,duplicate,high,reuters,1
2026-04-01,2695,くら寿司,Kura Sushi Inc,skip,duplicate,high,reuters,1
2026-04-01,2698,キャンドゥ,キャンドゥ,skip,duplicate,high,"kabutan,nikkei,tdnet",3
2026-04-01,2698,キャンドゥ,Can Do,skip,duplicate,high,reuters,1
2026-04-01,2698,キャンドゥ,Can Do Co Ltd,skip,duplicate,high,reuters,1
2026-04-01,269A,Sapeet,Sapeet,skip,duplicate,high,"kabutan,nikkei,reuters",3
2026-04-01,269A,Sapeet,Sapeet Inc,add,new_candidate,medium,reuters,1
2026-04-01,2700,木徳神糧,木徳神糧,add,exists_in_base,high,"kabutan,nikkei",2
2026-04-01,2700,木徳神糧,Kitoku Shinryo,skip,duplicate,high,reuters,1
2026-04-01,2700,木徳神糧,Kitoku Shinryo Co Ltd,skip,duplicate,high,reuters,1
2026-04-01,2702,日本マクドナルドﾎｰﾙﾃﾞｨﾝｸﾞｽ,マクドナルド,skip,duplicate,high,"kabutan,tdnet",4
2026-04-01,2702,日本マクドナルドﾎｰﾙﾃﾞｨﾝｸﾞｽ,日本マクドナルドホールディングス,skip,duplicate,high,"kabutan,nikkei",2
2026-04-01,2702,日本マクドナルドﾎｰﾙﾃﾞｨﾝｸﾞｽ,McDonald's Holdings Company Japan,skip,duplicate,high,reuters,1
2026-04-01,2702,日本マクドナルドﾎｰﾙﾃﾞｨﾝｸﾞｽ,McDonald's Holdings Company Japan Ltd,skip,duplicate,high,reuters,1
2026-04-01,2705,大戸屋ﾎｰﾙﾃﾞｨﾝｸﾞｽ,大戸屋HD,skip,duplicate,high,"kabutan,tdnet",2
2026-04-01,2705,大戸屋ﾎｰﾙﾃﾞｨﾝｸﾞｽ,大戸屋ホールディングス,skip,duplicate,high,"kabutan,nikkei",2
2026-04-01,2705,大戸屋ﾎｰﾙﾃﾞｨﾝｸﾞｽ,Ootoya,skip,duplicate,high,reuters,1
2026-04-01,2705,大戸屋ﾎｰﾙﾃﾞｨﾝｸﾞｽ,Ootoya Holdings Co Ltd,skip,duplicate,high,reuters,1
2026-04-01,2708,久世,久世,skip,duplicate,high,"kabutan,nikkei,tdnet",4
2026-04-01,2708,久世,Kuze,skip,duplicate,high,reuters,1
2026-04-01,2708,久世,Kuze Co Ltd,skip,duplicate,high,reuters,1
2026-04-01,2721,ジェイﾎｰﾙﾃﾞｨﾝｸﾞｽ,JHD,skip,duplicate,high,"kabutan,tdnet",7
2026-04-01,2721,ジェイﾎｰﾙﾃﾞｨﾝｸﾞｽ,ジェイホールディングス,skip,duplicate,high,"kabutan,nikkei",2
2026-04-01,2721,ジェイﾎｰﾙﾃﾞｨﾝｸﾞｽ,J-Holdings Corp,skip,duplicate,high,reuters,1
2026-04-01,2722,IKﾎｰﾙﾃﾞｨﾝｸﾞｽ,IKホールディングス,skip,duplicate,high,"kabutan,nikkei,tdnet",3
2026-04-01,2722,IKﾎｰﾙﾃﾞｨﾝｸﾞｽ,IK Holdings Co Ltd,skip,duplicate,high,reuters,1
2026-04-01,2722,IKﾎｰﾙﾃﾞｨﾝｸﾞｽ,アイケイHD,add,new_candidate,medium,kabutan,1
2026-04-01,2726,パルｸﾞﾙｰﾌﾟﾎｰﾙﾃﾞｨﾝｸﾞｽ,パルグループホールディングス,skip,duplicate,high,"kabutan,nikkei",2
2026-04-01,2726,パルｸﾞﾙｰﾌﾟﾎｰﾙﾃﾞｨﾝｸﾞｽ,PAL,skip,duplicate,high,reuters,1
2026-04-01,2726,パルｸﾞﾙｰﾌﾟﾎｰﾙﾃﾞｨﾝｸﾞｽ,PAL Group Holdings Co Ltd,skip,duplicate,high,reuters,1
2026-04-01,2726,パルｸﾞﾙｰﾌﾟﾎｰﾙﾃﾞｨﾝｸﾞｽ,パルHD,skip,duplicate,high,kabutan,1
2026-04-01,2730,エディオン,エディオン,add,exists_in_base,high,"kabutan,nikkei",2
2026-04-01,2730,エディオン,EDION,skip,duplicate,high,reuters,1
2026-04-01,2730,エディオン,EDION Corp,skip,duplicate,high,reuters,1
2026-04-01,2733,あらた,あらた,skip,duplicate,high,"kabutan,nikkei",2
2026-04-01,2733,あらた,Arata,skip,duplicate,high,reuters,1
2026-04-01,2733,あらた,Arata Corp,skip,duplicate,high,reuters,1
2026-04-01,2734,サーラｺｰﾎﾟﾚｰｼｮﾝ,サーラ,skip,duplicate,high,"kabutan,tdnet",7
2026-04-01,2734,サーラｺｰﾎﾟﾚｰｼｮﾝ,サーラコーポレーション,skip,duplicate,high,"kabutan,nikkei",2
2026-04-01,2734,サーラｺｰﾎﾟﾚｰｼｮﾝ,Sala,skip,duplicate,high,reuters,1
2026-04-01,2734,サーラｺｰﾎﾟﾚｰｼｮﾝ,Sala Corp,skip,duplicate,high,reuters,1
2026-04-01,2735,ワッツ,ワッツ,skip,duplicate,high,"kabutan,nikkei,tdnet",3
2026-04-01,2735,ワッツ,Watts,skip,duplicate,high,reuters,1
2026-04-01,2735,ワッツ,Watts Co Ltd,skip,duplicate,high,reuters,1
2026-04-01,2736,フェスタリアﾎｰﾙﾃﾞｨﾝｸﾞｽ,フェスタリアホールディングス,add,exists_in_base,high,"kabutan,nikkei",2
2026-04-01,2736,フェスタリアﾎｰﾙﾃﾞｨﾝｸﾞｽ,Festaria,skip,duplicate,high,reuters,1
2026-04-01,2736,フェスタリアﾎｰﾙﾃﾞｨﾝｸﾞｽ,Festaria Holdings Co Ltd,skip,duplicate,high,reuters,1
2026-04-01,2736,フェスタリアﾎｰﾙﾃﾞｨﾝｸﾞｽ,フェスタリアHD,skip,duplicate,high,tdnet,1
2026-04-01,2736,フェスタリアﾎｰﾙﾃﾞｨﾝｸﾞｽ,フェスタリア,add,new_candidate,medium,kabutan,1
2026-04-01,2737,トーメンデバイス,トーメンデバ,skip,duplicate,high,"kabutan,tdnet",2
2026-04-01,2737,トーメンデバイス,トーメンデバイス,add,exists_in_base,high,"kabutan,nikkei",2
2026-04-01,2737,トーメンデバイス,Tomen Devices,skip,duplicate,high,reuters,1
2026-04-01,2737,トーメンデバイス,Tomen Devices Corp,skip,duplicate,high,reuters,1
2026-04-01,2742,ハローズ,ハローズ,add,exists_in_base,high,"kabutan,nikkei,tdnet",3
2026-04-01,2742,ハローズ,Halows,skip,duplicate,high,reuters,1
2026-04-01,2742,ハローズ,Halows Co Ltd,skip,duplicate,high,reuters,1
2026-04-01,2747,北雄ラッキー,北雄ラッキー,skip,duplicate,high,"kabutan,nikkei",2
2026-04-01,2747,北雄ラッキー,Hokuyu Lucky,skip,duplicate,high,reuters,1
2026-04-01,2747,北雄ラッキー,Hokuyu Lucky Co Ltd,skip,duplicate,high,reuters,1
2026-04-01,2749,JPﾎｰﾙﾃﾞｨﾝｸﾞｽ,JPHD,skip,duplicate,high,"kabutan,tdnet",2
2026-04-01,2749,JPﾎｰﾙﾃﾞｨﾝｸﾞｽ,JPホールディングス,skip,duplicate,high,"kabutan,nikkei",2
2026-04-01,2749,JPﾎｰﾙﾃﾞｨﾝｸﾞｽ,JP-Holdings Inc,skip,duplicate,high,reuters,1
2026-04-01,274A,ガーデン,ガーデン,skip,duplicate,high,"kabutan,nikkei,tdnet",4
2026-04-01,274A,ガーデン,Garden,add,new_candidate,medium,reuters,1
2026-04-01,274A,ガーデン,Garden Co Ltd,add,new_candidate,medium,reuters,1
2026-04-01,2750,石光商事,石光商事,add,exists_in_base,high,"kabutan,nikkei,tdnet",3
2026-04-01,2750,石光商事,S.Ishimitsu &,skip,duplicate,high,reuters,1
2026-04-01,2750,石光商事,S.Ishimitsu & Co Ltd,skip,duplicate,high,reuters,1
2026-04-01,2751,テンポスﾎｰﾙﾃﾞｨﾝｸﾞｽ,テンポスHD,skip,duplicate,high,"kabutan,tdnet",4
2026-04-01,2751,テンポスﾎｰﾙﾃﾞｨﾝｸﾞｽ,テンポスホールディングス,skip,duplicate,high,"kabutan,nikkei",2
2026-04-01,2751,テンポスﾎｰﾙﾃﾞｨﾝｸﾞｽ,Tenpos,skip,duplicate,high,reuters,1
2026-04-01,2751,テンポスﾎｰﾙﾃﾞｨﾝｸﾞｽ,Tenpos Holdings Co Ltd,skip,duplicate,high,reuters,1
2026-04-01,2752,フジオフードｸﾞﾙｰﾌﾟ本社,フジオフードグループ本社,skip,duplicate,high,"kabutan,nikkei",2
2026-04-01,2752,フジオフードｸﾞﾙｰﾌﾟ本社,Fujio Food,skip,duplicate,high,reuters,1
2026-04-01,2752,フジオフードｸﾞﾙｰﾌﾟ本社,Fujio Food Group Inc,skip,duplicate,high,reuters,1
2026-04-01,2752,フジオフードｸﾞﾙｰﾌﾟ本社,フジオフード,skip,duplicate,high,kabutan,1
2026-04-01,2752,フジオフードｸﾞﾙｰﾌﾟ本社,フジオフードG本社,add,new_candidate,medium,tdnet,1
2026-04-01,2753,あみやき亭,あみやき亭,add,exists_in_base,high,"kabutan,nikkei",2
2026-04-01,2753,あみやき亭,Amiyaki Tei,skip,duplicate,high,reuters,1
2026-04-01,2753,あみやき亭,Amiyaki Tei Co Ltd,skip,duplicate,high,reuters,1
2026-04-01,2753,あみやき亭,あみやき,skip,duplicate,high,kabutan,1
2026-04-01,2760,東京エレクトロン デバイス,東エレデバ,skip,duplicate,high,"kabutan,tdnet",2
2026-04-01,2760,東京エレクトロン デバイス,東京エレクトロン デバイス,add,exists_in_base,high,"kabutan,nikkei",2
2026-04-01,2760,東京エレクトロン デバイス,Tokyo Electron Device,skip,duplicate,high,reuters,1
2026-04-01,2760,東京エレクトロン デバイス,Tokyo Electron Device Ltd,skip,duplicate,high,reuters,1
2026-04-01,2762,SANKO MARKETING FOODS,SANKO MARKETING FOODS,skip,duplicate,high,"kabutan,nikkei,reuters",3
2026-04-01,2762,SANKO MARKETING FOODS,SANKO,skip,duplicate,high,kabutan,1
2026-04-01,2762,SANKO MARKETING FOODS,Sanko Marketing Foods Co Ltd,skip,duplicate,high,reuters,1
2026-04-01,2762,SANKO MARKETING FOODS,SANKO MF,add,new_candidate,medium,tdnet,2
2026-04-01,2763,エフティｸﾞﾙｰﾌﾟ,エフティグループ,skip,duplicate,high,"kabutan,nikkei,tdnet",4
2026-04-01,2763,エフティｸﾞﾙｰﾌﾟ,FTGroup,skip,duplicate,high,reuters,1
2026-04-01,2763,エフティｸﾞﾙｰﾌﾟ,FTGroup Co Ltd,skip,duplicate,high,reuters,1
2026-04-01,2763,エフティｸﾞﾙｰﾌﾟ,エフティ,skip,duplicate,high,kabutan,1
2026-04-01,2764,ひらまつ,ひらまつ,skip,duplicate,high,"kabutan,nikkei,tdnet",5
2026-04-01,2764,ひらまつ,Hiramatsu,skip,duplicate,high,reuters,1
2026-04-01,2764,ひらまつ,Hiramatsu Inc,skip,duplicate,high,reuters,1
2026-04-01,2767,円谷フィールズﾎｰﾙﾃﾞｨﾝｸﾞｽ,円谷フィールズホールディングス,skip,duplicate,high,"kabutan,nikkei",2
2026-04-01,2767,円谷フィールズﾎｰﾙﾃﾞｨﾝｸﾞｽ,Tsuburaya Fields,skip,duplicate,high,reuters,1
2026-04-01,2767,円谷フィールズﾎｰﾙﾃﾞｨﾝｸﾞｽ,Tsuburaya Fields Holdings Inc,skip,duplicate,high,reuters,1
2026-04-01,2767,円谷フィールズﾎｰﾙﾃﾞｨﾝｸﾞｽ,円谷フィHD,skip,duplicate,high,kabutan,1
2026-04-01,2768,双日,双日,skip,duplicate,high,"kabutan,nikkei",2
2026-04-01,2768,双日,Sojitz,skip,duplicate,high,reuters,1
2026-04-01,2768,双日,Sojitz Corp,skip,duplicate,high,reuters,1
2026-04-01,2769,ヴィレッジヴァンガードｺｰﾎﾟﾚｰｼｮﾝ,ヴィレッジヴァンガードコーポレーション,skip,duplicate,high,"kabutan,nikkei",2
2026-04-01,2769,ヴィレッジヴァンガードｺｰﾎﾟﾚｰｼｮﾝ,Village Vanguard,skip,duplicate,high,reuters,1
2026-04-01,2769,ヴィレッジヴァンガードｺｰﾎﾟﾚｰｼｮﾝ,Village Vanguard Co Ltd,skip,duplicate,high,reuters,1
2026-04-01,2769,ヴィレッジヴァンガードｺｰﾎﾟﾚｰｼｮﾝ,ヴィレッジV,skip,duplicate,high,kabutan,1
2026-04-01,276A,ククレブ・アドバイザーズ,ククレブ,skip,duplicate,high,"kabutan,tdnet",6
2026-04-01,276A,ククレブ・アドバイザーズ,ククレブ・アドバイザーズ,add,exists_in_base,high,"kabutan,nikkei",2
2026-04-01,276A,ククレブ・アドバイザーズ,CCReB Advisors,add,new_candidate,medium,reuters,1
2026-04-01,276A,ククレブ・アドバイザーズ,CCReB Advisors Inc,add,new_candidate,medium,reuters,1
2026-04-01,2776,新都ﾎｰﾙﾃﾞｨﾝｸﾞｽ,新都HD,skip,duplicate,high,"kabutan,tdnet",6
2026-04-01,2776,新都ﾎｰﾙﾃﾞｨﾝｸﾞｽ,新都ホールディングス,skip,duplicate,high,"kabutan,nikkei",2
2026-04-01,2776,新都ﾎｰﾙﾃﾞｨﾝｸﾞｽ,Shinto,skip,duplicate,high,reuters,1
2026-04-01,2776,新都ﾎｰﾙﾃﾞｨﾝｸﾞｽ,Shinto Holdings Inc,skip,duplicate,high,reuters,1
2026-04-01,2778,パレモ・ﾎｰﾙﾃﾞｨﾝｸﾞｽ,パレモ・HD,skip,duplicate,high,"kabutan,tdnet",9
2026-04-01,2778,パレモ・ﾎｰﾙﾃﾞｨﾝｸﾞｽ,パレモ・ホールディングス,skip,duplicate,high,"kabutan,nikkei",2
2026-04-01,2778,パレモ・ﾎｰﾙﾃﾞｨﾝｸﾞｽ,Palemo,skip,duplicate,high,reuters,1
2026-04-01,2778,パレモ・ﾎｰﾙﾃﾞｨﾝｸﾞｽ,Palemo Holdings Co Ltd,skip,duplicate,high,reuters,1
2026-04-01,277A,グロービング,グロービング,add,exists_in_base,high,"kabutan,nikkei,tdnet",3
2026-04-01,277A,グロービング,Globe-ing,add,new_candidate,medium,reuters,1
2026-04-01,277A,グロービング,Globe-ing Inc,add,new_candidate,medium,reuters,1
2026-04-01,2780,コメ兵ﾎｰﾙﾃﾞｨﾝｸﾞｽ,コメ兵HD,skip,duplicate,high,"kabutan,tdnet",3
2026-04-01,2780,コメ兵ﾎｰﾙﾃﾞｨﾝｸﾞｽ,コメ兵ホールディングス,skip,duplicate,high,"kabutan,nikkei",2
2026-04-01,2780,コメ兵ﾎｰﾙﾃﾞｨﾝｸﾞｽ,Komehyo,skip,duplicate,high,reuters,1
2026-04-01,2780,コメ兵ﾎｰﾙﾃﾞｨﾝｸﾞｽ,Komehyo Holdings Co Ltd,skip,duplicate,high,reuters,1
2026-04-01,2782,セリア,セリア,skip,duplicate,high,"kabutan,nikkei,tdnet",3
2026-04-01,2782,セリア,Seria,skip,duplicate,high,reuters,1
2026-04-01,2782,セリア,Seria Co Ltd,skip,duplicate,high,reuters,1
2026-04-01,2784,アルフレッサ ﾎｰﾙﾃﾞｨﾝｸﾞｽ,アルフレッサ ホールディングス,skip,duplicate,high,"kabutan,nikkei",2
2026-04-01,2784,アルフレッサ ﾎｰﾙﾃﾞｨﾝｸﾞｽ,Alfresa,skip,duplicate,high,reuters,1
2026-04-01,2784,アルフレッサ ﾎｰﾙﾃﾞｨﾝｸﾞｽ,Alfresa Holdings Corp,skip,duplicate,high,reuters,1
2026-04-01,2784,アルフレッサ ﾎｰﾙﾃﾞｨﾝｸﾞｽ,アルフレッサ,skip,duplicate,high,kabutan,1
2026-04-01,2788,アップルｲﾝﾀｰﾅｼｮﾅﾙ,アップル,skip,duplicate,high,"kabutan,tdnet",2
2026-04-01,2788,アップルｲﾝﾀｰﾅｼｮﾅﾙ,アップルインターナショナル,skip,duplicate,high,"kabutan,nikkei",2
2026-04-01,2788,アップルｲﾝﾀｰﾅｼｮﾅﾙ,Apple International,skip,duplicate,high,reuters,1
2026-04-01,2788,アップルｲﾝﾀｰﾅｼｮﾅﾙ,Apple International Co Ltd,skip,duplicate,high,reuters,1
2026-04-01,2789,カルラ,カルラ,skip,duplicate,high,"kabutan,nikkei,tdnet",3
2026-04-01,2789,カルラ,Karula,skip,duplicate,high,reuters,1
2026-04-01,2789,カルラ,Karula Co Ltd,skip,duplicate,high,reuters,1
2026-04-01,278A,Terra Drone,テラドローン,skip,duplicate,high,"kabutan,tdnet",9
2026-04-01,278A,Terra Drone,Terra Drone,skip,duplicate,high,"kabutan,nikkei,reuters",3
2026-04-01,278A,Terra Drone,Terra Drone Corp,add,new_candidate,medium,reuters,1
2026-04-01,2790,ナフコ,ナフコ,skip,duplicate,high,"kabutan,nikkei",2
2026-04-01,2790,ナフコ,Nafco,skip,duplicate,high,reuters,1
2026-04-01,2790,ナフコ,Nafco Co Ltd,skip,duplicate,high,reuters,1
2026-04-01,2791,大黒天物産,大黒天物産,add,exists_in_base,high,"kabutan,nikkei",2
2026-04-01,2791,大黒天物産,Daikokutenbussan,skip,duplicate,high,reuters,1
2026-04-01,2791,大黒天物産,Daikokutenbussan Co Ltd,skip,duplicate,high,reuters,1
2026-04-01,2791,大黒天物産,大黒天,skip,duplicate,high,kabutan,1
2026-04-01,2792,ハニーズﾎｰﾙﾃﾞｨﾝｸﾞｽ,ハニーズホールディングス,skip,duplicate,high,"kabutan,nikkei",2
2026-04-01,2792,ハニーズﾎｰﾙﾃﾞｨﾝｸﾞｽ,Honeys,skip,duplicate,high,reuters,1
2026-04-01,2792,ハニーズﾎｰﾙﾃﾞｨﾝｸﾞｽ,Honeys Holdings Co Ltd,skip,duplicate,high,reuters,1
2026-04-01,2792,ハニーズﾎｰﾙﾃﾞｨﾝｸﾞｽ,ハニーズHD,skip,duplicate,high,kabutan,1
2026-04-01,2792,ハニーズﾎｰﾙﾃﾞｨﾝｸﾞｽ,ハニーズHLD,add,new_candidate,medium,tdnet,1
2026-04-01,2795,日本プリメックス,日本プリメックス,add,exists_in_base,high,"kabutan,nikkei",2
2026-04-01,2795,日本プリメックス,Nippon Primex,skip,duplicate,high,reuters,1
2026-04-01,2795,日本プリメックス,Nippon Primex Inc,skip,duplicate,high,reuters,1
2026-04-01,2795,日本プリメックス,プリメックス,skip,duplicate,high,kabutan,1
2026-04-01,2796,ファーマライズﾎｰﾙﾃﾞｨﾝｸﾞｽ,ファーマライズホールディングス,skip,duplicate,high,"kabutan,nikkei",2
2026-04-01,2796,ファーマライズﾎｰﾙﾃﾞｨﾝｸﾞｽ,Pharmarise,skip,duplicate,high,reuters,1
2026-04-01,2796,ファーマライズﾎｰﾙﾃﾞｨﾝｸﾞｽ,Pharmarise Holdings Corp,skip,duplicate,high,reuters,1
2026-04-01,2796,ファーマライズﾎｰﾙﾃﾞｨﾝｸﾞｽ,ファマライズ,skip,duplicate,high,kabutan,1
2026-04-01,2796,ファーマライズﾎｰﾙﾃﾞｨﾝｸﾞｽ,ファーマライズHD,skip,duplicate,high,tdnet,1
2026-04-01,2798,ワイズテーブルｺｰﾎﾟﾚｰｼｮﾝ,ワイズテーブルコーポレーション,skip,duplicate,high,"kabutan,nikkei",2
2026-04-01,2798,ワイズテーブルｺｰﾎﾟﾚｰｼｮﾝ,Y's Table,skip,duplicate,high,reuters,1
2026-04-01,2798,ワイズテーブルｺｰﾎﾟﾚｰｼｮﾝ,Y's Table Corp,skip,duplicate,high,reuters,1
2026-04-01,2798,ワイズテーブルｺｰﾎﾟﾚｰｼｮﾝ,Ysテーブル,skip,duplicate,high,kabutan,1
2026-04-01,2798,ワイズテーブルｺｰﾎﾟﾚｰｼｮﾝ,Y’s,add,new_candidate,medium,tdnet,2
2026-04-01,2801,キッコーマン,キッコーマン,add,exists_in_base,high,"kabutan,nikkei",2
2026-04-01,2801,キッコーマン,Kikkoman,skip,duplicate,high,reuters,1
2026-04-01,2801,キッコーマン,Kikkoman Corp,skip,duplicate,high,reuters,1
2026-04-01,2801,キッコーマン,キッコマン,skip,duplicate,high,kabutan,1
2026-04-01,2802,味の素,味の素,skip,duplicate,high,"kabutan,nikkei,tdnet",4
2026-04-01,2802,味の素,Ajinomoto,skip,duplicate,high,reuters,1
2026-04-01,2802,味の素,Ajinomoto Co Inc,skip,duplicate,high,reuters,1
2026-04-01,2804,ブルドックソース,ブルドックソース,skip,duplicate,high,"kabutan,nikkei,tdnet",4
2026-04-01,2804,ブルドックソース,Bull-Dog Sauce,skip,duplicate,high,reuters,1
2026-04-01,2804,ブルドックソース,Bull-Dog Sauce Co Ltd,skip,duplicate,high,reuters,1
2026-04-01,2804,ブルドックソース,ブルドック,skip,duplicate,high,kabutan,1
2026-04-01,2805,ヱスビー食品,エスビー食品,skip,duplicate,high,"kabutan,nikkei",2
2026-04-01,2805,ヱスビー食品,S&B Foods,skip,duplicate,high,reuters,1
2026-04-01,2805,ヱスビー食品,S&B Foods Inc,skip,duplicate,high,reuters,1
2026-04-01,2805,ヱスビー食品,エスビー,skip,duplicate,high,kabutan,1
2026-04-01,2806,ユタカフーズ,ユタカフーズ,skip,duplicate,high,"kabutan,nikkei",2
2026-04-01,2806,ユタカフーズ,Yutaka Foods,skip,duplicate,high,reuters,1
2026-04-01,2806,ユタカフーズ,Yutaka Foods Corp,skip,duplicate,high,reuters,1
2026-04-01,2809,キユーピー,キユーピー,skip,duplicate,high,"kabutan,nikkei,tdnet",6
2026-04-01,2809,キユーピー,Kewpie,skip,duplicate,high,reuters,1
2026-04-01,2809,キユーピー,Kewpie Corp,skip,duplicate,high,reuters,1
2026-04-01,280A,TMH,TMH,skip,duplicate,high,"kabutan,nikkei,reuters,tdnet",7
2026-04-01,280A,TMH,TMH Inc,add,new_candidate,medium,reuters,1
2026-04-01,2810,ハウス食品ｸﾞﾙｰﾌﾟ本社,ハウス食品グループ本社,skip,duplicate,high,"kabutan,nikkei",2
2026-04-01,2810,ハウス食品ｸﾞﾙｰﾌﾟ本社,House Foods,skip,duplicate,high,reuters,1
2026-04-01,2810,ハウス食品ｸﾞﾙｰﾌﾟ本社,House Foods Group Inc,skip,duplicate,high,reuters,1
2026-04-01,2810,ハウス食品ｸﾞﾙｰﾌﾟ本社,ハウス食G,skip,duplicate,high,kabutan,1
2026-04-01,2811,カゴメ,カゴメ,skip,duplicate,high,"kabutan,nikkei,tdnet",3
2026-04-01,2811,カゴメ,Kagome,skip,duplicate,high,reuters,1
2026-04-01,2811,カゴメ,Kagome Co Ltd,skip,duplicate,high,reuters,1
2026-04-01,2813,和弘食品,和弘食品,add,exists_in_base,high,"kabutan,nikkei,tdnet",3
2026-04-01,2813,和弘食品,Wakou Shokuhin,skip,duplicate,high,reuters,1
2026-04-01,2813,和弘食品,Wakou Shokuhin Co Ltd,skip,duplicate,high,reuters,1
2026-04-01,2814,佐藤食品工業,佐藤食品,skip,duplicate,high,"kabutan,tdnet",6
2026-04-01,2814,佐藤食品工業,佐藤食品工業,add,exists_in_base,high,"kabutan,nikkei",2
2026-04-01,2814,佐藤食品工業,Sato Foods Industries,skip,duplicate,high,reuters,1
2026-04-01,2814,佐藤食品工業,Sato Foods Industries Co Ltd,skip,duplicate,high,reuters,1
2026-04-01,2815,アリアケジャパン,アリアケ,skip,duplicate,high,"kabutan,tdnet",2
2026-04-01,2815,アリアケジャパン,アリアケジャパン,add,exists_in_base,high,"kabutan,nikkei",2
2026-04-01,2815,アリアケジャパン,Ariake Japan,skip,duplicate,high,reuters,1
2026-04-01,2815,アリアケジャパン,Ariake Japan Co Ltd,skip,duplicate,high,reuters,1
2026-04-01,2816,ダイショー,ダイショー,skip,duplicate,high,"kabutan,nikkei,tdnet",3
2026-04-01,2816,ダイショー,Daisho,skip,duplicate,high,reuters,1
2026-04-01,2816,ダイショー,Daisho Co Ltd,skip,duplicate,high,reuters,1
2026-04-01,2818,ピエトロ,ピエトロ,add,exists_in_base,high,"kabutan,nikkei",2
2026-04-01,2818,ピエトロ,Pietro,skip,duplicate,high,reuters,1
2026-04-01,2818,ピエトロ,Pietro Co Ltd,skip,duplicate,high,reuters,1
2026-04-01,2819,エバラ食品工業,エバラ食品工業,skip,duplicate,high,"kabutan,nikkei",2
2026-04-01,2819,エバラ食品工業,Ebara Foods Industry,skip,duplicate,high,reuters,1
2026-04-01,2819,エバラ食品工業,Ebara Foods Industry Inc,skip,duplicate,high,reuters,1
2026-04-01,2819,エバラ食品工業,エバラ食品,skip,duplicate,high,kabutan,1
2026-04-01,281A,インフォメティス,インフォメティス,add,exists_in_base,high,"kabutan,nikkei,tdnet",12
2026-04-01,281A,インフォメティス,インフォメテ,skip,duplicate,high,kabutan,1
2026-04-01,281A,インフォメティス,Informetis,add,new_candidate,medium,reuters,1
2026-04-01,281A,インフォメティス,Informetis Co Ltd,add,new_candidate,medium,reuters,1
2026-04-01,2820,やまみ,やまみ,skip,duplicate,high,"kabutan,nikkei",2
2026-04-01,2820,やまみ,Yamami,skip,duplicate,high,reuters,1
2026-04-01,2820,やまみ,Yamami Co,skip,duplicate,high,reuters,1
2026-04-01,2831,はごろもフーズ,はごろもフーズ,add,exists_in_base,high,"kabutan,nikkei",2
2026-04-01,2831,はごろもフーズ,Hagoromo Foods,skip,duplicate,high,reuters,1
2026-04-01,2831,はごろもフーズ,Hagoromo Foods Corp,skip,duplicate,high,reuters,1
2026-04-01,2831,はごろもフーズ,はごろも,skip,duplicate,high,kabutan,1
2026-04-01,285A,キオクシアﾎｰﾙﾃﾞｨﾝｸﾞｽ,キオクシアHD,skip,duplicate,high,tdnet,4
2026-04-01,285A,キオクシアﾎｰﾙﾃﾞｨﾝｸﾞｽ,キオクシアホールディングス,skip,duplicate,high,"kabutan,nikkei",2
2026-04-01,285A,キオクシアﾎｰﾙﾃﾞｨﾝｸﾞｽ,キオクシア,skip,duplicate,high,kabutan,1
2026-04-01,285A,キオクシアﾎｰﾙﾃﾞｨﾝｸﾞｽ,Kioxia,add,new_candidate,medium,reuters,1
2026-04-01,285A,キオクシアﾎｰﾙﾃﾞｨﾝｸﾞｽ,Kioxia Holdings Corp,add,new_candidate,medium,reuters,1
2026-04-01,286A,ユカリア,ユカリア,add,exists_in_base,high,"kabutan,nikkei,tdnet",3
2026-04-01,286A,ユカリア,EUCALIA,add,new_candidate,medium,reuters,1
2026-04-01,286A,ユカリア,EUCALIA Inc,add,new_candidate,medium,reuters,1
2026-04-01,2871,ニチレイ,ニチレイ,skip,duplicate,high,"kabutan,nikkei,tdnet",3
2026-04-01,2871,ニチレイ,Nichirei,skip,duplicate,high,reuters,1
2026-04-01,2871,ニチレイ,Nichirei Corp,skip,duplicate,high,reuters,1
2026-04-01,2872,セイヒョー,セイヒョー,add,exists_in_base,high,"kabutan,nikkei",2
2026-04-01,2872,セイヒョー,Seihyo,skip,duplicate,high,reuters,1
2026-04-01,2872,セイヒョー,Seihyo Co Ltd,skip,duplicate,high,reuters,1
2026-04-01,2874,横浜冷凍,ヨコレイ,skip,duplicate,high,"kabutan,nikkei",2
2026-04-01,2874,横浜冷凍,Yokorei,skip,duplicate,high,reuters,1
2026-04-01,2874,横浜冷凍,Yokorei Co Ltd,skip,duplicate,high,reuters,1
2026-04-01,2875,東洋水産,東洋水産,add,exists_in_base,high,"kabutan,nikkei",2
2026-04-01,2875,東洋水産,Toyo Suisan Kaisha,skip,duplicate,high,reuters,1
2026-04-01,2875,東洋水産,Toyo Suisan Kaisha Ltd,skip,duplicate,high,reuters,1
2026-04-01,2875,東洋水産,東洋水,skip,duplicate,high,kabutan,1
2026-04-01,2876,デルソーレ,デルソーレ,add,exists_in_base,high,"kabutan,nikkei,tdnet",3
2026-04-01,2876,デルソーレ,Delsole,skip,duplicate,high,reuters,1
2026-04-01,2876,デルソーレ,Delsole Corp,skip,duplicate,high,reuters,1
2026-04-01,2877,日東ベスト,日東ベスト,add,exists_in_base,high,"kabutan,nikkei",2
2026-04-01,2877,日東ベスト,NittoBest,skip,duplicate,high,reuters,1
2026-04-01,2877,日東ベスト,NittoBest Corp,skip,duplicate,high,reuters,1
2026-04-01,287A,黒田ｸﾞﾙｰﾌﾟ,黒田グループ,skip,duplicate,high,"kabutan,nikkei",2
2026-04-01,287A,黒田ｸﾞﾙｰﾌﾟ,Kuroda,add,new_candidate,medium,reuters,1
2026-04-01,287A,黒田ｸﾞﾙｰﾌﾟ,Kuroda Group Co Ltd,add,new_candidate,medium,reuters,1
2026-04-01,2882,イートアンドﾎｰﾙﾃﾞｨﾝｸﾞｽ,イートアンドホールディングス,skip,duplicate,high,"kabutan,nikkei",2
2026-04-01,2882,イートアンドﾎｰﾙﾃﾞｨﾝｸﾞｽ,Eat&Holdings Co Ltd,skip,duplicate,high,reuters,1
2026-04-01,2882,イートアンドﾎｰﾙﾃﾞｨﾝｸﾞｽ,イートアンド,skip,duplicate,high,kabutan,1
2026-04-01,2882,イートアンドﾎｰﾙﾃﾞｨﾝｸﾞｽ,イートアンドHD,skip,duplicate,high,tdnet,1
2026-04-01,2883,大冷,大冷,skip,duplicate,high,"kabutan,nikkei",2
2026-04-01,2883,大冷,Dairei,skip,duplicate,high,reuters,1
2026-04-01,2883,大冷,Dairei Co Ltd,skip,duplicate,high,reuters,1
2026-04-01,2884,ヨシムラ・フード・ﾎｰﾙﾃﾞｨﾝｸﾞｽ,ヨシムラ・F・HD,skip,duplicate,high,tdnet,3
2026-04-01,2884,ヨシムラ・フード・ﾎｰﾙﾃﾞｨﾝｸﾞｽ,ヨシムラ・フード・ホールディングス,skip,duplicate,high,"kabutan,nikkei",2
2026-04-01,2884,ヨシムラ・フード・ﾎｰﾙﾃﾞｨﾝｸﾞｽ,Yoshimura Food,skip,duplicate,high,reuters,1
2026-04-01,2884,ヨシムラ・フード・ﾎｰﾙﾃﾞｨﾝｸﾞｽ,Yoshimura Food Holdings KK,skip,duplicate,high,reuters,1
2026-04-01,2884,ヨシムラ・フード・ﾎｰﾙﾃﾞｨﾝｸﾞｽ,ヨシムラHD,skip,duplicate,high,kabutan,1
2026-04-01,288A,ラクサス・テクノロジーズ,ラクサス・テクノロジーズ,add,exists_in_base,high,"kabutan,nikkei",2
2026-04-01,288A,ラクサス・テクノロジーズ,ラクサス,skip,duplicate,high,kabutan,1
2026-04-01,288A,ラクサス・テクノロジーズ,Laxus Technologies,add,new_candidate,medium,reuters,1
2026-04-01,288A,ラクサス・テクノロジーズ,Laxus Technologies Inc,add,new_candidate,medium,reuters,1
2026-04-01,2892,日本食品化工,日本食品化工,add,exists_in_base,high,"kabutan,nikkei",2
2026-04-01,2892,日本食品化工,Nihon Shokuhin Kako,skip,duplicate,high,reuters,1
2026-04-01,2892,日本食品化工,Nihon Shokuhin Kako Co Ltd,skip,duplicate,high,reuters,1
2026-04-01,2892,日本食品化工,日食化,skip,duplicate,high,tdnet,1
2026-04-01,2892,日本食品化工,日食品,skip,duplicate,high,kabutan,1
2026-04-01,2894,石井食品,石井食,skip,duplicate,high,"kabutan,tdnet",2
2026-04-01,2894,石井食品,石井食品,add,exists_in_base,high,"kabutan,nikkei",2
2026-04-01,2894,石井食品,Ishii Food,skip,duplicate,high,reuters,1
2026-04-01,2894,石井食品,Ishii Food Co Ltd,skip,duplicate,high,reuters,1
2026-04-01,2897,日清食品ﾎｰﾙﾃﾞｨﾝｸﾞｽ,日清食HD,skip,duplicate,high,"kabutan,tdnet",2
2026-04-01,2897,日清食品ﾎｰﾙﾃﾞｨﾝｸﾞｽ,日清食品ホールディングス,skip,duplicate,high,"kabutan,nikkei",2
2026-04-01,2897,日清食品ﾎｰﾙﾃﾞｨﾝｸﾞｽ,Nissin Foods,skip,duplicate,high,reuters,1
2026-04-01,2897,日清食品ﾎｰﾙﾃﾞｨﾝｸﾞｽ,Nissin Foods Holdings Co Ltd,skip,duplicate,high,reuters,1
2026-04-01,2901,ウェルディッシュ,ウェルディッシュ,skip,duplicate,high,"kabutan,nikkei,tdnet",6
2026-04-01,2901,ウェルディッシュ,Wel-Dish,skip,duplicate,high,reuters,1
2026-04-01,2901,ウェルディッシュ,Wel-Dish Inc,skip,duplicate,high,reuters,1
2026-04-01,2901,ウェルディッシュ,Wディッシュ,skip,duplicate,high,kabutan,1
2026-04-01,2903,シノブフーズ,シノブフーズ,skip,duplicate,high,"kabutan,nikkei,tdnet",3
2026-04-01,2903,シノブフーズ,Shinobu Foods Products,skip,duplicate,high,reuters,1
2026-04-01,2903,シノブフーズ,Shinobu Foods Products Co Ltd,skip,duplicate,high,reuters,1
2026-04-01,2903,シノブフーズ,シノブフズ,skip,duplicate,high,kabutan,1
2026-04-01,2904,一正蒲鉾,一正蒲鉾,skip,duplicate,high,"kabutan,nikkei",2
2026-04-01,2904,一正蒲鉾,Ichimasa Kamaboko,skip,duplicate,high,reuters,1
2026-04-01,2904,一正蒲鉾,Ichimasa Kamaboko Co Ltd,skip,duplicate,high,reuters,1
2026-04-01,2907,あじかん,あじかん,skip,duplicate,high,"kabutan,nikkei,tdnet",6
2026-04-01,2907,あじかん,Ahjikan,skip,duplicate,high,reuters,1
2026-04-01,2907,あじかん,Ahjikan Co Ltd,skip,duplicate,high,reuters,1
2026-04-01,2908,フジッコ,フジッコ,skip,duplicate,high,"kabutan,nikkei",2
2026-04-01,2908,フジッコ,Fujicco,skip,duplicate,high,reuters,1
2026-04-01,2908,フジッコ,Fujicco Co Ltd,skip,duplicate,high,reuters,1
2026-04-01,290A,Synspective,Syns,skip,duplicate,high,"kabutan,tdnet",7
2026-04-01,290A,Synspective,Synspective,skip,duplicate,high,"kabutan,nikkei,reuters",3
2026-04-01,290A,Synspective,Synspective Inc,add,new_candidate,medium,reuters,1
2026-04-01,2910,ロック・フィールド,ロックフィルド,skip,duplicate,high,tdnet,2
2026-04-01,2910,ロック・フィールド,ロック・フィールド,add,exists_in_base,high,"kabutan,nikkei",2
2026-04-01,2910,ロック・フィールド,Rock Field,skip,duplicate,high,reuters,1
2026-04-01,2910,ロック・フィールド,Rock Field Co Ltd,skip,duplicate,high,reuters,1
2026-04-01,2910,ロック・フィールド,Rフィールド,skip,duplicate,high,kabutan,1
2026-04-01,2911,旭松食品,旭松食品,skip,duplicate,high,"kabutan,nikkei,tdnet",3
2026-04-01,2911,旭松食品,Asahimatsu Foods,skip,duplicate,high,reuters,1
2026-04-01,2911,旭松食品,Asahimatsu Foods Co Ltd,skip,duplicate,high,reuters,1
2026-04-01,2914,日本たばこ産業,Japan Tobacco,skip,duplicate,high,reuters,1
2026-04-01,2914,日本たばこ産業,Japan Tobacco Inc,skip,duplicate,high,reuters,1
2026-04-01,2914,日本たばこ産業,日本たばこ産業,add,exists_in_base,high,nikkei,1
2026-04-01,2915,ケンコーマヨネーズ,ケンコーマヨ,skip,duplicate,high,"kabutan,tdnet",3
2026-04-01,2915,ケンコーマヨネーズ,ケンコーマヨネーズ,add,exists_in_base,high,"kabutan,nikkei",2
2026-04-01,2915,ケンコーマヨネーズ,Kenko Mayonnaise,skip,duplicate,high,reuters,1
2026-04-01,2915,ケンコーマヨネーズ,Kenko Mayonnaise Co Ltd,skip,duplicate,high,reuters,1
2026-04-01,2916,仙波糖化工業,仙波糖化工業,add,exists_in_base,high,"kabutan,nikkei",2
2026-04-01,2916,仙波糖化工業,Semba Tohka Industries,skip,duplicate,high,reuters,1
2026-04-01,2916,仙波糖化工業,Semba Tohka Industries Co Ltd,skip,duplicate,high,reuters,1
2026-04-01,2916,仙波糖化工業,仙波糖化,skip,duplicate,high,kabutan,1
2026-04-01,2917,大森屋,大森屋,add,exists_in_base,high,"kabutan,nikkei",2
2026-04-01,2917,大森屋,Ohmoriya,skip,duplicate,high,reuters,1
2026-04-01,2917,大森屋,Ohmoriya Co Ltd,skip,duplicate,high,reuters,1
2026-04-01,2918,わらべや日洋ﾎｰﾙﾃﾞｨﾝｸﾞｽ,わらべや日洋ホールディングス,skip,duplicate,high,"kabutan,nikkei",2
2026-04-01,2918,わらべや日洋ﾎｰﾙﾃﾞｨﾝｸﾞｽ,Warabeya Nichiyo,skip,duplicate,high,reuters,1
2026-04-01,2918,わらべや日洋ﾎｰﾙﾃﾞｨﾝｸﾞｽ,Warabeya Nichiyo Holdings Co Ltd,skip,duplicate,high,reuters,1
2026-04-01,2918,わらべや日洋ﾎｰﾙﾃﾞｨﾝｸﾞｽ,わらべや,skip,duplicate,high,tdnet,1
2026-04-01,2918,わらべや日洋ﾎｰﾙﾃﾞｨﾝｸﾞｽ,わらべ日洋,skip,duplicate,high,kabutan,1
2026-04-01,291A,リスキル,リスキル,add,exists_in_base,high,"kabutan,nikkei,tdnet",4
2026-04-01,291A,リスキル,Reskill,add,new_candidate,medium,reuters,1
2026-04-01,291A,リスキル,Reskill Corp,add,new_candidate,medium,reuters,1
2026-04-01,2922,なとり,なとり,skip,duplicate,high,"kabutan,nikkei",2
2026-04-01,2922,なとり,Natori,skip,duplicate,high,reuters,1
2026-04-01,2922,なとり,Natori Co Ltd,skip,duplicate,high,reuters,1
2026-04-01,2923,サトウ食品,サトウ食品,add,exists_in_base,high,"kabutan,nikkei,tdnet",5
2026-04-01,2923,サトウ食品,Sato Foods,skip,duplicate,high,reuters,1
2026-04-01,2923,サトウ食品,Sato Foods Co Ltd,skip,duplicate,high,reuters,1
2026-04-01,2924,イフジ産業,イフジ産業,skip,duplicate,high,"kabutan,nikkei",2
2026-04-01,2924,イフジ産業,Ifuji Sangyo,skip,duplicate,high,reuters,1
2026-04-01,2924,イフジ産業,Ifuji Sangyo Co Ltd,skip,duplicate,high,reuters,1
2026-04-01,2926,篠崎屋,篠崎屋,skip,duplicate,high,"kabutan,nikkei,tdnet",4
2026-04-01,2926,篠崎屋,Shinozakiya,skip,duplicate,high,reuters,1
2026-04-01,2926,篠崎屋,Shinozakiya Inc,skip,duplicate,high,reuters,1
2026-04-01,2927,AFC－HDアムスライフサイエンス,AFC-HD,skip,duplicate,high,"kabutan,tdnet",4
2026-04-01,2927,AFC－HDアムスライフサイエンス,AFC-HDアムスライフサイエンス,skip,duplicate,high,"kabutan,nikkei",2
2026-04-01,2927,AFC－HDアムスライフサイエンス,AFC-HD AMS Life Science,skip,duplicate,high,reuters,1
2026-04-01,2927,AFC－HDアムスライフサイエンス,AFC-HD AMS Life Science Co Ltd,skip,duplicate,high,reuters,1
2026-04-01,2929,ファーマフーズ,ファーマフーズ,skip,duplicate,high,"kabutan,nikkei,tdnet",5
2026-04-01,2929,ファーマフーズ,Pharma Foods International,skip,duplicate,high,reuters,1
2026-04-01,2929,ファーマフーズ,Pharma Foods International Co Ltd,skip,duplicate,high,reuters,1
2026-04-01,2929,ファーマフーズ,ファーマF,skip,duplicate,high,kabutan,1
2026-04-01,2930,北の達人ｺｰﾎﾟﾚｰｼｮﾝ,北の達人,skip,duplicate,high,"kabutan,tdnet",3
2026-04-01,2930,北の達人ｺｰﾎﾟﾚｰｼｮﾝ,北の達人コーポレーション,skip,duplicate,high,"kabutan,nikkei",2
2026-04-01,2930,北の達人ｺｰﾎﾟﾚｰｼｮﾝ,Kitanotatsujin,skip,duplicate,high,reuters,1
2026-04-01,2930,北の達人ｺｰﾎﾟﾚｰｼｮﾝ,Kitanotatsujin Corp,skip,duplicate,high,reuters,1
2026-04-01,2931,ユーグレナ,ユーグレナ,skip,duplicate,high,"kabutan,nikkei,tdnet",4
2026-04-01,2931,ユーグレナ,Euglena,skip,duplicate,high,reuters,1
2026-04-01,2931,ユーグレナ,Euglena Co Ltd,skip,duplicate,high,reuters,1
2026-04-01,2932,STIフードﾎｰﾙﾃﾞｨﾝｸﾞｽ,STIフードホールディングス,skip,duplicate,high,"kabutan,nikkei",2
2026-04-01,2932,STIフードﾎｰﾙﾃﾞｨﾝｸﾞｽ,STI Foods,skip,duplicate,high,reuters,1
2026-04-01,2932,STIフードﾎｰﾙﾃﾞｨﾝｸﾞｽ,STI Foods Holdings Inc,skip,duplicate,high,reuters,1
2026-04-01,2932,STIフードﾎｰﾙﾃﾞｨﾝｸﾞｽ,STIFHD,skip,duplicate,high,kabutan,1
2026-04-01,2932,STIフードﾎｰﾙﾃﾞｨﾝｸﾞｽ,STIフードHD,skip,duplicate,high,tdnet,1
2026-04-01,2933,紀文食品,紀文食品,skip,duplicate,high,"kabutan,nikkei,tdnet",3
2026-04-01,2933,紀文食品,Kibun Foods,skip,duplicate,high,reuters,1
2026-04-01,2933,紀文食品,Kibun Foods Inc,skip,duplicate,high,reuters,1
2026-04-01,2934,ジェイフロンティア,ジェイフロンティア,add,exists_in_base,high,"kabutan,nikkei",2
2026-04-01,2934,ジェイフロンティア,J Frontier,skip,duplicate,high,reuters,1
2026-04-01,2934,ジェイフロンティア,J Frontier Co Ltd,skip,duplicate,high,reuters,1
2026-04-01,2934,ジェイフロンティア,ジェイフロ,skip,duplicate,high,kabutan,1
2026-04-01,2935,ピックルスﾎｰﾙﾃﾞｨﾝｸﾞｽ,ピックルスホールディングス,skip,duplicate,high,"kabutan,nikkei",2
2026-04-01,2935,ピックルスﾎｰﾙﾃﾞｨﾝｸﾞｽ,Pickles,skip,duplicate,high,reuters,1
2026-04-01,2935,ピックルスﾎｰﾙﾃﾞｨﾝｸﾞｽ,Pickles Holdings Co Ltd,skip,duplicate,high,reuters,1
2026-04-01,2935,ピックルスﾎｰﾙﾃﾞｨﾝｸﾞｽ,ピックルス,skip,duplicate,high,kabutan,1
2026-04-01,2936,ベースフード,ベースフード,add,exists_in_base,high,"kabutan,nikkei",2
2026-04-01,2936,ベースフード,BASE FOOD,skip,duplicate,high,reuters,1
2026-04-01,2936,ベースフード,BASE FOOD Inc,skip,duplicate,high,reuters,1
2026-04-01,2937,サンクゼール,サンクゼール,add,exists_in_base,high,"kabutan,nikkei",2
2026-04-01,2937,サンクゼール,St.Cousair,skip,duplicate,high,reuters,1
2026-04-01,2937,サンクゼール,St.Cousair Co Ltd,skip,duplicate,high,reuters,1
2026-04-01,2938,オカムラ食品工業,オカムラ食品工業,add,exists_in_base,high,"kabutan,nikkei,tdnet",3
2026-04-01,2938,オカムラ食品工業,Okamura Foods,skip,duplicate,high,reuters,1
2026-04-01,2938,オカムラ食品工業,Okamura Foods Co Ltd,skip,duplicate,high,reuters,1
2026-04-01,2938,オカムラ食品工業,オカムラ食品,skip,duplicate,high,kabutan,1
2026-04-01,2961,日本調理機,日本調理機,skip,duplicate,high,"kabutan,nikkei",2
2026-04-01,2961,日本調理機,Nitcho,skip,duplicate,high,reuters,1
2026-04-01,2961,日本調理機,Nitcho Corp,skip,duplicate,high,reuters,1
2026-04-01,2962,テクニスコ,テクニスコ,skip,duplicate,high,"kabutan,nikkei",2
2026-04-01,2962,テクニスコ,Tecnisco,skip,duplicate,high,reuters,1
2026-04-01,2962,テクニスコ,Tecnisco Ltd,skip,duplicate,high,reuters,1
2026-04-01,296A,令和アカウンティング・ﾎｰﾙﾃﾞｨﾝｸﾞｽ,令和AH,skip,duplicate,high,"kabutan,tdnet",3
2026-04-01,296A,令和アカウンティング・ﾎｰﾙﾃﾞｨﾝｸﾞｽ,令和アカウンティング・ホールディングス,skip,duplicate,high,"kabutan,nikkei",2
2026-04-01,296A,令和アカウンティング・ﾎｰﾙﾃﾞｨﾝｸﾞｽ,Reiwa Accounting,add,new_candidate,medium,reuters,1
2026-04-01,296A,令和アカウンティング・ﾎｰﾙﾃﾞｨﾝｸﾞｽ,Reiwa Accounting Holdings Co Ltd,add,new_candidate,medium,reuters,1
2026-04-01,2970,GLC GROUP,GLC GROUP,skip,duplicate,high,"kabutan,nikkei,tdnet",5
2026-04-01,2970,GLC GROUP,GLC,skip,duplicate,high,reuters,1
2026-04-01,2970,GLC GROUP,GLC Group Inc,skip,duplicate,high,reuters,1
2026-04-01,2970,GLC GROUP,ジーエルシー,skip,duplicate,high,kabutan,1
2026-04-01,2975,スター・マイカ・ﾎｰﾙﾃﾞｨﾝｸﾞｽ,スター・マイカHD,skip,duplicate,high,tdnet,3
2026-04-01,2975,スター・マイカ・ﾎｰﾙﾃﾞｨﾝｸﾞｽ,スター・マイカ・ホールディングス,skip,duplicate,high,"kabutan,nikkei",2
2026-04-01,2975,スター・マイカ・ﾎｰﾙﾃﾞｨﾝｸﾞｽ,Star Mica,skip,duplicate,high,reuters,1
2026-04-01,2975,スター・マイカ・ﾎｰﾙﾃﾞｨﾝｸﾞｽ,Star Mica Holdings Co Ltd,skip,duplicate,high,reuters,1
2026-04-01,2975,スター・マイカ・ﾎｰﾙﾃﾞｨﾝｸﾞｽ,スターマイカ,skip,duplicate,high,kabutan,1
2026-04-01,2978,ツクルバ,ツクルバ,add,exists_in_base,high,"kabutan,nikkei,tdnet",6
2026-04-01,2978,ツクルバ,Tsukuruba,skip,duplicate,high,reuters,1
2026-04-01,2978,ツクルバ,Tsukuruba Inc,skip,duplicate,high,reuters,1
2026-04-01,297A,アルピコﾎｰﾙﾃﾞｨﾝｸﾞｽ,アルピコHD,skip,duplicate,high,"kabutan,tdnet",3
2026-04-01,297A,アルピコﾎｰﾙﾃﾞｨﾝｸﾞｽ,アルピコホールディングス,skip,duplicate,high,"kabutan,nikkei",2
2026-04-01,297A,アルピコﾎｰﾙﾃﾞｨﾝｸﾞｽ,Alpico,add,new_candidate,medium,reuters,1
2026-04-01,297A,アルピコﾎｰﾙﾃﾞｨﾝｸﾞｽ,Alpico Holdings Co Ltd,add,new_candidate,medium,reuters,1
2026-04-01,2980,SREﾎｰﾙﾃﾞｨﾝｸﾞｽ,SREホールディングス,skip,duplicate,high,"kabutan,nikkei",2
2026-04-01,2980,SREﾎｰﾙﾃﾞｨﾝｸﾞｽ,SRE,skip,duplicate,high,reuters,1
2026-04-01,2980,SREﾎｰﾙﾃﾞｨﾝｸﾞｽ,SRE Holdings Corp,skip,duplicate,high,reuters,1
2026-04-01,2980,SREﾎｰﾙﾃﾞｨﾝｸﾞｽ,SREHD,skip,duplicate,high,kabutan,1
2026-04-01,2981,ランディックス,ランディックス,add,exists_in_base,high,"kabutan,nikkei",2
2026-04-01,2981,ランディックス,Landix,skip,duplicate,high,reuters,1
2026-04-01,2981,ランディックス,Landix Inc,skip,duplicate,high,reuters,1
2026-04-01,2981,ランディックス,ランディクス,skip,duplicate,high,kabutan,1
2026-04-01,2982,ADワークスｸﾞﾙｰﾌﾟ,ADワークスグループ,skip,duplicate,high,"kabutan,nikkei,tdnet",4
2026-04-01,2982,ADワークスｸﾞﾙｰﾌﾟ,A.D.Works,skip,duplicate,high,reuters,1
2026-04-01,2982,ADワークスｸﾞﾙｰﾌﾟ,A.D.Works Group Co Ltd,skip,duplicate,high,reuters,1
2026-04-01,2982,ADワークスｸﾞﾙｰﾌﾟ,ADWG,skip,duplicate,high,kabutan,1
2026-04-01,2983,アールプランナー,アールプランナー,add,exists_in_base,high,"kabutan,nikkei,tdnet",5
2026-04-01,2983,アールプランナー,Arr Planner,skip,duplicate,high,reuters,1
2026-04-01,2983,アールプランナー,Arr Planner Co Ltd,skip,duplicate,high,reuters,1
2026-04-01,2983,アールプランナー,アールプラン,skip,duplicate,high,kabutan,1
2026-04-01,2984,ヤマイチエステート,ヤマイチ,skip,duplicate,high,"kabutan,tdnet",3
2026-04-01,2984,ヤマイチエステート,ヤマイチエステート,add,exists_in_base,high,"kabutan,nikkei",2
2026-04-01,2984,ヤマイチエステート,Yamaichi Real Estate,skip,duplicate,high,reuters,1
2026-04-01,2984,ヤマイチエステート,Yamaichi Real Estate Co Ltd,skip,duplicate,high,reuters,1
2026-04-01,2986,LAﾎｰﾙﾃﾞｨﾝｸﾞｽ,LAホールディングス,skip,duplicate,high,"kabutan,nikkei",2
2026-04-01,2986,LAﾎｰﾙﾃﾞｨﾝｸﾞｽ,LA Holdings Co Ltd,skip,duplicate,high,reuters,1
2026-04-01,2986,LAﾎｰﾙﾃﾞｨﾝｸﾞｽ,LAホールデ,skip,duplicate,high,kabutan,1
2026-04-01,2986,LAﾎｰﾙﾃﾞｨﾝｸﾞｽ,LAHD,review,new_candidate,low,tdnet,1
2026-04-01,298A,GVA TECH,GVA TECH,skip,duplicate,high,"kabutan,nikkei,reuters,tdnet",5
2026-04-01,298A,GVA TECH,GVAテック,skip,duplicate,high,kabutan,1
2026-04-01,298A,GVA TECH,GVA TECH Inc,add,new_candidate,medium,reuters,1
2026-04-01,2991,ランドネット,ランドネット,skip,duplicate,high,"kabutan,nikkei,tdnet",5
2026-04-01,2991,ランドネット,Landnet,skip,duplicate,high,reuters,1
2026-04-01,2991,ランドネット,Landnet Inc,skip,duplicate,high,reuters,1
2026-04-01,2993,長栄,長栄,skip,duplicate,high,"kabutan,nikkei,tdnet",4
2026-04-01,2993,長栄,Choei,skip,duplicate,high,reuters,1
2026-04-01,2993,長栄,Choei Inc,skip,duplicate,high,reuters,1
2026-04-01,2997,ストレージ王,ストレージ王,add,exists_in_base,high,"kabutan,nikkei,tdnet",9
2026-04-01,2997,ストレージ王,Storage-Oh,skip,duplicate,high,reuters,1
2026-04-01,2997,ストレージ王,Storage-Oh Co Ltd,skip,duplicate,high,reuters,1
2026-04-01,2997,ストレージ王,ストレジ王,skip,duplicate,high,kabutan,1
2026-04-01,2998,クリアル,クリアル,add,exists_in_base,high,"kabutan,nikkei,tdnet",4
2026-04-01,2998,クリアル,Creal,skip,duplicate,high,reuters,1
2026-04-01,2998,クリアル,Creal Inc,skip,duplicate,high,reuters,1
2026-04-01,2999,ホームポジション,ホームポジション,add,exists_in_base,high,"kabutan,nikkei",2
2026-04-01,2999,ホームポジション,Home Position,skip,duplicate,high,reuters,1
2026-04-01,2999,ホームポジション,Home Position Co Ltd,skip,duplicate,high,reuters,1
2026-04-01,2999,ホームポジション,ホームポジ,skip,duplicate,high,kabutan,1
2026-04-01,299A,クラシル,クラシル,add,exists_in_base,high,"kabutan,nikkei,tdnet",3
2026-04-01,299A,クラシル,Kurashiru,add,new_candidate,medium,reuters,1
2026-04-01,299A,クラシル,Kurashiru Inc,add,new_candidate,medium,reuters,1
2026-04-01,3001,片倉工業,片倉工業,add,exists_in_base,high,"kabutan,nikkei",2
2026-04-01,3001,片倉工業,Katakura Industries,skip,duplicate,high,reuters,1
2026-04-01,3001,片倉工業,Katakura Industries Co Ltd,skip,duplicate,high,reuters,1
2026-04-01,3001,片倉工業,片倉,skip,duplicate,high,kabutan,1
2026-04-01,3002,グンゼ,グンゼ,skip,duplicate,high,"kabutan,nikkei,tdnet",7
2026-04-01,3002,グンゼ,Gunze,skip,duplicate,high,reuters,1
2026-04-01,3002,グンゼ,Gunze Ltd,skip,duplicate,high,reuters,1
2026-04-01,3003,ヒューリック,ヒューリック,skip,duplicate,high,"kabutan,nikkei,tdnet",6
2026-04-01,3003,ヒューリック,Hulic,skip,duplicate,high,reuters,1
2026-04-01,3003,ヒューリック,Hulic Co Ltd,skip,duplicate,high,reuters,1
2026-04-01,3004,神栄,神栄,add,exists_in_base,high,"kabutan,nikkei",2
2026-04-01,3004,神栄,Shinyei Kaisha,skip,duplicate,high,reuters,1
2026-04-01,300A,MIC,MIC,skip,duplicate,high,"kabutan,nikkei,reuters",3
2026-04-01,300A,MIC,MIC Co Ltd,add,new_candidate,medium,reuters,1
2026-04-01,3010,ポラリス・ﾎｰﾙﾃﾞｨﾝｸﾞｽ,ポラリスHD,skip,duplicate,high,"kabutan,tdnet",8
2026-04-01,3010,ポラリス・ﾎｰﾙﾃﾞｨﾝｸﾞｽ,ポラリス・ホールディングス,skip,duplicate,high,"kabutan,nikkei",2
2026-04-01,3010,ポラリス・ﾎｰﾙﾃﾞｨﾝｸﾞｽ,Polaris,skip,duplicate,high,reuters,1
2026-04-01,3010,ポラリス・ﾎｰﾙﾃﾞｨﾝｸﾞｽ,Polaris Holdings Co Ltd,skip,duplicate,high,reuters,1
2026-04-01,3011,バナーズ,バナーズ,skip,duplicate,high,"kabutan,nikkei",2
2026-04-01,3011,バナーズ,Banners,skip,duplicate,high,reuters,1
2026-04-01,3011,バナーズ,Banners Co Ltd,skip,duplicate,high,reuters,1
2026-04-01,3020,アプライド,アプライド,add,exists_in_base,high,"kabutan,nikkei",2
2026-04-01,3020,アプライド,Applied,skip,duplicate,high,reuters,1
2026-04-01,3020,アプライド,Applied Co Ltd,skip,duplicate,high,reuters,1
2026-04-01,3021,パシフィックネット,PCNET,skip,duplicate,high,"kabutan,tdnet",2
2026-04-01,3021,パシフィックネット,パシフィックネット,add,exists_in_base,high,"kabutan,nikkei",2
2026-04-01,3021,パシフィックネット,Pacific Net,skip,duplicate,high,reuters,1
2026-04-01,3021,パシフィックネット,Pacific Net Co Ltd,skip,duplicate,high,reuters,1
2026-04-01,3023,ラサ商事,ラサ商事,skip,duplicate,high,"kabutan,nikkei,tdnet",4
2026-04-01,3023,ラサ商事,Rasa,skip,duplicate,high,reuters,1
2026-04-01,3023,ラサ商事,Rasa Corp,skip,duplicate,high,reuters,1
2026-04-01,3024,クリエイト,クリエイト,skip,duplicate,high,"kabutan,nikkei",2
2026-04-01,3024,クリエイト,Create,skip,duplicate,high,reuters,1
2026-04-01,3024,クリエイト,Create Corp,skip,duplicate,high,reuters,1
2026-04-01,3028,アルペン,アルペン,skip,duplicate,high,"kabutan,nikkei,tdnet",4
2026-04-01,3028,アルペン,Alpen,skip,duplicate,high,reuters,1
2026-04-01,3028,アルペン,Alpen Co Ltd,skip,duplicate,high,reuters,1
2026-04-01,302A,ビースタイルﾎｰﾙﾃﾞｨﾝｸﾞｽ,ビースタイルホールディングス,skip,duplicate,high,"kabutan,nikkei",2
2026-04-01,302A,ビースタイルﾎｰﾙﾃﾞｨﾝｸﾞｽ,ビースタイル,skip,duplicate,high,kabutan,1
2026-04-01,302A,ビースタイルﾎｰﾙﾃﾞｨﾝｸﾞｽ,ビースタイルHD,add,new_candidate,medium,tdnet,2
2026-04-01,302A,ビースタイルﾎｰﾙﾃﾞｨﾝｸﾞｽ,bstyle,add,new_candidate,medium,reuters,1
2026-04-01,302A,ビースタイルﾎｰﾙﾃﾞｨﾝｸﾞｽ,bstyle Holdings Inc,add,new_candidate,medium,reuters,1
2026-04-01,3030,ハブ,ハブ,skip,duplicate,high,"kabutan,nikkei",2
2026-04-01,3030,ハブ,Hub,skip,duplicate,high,reuters,1
2026-04-01,3030,ハブ,Hub Co Ltd,skip,duplicate,high,reuters,1
2026-04-01,3031,ラクーンﾎｰﾙﾃﾞｨﾝｸﾞｽ,ラクーンHD,skip,duplicate,high,"kabutan,tdnet",4
2026-04-01,3031,ラクーンﾎｰﾙﾃﾞｨﾝｸﾞｽ,ラクーンホールディングス,skip,duplicate,high,"kabutan,nikkei",2
2026-04-01,3031,ラクーンﾎｰﾙﾃﾞｨﾝｸﾞｽ,Raccoon,skip,duplicate,high,reuters,1
2026-04-01,3031,ラクーンﾎｰﾙﾃﾞｨﾝｸﾞｽ,Raccoon Holdings Inc,skip,duplicate,high,reuters,1
2026-04-01,3034,クオールﾎｰﾙﾃﾞｨﾝｸﾞｽ,クオールHD,skip,duplicate,high,"kabutan,tdnet",3
2026-04-01,3034,クオールﾎｰﾙﾃﾞｨﾝｸﾞｽ,クオールホールディングス,skip,duplicate,high,"kabutan,nikkei",2
2026-04-01,3034,クオールﾎｰﾙﾃﾞｨﾝｸﾞｽ,Qol,skip,duplicate,high,reuters,1
2026-04-01,3034,クオールﾎｰﾙﾃﾞｨﾝｸﾞｽ,Qol Holdings Co Ltd,skip,duplicate,high,reuters,1
2026-04-01,3035,ケイティケイ,KTK,skip,duplicate,high,"kabutan,reuters,tdnet",3
2026-04-01,3035,ケイティケイ,ケイティケイ,add,exists_in_base,high,"kabutan,nikkei",2
2026-04-01,3035,ケイティケイ,Ktk Inc,skip,duplicate,high,reuters,1
2026-04-01,3036,アルコニックス,アルコニックス,skip,duplicate,high,"kabutan,nikkei,tdnet",7
2026-04-01,3036,アルコニックス,Alconix,skip,duplicate,high,reuters,1
2026-04-01,3036,アルコニックス,Alconix Corp,skip,duplicate,high,reuters,1
2026-04-01,3036,アルコニックス,アルコニクス,skip,duplicate,high,kabutan,1
2026-04-01,3038,神戸物産,神戸物産,skip,duplicate,high,"kabutan,nikkei,tdnet",6
2026-04-01,3038,神戸物産,Kobe Bussan,skip,duplicate,high,reuters,1
2026-04-01,3038,神戸物産,Kobe Bussan Co Ltd,skip,duplicate,high,reuters,1
2026-04-01,303A,visumo,visumo,skip,duplicate,high,"kabutan,nikkei,reuters",3
2026-04-01,303A,visumo,visumo Inc,add,new_candidate,medium,reuters,1
2026-04-01,3040,ソリトンシステムズ,ソリトンシステムズ,skip,duplicate,high,"kabutan,nikkei,tdnet",4
2026-04-01,3040,ソリトンシステムズ,Soliton Systems,skip,duplicate,high,reuters,1
2026-04-01,3040,ソリトンシステムズ,Soliton Systems KK,skip,duplicate,high,reuters,1
2026-04-01,3040,ソリトンシステムズ,ソリトン,skip,duplicate,high,kabutan,1
2026-04-01,3041,ビューティカダンﾎｰﾙﾃﾞｨﾝｸﾞｽ,ビューティカダンホールディングス,skip,duplicate,high,"kabutan,nikkei",2
2026-04-01,3041,ビューティカダンﾎｰﾙﾃﾞｨﾝｸﾞｽ,Beauty Kadan,skip,duplicate,high,reuters,1
2026-04-01,3041,ビューティカダンﾎｰﾙﾃﾞｨﾝｸﾞｽ,Beauty Kadan Holdings Co Ltd,skip,duplicate,high,reuters,1
2026-04-01,3041,ビューティカダンﾎｰﾙﾃﾞｨﾝｸﾞｽ,ビューテHD,skip,duplicate,high,kabutan,1
2026-04-01,3042,セキュアヴェイル,セキュアヴェイル,skip,duplicate,high,"kabutan,nikkei",2
2026-04-01,3042,セキュアヴェイル,SecuAvail,skip,duplicate,high,reuters,1
2026-04-01,3042,セキュアヴェイル,SecuAvail Inc,skip,duplicate,high,reuters,1
2026-04-01,3042,セキュアヴェイル,セキュアヴェ,skip,duplicate,high,kabutan,1
2026-04-01,3045,カワサキ,カワサキ,add,exists_in_base,high,"kabutan,nikkei",2
2026-04-01,3045,カワサキ,Kawasaki &,skip,duplicate,high,reuters,1
2026-04-01,3045,カワサキ,Kawasaki & Co Ltd,skip,duplicate,high,reuters,1
2026-04-01,3046,ジンズﾎｰﾙﾃﾞｨﾝｸﾞｽ,JINSHD,skip,duplicate,high,"kabutan,tdnet",2
2026-04-01,3046,ジンズﾎｰﾙﾃﾞｨﾝｸﾞｽ,ジンズホールディングス,skip,duplicate,high,"kabutan,nikkei",2
2026-04-01,3046,ジンズﾎｰﾙﾃﾞｨﾝｸﾞｽ,Jins,skip,duplicate,high,reuters,1
2026-04-01,3046,ジンズﾎｰﾙﾃﾞｨﾝｸﾞｽ,Jins Holdings Inc,skip,duplicate,high,reuters,1
2026-04-01,3048,ビックカメラ,ビックカメラ,add,exists_in_base,high,"kabutan,nikkei",2
2026-04-01,3048,ビックカメラ,Bic Camera,skip,duplicate,high,reuters,1
2026-04-01,3048,ビックカメラ,Bic Camera Inc,skip,duplicate,high,reuters,1
2026-04-01,304A,フォルシア,フォルシア,add,exists_in_base,high,"kabutan,nikkei,tdnet",3
2026-04-01,304A,フォルシア,FORCIA,add,new_candidate,medium,reuters,1
2026-04-01,304A,フォルシア,FORCIA Inc,add,new_candidate,medium,reuters,1
2026-04-01,3050,DCMﾎｰﾙﾃﾞｨﾝｸﾞｽ,DCM,skip,duplicate,high,"kabutan,reuters,tdnet",4
2026-04-01,3050,DCMﾎｰﾙﾃﾞｨﾝｸﾞｽ,DCMホールディングス,skip,duplicate,high,"kabutan,nikkei",2
2026-04-01,3050,DCMﾎｰﾙﾃﾞｨﾝｸﾞｽ,DCM Holdings Co Ltd,skip,duplicate,high,reuters,1
2026-04-01,3053,ペッパーフードサービス,ペッパー,skip,duplicate,high,"kabutan,tdnet",4
2026-04-01,3053,ペッパーフードサービス,ペッパーフードサービス,add,exists_in_base,high,"kabutan,nikkei",2
2026-04-01,3053,ペッパーフードサービス,Pepper Food Service,skip,duplicate,high,reuters,1
2026-04-01,3053,ペッパーフードサービス,Pepper Food Service Co Ltd,skip,duplicate,high,reuters,1
2026-04-01,3054,ハイパー,ハイパー,skip,duplicate,high,"kabutan,nikkei,tdnet",5
2026-04-01,3054,ハイパー,Hyper,skip,duplicate,high,reuters,1
2026-04-01,3054,ハイパー,Hyper Inc,skip,duplicate,high,reuters,1
2026-04-01,3058,三洋堂ﾎｰﾙﾃﾞｨﾝｸﾞｽ,三洋堂HD,skip,duplicate,high,"kabutan,tdnet",3
2026-04-01,3058,三洋堂ﾎｰﾙﾃﾞｨﾝｸﾞｽ,三洋堂ホールディングス,skip,duplicate,high,"kabutan,nikkei",2
2026-04-01,3058,三洋堂ﾎｰﾙﾃﾞｨﾝｸﾞｽ,Sanyodo,skip,duplicate,high,reuters,1
2026-04-01,3058,三洋堂ﾎｰﾙﾃﾞｨﾝｸﾞｽ,Sanyodo Holdings Inc,skip,duplicate,high,reuters,1
2026-04-01,3059,ヒラキ,ヒラキ,skip,duplicate,high,"kabutan,nikkei,tdnet",3
2026-04-01,3059,ヒラキ,Hiraki,skip,duplicate,high,reuters,1
2026-04-01,3059,ヒラキ,Hiraki Co Ltd,skip,duplicate,high,reuters,1
2026-04-01,3063,ジェイｸﾞﾙｰﾌﾟﾎｰﾙﾃﾞｨﾝｸﾞｽ,jGroup,skip,duplicate,high,tdnet,3
2026-04-01,3063,ジェイｸﾞﾙｰﾌﾟﾎｰﾙﾃﾞｨﾝｸﾞｽ,ジェイグループホールディングス,skip,duplicate,high,"kabutan,nikkei",2
2026-04-01,3063,ジェイｸﾞﾙｰﾌﾟﾎｰﾙﾃﾞｨﾝｸﾞｽ,j-Group Holdings Corp,skip,duplicate,high,reuters,1
2026-04-01,3063,ジェイｸﾞﾙｰﾌﾟﾎｰﾙﾃﾞｨﾝｸﾞｽ,Jグループ,skip,duplicate,high,kabutan,1
2026-04-01,3064,MonotaRO,MRO,skip,duplicate,high,tdnet,6
2026-04-01,3064,MonotaRO,MonotaRO,skip,duplicate,high,"kabutan,nikkei,reuters",3
2026-04-01,3064,MonotaRO,MonotaRO Co Ltd,skip,duplicate,high,reuters,1
2026-04-01,3064,MonotaRO,モノタロウ,skip,duplicate,high,kabutan,1
2026-04-01,3065,ライフフーズ,ライフフーズ,skip,duplicate,high,"kabutan,nikkei",2
2026-04-01,3065,ライフフーズ,Life Foods,skip,duplicate,high,reuters,1
2026-04-01,3065,ライフフーズ,Life Foods Co Ltd,skip,duplicate,high,reuters,1
2026-04-01,3067,東京一番フーズ,東京一番フーズ,add,exists_in_base,high,"kabutan,nikkei",2
2026-04-01,3067,東京一番フーズ,Tokyo Ichiban Foods,skip,duplicate,high,reuters,1
2026-04-01,3067,東京一番フーズ,Tokyo Ichiban Foods Co Ltd,skip,duplicate,high,reuters,1
2026-04-01,3067,東京一番フーズ,東京一番,skip,duplicate,high,kabutan,1
2026-04-01,3068,WDI,WDI,skip,duplicate,high,"kabutan,nikkei,reuters,tdnet",4
2026-04-01,3068,WDI,WDI Corp,skip,duplicate,high,reuters,1
2026-04-01,3069,JFLAﾎｰﾙﾃﾞｨﾝｸﾞｽ,JFLAHD,skip,duplicate,high,"kabutan,tdnet",2
2026-04-01,3069,JFLAﾎｰﾙﾃﾞｨﾝｸﾞｽ,JFLAホールディングス,skip,duplicate,high,"kabutan,nikkei",2
2026-04-01,3069,JFLAﾎｰﾙﾃﾞｨﾝｸﾞｽ,JFLA,skip,duplicate,high,reuters,1
2026-04-01,3069,JFLAﾎｰﾙﾃﾞｨﾝｸﾞｽ,JFLA Holdings Inc,skip,duplicate,high,reuters,1
2026-04-01,3070,ジェリービーンズｸﾞﾙｰﾌﾟ,ジェリービーンズグループ,add,exists_in_base,high,"kabutan,nikkei",2
2026-04-01,3070,ジェリービーンズｸﾞﾙｰﾌﾟ,Jelly Beans,skip,duplicate,high,reuters,1
2026-04-01,3070,ジェリービーンズｸﾞﾙｰﾌﾟ,Jelly Beans Group Co Ltd,skip,duplicate,high,reuters,1
2026-04-01,3070,ジェリービーンズｸﾞﾙｰﾌﾟ,ジェリービーンズ,add,new_candidate,medium,tdnet,16
2026-04-01,3070,ジェリービーンズｸﾞﾙｰﾌﾟ,ジェリビンズ,add,new_candidate,medium,kabutan,1
2026-04-01,3071,ストリーム,ストリーム,skip,duplicate,high,"kabutan,nikkei,tdnet",7
2026-04-01,3071,ストリーム,Stream,skip,duplicate,high,reuters,1
2026-04-01,3071,ストリーム,Stream Co Ltd,skip,duplicate,high,reuters,1
2026-04-01,3075,銚子丸,銚子丸,skip,duplicate,high,"kabutan,nikkei",2
2026-04-01,3075,銚子丸,Choushimaru,skip,duplicate,high,reuters,1
2026-04-01,3075,銚子丸,Choushimaru Co Ltd,skip,duplicate,high,reuters,1
2026-04-01,3076,あい ﾎｰﾙﾃﾞｨﾝｸﾞｽ,あい ホールディングス,skip,duplicate,high,"kabutan,nikkei",2
2026-04-01,3076,あい ﾎｰﾙﾃﾞｨﾝｸﾞｽ,Ai Holdings Corp,skip,duplicate,high,reuters,1
2026-04-01,3076,あい ﾎｰﾙﾃﾞｨﾝｸﾞｽ,あいHD,skip,duplicate,high,kabutan,1
2026-04-01,3077,ホリイフードサービス,ホリイフード,skip,duplicate,high,"kabutan,tdnet",6
2026-04-01,3077,ホリイフードサービス,ホリイフードサービス,add,exists_in_base,high,"kabutan,nikkei",2
2026-04-01,3077,ホリイフードサービス,Horiifoodservice,skip,duplicate,high,reuters,1
2026-04-01,3077,ホリイフードサービス,Horiifoodservice Co Ltd,skip,duplicate,high,reuters,1
2026-04-01,3079,ディーブイエックス,DVx,skip,duplicate,high,"kabutan,reuters",2
2026-04-01,3079,ディーブイエックス,ディーブイエックス,add,exists_in_base,high,"kabutan,nikkei",2
2026-04-01,3079,ディーブイエックス,DVx Inc,skip,duplicate,high,reuters,1
2026-04-01,3080,ジェーソン,ジェーソン,add,exists_in_base,high,"kabutan,nikkei,tdnet",3
2026-04-01,3080,ジェーソン,Jason,skip,duplicate,high,reuters,1
2026-04-01,3080,ジェーソン,Jason Co Ltd,skip,duplicate,high,reuters,1
2026-04-01,3082,きちりﾎｰﾙﾃﾞｨﾝｸﾞｽ,きちりHD,skip,duplicate,high,"kabutan,tdnet",3
2026-04-01,3082,きちりﾎｰﾙﾃﾞｨﾝｸﾞｽ,きちりホールディングス,skip,duplicate,high,"kabutan,nikkei",2
2026-04-01,3082,きちりﾎｰﾙﾃﾞｨﾝｸﾞｽ,Kichiri Holdings &,skip,duplicate,high,reuters,1
2026-04-01,3082,きちりﾎｰﾙﾃﾞｨﾝｸﾞｽ,Kichiri Holdings & Co Ltd,skip,duplicate,high,reuters,1
2026-04-01,3083,スターシーズ,スターシーズ,skip,duplicate,high,"kabutan,nikkei,tdnet",9
2026-04-01,3083,スターシーズ,Star Seeds,skip,duplicate,high,reuters,1
2026-04-01,3083,スターシーズ,Star Seeds Co Ltd,skip,duplicate,high,reuters,1
2026-04-01,3086,J．フロント リテイリング,J.フロント リテイリング,skip,duplicate,high,"kabutan,nikkei",2
2026-04-01,3086,J．フロント リテイリング,Jフロント,skip,duplicate,high,"kabutan,tdnet",2
2026-04-01,3086,J．フロント リテイリング,J.Front Retailing,skip,duplicate,high,reuters,1
2026-04-01,3086,J．フロント リテイリング,J.Front Retailing Co Ltd,skip,duplicate,high,reuters,1
2026-04-01,3087,ドトール・日レスﾎｰﾙﾃﾞｨﾝｸﾞｽ,ドトール・日レスホールディングス,skip,duplicate,high,"kabutan,nikkei",2
2026-04-01,3087,ドトール・日レスﾎｰﾙﾃﾞｨﾝｸﾞｽ,Doutor Nichires,skip,duplicate,high,reuters,1
2026-04-01,3087,ドトール・日レスﾎｰﾙﾃﾞｨﾝｸﾞｽ,Doutor Nichires Holdings Co Ltd,skip,duplicate,high,reuters,1
2026-04-01,3087,ドトール・日レスﾎｰﾙﾃﾞｨﾝｸﾞｽ,ドトル日レス,skip,duplicate,high,kabutan,1
2026-04-01,3088,マツキヨココカラ＆カンパニー,マツキヨココカラ&カンパニー,add,exists_in_base,high,"kabutan,nikkei",2
2026-04-01,3088,マツキヨココカラ＆カンパニー,MatsukiyoCocokara &,skip,duplicate,high,reuters,1
2026-04-01,3088,マツキヨココカラ＆カンパニー,MatsukiyoCocokara & Co,skip,duplicate,high,reuters,1
2026-04-01,3088,マツキヨココカラ＆カンパニー,マツキヨココ,skip,duplicate,high,kabutan,1
2026-04-01,3089,テクノアルファ,テクノアルファ,add,exists_in_base,high,"kabutan,nikkei,tdnet",3
2026-04-01,3089,テクノアルファ,Techno Alpha,skip,duplicate,high,reuters,1
2026-04-01,3089,テクノアルファ,Techno Alpha Co Ltd,skip,duplicate,high,reuters,1
2026-04-01,3089,テクノアルファ,Tアルファ,skip,duplicate,high,kabutan,1
2026-04-01,3091,ブロンコビリー,ブロンコB,skip,duplicate,high,"kabutan,tdnet",2
2026-04-01,3091,ブロンコビリー,ブロンコビリー,add,exists_in_base,high,"kabutan,nikkei",2
2026-04-01,3091,ブロンコビリー,Bronco Billy,skip,duplicate,high,reuters,1
2026-04-01,3091,ブロンコビリー,Bronco Billy Co Ltd,skip,duplicate,high,reuters,1
2026-04-01,3092,ZOZO,ZOZO,skip,duplicate,high,"kabutan,nikkei,reuters,tdnet",4
2026-04-01,3092,ZOZO,ZOZO Inc,skip,duplicate,high,reuters,1
2026-04-01,3093,トレジャー・ファクトリー,トレファク,skip,duplicate,high,"kabutan,tdnet",3
2026-04-01,3093,トレジャー・ファクトリー,トレジャー・ファクトリー,add,exists_in_base,high,"kabutan,nikkei",2
2026-04-01,3093,トレジャー・ファクトリー,Treasure Factory,skip,duplicate,high,reuters,1
2026-04-01,3093,トレジャー・ファクトリー,Treasure Factory Co Ltd,skip,duplicate,high,reuters,1
2026-04-01,3096,オーシャンシステム,オーシャンシステム,add,exists_in_base,high,"kabutan,nikkei",2
2026-04-01,3096,オーシャンシステム,Ocean System,skip,duplicate,high,reuters,1
2026-04-01,3096,オーシャンシステム,Ocean System Corp,skip,duplicate,high,reuters,1
2026-04-01,3096,オーシャンシステム,オーシャンシ,skip,duplicate,high,kabutan,1
2026-04-01,3097,物語ｺｰﾎﾟﾚｰｼｮﾝ,物語コーポ,skip,duplicate,high,"kabutan,tdnet",3
2026-04-01,3097,物語ｺｰﾎﾟﾚｰｼｮﾝ,物語コーポレーション,skip,duplicate,high,"kabutan,nikkei",2
2026-04-01,3097,物語ｺｰﾎﾟﾚｰｼｮﾝ,Monogatari,skip,duplicate,high,reuters,1
2026-04-01,3097,物語ｺｰﾎﾟﾚｰｼｮﾝ,Monogatari Corp,skip,duplicate,high,reuters,1
2026-04-01,3099,三越伊勢丹ﾎｰﾙﾃﾞｨﾝｸﾞｽ,ミツコシイセタン,skip,duplicate,high,tdnet,2
2026-04-01,3099,三越伊勢丹ﾎｰﾙﾃﾞｨﾝｸﾞｽ,三越伊勢丹ホールディングス,skip,duplicate,high,"kabutan,nikkei",2
2026-04-01,3099,三越伊勢丹ﾎｰﾙﾃﾞｨﾝｸﾞｽ,Isetan Mitsukoshi,skip,duplicate,high,reuters,1
2026-04-01,3099,三越伊勢丹ﾎｰﾙﾃﾞｨﾝｸﾞｽ,Isetan Mitsukoshi Holdings Ltd,skip,duplicate,high,reuters,1
2026-04-01,3099,三越伊勢丹ﾎｰﾙﾃﾞｨﾝｸﾞｽ,三越伊勢丹,skip,duplicate,high,kabutan,1
2026-04-01,3101,東洋紡,東洋紡,skip,duplicate,high,"kabutan,nikkei",2
2026-04-01,3101,東洋紡,Toyobo,skip,duplicate,high,reuters,1
2026-04-01,3101,東洋紡,Toyobo Co Ltd,skip,duplicate,high,reuters,1
2026-04-01,3103,ユニチカ,ユニチカ,skip,duplicate,high,"kabutan,nikkei,tdnet",7
2026-04-01,3103,ユニチカ,Unitika,skip,duplicate,high,reuters,1
2026-04-01,3103,ユニチカ,Unitika Ltd,skip,duplicate,high,reuters,1
2026-04-01,3104,富士紡ﾎｰﾙﾃﾞｨﾝｸﾞｽ,富士紡HD,skip,duplicate,high,"kabutan,tdnet",2
2026-04-01,3104,富士紡ﾎｰﾙﾃﾞｨﾝｸﾞｽ,富士紡ホールディングス,skip,duplicate,high,"kabutan,nikkei",2
2026-04-01,3104,富士紡ﾎｰﾙﾃﾞｨﾝｸﾞｽ,Fujibo,skip,duplicate,high,reuters,1
2026-04-01,3104,富士紡ﾎｰﾙﾃﾞｨﾝｸﾞｽ,Fujibo Holdings Inc,skip,duplicate,high,reuters,1
2026-04-01,3105,日清紡ﾎｰﾙﾃﾞｨﾝｸﾞｽ,日清紡ホールディングス,skip,duplicate,high,"kabutan,nikkei",2
2026-04-01,3105,日清紡ﾎｰﾙﾃﾞｨﾝｸﾞｽ,Nisshinbo,skip,duplicate,high,reuters,1
2026-04-01,3105,日清紡ﾎｰﾙﾃﾞｨﾝｸﾞｽ,Nisshinbo Holdings Inc,skip,duplicate,high,reuters,1
2026-04-01,3105,日清紡ﾎｰﾙﾃﾞｨﾝｸﾞｽ,日清紡HD,skip,duplicate,high,kabutan,1
2026-04-01,3106,倉敷紡績,クラボウ,skip,duplicate,high,"kabutan,nikkei,tdnet",4
2026-04-01,3106,倉敷紡績,Kurabo Industries,skip,duplicate,high,reuters,1
2026-04-01,3106,倉敷紡績,Kurabo Industries Ltd,skip,duplicate,high,reuters,1
2026-04-01,3107,ダイワボウﾎｰﾙﾃﾞｨﾝｸﾞｽ,ダイワボウホールディングス,skip,duplicate,high,"kabutan,nikkei",2
2026-04-01,3107,ダイワボウﾎｰﾙﾃﾞｨﾝｸﾞｽ,Daiwabo,skip,duplicate,high,reuters,1
2026-04-01,3107,ダイワボウﾎｰﾙﾃﾞｨﾝｸﾞｽ,Daiwabo Holdings Co Ltd,skip,duplicate,high,reuters,1
2026-04-01,3107,ダイワボウﾎｰﾙﾃﾞｨﾝｸﾞｽ,ダイワボHD,skip,duplicate,high,tdnet,1
2026-04-01,3107,ダイワボウﾎｰﾙﾃﾞｨﾝｸﾞｽ,ダイワボウ,skip,duplicate,high,kabutan,1
2026-04-01,3109,シキボウ,シキボウ,skip,duplicate,high,"kabutan,nikkei,tdnet",4
2026-04-01,3109,シキボウ,Shikibo,skip,duplicate,high,reuters,1
2026-04-01,3109,シキボウ,Shikibo Ltd,skip,duplicate,high,reuters,1
2026-04-01,3110,日東紡績,日東紡,skip,duplicate,high,"kabutan,nikkei",2
2026-04-01,3110,日東紡績,Nitto Boseki,skip,duplicate,high,reuters,1
2026-04-01,3110,日東紡績,Nitto Boseki Co Ltd,skip,duplicate,high,reuters,1
2026-04-01,3110,日東紡績,日東紡績,add,exists_in_base,high,kabutan,1
2026-04-01,3111,オーミケンシ,オーミケンシ,skip,duplicate,high,"kabutan,nikkei,tdnet",3
2026-04-01,3111,オーミケンシ,Omikenshi,skip,duplicate,high,reuters,1
2026-04-01,3111,オーミケンシ,Omikenshi Co Ltd,skip,duplicate,high,reuters,1
2026-04-01,3113,UNIVA・Oakﾎｰﾙﾃﾞｨﾝｸﾞｽ,UNIVA Oak,skip,duplicate,high,"reuters,tdnet",3
2026-04-01,3113,UNIVA・Oakﾎｰﾙﾃﾞｨﾝｸﾞｽ,UNIVA・Oakホールディングス,skip,duplicate,high,"kabutan,nikkei",2
2026-04-01,3113,UNIVA・Oakﾎｰﾙﾃﾞｨﾝｸﾞｽ,UNIVA,skip,duplicate,high,kabutan,1
2026-04-01,3113,UNIVA・Oakﾎｰﾙﾃﾞｨﾝｸﾞｽ,UNIVA Oak Holdings Ltd,skip,duplicate,high,reuters,1
2026-04-01,3116,トヨタ紡織,トヨタ紡織,skip,duplicate,high,"kabutan,nikkei,tdnet",3
2026-04-01,3116,トヨタ紡織,Toyota Boshoku,skip,duplicate,high,reuters,1
2026-04-01,3116,トヨタ紡織,Toyota Boshoku Corp,skip,duplicate,high,reuters,1
2026-04-01,3121,マーチャント・バンカーズ,マーチャント,skip,duplicate,high,"kabutan,tdnet",10
2026-04-01,3121,マーチャント・バンカーズ,マーチャント・バンカーズ,add,exists_in_base,high,"kabutan,nikkei",2
2026-04-01,3121,マーチャント・バンカーズ,MBK,skip,duplicate,high,reuters,1
2026-04-01,3121,マーチャント・バンカーズ,MBK Co Ltd,skip,duplicate,high,reuters,1
2026-04-01,3123,サイボー,サイボー,skip,duplicate,high,"kabutan,nikkei",2
2026-04-01,3123,サイボー,Saibo,skip,duplicate,high,reuters,1
2026-04-01,3123,サイボー,Saibo Co Ltd,skip,duplicate,high,reuters,1
2026-04-01,3131,シンデン・ハイテックス,シンデン・ハイテックス,add,exists_in_base,high,"kabutan,nikkei",2
2026-04-01,3131,シンデン・ハイテックス,Shinden Hightex,skip,duplicate,high,reuters,1
2026-04-01,3131,シンデン・ハイテックス,Shinden Hightex Corp,skip,duplicate,high,reuters,1
2026-04-01,3131,シンデン・ハイテックス,シンデンハイテク,skip,duplicate,high,tdnet,1
2026-04-01,3131,シンデン・ハイテックス,シンデンハイ,add,new_candidate,medium,kabutan,1
2026-04-01,3132,マクニカﾎｰﾙﾃﾞｨﾝｸﾞｽ,マクニカHD,skip,duplicate,high,"kabutan,tdnet",2
2026-04-01,3132,マクニカﾎｰﾙﾃﾞｨﾝｸﾞｽ,マクニカホールディングス,add,exists_in_base,high,"kabutan,nikkei",2
2026-04-01,3132,マクニカﾎｰﾙﾃﾞｨﾝｸﾞｽ,Macnica,skip,duplicate,high,reuters,1
2026-04-01,3132,マクニカﾎｰﾙﾃﾞｨﾝｸﾞｽ,Macnica Holdings Inc,skip,duplicate,high,reuters,1
2026-04-01,3133,海帆,海帆,add,exists_in_base,high,"kabutan,nikkei,tdnet",18
2026-04-01,3133,海帆,Kaihan,skip,duplicate,high,reuters,1
2026-04-01,3133,海帆,Kaihan Co Ltd,skip,duplicate,high,reuters,1
2026-04-01,3134,Hamee,Hamee,add,exists_in_base,high,"kabutan,nikkei,reuters,tdnet",5
2026-04-01,3134,Hamee,Hamee Corp,skip,duplicate,high,reuters,1
2026-04-01,3135,マーケットエンタープライズ,マーケットエンター,skip,duplicate,high,tdnet,3
2026-04-01,3135,マーケットエンタープライズ,マーケットエンタープライズ,add,exists_in_base,high,"kabutan,nikkei",2
2026-04-01,3135,マーケットエンタープライズ,MarketEnterprise,skip,duplicate,high,reuters,1
2026-04-01,3135,マーケットエンタープライズ,MarketEnterprise Co Ltd,skip,duplicate,high,reuters,1
2026-04-01,3135,マーケットエンタープライズ,マーケットE,skip,duplicate,high,kabutan,1
2026-04-01,3137,ファンデリー,ファンデリー,add,exists_in_base,high,"kabutan,nikkei,tdnet",4
2026-04-01,3137,ファンデリー,Fundely,skip,duplicate,high,reuters,1
2026-04-01,3137,ファンデリー,Fundely Co Ltd,skip,duplicate,high,reuters,1
2026-04-01,3138,富士山マガジンサービス,富士山マガジン,skip,duplicate,high,tdnet,3
2026-04-01,3138,富士山マガジンサービス,富士山マガジンサービス,add,exists_in_base,high,"kabutan,nikkei",2
2026-04-01,3138,富士山マガジンサービス,Fujisan Magazine Service,skip,duplicate,high,reuters,1
2026-04-01,3138,富士山マガジンサービス,Fujisan Magazine Service Co Ltd,skip,duplicate,high,reuters,1
2026-04-01,3138,富士山マガジンサービス,富士山MS,skip,duplicate,high,kabutan,1
2026-04-01,3139,ラクト・ジャパン,ラクト・ジャパン,skip,duplicate,high,"kabutan,nikkei,tdnet",4
2026-04-01,3139,ラクト・ジャパン,Lacto Japan,skip,duplicate,high,reuters,1
2026-04-01,3139,ラクト・ジャパン,Lacto Japan Co Ltd,skip,duplicate,high,reuters,1
2026-04-01,3139,ラクト・ジャパン,ラクトJ,skip,duplicate,high,kabutan,1
2026-04-01,3140,BRUNO,BRUNO,skip,duplicate,high,"kabutan,nikkei,reuters,tdnet",4
2026-04-01,3140,BRUNO,Bruno Inc,skip,duplicate,high,reuters,1
2026-04-01,3143,オーウイル,オーウイル,skip,duplicate,high,"kabutan,nikkei",2
2026-04-01,3143,オーウイル,O' will,skip,duplicate,high,reuters,1
2026-04-01,3143,オーウイル,O' will Corp,skip,duplicate,high,reuters,1
2026-04-01,3148,クリエイトSDﾎｰﾙﾃﾞｨﾝｸﾞｽ,クリエイトSDホールディングス,skip,duplicate,high,"kabutan,nikkei",2
2026-04-01,3148,クリエイトSDﾎｰﾙﾃﾞｨﾝｸﾞｽ,Create SD,skip,duplicate,high,reuters,1
2026-04-01,3148,クリエイトSDﾎｰﾙﾃﾞｨﾝｸﾞｽ,Create SD Holdings Co Ltd,skip,duplicate,high,reuters,1
2026-04-01,3148,クリエイトSDﾎｰﾙﾃﾞｨﾝｸﾞｽ,クリエイトS,skip,duplicate,high,kabutan,1
2026-04-01,3150,グリムス,グリムス,skip,duplicate,high,"kabutan,nikkei",2
2026-04-01,3150,グリムス,grems,skip,duplicate,high,reuters,1
2026-04-01,3150,グリムス,grems Inc,skip,duplicate,high,reuters,1
2026-04-01,3151,バイタルケーエスケー・ﾎｰﾙﾃﾞｨﾝｸﾞｽ,バイタルKSK,skip,duplicate,high,tdnet,2
2026-04-01,3151,バイタルケーエスケー・ﾎｰﾙﾃﾞｨﾝｸﾞｽ,バイタルケーエスケー・ホールディングス,skip,duplicate,high,"kabutan,nikkei",2
2026-04-01,3151,バイタルケーエスケー・ﾎｰﾙﾃﾞｨﾝｸﾞｽ,Vital Ksk,skip,duplicate,high,reuters,1
2026-04-01,3151,バイタルケーエスケー・ﾎｰﾙﾃﾞｨﾝｸﾞｽ,Vital Ksk Holdings Inc,skip,duplicate,high,reuters,1
2026-04-01,3151,バイタルケーエスケー・ﾎｰﾙﾃﾞｨﾝｸﾞｽ,バイタルKS,skip,duplicate,high,kabutan,1
2026-04-01,3153,八洲電機,八洲電機,skip,duplicate,high,"kabutan,nikkei,tdnet",3
2026-04-01,3153,八洲電機,Yashima Denki,skip,duplicate,high,reuters,1
2026-04-01,3153,八洲電機,Yashima Denki Co Ltd,skip,duplicate,high,reuters,1
2026-04-01,3154,メディアスﾎｰﾙﾃﾞｨﾝｸﾞｽ,メディアスホールディングス,skip,duplicate,high,"kabutan,nikkei",2
2026-04-01,3154,メディアスﾎｰﾙﾃﾞｨﾝｸﾞｽ,Medius,skip,duplicate,high,reuters,1
2026-04-01,3154,メディアスﾎｰﾙﾃﾞｨﾝｸﾞｽ,Medius Holdings Co Ltd,skip,duplicate,high,reuters,1
2026-04-01,3154,メディアスﾎｰﾙﾃﾞｨﾝｸﾞｽ,メディアス,skip,duplicate,high,kabutan,1
2026-04-01,3156,レスター,レスター,skip,duplicate,high,"kabutan,nikkei",2
2026-04-01,3156,レスター,Restar,skip,duplicate,high,reuters,1
2026-04-01,3156,レスター,Restar Corp,skip,duplicate,high,reuters,1
2026-04-01,3157,ジオリーブｸﾞﾙｰﾌﾟ,ジオリーブグループ,skip,duplicate,high,"kabutan,nikkei,tdnet",4
2026-04-01,3157,ジオリーブｸﾞﾙｰﾌﾟ,GEOLIVE,skip,duplicate,high,reuters,1
2026-04-01,3157,ジオリーブｸﾞﾙｰﾌﾟ,GEOLIVE Group Corp,skip,duplicate,high,reuters,1
2026-04-01,3157,ジオリーブｸﾞﾙｰﾌﾟ,ジオリーブG,skip,duplicate,high,kabutan,1
2026-04-01,3159,丸善CHIﾎｰﾙﾃﾞｨﾝｸﾞｽ,丸善CHI,skip,duplicate,high,"kabutan,tdnet",5
2026-04-01,3159,丸善CHIﾎｰﾙﾃﾞｨﾝｸﾞｽ,丸善CHIホールディングス,skip,duplicate,high,"kabutan,nikkei",2
2026-04-01,3159,丸善CHIﾎｰﾙﾃﾞｨﾝｸﾞｽ,Maruzen CHI,skip,duplicate,high,reuters,1
2026-04-01,3159,丸善CHIﾎｰﾙﾃﾞｨﾝｸﾞｽ,Maruzen CHI Holdings Co Ltd,skip,duplicate,high,reuters,1
2026-04-01,3160,大光,大光,skip,duplicate,high,"kabutan,nikkei,tdnet",6
2026-04-01,3160,大光,Oomitsu,skip,duplicate,high,reuters,1
2026-04-01,3160,大光,Oomitsu Co Ltd,skip,duplicate,high,reuters,1
2026-04-01,3161,アゼアス,アゼアス,skip,duplicate,high,"kabutan,nikkei,tdnet",3
2026-04-01,3161,アゼアス,Azearth,skip,duplicate,high,reuters,1
2026-04-01,3161,アゼアス,Azearth Corp,skip,duplicate,high,reuters,1
2026-04-01,3166,OCHIﾎｰﾙﾃﾞｨﾝｸﾞｽ,OCHIHD,skip,duplicate,high,"kabutan,tdnet",3
2026-04-01,3166,OCHIﾎｰﾙﾃﾞｨﾝｸﾞｽ,OCHIホールディングス,skip,duplicate,high,"kabutan,nikkei",2
2026-04-01,3166,OCHIﾎｰﾙﾃﾞｨﾝｸﾞｽ,Ochi,skip,duplicate,high,reuters,1
2026-04-01,3166,OCHIﾎｰﾙﾃﾞｨﾝｸﾞｽ,Ochi Holdings Co Ltd,skip,duplicate,high,reuters,1
2026-04-01,3167,TOKAIﾎｰﾙﾃﾞｨﾝｸﾞｽ,TOKAI HD,skip,duplicate,high,tdnet,4
2026-04-01,3167,TOKAIﾎｰﾙﾃﾞｨﾝｸﾞｽ,TOKAI,skip,duplicate,high,"kabutan,reuters",2
2026-04-01,3167,TOKAIﾎｰﾙﾃﾞｨﾝｸﾞｽ,TOKAIホールディングス,add,exists_in_base,high,"kabutan,nikkei",2
2026-04-01,3167,TOKAIﾎｰﾙﾃﾞｨﾝｸﾞｽ,Tokai Holdings Corp,skip,duplicate,high,reuters,1
2026-04-01,3168,MERF,MERF,skip,duplicate,high,"kabutan,nikkei,reuters",3
2026-04-01,3168,MERF,MERF Inc,skip,duplicate,high,reuters,1
2026-04-01,3169,ミサワ,ミサワ,skip,duplicate,high,"kabutan,nikkei,tdnet",8
2026-04-01,3169,ミサワ,Misawa &,skip,duplicate,high,reuters,1
2026-04-01,3169,ミサワ,Misawa & Co Ltd,skip,duplicate,high,reuters,1
2026-04-01,3172,ティーライフ,ティーライフ,skip,duplicate,high,"kabutan,nikkei,tdnet",5
2026-04-01,3172,ティーライフ,Tea Life,skip,duplicate,high,reuters,1
2026-04-01,3172,ティーライフ,Tea Life Co Ltd,skip,duplicate,high,reuters,1
2026-04-01,3173,Cominix,Cominix,skip,duplicate,high,"kabutan,nikkei,reuters",3
2026-04-01,3173,Cominix,Cominix Co Ltd,skip,duplicate,high,reuters,1
2026-04-01,3173,Cominix,コミニックス,skip,duplicate,high,kabutan,1
2026-04-01,3174,ハピネス・アンド・ディ,ハピネス&D,skip,duplicate,high,"kabutan,tdnet",4
2026-04-01,3174,ハピネス・アンド・ディ,ハピネス・アンド・ディ,add,exists_in_base,high,"kabutan,nikkei",2
2026-04-01,3174,ハピネス・アンド・ディ,Happiness and D,skip,duplicate,high,reuters,1
2026-04-01,3174,ハピネス・アンド・ディ,Happiness and D Co Ltd,skip,duplicate,high,reuters,1
2026-04-01,3175,エー・ピーﾎｰﾙﾃﾞｨﾝｸﾞｽ,APHD,skip,duplicate,high,"kabutan,tdnet",4
2026-04-01,3175,エー・ピーﾎｰﾙﾃﾞｨﾝｸﾞｽ,エー・ピーホールディングス,skip,duplicate,high,"kabutan,nikkei",2
2026-04-01,3175,エー・ピーﾎｰﾙﾃﾞｨﾝｸﾞｽ,AP Holdings Co Ltd,skip,duplicate,high,reuters,1
2026-04-01,3176,三洋貿易,三洋貿易,skip,duplicate,high,"kabutan,nikkei",2
2026-04-01,3176,三洋貿易,Sanyo Trading,skip,duplicate,high,reuters,1
2026-04-01,3176,三洋貿易,Sanyo Trading Co Ltd,skip,duplicate,high,reuters,1
2026-04-01,3177,ありがとうサービス,ありがとうサービス,add,exists_in_base,high,"kabutan,nikkei",2
2026-04-01,3177,ありがとうサービス,Arigatou Services,skip,duplicate,high,reuters,1
2026-04-01,3177,ありがとうサービス,Arigatou Services Co Ltd,skip,duplicate,high,reuters,1
2026-04-01,3177,ありがとうサービス,ありがとうS,skip,duplicate,high,kabutan,1
2026-04-01,3178,チムニー,チムニー,skip,duplicate,high,"kabutan,nikkei,tdnet",4
2026-04-01,3178,チムニー,Chimney,skip,duplicate,high,reuters,1
2026-04-01,3178,チムニー,Chimney Co Ltd,skip,duplicate,high,reuters,1
2026-04-01,3179,シュッピン,シュッピン,skip,duplicate,high,"kabutan,nikkei,tdnet",4
2026-04-01,3179,シュッピン,Syuppin,skip,duplicate,high,reuters,1
2026-04-01,3179,シュッピン,Syuppin Co Ltd,skip,duplicate,high,reuters,1
2026-04-01,3180,ビューティガレージ,ビューティガレージ,add,exists_in_base,high,"kabutan,nikkei,tdnet",4
2026-04-01,3180,ビューティガレージ,Beauty Garage,skip,duplicate,high,reuters,1
2026-04-01,3180,ビューティガレージ,Beauty Garage Inc,skip,duplicate,high,reuters,1
2026-04-01,3180,ビューティガレージ,Bガレージ,add,new_candidate,medium,kabutan,1
2026-04-01,3181,買取王国,買取王国,skip,duplicate,high,"kabutan,nikkei,tdnet",4
2026-04-01,3181,買取王国,Kaitori Okoku,skip,duplicate,high,reuters,1
2026-04-01,3181,買取王国,Kaitori Okoku Co Ltd,skip,duplicate,high,reuters,1
2026-04-01,3182,オイシックス・ラ・大地,オイシックス・ラ・大地,skip,duplicate,high,"kabutan,nikkei,tdnet",7
2026-04-01,3182,オイシックス・ラ・大地,Oisix Ra Daichi,skip,duplicate,high,reuters,1
2026-04-01,3182,オイシックス・ラ・大地,Oisix Ra Daichi Inc,skip,duplicate,high,reuters,1
2026-04-01,3182,オイシックス・ラ・大地,オイシックス,skip,duplicate,high,kabutan,1
2026-04-01,3183,ウイン・パートナーズ,ウイン・パートナーズ,skip,duplicate,high,"kabutan,nikkei,tdnet",4
2026-04-01,3183,ウイン・パートナーズ,Win-Partners,skip,duplicate,high,reuters,1
2026-04-01,3183,ウイン・パートナーズ,Win-Partners Co Ltd,skip,duplicate,high,reuters,1
2026-04-01,3183,ウイン・パートナーズ,ウインP,skip,duplicate,high,kabutan,1
2026-04-01,3184,ICDAﾎｰﾙﾃﾞｨﾝｸﾞｽ,ICDAホールディングス,skip,duplicate,high,"kabutan,nikkei",2
2026-04-01,3184,ICDAﾎｰﾙﾃﾞｨﾝｸﾞｽ,ICDA,skip,duplicate,high,kabutan,1
2026-04-01,3184,ICDAﾎｰﾙﾃﾞｨﾝｸﾞｽ,International Conglomerate of Distribution for Automobile,add,new_candidate,medium,reuters,1
2026-04-01,3184,ICDAﾎｰﾙﾃﾞｨﾝｸﾞｽ,International Conglomerate of Distribution for Automobile Holdings Co Ltd,add,new_candidate,medium,reuters,1
2026-04-01,3185,夢展望,夢展望,add,exists_in_base,high,"kabutan,nikkei,tdnet",6
2026-04-01,3185,夢展望,Dream Vision,skip,duplicate,high,reuters,1
2026-04-01,3185,夢展望,Dream Vision Co Ltd,skip,duplicate,high,reuters,1
2026-04-01,3186,ネクステージ,ネクステージ,skip,duplicate,high,"kabutan,nikkei,tdnet",4
2026-04-01,3186,ネクステージ,Nextage,skip,duplicate,high,reuters,1
2026-04-01,3186,ネクステージ,Nextage Co Ltd,skip,duplicate,high,reuters,1
2026-04-01,3187,ミラタップ,ミラタップ,add,exists_in_base,high,"kabutan,nikkei,tdnet",4
2026-04-01,3187,ミラタップ,Miratap,skip,duplicate,high,reuters,1
2026-04-01,3187,ミラタップ,Miratap Inc,skip,duplicate,high,reuters,1
2026-04-01,3189,ANAPﾎｰﾙﾃﾞｨﾝｸﾞｽ,ANAP,skip,duplicate,high,"reuters,tdnet",7
2026-04-01,3189,ANAPﾎｰﾙﾃﾞｨﾝｸﾞｽ,ANAPホールディングス,add,exists_in_base,high,"kabutan,nikkei",2
2026-04-01,3189,ANAPﾎｰﾙﾃﾞｨﾝｸﾞｽ,ANAP Holdings Inc,skip,duplicate,high,reuters,1
2026-04-01,3189,ANAPﾎｰﾙﾃﾞｨﾝｸﾞｽ,ANAPHD,add,new_candidate,medium,kabutan,1
2026-04-01,3190,ホットマン,ホットマン,add,exists_in_base,high,"kabutan,nikkei",2
2026-04-01,3190,ホットマン,Hotman,skip,duplicate,high,reuters,1
2026-04-01,3190,ホットマン,Hotman Co Ltd,skip,duplicate,high,reuters,1
2026-04-01,3191,ジョイフル本田,ジョイフル本田,skip,duplicate,high,"kabutan,nikkei",2
2026-04-01,3191,ジョイフル本田,Joyful Honda,skip,duplicate,high,reuters,1
2026-04-01,3191,ジョイフル本田,Joyful Honda Co Ltd,skip,duplicate,high,reuters,1
2026-04-01,3191,ジョイフル本田,ジョイ本田,add,new_candidate,medium,kabutan,1
2026-04-01,3192,白鳩,白鳩,skip,duplicate,high,"kabutan,nikkei,tdnet",4
2026-04-01,3192,白鳩,Shirohato,skip,duplicate,high,reuters,1
2026-04-01,3192,白鳩,Shirohato Co Ltd,skip,duplicate,high,reuters,1
2026-04-01,3193,エターナルホスピタリティｸﾞﾙｰﾌﾟ,エターナルホスピG,skip,duplicate,high,tdnet,5
2026-04-01,3193,エターナルホスピタリティｸﾞﾙｰﾌﾟ,エターナルホスピタリティグループ,skip,duplicate,high,"kabutan,nikkei",2
2026-04-01,3193,エターナルホスピタリティｸﾞﾙｰﾌﾟ,Eternal Hospitality,skip,duplicate,high,reuters,1
2026-04-01,3193,エターナルホスピタリティｸﾞﾙｰﾌﾟ,Eternal Hospitality Group Co Ltd,skip,duplicate,high,reuters,1
2026-04-01,3193,エターナルホスピタリティｸﾞﾙｰﾌﾟ,エターナルG,skip,duplicate,high,kabutan,1
2026-04-01,3195,ジェネレーションパス,ジェネパ,skip,duplicate,high,"kabutan,tdnet",6
2026-04-01,3195,ジェネレーションパス,ジェネレーションパス,add,exists_in_base,high,"kabutan,nikkei",2
2026-04-01,3195,ジェネレーションパス,Generation Pass,skip,duplicate,high,reuters,1
2026-04-01,3195,ジェネレーションパス,Generation Pass Co Ltd,skip,duplicate,high,reuters,1
2026-04-01,3196,ホットランドﾎｰﾙﾃﾞｨﾝｸﾞｽ,ホットランドホールディングス,skip,duplicate,high,"kabutan,nikkei",2
2026-04-01,3196,ホットランドﾎｰﾙﾃﾞｨﾝｸﾞｽ,Hotland,skip,duplicate,high,reuters,1
2026-04-01,3196,ホットランドﾎｰﾙﾃﾞｨﾝｸﾞｽ,Hotland Holdings Co Ltd,skip,duplicate,high,reuters,1
2026-04-01,3196,ホットランドﾎｰﾙﾃﾞｨﾝｸﾞｽ,ホットランド,skip,duplicate,high,kabutan,1
2026-04-01,3196,ホットランドﾎｰﾙﾃﾞｨﾝｸﾞｽ,ホットランドHD,skip,duplicate,high,tdnet,1
2026-04-01,3197,すかいらーくﾎｰﾙﾃﾞｨﾝｸﾞｽ,すかいらーくHD,skip,duplicate,high,tdnet,3
2026-04-01,3197,すかいらーくﾎｰﾙﾃﾞｨﾝｸﾞｽ,すかいらーくホールディングス,skip,duplicate,high,"kabutan,nikkei",2
2026-04-01,3197,すかいらーくﾎｰﾙﾃﾞｨﾝｸﾞｽ,Skylark,skip,duplicate,high,reuters,1
2026-04-01,3197,すかいらーくﾎｰﾙﾃﾞｨﾝｸﾞｽ,Skylark Holdings Co Ltd,skip,duplicate,high,reuters,1
2026-04-01,3197,すかいらーくﾎｰﾙﾃﾞｨﾝｸﾞｽ,すかいらーく,skip,duplicate,high,kabutan,1
2026-04-01,3198,SFPﾎｰﾙﾃﾞｨﾝｸﾞｽ,SFP,skip,duplicate,high,"kabutan,reuters",2
2026-04-01,3198,SFPﾎｰﾙﾃﾞｨﾝｸﾞｽ,SFPホールディングス,skip,duplicate,high,"kabutan,nikkei",2
2026-04-01,3198,SFPﾎｰﾙﾃﾞｨﾝｸﾞｽ,SFP Holdings Co Ltd,skip,duplicate,high,reuters,1
2026-04-01,3199,綿半ﾎｰﾙﾃﾞｨﾝｸﾞｽ,綿半ホールディングス,skip,duplicate,high,"kabutan,nikkei,tdnet",3
2026-04-01,3199,綿半ﾎｰﾙﾃﾞｨﾝｸﾞｽ,Watahan &,skip,duplicate,high,reuters,1
2026-04-01,3199,綿半ﾎｰﾙﾃﾞｨﾝｸﾞｽ,Watahan & Co Ltd,skip,duplicate,high,reuters,1
2026-04-01,3199,綿半ﾎｰﾙﾃﾞｨﾝｸﾞｽ,綿半HD,skip,duplicate,high,kabutan,1
2026-04-01,319A,技術承継機構,技術承継機構,add,exists_in_base,high,"kabutan,nikkei,tdnet",10
2026-04-01,319A,技術承継機構,Next Generation Technology,add,new_candidate,medium,reuters,1
2026-04-01,319A,技術承継機構,Next Generation Technology Group Inc,add,new_candidate,medium,reuters,1
2026-04-01,3201,日本毛織,ニッケ,skip,duplicate,high,"kabutan,nikkei,tdnet",7
2026-04-01,3201,日本毛織,Japan Wool Textile,skip,duplicate,high,reuters,1
2026-04-01,3201,日本毛織,Japan Wool Textile Co Ltd,skip,duplicate,high,reuters,1
2026-04-01,3201,日本毛織,日本毛織,add,exists_in_base,high,kabutan,1
2026-04-01,3202,ダイトウボウ,ダイトウボウ,skip,duplicate,high,"kabutan,nikkei",2
2026-04-01,3202,ダイトウボウ,Daitobo,skip,duplicate,high,reuters,1
2026-04-01,3202,ダイトウボウ,Daitobo Co Ltd,skip,duplicate,high,reuters,1
2026-04-01,3204,トーア紡ｺｰﾎﾟﾚｰｼｮﾝ,トーア紡,skip,duplicate,high,"kabutan,tdnet",4
2026-04-01,3204,トーア紡ｺｰﾎﾟﾚｰｼｮﾝ,トーア紡コーポレーション,skip,duplicate,high,"kabutan,nikkei",2
2026-04-01,3204,トーア紡ｺｰﾎﾟﾚｰｼｮﾝ,Toabo,skip,duplicate,high,reuters,1
2026-04-01,3204,トーア紡ｺｰﾎﾟﾚｰｼｮﾝ,Toabo Corp,skip,duplicate,high,reuters,1
2026-04-01,3205,ダイドーリミテッド,ダイドー,skip,duplicate,high,"kabutan,tdnet",7
2026-04-01,3205,ダイドーリミテッド,ダイドーリミテッド,add,exists_in_base,high,"kabutan,nikkei",2
2026-04-01,3205,ダイドーリミテッド,Daidoh,skip,duplicate,high,reuters,1
2026-04-01,3205,ダイドーリミテッド,Daidoh Ltd,skip,duplicate,high,reuters,1
2026-04-01,3221,ヨシックスﾎｰﾙﾃﾞｨﾝｸﾞｽ,ヨシックスHD,skip,duplicate,high,tdnet,2
2026-04-01,3221,ヨシックスﾎｰﾙﾃﾞｨﾝｸﾞｽ,ヨシックスホールディングス,add,exists_in_base,high,"kabutan,nikkei",2
2026-04-01,3221,ヨシックスﾎｰﾙﾃﾞｨﾝｸﾞｽ,Yossix,skip,duplicate,high,reuters,1
2026-04-01,3221,ヨシックスﾎｰﾙﾃﾞｨﾝｸﾞｽ,Yossix Holdings Co Ltd,skip,duplicate,high,reuters,1
2026-04-01,3221,ヨシックスﾎｰﾙﾃﾞｨﾝｸﾞｽ,ヨシックス,add,new_candidate,medium,kabutan,1
2026-04-01,3222,ユナイテッド・スーパーマーケット・ﾎｰﾙﾃﾞｨﾝｸﾞｽ,USMH,skip,duplicate,high,"kabutan,tdnet",5
2026-04-01,3222,ユナイテッド・スーパーマーケット・ﾎｰﾙﾃﾞｨﾝｸﾞｽ,ユナイテッド・スーパーマーケット・ホールディングス,skip,duplicate,high,"kabutan,nikkei",2
2026-04-01,3222,ユナイテッド・スーパーマーケット・ﾎｰﾙﾃﾞｨﾝｸﾞｽ,United Super Markets,skip,duplicate,high,reuters,1
2026-04-01,3222,ユナイテッド・スーパーマーケット・ﾎｰﾙﾃﾞｨﾝｸﾞｽ,United Super Markets Holdings Inc,skip,duplicate,high,reuters,1
2026-04-01,3223,エスエルディー,エスエルディー,add,exists_in_base,high,"kabutan,nikkei",2
2026-04-01,3223,エスエルディー,SLD,skip,duplicate,high,kabutan,1
2026-04-01,3223,エスエルディー,SLD Entertainment,skip,duplicate,high,reuters,1
2026-04-01,3223,エスエルディー,SLD Entertainment Inc,skip,duplicate,high,reuters,1
2026-04-01,3224,ゼネラル・オイスター,ゼネラル・オイスター,add,exists_in_base,high,"kabutan,nikkei",2
2026-04-01,3224,ゼネラル・オイスター,General Oyster,skip,duplicate,high,reuters,1
2026-04-01,3224,ゼネラル・オイスター,General Oyster Inc,skip,duplicate,high,reuters,1
2026-04-01,3224,ゼネラル・オイスター,Gオイスター,skip,duplicate,high,kabutan,1
2026-04-01,3231,野村不動産ﾎｰﾙﾃﾞｨﾝｸﾞｽ,野村不動産ホールディングス,skip,duplicate,high,"kabutan,nikkei",2
2026-04-01,3231,野村不動産ﾎｰﾙﾃﾞｨﾝｸﾞｽ,Nomura Real Estate,skip,duplicate,high,reuters,1
2026-04-01,3231,野村不動産ﾎｰﾙﾃﾞｨﾝｸﾞｽ,Nomura Real Estate Holdings Inc,skip,duplicate,high,reuters,1
2026-04-01,3231,野村不動産ﾎｰﾙﾃﾞｨﾝｸﾞｽ,野村不HD,skip,duplicate,high,kabutan,1
2026-04-01,3232,三重交通ｸﾞﾙｰﾌﾟﾎｰﾙﾃﾞｨﾝｸﾞｽ,三重交通GHD,skip,duplicate,high,tdnet,2
2026-04-01,3232,三重交通ｸﾞﾙｰﾌﾟﾎｰﾙﾃﾞｨﾝｸﾞｽ,三重交通グループホールディングス,skip,duplicate,high,"kabutan,nikkei",2
2026-04-01,3232,三重交通ｸﾞﾙｰﾌﾟﾎｰﾙﾃﾞｨﾝｸﾞｽ,Mie Kotsu,skip,duplicate,high,reuters,1
2026-04-01,3232,三重交通ｸﾞﾙｰﾌﾟﾎｰﾙﾃﾞｨﾝｸﾞｽ,Mie Kotsu Group Holdings Inc,skip,duplicate,high,reuters,1
2026-04-01,3232,三重交通ｸﾞﾙｰﾌﾟﾎｰﾙﾃﾞｨﾝｸﾞｽ,三重交HD,skip,duplicate,high,kabutan,1
2026-04-01,3236,プロパスト,プロパスト,add,exists_in_base,high,"kabutan,nikkei",2
2026-04-01,3236,プロパスト,Properst,skip,duplicate,high,reuters,1
2026-04-01,3236,プロパスト,Properst Co Ltd,skip,duplicate,high,reuters,1
2026-04-01,3237,イントランス,イントランス,add,exists_in_base,high,"kabutan,nikkei,tdnet",5
2026-04-01,3237,イントランス,Intrance,skip,duplicate,high,reuters,1
2026-04-01,3237,イントランス,"Intrance Co.,ltd",skip,duplicate,high,reuters,1
2026-04-01,3238,セントラル総合開発,セントラル総,skip,duplicate,high,"kabutan,tdnet",2
2026-04-01,3238,セントラル総合開発,セントラル総合開発,add,exists_in_base,high,"kabutan,nikkei",2
2026-04-01,3238,セントラル総合開発,Central General Development,skip,duplicate,high,reuters,1
2026-04-01,3238,セントラル総合開発,Central General Development Co Ltd,skip,duplicate,high,reuters,1
2026-04-01,323A,フライヤー,フライヤー,add,exists_in_base,high,"kabutan,nikkei,tdnet",7
2026-04-01,323A,フライヤー,Flier Inc,add,new_candidate,medium,reuters,1
2026-04-01,323A,フライヤー,Flier,review,new_candidate,low,reuters,1
2026-04-01,3241,ウィル,ウィル,skip,duplicate,high,"kabutan,nikkei,tdnet",5
2026-04-01,3241,ウィル,Will,skip,duplicate,high,reuters,1
2026-04-01,3241,ウィル,Will Co Ltd,skip,duplicate,high,reuters,1
2026-04-01,3242,アーバネットｺｰﾎﾟﾚｰｼｮﾝ,アーバネットコーポレーション,skip,duplicate,high,"kabutan,nikkei",2
2026-04-01,3242,アーバネットｺｰﾎﾟﾚｰｼｮﾝ,Urbanet,skip,duplicate,high,reuters,1
2026-04-01,3242,アーバネットｺｰﾎﾟﾚｰｼｮﾝ,Urbanet Corporation Co Ltd,skip,duplicate,high,reuters,1
2026-04-01,3242,アーバネットｺｰﾎﾟﾚｰｼｮﾝ,アーバネット,skip,duplicate,high,kabutan,1
2026-04-01,3245,ディア・ライフ,ディア・ライフ,skip,duplicate,high,"kabutan,nikkei,tdnet",15
2026-04-01,3245,ディア・ライフ,Dear Life,skip,duplicate,high,reuters,1
2026-04-01,3245,ディア・ライフ,Dear Life Co Ltd,skip,duplicate,high,reuters,1
2026-04-01,3246,コーセーアールイー,コーセーアールイー,add,exists_in_base,high,"kabutan,nikkei,tdnet",8
2026-04-01,3246,コーセーアールイー,Kose RE,skip,duplicate,high,reuters,1
2026-04-01,3246,コーセーアールイー,Kose RE Co Ltd,skip,duplicate,high,reuters,1
2026-04-01,3246,コーセーアールイー,コーセーRE,skip,duplicate,high,kabutan,1
2026-04-01,3248,アールエイジ,アールエイジ,skip,duplicate,high,"kabutan,nikkei,tdnet",3
2026-04-01,3248,アールエイジ,Early Age,skip,duplicate,high,reuters,1
2026-04-01,3248,アールエイジ,Early Age Co Ltd,skip,duplicate,high,reuters,1
2026-04-01,324A,ブッキングリゾート,ブッキングR,skip,duplicate,high,"kabutan,tdnet",5
2026-04-01,324A,ブッキングリゾート,ブッキングリゾート,add,exists_in_base,high,"kabutan,nikkei",2
2026-04-01,324A,ブッキングリゾート,Booking Resort,add,new_candidate,medium,reuters,1
2026-04-01,324A,ブッキングリゾート,Booking Resort Co Ltd,add,new_candidate,medium,reuters,1
2026-04-01,3252,地主,地主,skip,duplicate,high,"kabutan,nikkei,tdnet",5
2026-04-01,3252,地主,Jinushi,skip,duplicate,high,reuters,1
2026-04-01,3252,地主,Jinushi Co Ltd,skip,duplicate,high,reuters,1
2026-04-01,325A,TENTIAL,TENTIAL,add,exists_in_base,high,"kabutan,nikkei,reuters",3
2026-04-01,325A,TENTIAL,Tential Inc,add,new_candidate,medium,reuters,1
2026-04-01,325A,TENTIAL,テンシャル,add,new_candidate,medium,kabutan,1
2026-04-01,3261,グランディーズ,グラン,skip,duplicate,high,"kabutan,tdnet",3
2026-04-01,3261,グランディーズ,グランディーズ,add,exists_in_base,high,"kabutan,nikkei",2
2026-04-01,3261,グランディーズ,Grandes,skip,duplicate,high,reuters,1
2026-04-01,3261,グランディーズ,Grandes Inc,skip,duplicate,high,reuters,1
2026-04-01,3266,ファンドクリエーションｸﾞﾙｰﾌﾟ,ファンドクリG,skip,duplicate,high,tdnet,3
2026-04-01,3266,ファンドクリエーションｸﾞﾙｰﾌﾟ,ファンドクリエーショングループ,skip,duplicate,high,"kabutan,nikkei",2
2026-04-01,3266,ファンドクリエーションｸﾞﾙｰﾌﾟ,Fund Creation,skip,duplicate,high,reuters,1
2026-04-01,3266,ファンドクリエーションｸﾞﾙｰﾌﾟ,Fund Creation Group Co Ltd,skip,duplicate,high,reuters,1
2026-04-01,3266,ファンドクリエーションｸﾞﾙｰﾌﾟ,ファンクリG,skip,duplicate,high,kabutan,1
2026-04-01,3267,フィル・カンパニー,フィル・カンパニー,skip,duplicate,high,"kabutan,nikkei,tdnet",4
2026-04-01,3267,フィル・カンパニー,Phil Company,skip,duplicate,high,reuters,1
2026-04-01,3267,フィル・カンパニー,Phil Company Inc,skip,duplicate,high,reuters,1
2026-04-01,3267,フィル・カンパニー,フィルC,skip,duplicate,high,kabutan,1
2026-04-01,3271,THEグローバル社,THEグローバル社,skip,duplicate,high,"kabutan,nikkei",2
2026-04-01,3271,THEグローバル社,The Global,skip,duplicate,high,reuters,1
2026-04-01,3271,THEグローバル社,The Global Ltd,skip,duplicate,high,reuters,1
2026-04-01,3271,THEグローバル社,グロバル社,skip,duplicate,high,tdnet,1
2026-04-01,3271,THEグローバル社,グローバル社,skip,duplicate,high,kabutan,1
2026-04-01,3276,JPMC,JPMC,skip,duplicate,high,"kabutan,nikkei,tdnet",6
2026-04-01,3276,JPMC,Japan Property Management Center,skip,duplicate,high,reuters,1
2026-04-01,3276,JPMC,Japan Property Management Center Co Ltd,skip,duplicate,high,reuters,1
2026-04-01,3277,サンセイランディック,サンセイランディック,skip,duplicate,high,"kabutan,nikkei,tdnet",4
2026-04-01,3277,サンセイランディック,Sansei Landic,skip,duplicate,high,reuters,1
2026-04-01,3277,サンセイランディック,Sansei Landic Co Ltd,skip,duplicate,high,reuters,1
2026-04-01,3277,サンセイランディック,サンセイラン,skip,duplicate,high,kabutan,1
2026-04-01,3280,エストラスト,エストラスト,add,exists_in_base,high,"kabutan,nikkei",2
2026-04-01,3280,エストラスト,STrust,skip,duplicate,high,reuters,1
2026-04-01,3280,エストラスト,STrust Co Ltd,skip,duplicate,high,reuters,1
2026-04-01,3284,フージャースﾎｰﾙﾃﾞｨﾝｸﾞｽ,フージャースホールディングス,skip,duplicate,high,"kabutan,nikkei",2
2026-04-01,3284,フージャースﾎｰﾙﾃﾞｨﾝｸﾞｽ,Hoosiers,skip,duplicate,high,reuters,1
2026-04-01,3284,フージャースﾎｰﾙﾃﾞｨﾝｸﾞｽ,Hoosiers Holdings Co Ltd,skip,duplicate,high,reuters,1
2026-04-01,3284,フージャースﾎｰﾙﾃﾞｨﾝｸﾞｽ,フージャース,skip,duplicate,high,kabutan,1
2026-04-01,3286,トラストﾎｰﾙﾃﾞｨﾝｸﾞｽ,トラストホールディングス,skip,duplicate,high,"kabutan,nikkei",2
2026-04-01,3286,トラストﾎｰﾙﾃﾞｨﾝｸﾞｽ,Trust,skip,duplicate,high,reuters,1
2026-04-01,3286,トラストﾎｰﾙﾃﾞｨﾝｸﾞｽ,Trust Holdings Inc,skip,duplicate,high,reuters,1
2026-04-01,3286,トラストﾎｰﾙﾃﾞｨﾝｸﾞｽ,トラストHD,skip,duplicate,high,kabutan,1
2026-04-01,3288,オープンハウスｸﾞﾙｰﾌﾟ,オープンハウスG,skip,duplicate,high,tdnet,2
2026-04-01,3288,オープンハウスｸﾞﾙｰﾌﾟ,オープンハウスグループ,skip,duplicate,high,"kabutan,nikkei",2
2026-04-01,3288,オープンハウスｸﾞﾙｰﾌﾟ,Open House,skip,duplicate,high,reuters,1
2026-04-01,3288,オープンハウスｸﾞﾙｰﾌﾟ,Open House Group Co Ltd,skip,duplicate,high,reuters,1
2026-04-01,3288,オープンハウスｸﾞﾙｰﾌﾟ,オープンH,skip,duplicate,high,kabutan,1
2026-04-01,3289,東急不動産ﾎｰﾙﾃﾞｨﾝｸﾞｽ,東急不HD,skip,duplicate,high,"kabutan,tdnet",2
2026-04-01,3289,東急不動産ﾎｰﾙﾃﾞｨﾝｸﾞｽ,東急不動産ホールディングス,skip,duplicate,high,"kabutan,nikkei",2
2026-04-01,3289,東急不動産ﾎｰﾙﾃﾞｨﾝｸﾞｽ,Tokyu Fudosan,skip,duplicate,high,reuters,1
2026-04-01,3289,東急不動産ﾎｰﾙﾃﾞｨﾝｸﾞｽ,Tokyu Fudosan Holdings Corp,skip,duplicate,high,reuters,1
2026-04-01,3291,飯田ｸﾞﾙｰﾌﾟﾎｰﾙﾃﾞｨﾝｸﾞｽ,飯田GHD,skip,duplicate,high,"kabutan,tdnet",2
2026-04-01,3291,飯田ｸﾞﾙｰﾌﾟﾎｰﾙﾃﾞｨﾝｸﾞｽ,飯田グループホールディングス,skip,duplicate,high,"kabutan,nikkei",2
2026-04-01,3291,飯田ｸﾞﾙｰﾌﾟﾎｰﾙﾃﾞｨﾝｸﾞｽ,Iida,skip,duplicate,high,reuters,1
2026-04-01,3291,飯田ｸﾞﾙｰﾌﾟﾎｰﾙﾃﾞｨﾝｸﾞｽ,Iida Group Holdings Co Ltd,skip,duplicate,high,reuters,1
2026-04-01,3293,アズマハウス,アズマハウス,add,exists_in_base,high,"kabutan,nikkei",2
2026-04-01,3293,アズマハウス,Azuma House,skip,duplicate,high,reuters,1
2026-04-01,3293,アズマハウス,Azuma House Co Ltd,skip,duplicate,high,reuters,1
2026-04-01,3294,イーグランド,イーグランド,skip,duplicate,high,"kabutan,nikkei,tdnet",5
2026-04-01,3294,イーグランド,e'grand,skip,duplicate,high,reuters,1
2026-04-01,3294,イーグランド,e'grand Co Ltd,skip,duplicate,high,reuters,1
2026-04-01,3297,東武住販,東武住販,add,exists_in_base,high,"kabutan,nikkei",2
2026-04-01,3297,東武住販,Toubujyuhan,skip,duplicate,high,reuters,1
2026-04-01,3297,東武住販,Toubujyuhan Co Ltd,skip,duplicate,high,reuters,1
2026-04-01,3299,ムゲンエステート,ムゲンエステート,skip,duplicate,high,"kabutan,nikkei,tdnet",5
2026-04-01,3299,ムゲンエステート,Mugen Estate,skip,duplicate,high,reuters,1
2026-04-01,3299,ムゲンエステート,Mugen Estate Co Ltd,skip,duplicate,high,reuters,1
2026-04-01,3299,ムゲンエステート,ムゲンE,skip,duplicate,high,kabutan,1
2026-04-01,3300,アンビション DX ﾎｰﾙﾃﾞｨﾝｸﾞｽ,アンビション DX ホールディングス,skip,duplicate,high,"kabutan,nikkei",2
2026-04-01,3300,アンビション DX ﾎｰﾙﾃﾞｨﾝｸﾞｽ,Ambition DX,skip,duplicate,high,reuters,1
2026-04-01,3300,アンビション DX ﾎｰﾙﾃﾞｨﾝｸﾞｽ,Ambition DX Holdings Co Ltd,skip,duplicate,high,reuters,1
2026-04-01,3300,アンビション DX ﾎｰﾙﾃﾞｨﾝｸﾞｽ,アンビDX,skip,duplicate,high,kabutan,1
2026-04-01,3302,帝国繊維,帝国繊維,add,exists_in_base,high,"kabutan,nikkei",2
2026-04-01,3302,帝国繊維,帝繊維,skip,duplicate,high,"kabutan,tdnet",2
2026-04-01,3302,帝国繊維,Teikoku Sen-I,skip,duplicate,high,reuters,1
2026-04-01,3302,帝国繊維,Teikoku Sen-I Co Ltd,skip,duplicate,high,reuters,1
2026-04-01,3306,日本製麻,日本製麻,add,exists_in_base,high,"kabutan,nikkei",2
2026-04-01,3306,日本製麻,日製麻,skip,duplicate,high,tdnet,2
2026-04-01,3306,日本製麻,Nihon Seima,skip,duplicate,high,reuters,1
2026-04-01,3306,日本製麻,Nihon Seima Co Ltd,skip,duplicate,high,reuters,1
2026-04-01,3306,日本製麻,日本麻,skip,duplicate,high,kabutan,1
2026-04-01,330A,TalentX,TalentX,skip,duplicate,high,"kabutan,nikkei,reuters",3
2026-04-01,330A,TalentX,タレントX,skip,duplicate,high,kabutan,1
2026-04-01,330A,TalentX,TalentX Inc,add,new_candidate,medium,reuters,1
2026-04-01,3315,日本コークス工業,日本コークス工業,add,exists_in_base,high,"kabutan,nikkei",2
2026-04-01,3315,日本コークス工業,Nippon Coke & Engineering,skip,duplicate,high,reuters,1
2026-04-01,3315,日本コークス工業,Nippon Coke & Engineering Co Ltd,skip,duplicate,high,reuters,1
2026-04-01,3315,日本コークス工業,日本コークス,skip,duplicate,high,kabutan,1
2026-04-01,3317,フライングガーデン,フライングG,skip,duplicate,high,"kabutan,tdnet",2
2026-04-01,3317,フライングガーデン,フライングガーデン,add,exists_in_base,high,"kabutan,nikkei",2
2026-04-01,3317,フライングガーデン,Flying Garden,skip,duplicate,high,reuters,1
2026-04-01,3317,フライングガーデン,Flying Garden Co Ltd,skip,duplicate,high,reuters,1
2026-04-01,331A,メディックス,メディックス,skip,duplicate,high,"kabutan,nikkei",2
2026-04-01,331A,メディックス,Medix Inc,add,new_candidate,medium,reuters,1
2026-04-01,331A,メディックス,Medix,review,new_candidate,low,reuters,1
2026-04-01,3320,クロスプラス,クロスプラス,add,exists_in_base,high,"kabutan,nikkei,tdnet",5
2026-04-01,3320,クロスプラス,Cross Plus,skip,duplicate,high,reuters,1
2026-04-01,3320,クロスプラス,Cross Plus Inc,skip,duplicate,high,reuters,1
2026-04-01,3321,ミタチ産業,ミタチ産業,add,exists_in_base,high,"kabutan,nikkei",2
2026-04-01,3321,ミタチ産業,Mitachi,skip,duplicate,high,reuters,1
2026-04-01,3321,ミタチ産業,Mitachi Co Ltd,skip,duplicate,high,reuters,1
2026-04-01,3321,ミタチ産業,ミタチ,add,new_candidate,medium,tdnet,1
2026-04-01,3323,レカム,レカム,skip,duplicate,high,"kabutan,nikkei",2
2026-04-01,3323,レカム,Recomm,skip,duplicate,high,reuters,1
2026-04-01,3323,レカム,Recomm Co Ltd,skip,duplicate,high,reuters,1
2026-04-01,3326,ランシステム,ランシステム,skip,duplicate,high,"kabutan,nikkei,tdnet",4
2026-04-01,3326,ランシステム,Runsystem,skip,duplicate,high,reuters,1
2026-04-01,3326,ランシステム,Runsystem Co Ltd,skip,duplicate,high,reuters,1
2026-04-01,3329,東和フードサービス,東和フード,skip,duplicate,high,"kabutan,tdnet",5
2026-04-01,3329,東和フードサービス,東和フードサービス,add,exists_in_base,high,"kabutan,nikkei",2
2026-04-01,3329,東和フードサービス,Towa Food Service,skip,duplicate,high,reuters,1
2026-04-01,3329,東和フードサービス,Towa Food Service Co Ltd,skip,duplicate,high,reuters,1
2026-04-01,332A,ミーク,ミーク,add,exists_in_base,high,"kabutan,nikkei,tdnet",3
2026-04-01,332A,ミーク,MEEQ Inc,add,new_candidate,medium,reuters,1
2026-04-01,332A,ミーク,MEEQ,review,new_candidate,low,reuters,1
2026-04-01,3333,あさひ,あさひ,skip,duplicate,high,"kabutan,nikkei,tdnet",5
2026-04-01,3333,あさひ,Asahi,skip,duplicate,high,reuters,1
2026-04-01,3333,あさひ,Asahi Co Ltd,skip,duplicate,high,reuters,1
2026-04-01,3349,コスモス薬品,コスモス薬品,add,exists_in_base,high,"kabutan,nikkei",2
2026-04-01,3349,コスモス薬品,Cosmos Pharmaceutical,skip,duplicate,high,reuters,1
2026-04-01,3349,コスモス薬品,Cosmos Pharmaceutical Corp,skip,duplicate,high,reuters,1
2026-04-01,334A,ビジュアル・プロセッシング・ジャパン,VPJ,skip,duplicate,high,"kabutan,tdnet",3
2026-04-01,334A,ビジュアル・プロセッシング・ジャパン,ビジュアル・プロセッシング・ジャパン,add,exists_in_base,high,"kabutan,nikkei",2
2026-04-01,334A,ビジュアル・プロセッシング・ジャパン,Visual Processing Japan,add,new_candidate,medium,reuters,1
2026-04-01,334A,ビジュアル・プロセッシング・ジャパン,Visual Processing Japan Co Ltd,add,new_candidate,medium,reuters,1
2026-04-01,3350,メタプラネット,メタプラネット,skip,duplicate,high,"kabutan,nikkei,tdnet",26
2026-04-01,3350,メタプラネット,Metaplanet,skip,duplicate,high,reuters,1
2026-04-01,3350,メタプラネット,Metaplanet Inc,skip,duplicate,high,reuters,1
2026-04-01,3350,メタプラネット,メタプラ,skip,duplicate,high,kabutan,1
2026-04-01,3352,バッファロー,バッファロー,skip,duplicate,high,"kabutan,nikkei",2
2026-04-01,3352,バッファロー,Buffalo,skip,duplicate,high,reuters,1
2026-04-01,3352,バッファロー,Buffalo Co Ltd,skip,duplicate,high,reuters,1
2026-04-01,3353,メディカル一光ｸﾞﾙｰﾌﾟ,メディ一光G,skip,duplicate,high,"kabutan,tdnet",5
2026-04-01,3353,メディカル一光ｸﾞﾙｰﾌﾟ,メディカル一光グループ,skip,duplicate,high,"kabutan,nikkei",2
2026-04-01,3353,メディカル一光ｸﾞﾙｰﾌﾟ,Medical Ikkou,skip,duplicate,high,reuters,1
2026-04-01,3353,メディカル一光ｸﾞﾙｰﾌﾟ,Medical Ikkou Group Co Ltd,skip,duplicate,high,reuters,1
2026-04-01,3355,クリヤマﾎｰﾙﾃﾞｨﾝｸﾞｽ,クリヤマHD,skip,duplicate,high,"kabutan,tdnet",3
2026-04-01,3355,クリヤマﾎｰﾙﾃﾞｨﾝｸﾞｽ,クリヤマホールディングス,skip,duplicate,high,"kabutan,nikkei",2
2026-04-01,3355,クリヤマﾎｰﾙﾃﾞｨﾝｸﾞｽ,Kuriyama,skip,duplicate,high,reuters,1
2026-04-01,3355,クリヤマﾎｰﾙﾃﾞｨﾝｸﾞｽ,Kuriyama Holdings Corp,skip,duplicate,high,reuters,1
2026-04-01,3358,Trailhead Global Holdings,Trailhead,skip,duplicate,high,tdnet,8
2026-04-01,3358,Trailhead Global Holdings,Trailhead Global Holdings,skip,duplicate,high,"kabutan,nikkei",2
2026-04-01,3358,Trailhead Global Holdings,Trail,skip,duplicate,high,kabutan,1
2026-04-01,3358,Trailhead Global Holdings,Trailhead Global,skip,duplicate,high,reuters,1
2026-04-01,3358,Trailhead Global Holdings,Trailhead Global Holdings Inc,skip,duplicate,high,reuters,1
2026-04-01,3359,cotta,cotta,skip,duplicate,high,"kabutan,nikkei,reuters",3
2026-04-01,3359,cotta,cotta Co Ltd,skip,duplicate,high,reuters,1
2026-04-01,335A,ミライロ,ミライロ,add,exists_in_base,high,"kabutan,nikkei",2
2026-04-01,335A,ミライロ,Mirairo,add,new_candidate,medium,reuters,1
2026-04-01,335A,ミライロ,Mirairo Inc,add,new_candidate,medium,reuters,1
2026-04-01,3360,シップヘルスケアﾎｰﾙﾃﾞｨﾝｸﾞｽ,シップHD,skip,duplicate,high,"kabutan,tdnet",2
2026-04-01,3360,シップヘルスケアﾎｰﾙﾃﾞｨﾝｸﾞｽ,シップヘルスケアホールディングス,skip,duplicate,high,"kabutan,nikkei",2
2026-04-01,3360,シップヘルスケアﾎｰﾙﾃﾞｨﾝｸﾞｽ,Ship Healthcare,skip,duplicate,high,reuters,1
2026-04-01,3360,シップヘルスケアﾎｰﾙﾃﾞｨﾝｸﾞｽ,Ship Healthcare Holdings Inc,skip,duplicate,high,reuters,1
2026-04-01,3361,トーエル,トーエル,add,exists_in_base,high,"kabutan,nikkei,tdnet",3
2026-04-01,3361,トーエル,Toell,skip,duplicate,high,reuters,1
2026-04-01,3361,トーエル,Toell Co Ltd,skip,duplicate,high,reuters,1
2026-04-01,336A,ダイナミックマッププラットフォーム,ダイナミックマッププラットフォーム,add,exists_in_base,high,"kabutan,nikkei",2
2026-04-01,336A,ダイナミックマッププラットフォーム,ダイナマップ,skip,duplicate,high,kabutan,1
2026-04-01,336A,ダイナミックマッププラットフォーム,ダイナミクマップ,add,new_candidate,medium,tdnet,2
2026-04-01,336A,ダイナミックマッププラットフォーム,Dynamic Map Platform,add,new_candidate,medium,reuters,1
2026-04-01,336A,ダイナミックマッププラットフォーム,Dynamic Map Platform Co Ltd,add,new_candidate,medium,reuters,1
2026-04-01,3370,フジタｺｰﾎﾟﾚｰｼｮﾝ,フジタコーポ,skip,duplicate,high,"kabutan,tdnet",2
2026-04-01,3370,フジタｺｰﾎﾟﾚｰｼｮﾝ,フジタコーポレーション,skip,duplicate,high,"kabutan,nikkei",2
2026-04-01,3370,フジタｺｰﾎﾟﾚｰｼｮﾝ,Fujita,skip,duplicate,high,reuters,1
2026-04-01,3370,フジタｺｰﾎﾟﾚｰｼｮﾝ,Fujita Corporation Co Ltd,skip,duplicate,high,reuters,1
2026-04-01,3371,ソフトクリエイトﾎｰﾙﾃﾞｨﾝｸﾞｽ,ソフトクリエイトホールディングス,skip,duplicate,high,"kabutan,nikkei",2
2026-04-01,3371,ソフトクリエイトﾎｰﾙﾃﾞｨﾝｸﾞｽ,Softcreate,skip,duplicate,high,reuters,1
2026-04-01,3371,ソフトクリエイトﾎｰﾙﾃﾞｨﾝｸﾞｽ,Softcreate Holdings Corp,skip,duplicate,high,reuters,1
2026-04-01,3371,ソフトクリエイトﾎｰﾙﾃﾞｨﾝｸﾞｽ,ソフトクリエ,skip,duplicate,high,kabutan,1
2026-04-01,3371,ソフトクリエイトﾎｰﾙﾃﾞｨﾝｸﾞｽ,ソフトクリエHD,skip,duplicate,high,tdnet,1
2026-04-01,3372,関門海,関門海,skip,duplicate,high,"kabutan,nikkei",2
2026-04-01,3372,関門海,Kanmonkai,skip,duplicate,high,reuters,1
2026-04-01,3372,関門海,Kanmonkai Co Ltd,skip,duplicate,high,reuters,1
2026-04-01,3374,内外テック,内外テック,add,exists_in_base,high,"kabutan,nikkei",2
2026-04-01,3374,内外テック,Naigai Tec,skip,duplicate,high,reuters,1
2026-04-01,3374,内外テック,Naigai Tec Corp,skip,duplicate,high,reuters,1
2026-04-01,3375,ZOA,ZOA,skip,duplicate,high,"kabutan,nikkei,reuters",3
2026-04-01,3375,ZOA,ZOA Corp,skip,duplicate,high,reuters,1
2026-04-01,3377,バイク王＆カンパニー,バイク王,skip,duplicate,high,"kabutan,tdnet",2
2026-04-01,3377,バイク王＆カンパニー,バイク王&カンパニー,add,exists_in_base,high,"kabutan,nikkei",2
2026-04-01,3377,バイク王＆カンパニー,Bike O &,skip,duplicate,high,reuters,1
2026-04-01,3377,バイク王＆カンパニー,Bike O & Co Ltd,skip,duplicate,high,reuters,1
2026-04-01,3382,セブン＆アイ・ﾎｰﾙﾃﾞｨﾝｸﾞｽ,セブン&アイ・ホールディングス,skip,duplicate,high,"kabutan,nikkei",2
2026-04-01,3382,セブン＆アイ・ﾎｰﾙﾃﾞｨﾝｸﾞｽ,Seven & i,skip,duplicate,high,reuters,1
2026-04-01,3382,セブン＆アイ・ﾎｰﾙﾃﾞｨﾝｸﾞｽ,Seven & i Holdings Co Ltd,skip,duplicate,high,reuters,1
2026-04-01,3382,セブン＆アイ・ﾎｰﾙﾃﾞｨﾝｸﾞｽ,セブン&アイ,skip,duplicate,high,kabutan,1
2026-04-01,3386,コスモ・バイオ,コスモ・バイオ,skip,duplicate,high,"kabutan,nikkei,tdnet",6
2026-04-01,3386,コスモ・バイオ,Cosmo Bio,skip,duplicate,high,reuters,1
2026-04-01,3386,コスモ・バイオ,Cosmo Bio Co Ltd,skip,duplicate,high,reuters,1
2026-04-01,3387,クリエイト・レストランツ・ﾎｰﾙﾃﾞｨﾝｸﾞｽ,クリエイト・レストランツ・ホールディングス,skip,duplicate,high,"kabutan,nikkei",2
2026-04-01,3387,クリエイト・レストランツ・ﾎｰﾙﾃﾞｨﾝｸﾞｽ,Create Restaurants,skip,duplicate,high,reuters,1
2026-04-01,3387,クリエイト・レストランツ・ﾎｰﾙﾃﾞｨﾝｸﾞｽ,Create Restaurants Holdings Inc,skip,duplicate,high,reuters,1
2026-04-01,3387,クリエイト・レストランツ・ﾎｰﾙﾃﾞｨﾝｸﾞｽ,クリレスHD,skip,duplicate,high,kabutan,1
2026-04-01,3388,明治電機工業,明治電機工業,add,exists_in_base,high,"kabutan,nikkei",2
2026-04-01,3388,明治電機工業,Meiji Electric Industries,skip,duplicate,high,reuters,1
2026-04-01,3388,明治電機工業,Meiji Electric Industries Co Ltd,skip,duplicate,high,reuters,1
2026-04-01,3388,明治電機工業,明治電機,skip,duplicate,high,tdnet,1
2026-04-01,338A,ZenmuTech,ZenmuTech,skip,duplicate,high,"kabutan,nikkei,reuters",3
2026-04-01,338A,ZenmuTech,ゼンムテック,skip,duplicate,high,kabutan,1
2026-04-01,338A,ZenmuTech,ZenmuTech Inc,add,new_candidate,medium,reuters,1
2026-04-01,338A,ZenmuTech,Zenmu,review,new_candidate,low,tdnet,2
2026-04-01,3391,ツルハﾎｰﾙﾃﾞｨﾝｸﾞｽ,ツルハHD,skip,duplicate,high,"kabutan,tdnet",2
2026-04-01,3391,ツルハﾎｰﾙﾃﾞｨﾝｸﾞｽ,ツルハホールディングス,skip,duplicate,high,"kabutan,nikkei",2
2026-04-01,3391,ツルハﾎｰﾙﾃﾞｨﾝｸﾞｽ,Tsuruha,skip,duplicate,high,reuters,1
2026-04-01,3391,ツルハﾎｰﾙﾃﾞｨﾝｸﾞｽ,Tsuruha Holdings Inc,skip,duplicate,high,reuters,1
2026-04-01,3392,デリカフーズﾎｰﾙﾃﾞｨﾝｸﾞｽ,デリカフーズホールディングス,skip,duplicate,high,"kabutan,nikkei",2
2026-04-01,3392,デリカフーズﾎｰﾙﾃﾞｨﾝｸﾞｽ,Delica Foods,skip,duplicate,high,reuters,1
2026-04-01,3392,デリカフーズﾎｰﾙﾃﾞｨﾝｸﾞｽ,Delica Foods Holdings Co Ltd,skip,duplicate,high,reuters,1
2026-04-01,3392,デリカフーズﾎｰﾙﾃﾞｨﾝｸﾞｽ,デリカフHD,skip,duplicate,high,kabutan,1
2026-04-01,3392,デリカフーズﾎｰﾙﾃﾞｨﾝｸﾞｽ,デリカフーズHD,add,new_candidate,medium,tdnet,1
2026-04-01,3393,スターティアﾎｰﾙﾃﾞｨﾝｸﾞｽ,スターティアホールディングス,skip,duplicate,high,"kabutan,nikkei",2
2026-04-01,3393,スターティアﾎｰﾙﾃﾞｨﾝｸﾞｽ,Startia,skip,duplicate,high,reuters,1
2026-04-01,3393,スターティアﾎｰﾙﾃﾞｨﾝｸﾞｽ,Startia Holdings Inc,skip,duplicate,high,reuters,1
2026-04-01,3393,スターティアﾎｰﾙﾃﾞｨﾝｸﾞｽ,スタティアH,skip,duplicate,high,kabutan,1
2026-04-01,3393,スターティアﾎｰﾙﾃﾞｨﾝｸﾞｽ,スターティアHD,add,new_candidate,medium,tdnet,1
2026-04-01,3395,サンマルクﾎｰﾙﾃﾞｨﾝｸﾞｽ,サンマルクホールディングス,skip,duplicate,high,"kabutan,nikkei",2
2026-04-01,3395,サンマルクﾎｰﾙﾃﾞｨﾝｸﾞｽ,Saint Marc,skip,duplicate,high,reuters,1
2026-04-01,3395,サンマルクﾎｰﾙﾃﾞｨﾝｸﾞｽ,Saint Marc Holdings Co Ltd,skip,duplicate,high,reuters,1
2026-04-01,3395,サンマルクﾎｰﾙﾃﾞｨﾝｸﾞｽ,サンマルク,skip,duplicate,high,kabutan,1
2026-04-01,3395,サンマルクﾎｰﾙﾃﾞｨﾝｸﾞｽ,サンマルクHD,skip,duplicate,high,tdnet,1
2026-04-01,3396,フェリシモ,フェリシモ,skip,duplicate,high,"kabutan,nikkei,tdnet",3
2026-04-01,3396,フェリシモ,Felissimo,skip,duplicate,high,reuters,1
2026-04-01,3396,フェリシモ,Felissimo Corp,skip,duplicate,high,reuters,1
2026-04-01,3397,トリドールﾎｰﾙﾃﾞｨﾝｸﾞｽ,トリドールホールディングス,skip,duplicate,high,"kabutan,nikkei",2
2026-04-01,3397,トリドールﾎｰﾙﾃﾞｨﾝｸﾞｽ,TORIDOLL,skip,duplicate,high,reuters,1
2026-04-01,3397,トリドールﾎｰﾙﾃﾞｨﾝｸﾞｽ,TORIDOLL Holdings Corp,skip,duplicate,high,reuters,1
2026-04-01,3397,トリドールﾎｰﾙﾃﾞｨﾝｸﾞｽ,トリドール,skip,duplicate,high,kabutan,1
2026-04-01,3397,トリドールﾎｰﾙﾃﾞｨﾝｸﾞｽ,トリドールHD,skip,duplicate,high,tdnet,1
2026-04-01,3399,丸千代山岡家,山岡家,skip,duplicate,high,"kabutan,tdnet",6
2026-04-01,3399,丸千代山岡家,丸千代山岡家,add,exists_in_base,high,"kabutan,nikkei",2
2026-04-01,3399,丸千代山岡家,Maruchiyo Yamaokaya,skip,duplicate,high,reuters,1
2026-04-01,3399,丸千代山岡家,Maruchiyo Yamaokaya Corp,skip,duplicate,high,reuters,1
2026-04-01,339A,プログレス・テクノロジーズ ｸﾞﾙｰﾌﾟ,プログレス,skip,duplicate,high,"kabutan,tdnet",3
2026-04-01,339A,プログレス・テクノロジーズ ｸﾞﾙｰﾌﾟ,プログレス・テクノロジーズ グループ,skip,duplicate,high,"kabutan,nikkei",2
2026-04-01,339A,プログレス・テクノロジーズ ｸﾞﾙｰﾌﾟ,Progress Technologies,add,new_candidate,medium,reuters,1
2026-04-01,339A,プログレス・テクノロジーズ ｸﾞﾙｰﾌﾟ,Progress Technologies Group Inc,add,new_candidate,medium,reuters,1
2026-04-01,3401,帝人,帝人,skip,duplicate,high,"kabutan,nikkei,tdnet",4
2026-04-01,3401,帝人,Teijin,skip,duplicate,high,reuters,1
2026-04-01,3401,帝人,Teijin Ltd,skip,duplicate,high,reuters,1
2026-04-01,3402,東レ,東レ,skip,duplicate,high,"kabutan,nikkei,tdnet",5
2026-04-01,3402,東レ,Toray Industries,skip,duplicate,high,reuters,1
2026-04-01,3402,東レ,Toray Industries Inc,skip,duplicate,high,reuters,1
2026-04-01,3405,クラレ,クラレ,skip,duplicate,high,"kabutan,nikkei,tdnet",5
2026-04-01,3405,クラレ,Kuraray,skip,duplicate,high,reuters,1
2026-04-01,3405,クラレ,Kuraray Co Ltd,skip,duplicate,high,reuters,1
2026-04-01,3407,旭化成,旭化成,skip,duplicate,high,"kabutan,nikkei,tdnet",4
2026-04-01,3407,旭化成,Asahi Kasei,skip,duplicate,high,reuters,1
2026-04-01,3407,旭化成,Asahi Kasei Corp,skip,duplicate,high,reuters,1
2026-04-01,3409,北紡,北紡,skip,duplicate,high,"kabutan,nikkei,tdnet",4
2026-04-01,3409,北紡,Kitabo,skip,duplicate,high,reuters,1
2026-04-01,3409,北紡,Kitabo Co Ltd,skip,duplicate,high,reuters,1
2026-04-01,340A,ジグザグ,ジグザグ,add,exists_in_base,high,"kabutan,nikkei,tdnet",3
2026-04-01,340A,ジグザグ,Zig-Zag,add,new_candidate,medium,reuters,1
2026-04-01,340A,ジグザグ,Zig-Zag Inc,add,new_candidate,medium,reuters,1
2026-04-01,3415,TOKYO BASE,TOKYO BASE,skip,duplicate,high,"kabutan,nikkei,reuters",3
2026-04-01,3415,TOKYO BASE,トウキョウベース,skip,duplicate,high,tdnet,3
2026-04-01,3415,TOKYO BASE,T-BASE,skip,duplicate,high,kabutan,1
2026-04-01,3415,TOKYO BASE,Tokyo Base Co Ltd,skip,duplicate,high,reuters,1
2026-04-01,3416,ピクスタ,ピクスタ,skip,duplicate,high,"kabutan,nikkei,tdnet",3
2026-04-01,3416,ピクスタ,Pixta,skip,duplicate,high,reuters,1
2026-04-01,3416,ピクスタ,Pixta Inc,skip,duplicate,high,reuters,1
2026-04-01,3417,大木ヘルスケアﾎｰﾙﾃﾞｨﾝｸﾞｽ,大木ヘルスケアホールディングス,skip,duplicate,high,"kabutan,nikkei",2
2026-04-01,3417,大木ヘルスケアﾎｰﾙﾃﾞｨﾝｸﾞｽ,Ohki Healthcare,skip,duplicate,high,reuters,1
2026-04-01,3417,大木ヘルスケアﾎｰﾙﾃﾞｨﾝｸﾞｽ,Ohki Healthcare Holdings Co Ltd,skip,duplicate,high,reuters,1
2026-04-01,3417,大木ヘルスケアﾎｰﾙﾃﾞｨﾝｸﾞｽ,大木ヘルス,skip,duplicate,high,kabutan,1
2026-04-01,3418,バルニバービ,バルニバービ,add,exists_in_base,high,"kabutan,nikkei,tdnet",7
2026-04-01,3418,バルニバービ,Balnibarbi,skip,duplicate,high,reuters,1
2026-04-01,3418,バルニバービ,Balnibarbi Co Ltd,skip,duplicate,high,reuters,1
2026-04-01,341A,トヨコー,トヨコー,add,exists_in_base,high,"kabutan,nikkei",2
2026-04-01,341A,トヨコー,Toyokoh,add,new_candidate,medium,reuters,1
2026-04-01,341A,トヨコー,Toyokoh Inc,add,new_candidate,medium,reuters,1
2026-04-01,3420,ケー・エフ・シー,ケー・エフ・シー,skip,duplicate,high,"kabutan,nikkei,tdnet",4
2026-04-01,3420,ケー・エフ・シー,KFC,skip,duplicate,high,reuters,1
2026-04-01,3420,ケー・エフ・シー,KFC Ltd,skip,duplicate,high,reuters,1
2026-04-01,3421,稲葉製作所,稲葉製作,skip,duplicate,high,"kabutan,tdnet",5
2026-04-01,3421,稲葉製作所,稲葉製作所,add,exists_in_base,high,"kabutan,nikkei",2
2026-04-01,3421,稲葉製作所,Inaba Seisakusho,skip,duplicate,high,reuters,1
2026-04-01,3421,稲葉製作所,Inaba Seisakusho Co Ltd,skip,duplicate,high,reuters,1
2026-04-01,3422,J－MAX,J-MAX,skip,duplicate,high,"kabutan,nikkei,reuters",3
2026-04-01,3422,J－MAX,J-Max Co Ltd,skip,duplicate,high,reuters,1
2026-04-01,3423,エスイー,エスイー,add,exists_in_base,high,"kabutan,nikkei,tdnet",5
2026-04-01,3423,エスイー,S E Corp,skip,duplicate,high,reuters,1
2026-04-01,3423,エスイー,S E,add,new_candidate,medium,reuters,1
2026-04-01,3426,アトムリビンテック,アトムリビンテック,add,exists_in_base,high,"kabutan,nikkei",2
2026-04-01,3426,アトムリビンテック,Atom Livin Tech,skip,duplicate,high,reuters,1
2026-04-01,3426,アトムリビンテック,Atom Livin Tech Co Ltd,skip,duplicate,high,reuters,1
2026-04-01,3426,アトムリビンテック,アトムリビン,skip,duplicate,high,kabutan,1
2026-04-01,3431,宮地エンジニアリングｸﾞﾙｰﾌﾟ,宮地エンジニアリンググループ,skip,duplicate,high,"kabutan,nikkei",2
2026-04-01,3431,宮地エンジニアリングｸﾞﾙｰﾌﾟ,Miyaji Engineering,skip,duplicate,high,reuters,1
2026-04-01,3431,宮地エンジニアリングｸﾞﾙｰﾌﾟ,Miyaji Engineering Group Inc,skip,duplicate,high,reuters,1
2026-04-01,3431,宮地エンジニアリングｸﾞﾙｰﾌﾟ,宮地エンジ,skip,duplicate,high,kabutan,1
2026-04-01,3433,トーカロ,トーカロ,skip,duplicate,high,"kabutan,nikkei,tdnet",3
2026-04-01,3433,トーカロ,Tocalo,skip,duplicate,high,reuters,1
2026-04-01,3433,トーカロ,Tocalo Co Ltd,skip,duplicate,high,reuters,1
2026-04-01,3434,アルファCo,アルファCo,skip,duplicate,high,"kabutan,tdnet",4
2026-04-01,3434,アルファCo,アルファ,skip,duplicate,high,"kabutan,nikkei",2
2026-04-01,3434,アルファCo,Alpha,skip,duplicate,high,reuters,1
2026-04-01,3434,アルファCo,Alpha Corp,skip,duplicate,high,reuters,1
2026-04-01,3435,サンコーテクノ,サンコーテクノ,skip,duplicate,high,"kabutan,nikkei",2
2026-04-01,3435,サンコーテクノ,Sanko Techno,skip,duplicate,high,reuters,1
2026-04-01,3435,サンコーテクノ,Sanko Techno Co Ltd,skip,duplicate,high,reuters,1
2026-04-01,3435,サンコーテクノ,サンコテクノ,skip,duplicate,high,kabutan,1
2026-04-01,3436,SUMCO,SUMCO,skip,duplicate,high,"kabutan,nikkei,reuters",3
2026-04-01,3436,SUMCO,Sumco Corp,skip,duplicate,high,reuters,1
2026-04-01,3437,特殊電極,特殊電極,add,exists_in_base,high,"kabutan,nikkei,tdnet",3
2026-04-01,3437,特殊電極,Tokuden,skip,duplicate,high,reuters,1
2026-04-01,3437,特殊電極,Tokuden Co Ltd,skip,duplicate,high,reuters,1
2026-04-01,3439,三ツ知,三ツ知,skip,duplicate,high,"kabutan,nikkei",2
2026-04-01,3439,三ツ知,Mitsuchi,skip,duplicate,high,reuters,1
2026-04-01,3439,三ツ知,Mitsuchi Corp,skip,duplicate,high,reuters,1
2026-04-01,343A,IACEトラベル,IACEトラベル,skip,duplicate,high,"kabutan,nikkei",2
2026-04-01,343A,IACEトラベル,IACEトラ,skip,duplicate,high,kabutan,1
2026-04-01,343A,IACEトラベル,IACE Travel,add,new_candidate,medium,reuters,1
2026-04-01,343A,IACEトラベル,IACE Travel Corp,add,new_candidate,medium,reuters,1
2026-04-01,3440,日創ｸﾞﾙｰﾌﾟ,日創グループ,skip,duplicate,high,"kabutan,nikkei,tdnet",3
2026-04-01,3440,日創ｸﾞﾙｰﾌﾟ,Nisso,skip,duplicate,high,reuters,1
2026-04-01,3440,日創ｸﾞﾙｰﾌﾟ,Nisso Group Co Ltd,skip,duplicate,high,reuters,1
2026-04-01,3441,山王,山王,skip,duplicate,high,"kabutan,nikkei,tdnet",8
2026-04-01,3441,山王,Sanno,skip,duplicate,high,reuters,1
2026-04-01,3441,山王,Sanno Co Ltd,skip,duplicate,high,reuters,1
2026-04-01,3443,川田テクノロジーズ,川田テクノロジーズ,add,exists_in_base,high,"kabutan,nikkei",2
2026-04-01,3443,川田テクノロジーズ,Kawada Technologies,skip,duplicate,high,reuters,1
2026-04-01,3443,川田テクノロジーズ,Kawada Technologies Inc,skip,duplicate,high,reuters,1
2026-04-01,3443,川田テクノロジーズ,川田テク,skip,duplicate,high,kabutan,1
2026-04-01,3444,菊池製作所,菊池製作所,add,exists_in_base,high,"kabutan,nikkei,tdnet",4
2026-04-01,3444,菊池製作所,菊池製作,skip,duplicate,high,kabutan,1
2026-04-01,3444,菊池製作所,Kabushiki Kaisha Kikuchi Seisakusho,add,new_candidate,medium,reuters,1
2026-04-01,3445,RS Technologies,RS Technologies,skip,duplicate,high,"kabutan,nikkei,reuters",3
2026-04-01,3445,RS Technologies,RS Technologies Co Ltd,skip,duplicate,high,reuters,1
2026-04-01,3445,RS Technologies,RSTECH,skip,duplicate,high,tdnet,1
2026-04-01,3445,RS Technologies,RSテクノ,skip,duplicate,high,kabutan,1
2026-04-01,3446,ジェイテックｺｰﾎﾟﾚｰｼｮﾝ,JTEC Corp,skip,duplicate,high,"reuters,tdnet",2
2026-04-01,3446,ジェイテックｺｰﾎﾟﾚｰｼｮﾝ,ジェイテックコーポレーション,skip,duplicate,high,"kabutan,nikkei",2
2026-04-01,3446,ジェイテックｺｰﾎﾟﾚｰｼｮﾝ,JTEC,skip,duplicate,high,reuters,1
2026-04-01,3446,ジェイテックｺｰﾎﾟﾚｰｼｮﾝ,Jテック・C,skip,duplicate,high,kabutan,1
2026-04-01,3447,信和,信和,skip,duplicate,high,"kabutan,nikkei",2
2026-04-01,3447,信和,Shinwa,skip,duplicate,high,reuters,1
2026-04-01,3447,信和,Shinwa Co Ltd,skip,duplicate,high,reuters,1
2026-04-01,3449,テクノフレックス,テクノフレックス,skip,duplicate,high,"kabutan,nikkei,tdnet",4
2026-04-01,3449,テクノフレックス,Technoflex,skip,duplicate,high,reuters,1
2026-04-01,3449,テクノフレックス,Technoflex Corp,skip,duplicate,high,reuters,1
2026-04-01,3449,テクノフレックス,テクノフレ,skip,duplicate,high,kabutan,1
2026-04-01,3452,ビーロット,ビーロット,skip,duplicate,high,"kabutan,nikkei",2
2026-04-01,3452,ビーロット,B-Lot,skip,duplicate,high,reuters,1
2026-04-01,3452,ビーロット,B-Lot Co Ltd,skip,duplicate,high,reuters,1
2026-04-01,3454,ファーストブラザーズ,ファーストブラザーズ,skip,duplicate,high,"kabutan,nikkei,tdnet",3
2026-04-01,3454,ファーストブラザーズ,First Brothers,skip,duplicate,high,reuters,1
2026-04-01,3454,ファーストブラザーズ,First Brothers Co Ltd,skip,duplicate,high,reuters,1
2026-04-01,3454,ファーストブラザーズ,Fブラザーズ,skip,duplicate,high,kabutan,1
2026-04-01,3457,And Doﾎｰﾙﾃﾞｨﾝｸﾞｽ,And Doホールディングス,skip,duplicate,high,"kabutan,nikkei",2
2026-04-01,3457,And Doﾎｰﾙﾃﾞｨﾝｸﾞｽ,&Do,skip,duplicate,high,reuters,1
2026-04-01,3457,And Doﾎｰﾙﾃﾞｨﾝｸﾞｽ,&Do Holdings Co Ltd,skip,duplicate,high,reuters,1
2026-04-01,3457,And Doﾎｰﾙﾃﾞｨﾝｸﾞｽ,AndDo,skip,duplicate,high,kabutan,1
2026-04-01,3461,パルマ,パルマ,skip,duplicate,high,"kabutan,nikkei,tdnet",3
2026-04-01,3461,パルマ,Palma,skip,duplicate,high,reuters,1
2026-04-01,3461,パルマ,Palma Co Ltd,skip,duplicate,high,reuters,1
2026-04-01,3465,ケイアイスター不動産,ケイアイスター不動産,skip,duplicate,high,"kabutan,nikkei,tdnet",4
2026-04-01,3465,ケイアイスター不動産,Ki-Star Real Estate,skip,duplicate,high,reuters,1
2026-04-01,3465,ケイアイスター不動産,Ki-Star Real Estate Co Ltd,skip,duplicate,high,reuters,1
2026-04-01,3465,ケイアイスター不動産,ケイアイ不,skip,duplicate,high,kabutan,1
2026-04-01,3467,アグレ都市デザイン,アグレ都市デザイン,skip,duplicate,high,"kabutan,nikkei,tdnet",4
2026-04-01,3467,アグレ都市デザイン,Agratio Urban Design,skip,duplicate,high,reuters,1
2026-04-01,3467,アグレ都市デザイン,Agratio Urban Design Inc,skip,duplicate,high,reuters,1
2026-04-01,3467,アグレ都市デザイン,アグレ都市,skip,duplicate,high,kabutan,1
2026-04-01,3469,デュアルタップ,デュアルタップ,skip,duplicate,high,"kabutan,nikkei,tdnet",5
2026-04-01,3469,デュアルタップ,Dualtap,skip,duplicate,high,reuters,1
2026-04-01,3469,デュアルタップ,Dualtap Co Ltd,skip,duplicate,high,reuters,1
2026-04-01,3469,デュアルタップ,デュアルT,skip,duplicate,high,kabutan,1
2026-04-01,3474,G－FACTORY,G-FAC,skip,duplicate,high,"kabutan,tdnet",6
2026-04-01,3474,G－FACTORY,G-FACTORY,skip,duplicate,high,"kabutan,nikkei,reuters",3
2026-04-01,3474,G－FACTORY,G-Factory Co Ltd,skip,duplicate,high,reuters,1
2026-04-01,3475,グッドコムアセット,グッドコムアセット,skip,duplicate,high,"kabutan,nikkei,tdnet",6
2026-04-01,3475,グッドコムアセット,Good Com Asset,skip,duplicate,high,reuters,1
2026-04-01,3475,グッドコムアセット,Good Com Asset Co Ltd,skip,duplicate,high,reuters,1
2026-04-01,3475,グッドコムアセット,グッドコムA,skip,duplicate,high,kabutan,1
2026-04-01,3477,フォーライフ,フォーライフ,add,exists_in_base,high,"kabutan,nikkei,tdnet",3
2026-04-01,3477,フォーライフ,Forlife,skip,duplicate,high,reuters,1
2026-04-01,3477,フォーライフ,Forlife Co Ltd,skip,duplicate,high,reuters,1
2026-04-01,3479,ティーケーピー,TKP,skip,duplicate,high,"kabutan,reuters,tdnet",4
2026-04-01,3479,ティーケーピー,ティーケーピー,add,exists_in_base,high,"kabutan,nikkei",2
2026-04-01,3479,ティーケーピー,TKP Corp,skip,duplicate,high,reuters,1
2026-04-01,3480,ジェイ・エス・ビー,ジェイ・エス・ビー,add,exists_in_base,high,"kabutan,nikkei,tdnet",3
2026-04-01,3480,ジェイ・エス・ビー,JSB,skip,duplicate,high,"kabutan,reuters",2
2026-04-01,3480,ジェイ・エス・ビー,J.S.B. Co Ltd,skip,duplicate,high,reuters,1
2026-04-01,3482,ロードスターキャピタル,ロードスター,skip,duplicate,high,"kabutan,tdnet",5
2026-04-01,3482,ロードスターキャピタル,ロードスターキャピタル,add,exists_in_base,high,"kabutan,nikkei",2
2026-04-01,3482,ロードスターキャピタル,Loadstar Capital,skip,duplicate,high,reuters,1
2026-04-01,3482,ロードスターキャピタル,Loadstar Capital KK,skip,duplicate,high,reuters,1
2026-04-01,3484,イノベーションﾎｰﾙﾃﾞｨﾝｸﾞｽ,イノベーションHD,skip,duplicate,high,tdnet,3
2026-04-01,3484,イノベーションﾎｰﾙﾃﾞｨﾝｸﾞｽ,イノベーションホールディングス,skip,duplicate,high,"kabutan,nikkei",2
2026-04-01,3484,イノベーションﾎｰﾙﾃﾞｨﾝｸﾞｽ,Innovation,skip,duplicate,high,reuters,1
2026-04-01,3484,イノベーションﾎｰﾙﾃﾞｨﾝｸﾞｽ,Innovation Holdings Co Ltd,skip,duplicate,high,reuters,1
2026-04-01,3484,イノベーションﾎｰﾙﾃﾞｨﾝｸﾞｽ,イノベHD,skip,duplicate,high,kabutan,1
2026-04-01,3486,グローバル・リンク・マネジメント,グローバル・リンク・マネジメント,add,exists_in_base,high,"kabutan,nikkei",2
2026-04-01,3486,グローバル・リンク・マネジメント,Global Link Management,skip,duplicate,high,reuters,1
2026-04-01,3486,グローバル・リンク・マネジメント,Global Link Management Inc,skip,duplicate,high,reuters,1
2026-04-01,3486,グローバル・リンク・マネジメント,グロバルLM,skip,duplicate,high,kabutan,1
2026-04-01,3486,グローバル・リンク・マネジメント,グローバルリンクM,skip,duplicate,high,tdnet,1
2026-04-01,3489,フェイスネットワーク,フェイスネットワーク,add,exists_in_base,high,"kabutan,nikkei",2
2026-04-01,3489,フェイスネットワーク,FaithNetwork,skip,duplicate,high,reuters,1
2026-04-01,3489,フェイスネットワーク,FaithNetwork Co Ltd,skip,duplicate,high,reuters,1
2026-04-01,3489,フェイスネットワーク,フェイスNW,skip,duplicate,high,kabutan,1
2026-04-01,3490,アズ企画設計,アズ企画設計,skip,duplicate,high,"kabutan,nikkei,tdnet",10
2026-04-01,3490,アズ企画設計,Azplanning,skip,duplicate,high,reuters,1
2026-04-01,3490,アズ企画設計,Azplanning Co Ltd,skip,duplicate,high,reuters,1
2026-04-01,3491,GA technologies,GA technologies,skip,duplicate,high,"kabutan,nikkei,reuters",3
2026-04-01,3491,GA technologies,GA Technologies Co Ltd,skip,duplicate,high,reuters,1
2026-04-01,3491,GA technologies,GAテクノ,skip,duplicate,high,kabutan,1
2026-04-01,3491,GA technologies,GA TECH,add,new_candidate,medium,tdnet,2
2026-04-01,3494,マリオン,マリオン,skip,duplicate,high,"kabutan,nikkei,tdnet",4
2026-04-01,3494,マリオン,Mullion,skip,duplicate,high,reuters,1
2026-04-01,3494,マリオン,Mullion Co Ltd,skip,duplicate,high,reuters,1
2026-04-01,3495,香陵住販,香陵住販,add,exists_in_base,high,"kabutan,nikkei",2
2026-04-01,3495,香陵住販,Koryojyuhan,skip,duplicate,high,reuters,1
2026-04-01,3495,香陵住販,Koryojyuhan Co Ltd,skip,duplicate,high,reuters,1
2026-04-01,3496,アズーム,アズーム,skip,duplicate,high,"kabutan,nikkei",2
2026-04-01,3496,アズーム,AZoom,skip,duplicate,high,reuters,1
2026-04-01,3496,アズーム,AZoom Co Ltd,skip,duplicate,high,reuters,1
2026-04-01,3498,霞ヶ関キャピタル,霞ヶ関キャピタル,skip,duplicate,high,"kabutan,nikkei,tdnet",3
2026-04-01,3498,霞ヶ関キャピタル,Kasumigaseki Capital,skip,duplicate,high,reuters,1
2026-04-01,3498,霞ヶ関キャピタル,Kasumigaseki Capital Co Ltd,skip,duplicate,high,reuters,1
2026-04-01,3498,霞ヶ関キャピタル,霞ヶ関C,skip,duplicate,high,kabutan,1
2026-04-01,3501,SUMINOE,SUMINOE,skip,duplicate,high,"kabutan,nikkei,reuters,tdnet",4
2026-04-01,3501,SUMINOE,SMINOE,skip,duplicate,high,kabutan,1
2026-04-01,3501,SUMINOE,Suminoe Co Ltd,skip,duplicate,high,reuters,1
2026-04-01,350A,デジタルグリッド,デジタルグリッド,add,exists_in_base,high,"kabutan,nikkei,tdnet",6
2026-04-01,350A,デジタルグリッド,Digital Grid,add,new_candidate,medium,reuters,1
2026-04-01,350A,デジタルグリッド,Digital Grid Corp,add,new_candidate,medium,reuters,1
2026-04-01,3512,日本フエルト,日本フエルト,add,exists_in_base,high,"kabutan,nikkei",2
2026-04-01,3512,日本フエルト,Nippon Felt,skip,duplicate,high,reuters,1
2026-04-01,3512,日本フエルト,Nippon Felt Co Ltd,skip,duplicate,high,reuters,1
2026-04-01,3512,日本フエルト,フエルト,skip,duplicate,high,kabutan,1
2026-04-01,3512,日本フエルト,日フエルト,skip,duplicate,high,tdnet,1
2026-04-01,3513,イチカワ,イチカワ,skip,duplicate,high,"kabutan,nikkei,tdnet",5
2026-04-01,3513,イチカワ,Ichikawa,skip,duplicate,high,reuters,1
2026-04-01,3513,イチカワ,Ichikawa Co Ltd,skip,duplicate,high,reuters,1
2026-04-01,3521,テルマー湯ﾎｰﾙﾃﾞｨﾝｸﾞｽ,テルマー湯ホールディングス,skip,duplicate,high,"kabutan,nikkei",2
2026-04-01,3521,テルマー湯ﾎｰﾙﾃﾞｨﾝｸﾞｽ,Thermae-Yu,skip,duplicate,high,reuters,1
2026-04-01,3521,テルマー湯ﾎｰﾙﾃﾞｨﾝｸﾞｽ,Thermae-Yu Holdings Co Ltd,skip,duplicate,high,reuters,1
2026-04-01,3521,テルマー湯ﾎｰﾙﾃﾞｨﾝｸﾞｽ,テルマー湯,skip,duplicate,high,kabutan,1
2026-04-01,3524,日東製網,日東網,skip,duplicate,high,"kabutan,tdnet",2
2026-04-01,3524,日東製網,日東製網,add,exists_in_base,high,"kabutan,nikkei",2
2026-04-01,3524,日東製網,Nitto Seimo,skip,duplicate,high,reuters,1
2026-04-01,3524,日東製網,Nitto Seimo Co Ltd,skip,duplicate,high,reuters,1
2026-04-01,3529,アツギ,アツギ,skip,duplicate,high,"kabutan,nikkei,tdnet",4
2026-04-01,3529,アツギ,Atsugi,skip,duplicate,high,reuters,1
2026-04-01,3529,アツギ,Atsugi Co Ltd,skip,duplicate,high,reuters,1
2026-04-01,352A,LOIVE,LOIVE,skip,duplicate,high,"kabutan,nikkei,reuters,tdnet",4
2026-04-01,352A,LOIVE,ロイブ,skip,duplicate,high,kabutan,1
2026-04-01,352A,LOIVE,LOIVE Co Ltd,add,new_candidate,medium,reuters,1
2026-04-01,3536,アクサスﾎｰﾙﾃﾞｨﾝｸﾞｽ,アクサスホールディングス,skip,duplicate,high,"kabutan,nikkei",2
2026-04-01,3536,アクサスﾎｰﾙﾃﾞｨﾝｸﾞｽ,Axas,skip,duplicate,high,reuters,1
2026-04-01,3536,アクサスﾎｰﾙﾃﾞｨﾝｸﾞｽ,Axas Holdings Co Ltd,skip,duplicate,high,reuters,1
2026-04-01,3536,アクサスﾎｰﾙﾃﾞｨﾝｸﾞｽ,アクサスHD,skip,duplicate,high,kabutan,1
2026-04-01,3537,昭栄薬品,昭栄薬品,skip,duplicate,high,"kabutan,nikkei",2
2026-04-01,3537,昭栄薬品,Shoei Yakuhin,skip,duplicate,high,reuters,1
2026-04-01,3537,昭栄薬品,Shoei Yakuhin Co Ltd,skip,duplicate,high,reuters,1
2026-04-01,3538,ウイルプラスﾎｰﾙﾃﾞｨﾝｸﾞｽ,ウイルプラスHD,skip,duplicate,high,tdnet,2
2026-04-01,3538,ウイルプラスﾎｰﾙﾃﾞｨﾝｸﾞｽ,ウイルプラスホールディングス,skip,duplicate,high,"kabutan,nikkei",2
2026-04-01,3538,ウイルプラスﾎｰﾙﾃﾞｨﾝｸﾞｽ,Willplus,skip,duplicate,high,reuters,1
2026-04-01,3538,ウイルプラスﾎｰﾙﾃﾞｨﾝｸﾞｽ,Willplus Holdings Corp,skip,duplicate,high,reuters,1
2026-04-01,3538,ウイルプラスﾎｰﾙﾃﾞｨﾝｸﾞｽ,ウイルプラス,skip,duplicate,high,kabutan,1
2026-04-01,3539,JMﾎｰﾙﾃﾞｨﾝｸﾞｽ,JMホールディングス,skip,duplicate,high,"kabutan,nikkei,tdnet",3
2026-04-01,3539,JMﾎｰﾙﾃﾞｨﾝｸﾞｽ,JM Holdings Co Ltd,skip,duplicate,high,reuters,1
2026-04-01,3539,JMﾎｰﾙﾃﾞｨﾝｸﾞｽ,JMHD,skip,duplicate,high,kabutan,1
2026-04-01,3541,農業総合研究所,農業総合研究所,add,exists_in_base,high,"kabutan,nikkei,tdnet",4
2026-04-01,3541,農業総合研究所,Nousouken,skip,duplicate,high,reuters,1
2026-04-01,3541,農業総合研究所,Nousouken Corp,skip,duplicate,high,reuters,1
2026-04-01,3541,農業総合研究所,農業総研,skip,duplicate,high,kabutan,1
2026-04-01,3542,ベガｺｰﾎﾟﾚｰｼｮﾝ,Vega,skip,duplicate,high,"reuters,tdnet",2
2026-04-01,3542,ベガｺｰﾎﾟﾚｰｼｮﾝ,ベガコーポレーション,skip,duplicate,high,"kabutan,nikkei",2
2026-04-01,3542,ベガｺｰﾎﾟﾚｰｼｮﾝ,Vega Corporation Co Ltd,skip,duplicate,high,reuters,1
2026-04-01,3542,ベガｺｰﾎﾟﾚｰｼｮﾝ,ベガコーポ,skip,duplicate,high,kabutan,1
2026-04-01,3543,コメダﾎｰﾙﾃﾞｨﾝｸﾞｽ,コメダホールディングス,skip,duplicate,high,"kabutan,nikkei",2
2026-04-01,3543,コメダﾎｰﾙﾃﾞｨﾝｸﾞｽ,Komeda,skip,duplicate,high,reuters,1
2026-04-01,3543,コメダﾎｰﾙﾃﾞｨﾝｸﾞｽ,Komeda Holdings Co Ltd,skip,duplicate,high,reuters,1
2026-04-01,3543,コメダﾎｰﾙﾃﾞｨﾝｸﾞｽ,コメダ,skip,duplicate,high,kabutan,1
2026-04-01,3544,サツドラﾎｰﾙﾃﾞｨﾝｸﾞｽ,サツドラHD,skip,duplicate,high,"kabutan,tdnet",4
2026-04-01,3544,サツドラﾎｰﾙﾃﾞｨﾝｸﾞｽ,サツドラホールディングス,skip,duplicate,high,"kabutan,nikkei",2
2026-04-01,3544,サツドラﾎｰﾙﾃﾞｨﾝｸﾞｽ,Satudora,skip,duplicate,high,reuters,1
2026-04-01,3544,サツドラﾎｰﾙﾃﾞｨﾝｸﾞｽ,Satudora Holdings Co Ltd,skip,duplicate,high,reuters,1
2026-04-01,3546,アレンザﾎｰﾙﾃﾞｨﾝｸﾞｽ,アレンザHD,skip,duplicate,high,"kabutan,tdnet",4
2026-04-01,3546,アレンザﾎｰﾙﾃﾞｨﾝｸﾞｽ,アレンザホールディングス,skip,duplicate,high,"kabutan,nikkei",2
2026-04-01,3546,アレンザﾎｰﾙﾃﾞｨﾝｸﾞｽ,Alleanza,skip,duplicate,high,reuters,1
2026-04-01,3546,アレンザﾎｰﾙﾃﾞｨﾝｸﾞｽ,Alleanza Holdings Co Ltd,skip,duplicate,high,reuters,1
2026-04-01,3547,串カツ田中ﾎｰﾙﾃﾞｨﾝｸﾞｽ,ユニシアHD,skip,duplicate,high,"kabutan,tdnet",5
2026-04-01,3547,串カツ田中ﾎｰﾙﾃﾞｨﾝｸﾞｽ,ユニシアホールディングス,skip,duplicate,high,"kabutan,nikkei",2
2026-04-01,3547,串カツ田中ﾎｰﾙﾃﾞｨﾝｸﾞｽ,Unisia,add,new_candidate,medium,reuters,1
2026-04-01,3547,串カツ田中ﾎｰﾙﾃﾞｨﾝｸﾞｽ,Unisia Holdings Co,add,new_candidate,medium,reuters,1
2026-04-01,3548,バロックジャパンリミテッド,バロック,skip,duplicate,high,"kabutan,tdnet",2
2026-04-01,3548,バロックジャパンリミテッド,バロックジャパンリミテッド,add,exists_in_base,high,"kabutan,nikkei",2
2026-04-01,3548,バロックジャパンリミテッド,Baroque Japan,skip,duplicate,high,reuters,1
2026-04-01,3548,バロックジャパンリミテッド,Baroque Japan Ltd,skip,duplicate,high,reuters,1
2026-04-01,3549,クスリのアオキﾎｰﾙﾃﾞｨﾝｸﾞｽ,クスリのアオキHD,skip,duplicate,high,tdnet,3
2026-04-01,3549,クスリのアオキﾎｰﾙﾃﾞｨﾝｸﾞｽ,クスリのアオキホールディングス,skip,duplicate,high,"kabutan,nikkei",2
2026-04-01,3549,クスリのアオキﾎｰﾙﾃﾞｨﾝｸﾞｽ,Kusuri No Aoki,skip,duplicate,high,reuters,1
2026-04-01,3549,クスリのアオキﾎｰﾙﾃﾞｨﾝｸﾞｽ,Kusuri No Aoki Holdings Co Ltd,skip,duplicate,high,reuters,1
2026-04-01,3549,クスリのアオキﾎｰﾙﾃﾞｨﾝｸﾞｽ,クスリアオキ,skip,duplicate,high,kabutan,1
2026-04-01,3550,スタジオアタオ,スタジオアタオ,add,exists_in_base,high,"kabutan,nikkei",2
2026-04-01,3550,スタジオアタオ,ATAO,skip,duplicate,high,kabutan,1
2026-04-01,3550,スタジオアタオ,Studio Atao,skip,duplicate,high,reuters,1
2026-04-01,3550,スタジオアタオ,Studio Atao Co Ltd,skip,duplicate,high,reuters,1
2026-04-01,3551,ダイニック,ダイニック,skip,duplicate,high,"kabutan,nikkei",2
2026-04-01,3551,ダイニック,Dynic,skip,duplicate,high,reuters,1
2026-04-01,3551,ダイニック,Dynic Corp,skip,duplicate,high,reuters,1
2026-04-01,3553,共和レザー,共和レザー,skip,duplicate,high,"kabutan,nikkei,tdnet",3
2026-04-01,3553,共和レザー,Kyowa Leather Cloth,skip,duplicate,high,reuters,1
2026-04-01,3553,共和レザー,Kyowa Leather Cloth Co Ltd,skip,duplicate,high,reuters,1
2026-04-01,3553,共和レザー,共和レ,skip,duplicate,high,kabutan,1
2026-04-01,3556,リネットジャパンｸﾞﾙｰﾌﾟ,リネットジャパングループ,skip,duplicate,high,"kabutan,nikkei",2
2026-04-01,3556,リネットジャパンｸﾞﾙｰﾌﾟ,RenetJapanGroup,skip,duplicate,high,reuters,1
2026-04-01,3556,リネットジャパンｸﾞﾙｰﾌﾟ,RenetJapanGroup Inc,skip,duplicate,high,reuters,1
2026-04-01,3556,リネットジャパンｸﾞﾙｰﾌﾟ,リネットJ,skip,duplicate,high,kabutan,1
2026-04-01,3556,リネットジャパンｸﾞﾙｰﾌﾟ,リネットジャパン,add,new_candidate,medium,tdnet,7
2026-04-01,3557,ユナイテッド＆コレクティブ,U&C,skip,duplicate,high,"kabutan,tdnet",3
2026-04-01,3557,ユナイテッド＆コレクティブ,ユナイテッド&コレクティブ,add,exists_in_base,high,"kabutan,nikkei",2
2026-04-01,3557,ユナイテッド＆コレクティブ,United & Collective,skip,duplicate,high,reuters,1
2026-04-01,3557,ユナイテッド＆コレクティブ,United & Collective Co Ltd,skip,duplicate,high,reuters,1
2026-04-01,3558,ジェイドｸﾞﾙｰﾌﾟ,ジェイドグループ,skip,duplicate,high,"kabutan,nikkei,tdnet",4
2026-04-01,3558,ジェイドｸﾞﾙｰﾌﾟ,Jade,skip,duplicate,high,reuters,1
2026-04-01,3558,ジェイドｸﾞﾙｰﾌﾟ,Jade Group Inc,skip,duplicate,high,reuters,1
2026-04-01,3558,ジェイドｸﾞﾙｰﾌﾟ,ジェイドG,skip,duplicate,high,kabutan,1
2026-04-01,3559,ピーバンドットコム,ピーバンドットコム,skip,duplicate,high,"kabutan,nikkei,tdnet",3
2026-04-01,3559,ピーバンドットコム,p-ban.com,skip,duplicate,high,reuters,1
2026-04-01,3559,ピーバンドットコム,p-ban.com Corp,skip,duplicate,high,reuters,1
2026-04-01,3559,ピーバンドットコム,PバンCOM,skip,duplicate,high,kabutan,1
2026-04-01,3560,ほぼ日,ほぼ日,add,exists_in_base,high,"kabutan,nikkei",2
2026-04-01,3560,ほぼ日,Hobonichi,skip,duplicate,high,reuters,1
2026-04-01,3560,ほぼ日,Hobonichi Co Ltd,skip,duplicate,high,reuters,1
2026-04-01,3561,力の源ﾎｰﾙﾃﾞｨﾝｸﾞｽ,力の源HD,skip,duplicate,high,"kabutan,tdnet",2
2026-04-01,3561,力の源ﾎｰﾙﾃﾞｨﾝｸﾞｽ,力の源ホールディングス,skip,duplicate,high,"kabutan,nikkei",2
2026-04-01,3561,力の源ﾎｰﾙﾃﾞｨﾝｸﾞｽ,Chikaranomoto,skip,duplicate,high,reuters,1
2026-04-01,3561,力の源ﾎｰﾙﾃﾞｨﾝｸﾞｽ,Chikaranomoto Holdings Co Ltd,skip,duplicate,high,reuters,1
2026-04-01,3562,No．1,No.1,skip,duplicate,high,"kabutan,nikkei,reuters,tdnet",5
2026-04-01,3562,No．1,No.1 Co Ltd,skip,duplicate,high,reuters,1
2026-04-01,3563,FOOD ＆ LIFE COMPANIES,FOOD & LIFE COMPANIES,skip,duplicate,high,"kabutan,nikkei,reuters",3
2026-04-01,3563,FOOD ＆ LIFE COMPANIES,F&LC,skip,duplicate,high,"kabutan,tdnet",2
2026-04-01,3563,FOOD ＆ LIFE COMPANIES,Food & Life Companies Ltd,skip,duplicate,high,reuters,1
2026-04-01,3565,アセンテック,アセンテック,add,exists_in_base,high,"kabutan,nikkei,tdnet",14
2026-04-01,3565,アセンテック,Ascentech,skip,duplicate,high,reuters,1
2026-04-01,3565,アセンテック,Ascentech KK,skip,duplicate,high,reuters,1
2026-04-01,3566,ユニフォームネクスト,ユニネク,skip,duplicate,high,"kabutan,tdnet",6
2026-04-01,3566,ユニフォームネクスト,ユニフォームネクスト,add,exists_in_base,high,"kabutan,nikkei",2
2026-04-01,3566,ユニフォームネクスト,Uniform Next,skip,duplicate,high,reuters,1
2026-04-01,3566,ユニフォームネクスト,Uniform Next Co Ltd,skip,duplicate,high,reuters,1
2026-04-01,3569,セーレン,セーレン,skip,duplicate,high,"kabutan,nikkei",2
2026-04-01,3569,セーレン,Seiren,skip,duplicate,high,reuters,1
2026-04-01,3569,セーレン,Seiren Co Ltd,skip,duplicate,high,reuters,1
2026-04-01,3571,ソトー,ソトー,skip,duplicate,high,"kabutan,nikkei,tdnet",5
2026-04-01,3571,ソトー,Sotoh,skip,duplicate,high,reuters,1
2026-04-01,3571,ソトー,Sotoh Co Ltd,skip,duplicate,high,reuters,1
2026-04-01,3577,東海染工,東海染工,skip,duplicate,high,"kabutan,nikkei",2
2026-04-01,3577,東海染工,Tokai Senko,skip,duplicate,high,reuters,1
2026-04-01,3577,東海染工,Tokai Senko KK,skip,duplicate,high,reuters,1
2026-04-01,3577,東海染工,東海染,skip,duplicate,high,kabutan,1
2026-04-01,3580,小松マテーレ,小松マテーレ,skip,duplicate,high,"kabutan,nikkei,tdnet",7
2026-04-01,3580,小松マテーレ,Komatsu Matere,skip,duplicate,high,reuters,1
2026-04-01,3580,小松マテーレ,Komatsu Matere Co Ltd,skip,duplicate,high,reuters,1
2026-04-01,3583,オーベクス,オーベクス,skip,duplicate,high,"kabutan,nikkei,tdnet",3
2026-04-01,3583,オーベクス,AuBEX,skip,duplicate,high,reuters,1
2026-04-01,3583,オーベクス,AuBEX Corp,skip,duplicate,high,reuters,1
2026-04-01,3591,ワコールﾎｰﾙﾃﾞｨﾝｸﾞｽ,ワコールHD,skip,duplicate,high,"kabutan,tdnet",4
2026-04-01,3591,ワコールﾎｰﾙﾃﾞｨﾝｸﾞｽ,ワコールホールディングス,skip,duplicate,high,"kabutan,nikkei",2
2026-04-01,3591,ワコールﾎｰﾙﾃﾞｨﾝｸﾞｽ,Wacoal,skip,duplicate,high,reuters,1
2026-04-01,3591,ワコールﾎｰﾙﾃﾞｨﾝｸﾞｽ,Wacoal Holdings Corp,skip,duplicate,high,reuters,1
2026-04-01,3593,ホギメディカル,ホギメディ,skip,duplicate,high,tdnet,4
2026-04-01,3593,ホギメディカル,ホギメディカル,add,exists_in_base,high,"kabutan,nikkei",2
2026-04-01,3593,ホギメディカル,Hogy Medical,skip,duplicate,high,reuters,1
2026-04-01,3593,ホギメディカル,Hogy Medical Co Ltd,skip,duplicate,high,reuters,1
2026-04-01,3593,ホギメディカル,ホギメデ,skip,duplicate,high,kabutan,1
2026-04-01,3597,自重堂,自重堂,add,exists_in_base,high,"kabutan,nikkei",2
2026-04-01,3597,自重堂,Jichodo,skip,duplicate,high,reuters,1
2026-04-01,3597,自重堂,Jichodo Co Ltd,skip,duplicate,high,reuters,1
2026-04-01,3598,山喜,山喜,add,exists_in_base,high,"kabutan,nikkei,tdnet",3
2026-04-01,3598,山喜,Yamaki,skip,duplicate,high,reuters,1
2026-04-01,3598,山喜,Yamaki Co Ltd,skip,duplicate,high,reuters,1
2026-04-01,3600,フジックス,フジックス,skip,duplicate,high,"kabutan,nikkei",2
2026-04-01,3600,フジックス,Fujix,skip,duplicate,high,reuters,1
2026-04-01,3600,フジックス,Fujix Ltd,skip,duplicate,high,reuters,1
2026-04-01,3607,クラウディアﾎｰﾙﾃﾞｨﾝｸﾞｽ,クラウディアホールディングス,add,exists_in_base,high,"kabutan,nikkei",2
2026-04-01,3607,クラウディアﾎｰﾙﾃﾞｨﾝｸﾞｽ,Kuraudia,skip,duplicate,high,reuters,1
2026-04-01,3607,クラウディアﾎｰﾙﾃﾞｨﾝｸﾞｽ,Kuraudia Holdings Co Ltd,skip,duplicate,high,reuters,1
2026-04-01,3607,クラウディアﾎｰﾙﾃﾞｨﾝｸﾞｽ,クラウディア,add,new_candidate,medium,kabutan,1
2026-04-01,3607,クラウディアﾎｰﾙﾃﾞｨﾝｸﾞｽ,クラウディアHD,add,new_candidate,medium,tdnet,1
2026-04-01,3608,TSIﾎｰﾙﾃﾞｨﾝｸﾞｽ,TSIHD,skip,duplicate,high,"kabutan,tdnet",3
2026-04-01,3608,TSIﾎｰﾙﾃﾞｨﾝｸﾞｽ,TSIホールディングス,skip,duplicate,high,"kabutan,nikkei",2
2026-04-01,3608,TSIﾎｰﾙﾃﾞｨﾝｸﾞｽ,TSI,skip,duplicate,high,reuters,1
2026-04-01,3608,TSIﾎｰﾙﾃﾞｨﾝｸﾞｽ,TSI Holdings Co Ltd,skip,duplicate,high,reuters,1
2026-04-01,3611,マツオカｺｰﾎﾟﾚｰｼｮﾝ,マツオカ,skip,duplicate,high,"kabutan,tdnet",2
2026-04-01,3611,マツオカｺｰﾎﾟﾚｰｼｮﾝ,マツオカコーポレーション,skip,duplicate,high,"kabutan,nikkei",2
2026-04-01,3611,マツオカｺｰﾎﾟﾚｰｼｮﾝ,Matsuoka,skip,duplicate,high,reuters,1
2026-04-01,3611,マツオカｺｰﾎﾟﾚｰｼｮﾝ,Matsuoka Corp,skip,duplicate,high,reuters,1
2026-04-01,3612,ワールド,ワールド,skip,duplicate,high,"kabutan,nikkei,tdnet",10
2026-04-01,3612,ワールド,World,skip,duplicate,high,reuters,1
2026-04-01,3612,ワールド,World Co Ltd,skip,duplicate,high,reuters,1
2026-04-01,3622,ネットイヤーｸﾞﾙｰﾌﾟ,ネットイヤー,skip,duplicate,high,"kabutan,tdnet",2
2026-04-01,3622,ネットイヤーｸﾞﾙｰﾌﾟ,ネットイヤーグループ,skip,duplicate,high,"kabutan,nikkei",2
2026-04-01,3622,ネットイヤーｸﾞﾙｰﾌﾟ,Netyear,skip,duplicate,high,reuters,1
2026-04-01,3622,ネットイヤーｸﾞﾙｰﾌﾟ,Netyear Group Corp,skip,duplicate,high,reuters,1
2026-04-01,3623,ビリングシステム,ビリングシステム,add,exists_in_base,high,"kabutan,nikkei",2
2026-04-01,3623,ビリングシステム,Billing System,skip,duplicate,high,reuters,1
2026-04-01,3623,ビリングシステム,Billing System Corp,skip,duplicate,high,reuters,1
2026-04-01,3623,ビリングシステム,ビリングシス,skip,duplicate,high,kabutan,1
2026-04-01,3624,アクセルマーク,アクセルM,skip,duplicate,high,"kabutan,tdnet",5
2026-04-01,3624,アクセルマーク,アクセルマーク,add,exists_in_base,high,"kabutan,nikkei",2
2026-04-01,3624,アクセルマーク,Axel Mark,skip,duplicate,high,reuters,1
2026-04-01,3624,アクセルマーク,Axel Mark Inc,skip,duplicate,high,reuters,1
2026-04-01,3625,テックファームﾎｰﾙﾃﾞｨﾝｸﾞｽ,テックファームホールディングス,skip,duplicate,high,"kabutan,nikkei",2
2026-04-01,3625,テックファームﾎｰﾙﾃﾞｨﾝｸﾞｽ,Techfirm,skip,duplicate,high,reuters,1
2026-04-01,3625,テックファームﾎｰﾙﾃﾞｨﾝｸﾞｽ,Techfirm Holdings Inc,skip,duplicate,high,reuters,1
2026-04-01,3625,テックファームﾎｰﾙﾃﾞｨﾝｸﾞｽ,テックファム,skip,duplicate,high,kabutan,1
2026-04-01,3626,TIS,TIS,skip,duplicate,high,"kabutan,nikkei,reuters,tdnet",6
2026-04-01,3626,TIS,TIS Inc,skip,duplicate,high,reuters,1
2026-04-01,3627,テクミラﾎｰﾙﾃﾞｨﾝｸﾞｽ,テクミラ,skip,duplicate,high,"kabutan,tdnet",2
2026-04-01,3627,テクミラﾎｰﾙﾃﾞｨﾝｸﾞｽ,テクミラホールディングス,skip,duplicate,high,"kabutan,nikkei",2
2026-04-01,3627,テクミラﾎｰﾙﾃﾞｨﾝｸﾞｽ,Tecmira,skip,duplicate,high,reuters,1
2026-04-01,3627,テクミラﾎｰﾙﾃﾞｨﾝｸﾞｽ,Tecmira Holdings Inc,skip,duplicate,high,reuters,1
2026-04-01,3628,データホライゾン,データHR,skip,duplicate,high,"kabutan,tdnet",2
2026-04-01,3628,データホライゾン,データホライゾン,add,exists_in_base,high,"kabutan,nikkei",2
2026-04-01,3628,データホライゾン,Data Horizon,skip,duplicate,high,reuters,1
2026-04-01,3628,データホライゾン,Data Horizon Co Ltd,skip,duplicate,high,reuters,1
2026-04-01,3632,グリーﾎｰﾙﾃﾞｨﾝｸﾞｽ,グリーHD,skip,duplicate,high,"kabutan,tdnet",2
2026-04-01,3632,グリーﾎｰﾙﾃﾞｨﾝｸﾞｽ,グリーホールディングス,skip,duplicate,high,"kabutan,nikkei",2
2026-04-01,3632,グリーﾎｰﾙﾃﾞｨﾝｸﾞｽ,Gree,skip,duplicate,high,reuters,1
2026-04-01,3632,グリーﾎｰﾙﾃﾞｨﾝｸﾞｽ,Gree Holdings Inc,skip,duplicate,high,reuters,1
2026-04-01,3633,GMOペパボ,GMOペパボ,skip,duplicate,high,"kabutan,nikkei,tdnet",3
2026-04-01,3633,GMOペパボ,GMO Pepabo,skip,duplicate,high,reuters,1
2026-04-01,3633,GMOペパボ,GMO Pepabo Inc,skip,duplicate,high,reuters,1
2026-04-01,3634,ソケッツ,ソケッツ,skip,duplicate,high,"kabutan,nikkei,tdnet",8
2026-04-01,3634,ソケッツ,Sockets,skip,duplicate,high,reuters,1
2026-04-01,3634,ソケッツ,Sockets Inc,skip,duplicate,high,reuters,1
2026-04-01,3635,コーエーテクモﾎｰﾙﾃﾞｨﾝｸﾞｽ,コーエーテクモホールディングス,skip,duplicate,high,"kabutan,nikkei",2
2026-04-01,3635,コーエーテクモﾎｰﾙﾃﾞｨﾝｸﾞｽ,Koei Tecmo,skip,duplicate,high,reuters,1
2026-04-01,3635,コーエーテクモﾎｰﾙﾃﾞｨﾝｸﾞｽ,Koei Tecmo Holdings Co Ltd,skip,duplicate,high,reuters,1
2026-04-01,3635,コーエーテクモﾎｰﾙﾃﾞｨﾝｸﾞｽ,コーテクHD,skip,duplicate,high,kabutan,1
2026-04-01,3636,三菱総合研究所,三菱総合研究所,add,exists_in_base,high,"kabutan,nikkei",2
2026-04-01,3636,三菱総合研究所,Mitsubishi Research Institute,skip,duplicate,high,reuters,1
2026-04-01,3636,三菱総合研究所,Mitsubishi Research Institute Inc,skip,duplicate,high,reuters,1
2026-04-01,3636,三菱総合研究所,三菱総研,skip,duplicate,high,kabutan,1
2026-04-01,3639,ボルテージ,ボルテージ,skip,duplicate,high,"kabutan,nikkei",2
2026-04-01,3639,ボルテージ,Voltage,skip,duplicate,high,reuters,1
2026-04-01,3639,ボルテージ,Voltage Inc,skip,duplicate,high,reuters,1
2026-04-01,3640,電算,電算,skip,duplicate,high,"kabutan,nikkei",2
2026-04-01,3640,電算,Densan,skip,duplicate,high,reuters,1
2026-04-01,3640,電算,Densan Co Ltd,skip,duplicate,high,reuters,1
2026-04-01,3641,パピレス,パピレス,skip,duplicate,high,"kabutan,nikkei",2
2026-04-01,3641,パピレス,Papyless,skip,duplicate,high,reuters,1
2026-04-01,3641,パピレス,Papyless Co Ltd,skip,duplicate,high,reuters,1
2026-04-01,3645,メディカルネット,メディカルネット,add,exists_in_base,high,"kabutan,nikkei,tdnet",3
2026-04-01,3645,メディカルネット,Medical Net,skip,duplicate,high,reuters,1
2026-04-01,3645,メディカルネット,Medical Net Inc,skip,duplicate,high,reuters,1
2026-04-01,3645,メディカルネット,メディカルN,skip,duplicate,high,kabutan,1
2026-04-01,3646,駅探,駅探,add,exists_in_base,high,"kabutan,nikkei,tdnet",4
2026-04-01,3646,駅探,Ekitan &,skip,duplicate,high,reuters,1
2026-04-01,3646,駅探,Ekitan & Co Ltd,skip,duplicate,high,reuters,1
2026-04-01,3647,アスリナ,アスリナ,skip,duplicate,high,"kabutan,nikkei,tdnet",5
2026-04-01,3647,アスリナ,Asulina,skip,duplicate,high,reuters,1
2026-04-01,3647,アスリナ,Asulina Co Ltd,skip,duplicate,high,reuters,1
2026-04-01,3648,AGS,AGS,skip,duplicate,high,"kabutan,nikkei,reuters",3
2026-04-01,3648,AGS,AGS Corp,skip,duplicate,high,reuters,1
2026-04-01,3649,ファインデックス,ファインデックス,skip,duplicate,high,"kabutan,nikkei,tdnet",6
2026-04-01,3649,ファインデックス,Findex,skip,duplicate,high,reuters,1
2026-04-01,3649,ファインデックス,Findex Inc,skip,duplicate,high,reuters,1
2026-04-01,3649,ファインデックス,ファインデ,skip,duplicate,high,kabutan,1
2026-04-01,3652,ディジタルメディアプロフェッショナル,ディジタルメディアプロフェッショナル,add,exists_in_base,high,"kabutan,nikkei",2
2026-04-01,3652,ディジタルメディアプロフェッショナル,Digital Media Professionals,skip,duplicate,high,reuters,1
2026-04-01,3652,ディジタルメディアプロフェッショナル,Digital Media Professionals Inc,skip,duplicate,high,reuters,1
2026-04-01,3652,ディジタルメディアプロフェッショナル,DMP,skip,duplicate,high,kabutan,1
2026-04-01,3653,モルフォ,モルフォ,add,exists_in_base,high,"kabutan,nikkei,tdnet",8
2026-04-01,3653,モルフォ,Morpho,skip,duplicate,high,reuters,1
2026-04-01,3653,モルフォ,Morpho Inc,skip,duplicate,high,reuters,1
2026-04-01,3655,ブレインパッド,ブレインパッド,skip,duplicate,high,"kabutan,tdnet",3
2026-04-01,3655,ブレインパッド,ブレインP,skip,duplicate,high,kabutan,1
2026-04-01,3655,ブレインパッド,3655.T,add,new_candidate,medium,reuters,1
2026-04-01,3656,KLab,KLab,skip,duplicate,high,"kabutan,nikkei,reuters,tdnet",6
2026-04-01,3656,KLab,KLab Inc,skip,duplicate,high,reuters,1
2026-04-01,3657,ポールトゥウィンﾎｰﾙﾃﾞｨﾝｸﾞｽ,ポールHD,skip,duplicate,high,"kabutan,tdnet",9
2026-04-01,3657,ポールトゥウィンﾎｰﾙﾃﾞｨﾝｸﾞｽ,ポールトゥウィンホールディングス,skip,duplicate,high,"kabutan,nikkei",2
2026-04-01,3657,ポールトゥウィンﾎｰﾙﾃﾞｨﾝｸﾞｽ,Pole To Win,skip,duplicate,high,reuters,1
2026-04-01,3657,ポールトゥウィンﾎｰﾙﾃﾞｨﾝｸﾞｽ,Pole To Win Holdings Inc,skip,duplicate,high,reuters,1
2026-04-01,3659,ネクソン,ネクソン,skip,duplicate,high,"kabutan,nikkei,tdnet",5
2026-04-01,3659,ネクソン,Nexon,skip,duplicate,high,reuters,1
2026-04-01,3659,ネクソン,Nexon Co Ltd,skip,duplicate,high,reuters,1
2026-04-01,365A,伊澤タオル,伊澤タオル,skip,duplicate,high,"kabutan,tdnet",7
2026-04-01,365A,伊澤タオル,伊沢タオル,add,new_candidate,high,"kabutan,nikkei",2
2026-04-01,365A,伊澤タオル,Izawa Towel,add,new_candidate,medium,reuters,1
2026-04-01,365A,伊澤タオル,Izawa Towel Co Ltd,add,new_candidate,medium,reuters,1
2026-04-01,3660,アイスタイル,アイスタイル,skip,duplicate,high,"kabutan,nikkei",2
2026-04-01,3660,アイスタイル,Istyle,skip,duplicate,high,reuters,1
2026-04-01,3660,アイスタイル,Istyle Inc,skip,duplicate,high,reuters,1
2026-04-01,3661,エムアップﾎｰﾙﾃﾞｨﾝｸﾞｽ,エムアップホールディングス,skip,duplicate,high,"kabutan,nikkei",2
2026-04-01,3661,エムアップﾎｰﾙﾃﾞｨﾝｸﾞｽ,M-up,skip,duplicate,high,reuters,1
2026-04-01,3661,エムアップﾎｰﾙﾃﾞｨﾝｸﾞｽ,M-up Holdings Inc,skip,duplicate,high,reuters,1
2026-04-01,3661,エムアップﾎｰﾙﾃﾞｨﾝｸﾞｽ,エムアップ,skip,duplicate,high,kabutan,1
2026-04-01,3661,エムアップﾎｰﾙﾃﾞｨﾝｸﾞｽ,エムアップHD,skip,duplicate,high,tdnet,1
2026-04-01,3662,エイチームﾎｰﾙﾃﾞｨﾝｸﾞｽ,エイチームホールディングス,skip,duplicate,high,"kabutan,nikkei",2
2026-04-01,3662,エイチームﾎｰﾙﾃﾞｨﾝｸﾞｽ,Ateam,skip,duplicate,high,reuters,1
2026-04-01,3662,エイチームﾎｰﾙﾃﾞｨﾝｸﾞｽ,Ateam Holdings Co Ltd,skip,duplicate,high,reuters,1
2026-04-01,3662,エイチームﾎｰﾙﾃﾞｨﾝｸﾞｽ,エイチーム,skip,duplicate,high,kabutan,1
2026-04-01,3662,エイチームﾎｰﾙﾃﾞｨﾝｸﾞｽ,エイチームHD,add,new_candidate,medium,tdnet,6
2026-04-01,3663,セルシス,セルシス,skip,duplicate,high,"kabutan,nikkei,tdnet",5
2026-04-01,3663,セルシス,CELSYS,skip,duplicate,high,reuters,1
2026-04-01,3663,セルシス,CELSYS Inc,skip,duplicate,high,reuters,1
2026-04-01,3664,モブキャストﾎｰﾙﾃﾞｨﾝｸﾞｽ,WIZE,add,new_candidate,high,"kabutan,nikkei,reuters",3
2026-04-01,3664,モブキャストﾎｰﾙﾃﾞｨﾝｸﾞｽ,モブキャストHD,add,new_candidate,medium,tdnet,3
2026-04-01,3664,モブキャストﾎｰﾙﾃﾞｨﾝｸﾞｽ,Wize Inc,add,new_candidate,medium,reuters,1
2026-04-01,3665,エニグモ,エニグモ,skip,duplicate,high,"kabutan,nikkei,tdnet",5
2026-04-01,3665,エニグモ,Enigmo,skip,duplicate,high,reuters,1
2026-04-01,3665,エニグモ,Enigmo Inc,skip,duplicate,high,reuters,1
2026-04-01,3667,enish,enish,skip,duplicate,high,"kabutan,nikkei,reuters,tdnet",9
2026-04-01,3667,enish,Enish Inc,skip,duplicate,high,reuters,1
2026-04-01,3668,コロプラ,コロプラ,skip,duplicate,high,"kabutan,nikkei",2
2026-04-01,3668,コロプラ,Colopl,skip,duplicate,high,reuters,1
2026-04-01,3668,コロプラ,Colopl Inc,skip,duplicate,high,reuters,1
2026-04-01,366A,ウェルネス・コミュニケーションズ,ウェルネス・コミュニケーションズ,add,exists_in_base,high,"kabutan,nikkei",2
2026-04-01,366A,ウェルネス・コミュニケーションズ,Wellness Communications,add,new_candidate,medium,reuters,1
2026-04-01,366A,ウェルネス・コミュニケーションズ,Wellness Communications Corp,add,new_candidate,medium,reuters,1
2026-04-01,366A,ウェルネス・コミュニケーションズ,ウェルネス,add,new_candidate,medium,kabutan,1
2026-04-01,366A,ウェルネス・コミュニケーションズ,ウェルネスC,add,new_candidate,medium,tdnet,1
2026-04-01,3670,協立情報通信,協立情報通信,skip,duplicate,high,"kabutan,nikkei,tdnet",3
2026-04-01,3670,協立情報通信,Kyoritsu Computer & Communication,skip,duplicate,high,reuters,1
2026-04-01,3670,協立情報通信,Kyoritsu Computer & Communication Co Ltd,skip,duplicate,high,reuters,1
2026-04-01,3671,ソフトマックス,ソフトMAX,skip,duplicate,high,"kabutan,tdnet",3
2026-04-01,3671,ソフトマックス,ソフトマックス,add,exists_in_base,high,"kabutan,nikkei",2
2026-04-01,3671,ソフトマックス,Softmax,skip,duplicate,high,reuters,1
2026-04-01,3671,ソフトマックス,Softmax Co Ltd,skip,duplicate,high,reuters,1
2026-04-01,3672,オルトプラス,オルトプラス,skip,duplicate,high,"kabutan,nikkei,tdnet",8
2026-04-01,3672,オルトプラス,AltPlus,skip,duplicate,high,reuters,1
2026-04-01,3672,オルトプラス,AltPlus Inc,skip,duplicate,high,reuters,1
2026-04-01,3672,オルトプラス,オルトP,skip,duplicate,high,kabutan,1
2026-04-01,3673,ブロードリーフ,ブロドリーフ,skip,duplicate,high,"kabutan,tdnet",2
2026-04-01,3673,ブロードリーフ,ブロードリーフ,add,exists_in_base,high,"kabutan,nikkei",2
2026-04-01,3673,ブロードリーフ,Broadleaf,skip,duplicate,high,reuters,1
2026-04-01,3673,ブロードリーフ,Broadleaf Co Ltd,skip,duplicate,high,reuters,1
2026-04-01,3674,オークファン,オークファン,add,exists_in_base,high,"kabutan,nikkei",2
2026-04-01,3674,オークファン,Aucfan,skip,duplicate,high,reuters,1
2026-04-01,3674,オークファン,Aucfan Co Ltd,skip,duplicate,high,reuters,1
2026-04-01,3675,クロス・マーケティングｸﾞﾙｰﾌﾟ,クロスマーケティング,skip,duplicate,high,tdnet,2
2026-04-01,3675,クロス・マーケティングｸﾞﾙｰﾌﾟ,クロス・マーケティンググループ,skip,duplicate,high,"kabutan,nikkei",2
2026-04-01,3675,クロス・マーケティングｸﾞﾙｰﾌﾟ,Cross Marketing,skip,duplicate,high,reuters,1
2026-04-01,3675,クロス・マーケティングｸﾞﾙｰﾌﾟ,Cross Marketing Group Inc,skip,duplicate,high,reuters,1
2026-04-01,3675,クロス・マーケティングｸﾞﾙｰﾌﾟ,クロスマーケ,skip,duplicate,high,kabutan,1
2026-04-01,3676,デジタルハーツﾎｰﾙﾃﾞｨﾝｸﾞｽ,デジハHD,skip,duplicate,high,"kabutan,tdnet",5
2026-04-01,3676,デジタルハーツﾎｰﾙﾃﾞｨﾝｸﾞｽ,デジタルハーツホールディングス,skip,duplicate,high,"kabutan,nikkei",2
2026-04-01,3676,デジタルハーツﾎｰﾙﾃﾞｨﾝｸﾞｽ,Digital Hearts,skip,duplicate,high,reuters,1
2026-04-01,3676,デジタルハーツﾎｰﾙﾃﾞｨﾝｸﾞｽ,Digital Hearts Holdings Co Ltd,skip,duplicate,high,reuters,1
2026-04-01,3678,メディアドゥ,メディアドゥ,skip,duplicate,high,"kabutan,nikkei,tdnet",8
2026-04-01,3678,メディアドゥ,Media Do,skip,duplicate,high,reuters,1
2026-04-01,3678,メディアドゥ,Media Do Co Ltd,skip,duplicate,high,reuters,1
2026-04-01,3679,じげん,じげん,skip,duplicate,high,"kabutan,nikkei,tdnet",3
2026-04-01,3679,じげん,ZIGExN,skip,duplicate,high,reuters,1
2026-04-01,3679,じげん,ZIGExN Co Ltd,skip,duplicate,high,reuters,1
2026-04-01,367A,プリモグローバルﾎｰﾙﾃﾞｨﾝｸﾞｽ,プリモGHD,skip,duplicate,high,"kabutan,tdnet",2
2026-04-01,367A,プリモグローバルﾎｰﾙﾃﾞｨﾝｸﾞｽ,プリモグローバルホールディングス,skip,duplicate,high,"kabutan,nikkei",2
2026-04-01,367A,プリモグローバルﾎｰﾙﾃﾞｨﾝｸﾞｽ,Primo Global,add,new_candidate,medium,reuters,1
2026-04-01,367A,プリモグローバルﾎｰﾙﾃﾞｨﾝｸﾞｽ,Primo Global Holdings Co Ltd,add,new_candidate,medium,reuters,1
2026-04-01,3680,ホットリンク,ホットリンク,add,exists_in_base,high,"kabutan,nikkei,tdnet",4
2026-04-01,3680,ホットリンク,Hotto Link,skip,duplicate,high,reuters,1
2026-04-01,3680,ホットリンク,Hotto Link Inc,skip,duplicate,high,reuters,1
2026-04-01,3681,ブイキューブ,ブイキューブ,skip,duplicate,high,"kabutan,nikkei,tdnet",14
2026-04-01,3681,ブイキューブ,V-cube,skip,duplicate,high,reuters,1
2026-04-01,3681,ブイキューブ,V-cube Inc,skip,duplicate,high,reuters,1
2026-04-01,3682,エンカレッジ・テクノロジ,エンカレッジ・テクノロジ,add,exists_in_base,high,"kabutan,nikkei",2
2026-04-01,3682,エンカレッジ・テクノロジ,Encourage Technologies,skip,duplicate,high,reuters,1
2026-04-01,3682,エンカレッジ・テクノロジ,Encourage Technologies Co Ltd,skip,duplicate,high,reuters,1
2026-04-01,3682,エンカレッジ・テクノロジ,エンカレッジ,skip,duplicate,high,kabutan,1
2026-04-01,3683,サイバーリンクス,サイバーリンクス,skip,duplicate,high,"kabutan,nikkei,tdnet",7
2026-04-01,3683,サイバーリンクス,Cyberlinks,skip,duplicate,high,reuters,1
2026-04-01,3683,サイバーリンクス,Cyberlinks Co Ltd,skip,duplicate,high,reuters,1
2026-04-01,3683,サイバーリンクス,サイバーリン,skip,duplicate,high,kabutan,1
2026-04-01,3686,ディー・エル・イー,DLE,skip,duplicate,high,"kabutan,reuters,tdnet",6
2026-04-01,3686,ディー・エル・イー,ディー・エル・イー,add,exists_in_base,high,"kabutan,nikkei",2
2026-04-01,3686,ディー・エル・イー,DLE Inc,skip,duplicate,high,reuters,1
2026-04-01,3687,フィックスターズ,フィックスターズ,skip,duplicate,high,"kabutan,nikkei,tdnet",3
2026-04-01,3687,フィックスターズ,Fixstars,skip,duplicate,high,reuters,1
2026-04-01,3687,フィックスターズ,Fixstars Corp,skip,duplicate,high,reuters,1
2026-04-01,3687,フィックスターズ,Fスターズ,skip,duplicate,high,kabutan,1
2026-04-01,368A,北里ｺｰﾎﾟﾚｰｼｮﾝ,北里コーポレーション,skip,duplicate,high,"kabutan,nikkei",2
2026-04-01,368A,北里ｺｰﾎﾟﾚｰｼｮﾝ,北里,skip,duplicate,high,kabutan,1
2026-04-01,368A,北里ｺｰﾎﾟﾚｰｼｮﾝ,Kitazato,add,new_candidate,medium,reuters,1
2026-04-01,368A,北里ｺｰﾎﾟﾚｰｼｮﾝ,Kitazato Corp,add,new_candidate,medium,reuters,1
2026-04-01,3690,イルグルム,イルグルム,skip,duplicate,high,"kabutan,nikkei,tdnet",5
2026-04-01,3690,イルグルム,YRGLM,skip,duplicate,high,reuters,1
2026-04-01,3690,イルグルム,YRGLM Inc,skip,duplicate,high,reuters,1
2026-04-01,3691,デジタルプラス,デジタルプラス,add,exists_in_base,high,"kabutan,nikkei",2
2026-04-01,3691,デジタルプラス,Digital Plus,skip,duplicate,high,reuters,1
2026-04-01,3691,デジタルプラス,Digital Plus Inc,skip,duplicate,high,reuters,1
2026-04-01,3691,デジタルプラス,デジプラ,skip,duplicate,high,kabutan,1
2026-04-01,3692,FFRIセキュリティ,FFRIセキュリティ,skip,duplicate,high,"kabutan,nikkei",2
2026-04-01,3692,FFRIセキュリティ,FFRI,skip,duplicate,high,kabutan,1
2026-04-01,3692,FFRIセキュリティ,FFRI Security,skip,duplicate,high,reuters,1
2026-04-01,3692,FFRIセキュリティ,FFRI Security Inc,skip,duplicate,high,reuters,1
2026-04-01,3694,オプティム,オプティム,skip,duplicate,high,"kabutan,nikkei",2
2026-04-01,3694,オプティム,OPTiM,skip,duplicate,high,reuters,1
2026-04-01,3694,オプティム,OPTiM Corp,skip,duplicate,high,reuters,1
2026-04-01,3695,GMOプロダクトプラットフォーム,GMO-PP,skip,duplicate,high,"kabutan,tdnet",5
2026-04-01,3695,GMOプロダクトプラットフォーム,GMOプロダクトプラットフォーム,skip,duplicate,high,"kabutan,nikkei",2
2026-04-01,3695,GMOプロダクトプラットフォーム,GMO Product Platform,skip,duplicate,high,reuters,1
2026-04-01,3695,GMOプロダクトプラットフォーム,GMO Product Platform Inc,skip,duplicate,high,reuters,1
2026-04-01,3696,セレス,セレス,skip,duplicate,high,"kabutan,nikkei,tdnet",7
2026-04-01,3696,セレス,Ceres,skip,duplicate,high,reuters,1
2026-04-01,3696,セレス,Ceres Inc,skip,duplicate,high,reuters,1
2026-04-01,3697,SHIFT,SHIFT,skip,duplicate,high,"kabutan,nikkei,reuters,tdnet",7
2026-04-01,3697,SHIFT,SHIFT Inc,skip,duplicate,high,reuters,1
2026-04-01,3698,CRI・ミドルウェア,CRI・ミドルウェア,skip,duplicate,high,"kabutan,nikkei",2
2026-04-01,3698,CRI・ミドルウェア,CRI,skip,duplicate,high,kabutan,1
2026-04-01,3698,CRI・ミドルウェア,CRI Middleware,skip,duplicate,high,reuters,1
2026-04-01,3698,CRI・ミドルウェア,CRI Middleware Co Ltd,skip,duplicate,high,reuters,1
2026-04-01,3698,CRI・ミドルウェア,CRI・MW,skip,duplicate,high,tdnet,1
2026-04-01,369A,エータイ,エータイ,add,exists_in_base,high,"kabutan,nikkei,tdnet",3
2026-04-01,369A,エータイ,A-tie,add,new_candidate,medium,reuters,1
2026-04-01,369A,エータイ,A-tie Co Ltd,add,new_candidate,medium,reuters,1
2026-04-01,3708,特種東海製紙,特種東海製紙,add,exists_in_base,high,"kabutan,nikkei",2
2026-04-01,3708,特種東海製紙,Tokushu Tokai Paper,skip,duplicate,high,reuters,1
2026-04-01,3708,特種東海製紙,Tokushu Tokai Paper Co Ltd,skip,duplicate,high,reuters,1
2026-04-01,3708,特種東海製紙,特種東海,skip,duplicate,high,kabutan,1
2026-04-01,3710,ジョルダン,ジョルダン,skip,duplicate,high,"kabutan,nikkei,tdnet",4
2026-04-01,3710,ジョルダン,Jorudan,skip,duplicate,high,reuters,1
2026-04-01,3710,ジョルダン,Jorudan Co Ltd,skip,duplicate,high,reuters,1
2026-04-01,3712,情報企画,情報企画,skip,duplicate,high,"kabutan,nikkei",2
2026-04-01,3712,情報企画,Information Planning,skip,duplicate,high,reuters,1
2026-04-01,3712,情報企画,Information Planning Co Ltd,skip,duplicate,high,reuters,1
2026-04-01,3719,AIストーム,AIストーム,skip,duplicate,high,"kabutan,nikkei,tdnet",8
2026-04-01,3719,AIストーム,AI Storm,skip,duplicate,high,reuters,1
2026-04-01,3719,AIストーム,AI Storm Co Ltd,skip,duplicate,high,reuters,1
2026-04-01,3723,日本ファルコム,日本ファルコム,add,exists_in_base,high,"kabutan,nikkei",2
2026-04-01,3723,日本ファルコム,Nihon Falcom,skip,duplicate,high,reuters,1
2026-04-01,3723,日本ファルコム,Nihon Falcom Corp,skip,duplicate,high,reuters,1
2026-04-01,3723,日本ファルコム,ファルコム,skip,duplicate,high,kabutan,1
2026-04-01,3726,フォーシーズHD,フォーシーズHD,skip,duplicate,high,"kabutan,nikkei,tdnet",3
2026-04-01,3726,フォーシーズHD,4Cs HD,skip,duplicate,high,reuters,1
2026-04-01,3726,フォーシーズHD,4Cs HD Co Ltd,skip,duplicate,high,reuters,1
2026-04-01,3726,フォーシーズHD,フォーシーズ,skip,duplicate,high,kabutan,1
2026-04-01,3727,アプリックス,Aplix,skip,duplicate,high,"reuters,tdnet",6
2026-04-01,3727,アプリックス,アプリックス,add,exists_in_base,high,"kabutan,nikkei",2
2026-04-01,3727,アプリックス,Aplix Corp,skip,duplicate,high,reuters,1
2026-04-01,372A,レント,レント,skip,duplicate,high,"kabutan,nikkei,tdnet",3
2026-04-01,372A,レント,Rent Corp,add,new_candidate,medium,reuters,1
2026-04-01,372A,レント,Rent,review,new_candidate,low,reuters,1
2026-04-01,3733,ソフトウェア・サービス,ソフトウェアS,skip,duplicate,high,tdnet,4
2026-04-01,3733,ソフトウェア・サービス,ソフトウェア・サービス,add,exists_in_base,high,"kabutan,nikkei",2
2026-04-01,3733,ソフトウェア・サービス,Software Service,skip,duplicate,high,reuters,1
2026-04-01,3733,ソフトウェア・サービス,Software Service Inc,skip,duplicate,high,reuters,1
2026-04-01,3733,ソフトウェア・サービス,ソフトウェア,skip,duplicate,high,kabutan,1
2026-04-01,373A,リップス,リップス,add,exists_in_base,high,"kabutan,nikkei",2
2026-04-01,373A,リップス,LIPPS Co Ltd,add,new_candidate,medium,reuters,1
2026-04-01,373A,リップス,LIPPS,review,new_candidate,low,reuters,1
2026-04-01,3741,セック,セック,skip,duplicate,high,"kabutan,nikkei",2
2026-04-01,3741,セック,Systems Engineering Consultants,skip,duplicate,high,reuters,1
2026-04-01,3741,セック,Systems Engineering Consultants Co Ltd,skip,duplicate,high,reuters,1
2026-04-01,3744,サイオス,サイオス,skip,duplicate,high,"kabutan,nikkei,tdnet",4
2026-04-01,3744,サイオス,SIOS,skip,duplicate,high,reuters,1
2026-04-01,3744,サイオス,SIOS Corp,skip,duplicate,high,reuters,1
2026-04-01,3747,インタートレード,インタートレード,add,exists_in_base,high,"kabutan,nikkei",2
2026-04-01,3747,インタートレード,Intertrade,skip,duplicate,high,reuters,1
2026-04-01,3747,インタートレード,Intertrade Co Ltd,skip,duplicate,high,reuters,1
2026-04-01,3747,インタートレード,インタートレ,add,new_candidate,medium,kabutan,1
2026-04-01,3750,ADR120S,ADR120S,skip,duplicate,high,"kabutan,nikkei,reuters,tdnet",6
2026-04-01,3750,ADR120S,ADR120,skip,duplicate,high,kabutan,1
2026-04-01,3750,ADR120S,ADR120S Inc,skip,duplicate,high,reuters,1
2026-04-01,3753,フライトソリューションズ,フライト,skip,duplicate,high,"kabutan,tdnet",4
2026-04-01,3753,フライトソリューションズ,フライトソリューションズ,add,exists_in_base,high,"kabutan,nikkei",2
2026-04-01,3753,フライトソリューションズ,Flight Solutions,skip,duplicate,high,reuters,1
2026-04-01,3753,フライトソリューションズ,Flight Solutions Inc,skip,duplicate,high,reuters,1
2026-04-01,3758,アエリア,アエリア,skip,duplicate,high,"kabutan,nikkei,tdnet",4
2026-04-01,3758,アエリア,Aeria,skip,duplicate,high,reuters,1
2026-04-01,3758,アエリア,Aeria Inc,skip,duplicate,high,reuters,1
2026-04-01,3760,ケイブ,ケイブ,skip,duplicate,high,"kabutan,nikkei,tdnet",5
2026-04-01,3760,ケイブ,Cave Interactive,skip,duplicate,high,reuters,1
2026-04-01,3760,ケイブ,Cave Interactive Co Ltd,skip,duplicate,high,reuters,1
2026-04-01,3762,テクマトリックス,テクマトリックス,add,exists_in_base,high,"kabutan,nikkei",2
2026-04-01,3762,テクマトリックス,Techmatrix,skip,duplicate,high,reuters,1
2026-04-01,3762,テクマトリックス,Techmatrix Corp,skip,duplicate,high,reuters,1
2026-04-01,3762,テクマトリックス,テクマト,skip,duplicate,high,kabutan,1
2026-04-01,3763,プロシップ,プロシップ,skip,duplicate,high,"kabutan,nikkei,tdnet",3
2026-04-01,3763,プロシップ,Pro-Ship,skip,duplicate,high,reuters,1
2026-04-01,3763,プロシップ,Pro-Ship Inc,skip,duplicate,high,reuters,1
2026-04-01,3765,ガンホー・オンライン・エンターテイメント,ガンホー,skip,duplicate,high,"kabutan,tdnet",6
2026-04-01,3765,ガンホー・オンライン・エンターテイメント,ガンホー・オンライン・エンターテイメント,add,exists_in_base,high,"kabutan,nikkei",2
2026-04-01,3765,ガンホー・オンライン・エンターテイメント,GungHo Online Entertainment,skip,duplicate,high,reuters,1
2026-04-01,3765,ガンホー・オンライン・エンターテイメント,GungHo Online Entertainment Inc,skip,duplicate,high,reuters,1
2026-04-01,3766,システムズ・デザイン,システムズD,skip,duplicate,high,"kabutan,tdnet",3
2026-04-01,3766,システムズ・デザイン,システムズ・デザイン,add,exists_in_base,high,"kabutan,nikkei",2
2026-04-01,3766,システムズ・デザイン,Systems Design,skip,duplicate,high,reuters,1
2026-04-01,3766,システムズ・デザイン,Systems Design Co Ltd,skip,duplicate,high,reuters,1
2026-04-01,3768,リスクモンスター,リスクモンスター,skip,duplicate,high,"kabutan,nikkei,tdnet",3
2026-04-01,3768,リスクモンスター,Riskmonster.com,skip,duplicate,high,reuters,1
2026-04-01,3768,リスクモンスター,リスモン,skip,duplicate,high,kabutan,1
2026-04-01,3769,GMOペイメントゲートウェイ,GMOペイメントゲートウェイ,skip,duplicate,high,"kabutan,nikkei",2
2026-04-01,3769,GMOペイメントゲートウェイ,GMO Payment Gateway,skip,duplicate,high,reuters,1
2026-04-01,3769,GMOペイメントゲートウェイ,GMO Payment Gateway Inc,skip,duplicate,high,reuters,1
2026-04-01,3769,GMOペイメントゲートウェイ,GMO-PG,skip,duplicate,high,kabutan,1
2026-04-01,3771,システムリサーチ,システムリサーチ,skip,duplicate,high,"kabutan,nikkei",2
2026-04-01,3771,システムリサーチ,System Research,skip,duplicate,high,reuters,1
2026-04-01,3771,システムリサーチ,System Research Co Ltd,skip,duplicate,high,reuters,1
2026-04-01,3771,システムリサーチ,システムリサ,skip,duplicate,high,kabutan,1
2026-04-01,3772,ウェルス・マネジメント,ウェルス,skip,duplicate,high,"kabutan,tdnet",4
2026-04-01,3772,ウェルス・マネジメント,ウェルス・マネジメント,add,exists_in_base,high,"kabutan,nikkei",2
2026-04-01,3772,ウェルス・マネジメント,Wealth Management,skip,duplicate,high,reuters,1
2026-04-01,3772,ウェルス・マネジメント,Wealth Management Inc,skip,duplicate,high,reuters,1
2026-04-01,3773,アドバンスト・メディア,AMI,add,new_candidate,high,"kabutan,tdnet",5
2026-04-01,3773,アドバンスト・メディア,アドバンスト・メディア,add,exists_in_base,high,"kabutan,nikkei",2
2026-04-01,3773,アドバンスト・メディア,Advanced Media,skip,duplicate,high,reuters,1
2026-04-01,3773,アドバンスト・メディア,Advanced Media Inc,skip,duplicate,high,reuters,1
2026-04-01,3774,インターネットイニシアティブ,インターネットイニシアティブ,add,exists_in_base,high,"kabutan,nikkei",2
2026-04-01,3774,インターネットイニシアティブ,IIJ,skip,duplicate,high,kabutan,1
2026-04-01,3774,インターネットイニシアティブ,Internet Initiative Japan,skip,duplicate,high,reuters,1
2026-04-01,3774,インターネットイニシアティブ,Internet Initiative Japan Inc,skip,duplicate,high,reuters,1
2026-04-01,3776,ブロードバンドタワー,BBタワー,skip,duplicate,high,"kabutan,tdnet",5
2026-04-01,3776,ブロードバンドタワー,ブロードバンドタワー,add,exists_in_base,high,"kabutan,nikkei",2
2026-04-01,3776,ブロードバンドタワー,BroadBand Tower,skip,duplicate,high,reuters,1
2026-04-01,3776,ブロードバンドタワー,BroadBand Tower Inc,skip,duplicate,high,reuters,1
2026-04-01,3777,環境フレンドリーﾎｰﾙﾃﾞｨﾝｸﾞｽ,環境フレンドリーホールディングス,skip,duplicate,high,"kabutan,nikkei",2
2026-04-01,3777,環境フレンドリーﾎｰﾙﾃﾞｨﾝｸﾞｽ,Environment Friendly,skip,duplicate,high,reuters,1
2026-04-01,3777,環境フレンドリーﾎｰﾙﾃﾞｨﾝｸﾞｽ,Environment Friendly Holdings Corp,skip,duplicate,high,reuters,1
2026-04-01,3777,環境フレンドリーﾎｰﾙﾃﾞｨﾝｸﾞｽ,環境フレンド,skip,duplicate,high,kabutan,1
2026-04-01,3777,環境フレンドリーﾎｰﾙﾃﾞｨﾝｸﾞｽ,環境フレンドリー,add,new_candidate,medium,tdnet,9
2026-04-01,3778,さくらインターネット,さくらインターネット,skip,duplicate,high,"kabutan,nikkei,tdnet",6
2026-04-01,3778,さくらインターネット,Sakura Internet,skip,duplicate,high,reuters,1
2026-04-01,3778,さくらインターネット,Sakura Internet Inc,skip,duplicate,high,reuters,1
2026-04-01,3778,さくらインターネット,さくらネット,add,new_candidate,medium,kabutan,1
2026-04-01,3779,ジェイ・エスコムﾎｰﾙﾃﾞｨﾝｸﾞｽ,ジェイ・エスコムホールディングス,skip,duplicate,high,"kabutan,nikkei",2
2026-04-01,3779,ジェイ・エスコムﾎｰﾙﾃﾞｨﾝｸﾞｽ,J Escom,skip,duplicate,high,reuters,1
2026-04-01,3779,ジェイ・エスコムﾎｰﾙﾃﾞｨﾝｸﾞｽ,J Escom Holdings Inc,skip,duplicate,high,reuters,1
2026-04-01,3779,ジェイ・エスコムﾎｰﾙﾃﾞｨﾝｸﾞｽ,Jエスコム,skip,duplicate,high,kabutan,1
2026-04-01,3787,テクノマセマティカル,テクノマセマ,skip,duplicate,high,"kabutan,tdnet",5
2026-04-01,3787,テクノマセマティカル,テクノマセマティカル,add,exists_in_base,high,"kabutan,nikkei",2
2026-04-01,3787,テクノマセマティカル,Techno Mathematical,skip,duplicate,high,reuters,1
2026-04-01,3787,テクノマセマティカル,Techno Mathematical Co Ltd,skip,duplicate,high,reuters,1
2026-04-01,3788,GMOグローバルサイン・ﾎｰﾙﾃﾞｨﾝｸﾞｽ,GMOグローバルサイン・ホールディングス,add,exists_in_base,high,"kabutan,nikkei",2
2026-04-01,3788,GMOグローバルサイン・ﾎｰﾙﾃﾞｨﾝｸﾞｽ,GMO GlobalSign,skip,duplicate,high,reuters,1
2026-04-01,3788,GMOグローバルサイン・ﾎｰﾙﾃﾞｨﾝｸﾞｽ,GMO GlobalSign Holdings KK,skip,duplicate,high,reuters,1
2026-04-01,3788,GMOグローバルサイン・ﾎｰﾙﾃﾞｨﾝｸﾞｽ,GMO-GS,add,new_candidate,medium,kabutan,1
2026-04-01,378A,ヒット,ヒット,add,exists_in_base,high,"kabutan,nikkei",2
2026-04-01,378A,ヒット,Hit Co Ltd,add,new_candidate,medium,reuters,1
2026-04-01,378A,ヒット,Hit,review,new_candidate,low,reuters,1
2026-04-01,3791,IGポート,IGポート,skip,duplicate,high,"kabutan,nikkei",2
2026-04-01,3791,IGポート,IG Port,skip,duplicate,high,reuters,1
2026-04-01,3791,IGポート,IG Port Inc,skip,duplicate,high,reuters,1
2026-04-01,3793,ドリコム,ドリコム,add,exists_in_base,high,"kabutan,nikkei,tdnet",3
2026-04-01,3793,ドリコム,Drecom,skip,duplicate,high,reuters,1
2026-04-01,3793,ドリコム,Drecom Co Ltd,skip,duplicate,high,reuters,1
2026-04-01,3796,いい生活,いい生活,skip,duplicate,high,"kabutan,nikkei,tdnet",5
2026-04-01,3796,いい生活,e-Seikatsu,skip,duplicate,high,reuters,1
2026-04-01,3796,いい生活,e-Seikatsu Co Ltd,skip,duplicate,high,reuters,1
2026-04-01,3798,ULSｸﾞﾙｰﾌﾟ,ULSグループ,add,exists_in_base,high,"kabutan,nikkei,tdnet",3
2026-04-01,3798,ULSｸﾞﾙｰﾌﾟ,ULS,skip,duplicate,high,reuters,1
2026-04-01,3798,ULSｸﾞﾙｰﾌﾟ,ULS Group Inc,skip,duplicate,high,reuters,1
2026-04-01,3798,ULSｸﾞﾙｰﾌﾟ,ULSグルプ,add,new_candidate,medium,kabutan,1
2026-04-01,3799,キーウェアソリューションズ,キーウェアソリューションズ,add,exists_in_base,high,"kabutan,nikkei",2
2026-04-01,3799,キーウェアソリューションズ,Keyware Solutions,skip,duplicate,high,reuters,1
2026-04-01,3799,キーウェアソリューションズ,Keyware Solutions Inc,skip,duplicate,high,reuters,1
2026-04-01,3799,キーウェアソリューションズ,キーウェア,skip,duplicate,high,kabutan,1
2026-04-01,3800,ユニリタ,ユニリタ,skip,duplicate,high,"kabutan,nikkei,tdnet",4
2026-04-01,3800,ユニリタ,Unirita,skip,duplicate,high,reuters,1
2026-04-01,3800,ユニリタ,Unirita Inc,skip,duplicate,high,reuters,1
2026-04-01,3802,エコミック,エコミック,skip,duplicate,high,"kabutan,nikkei",2
2026-04-01,3802,エコミック,Ecomic,skip,duplicate,high,reuters,1
2026-04-01,3802,エコミック,Ecomic Co Ltd,skip,duplicate,high,reuters,1
2026-04-01,3803,イメージ情報開発,イメージ情報開発,add,exists_in_base,high,"kabutan,nikkei",2
2026-04-01,3803,イメージ情報開発,Image Information,skip,duplicate,high,reuters,1
2026-04-01,3803,イメージ情報開発,Image Information Inc,skip,duplicate,high,reuters,1
2026-04-01,3803,イメージ情報開発,イメージ情報,skip,duplicate,high,kabutan,1
2026-04-01,3803,イメージ情報開発,イメージ情,add,new_candidate,medium,tdnet,6
2026-04-01,3804,システム ディ,システム ディ,skip,duplicate,high,"kabutan,nikkei,tdnet",6
2026-04-01,3804,システム ディ,System D,skip,duplicate,high,reuters,1
2026-04-01,3804,システム ディ,System D Inc,skip,duplicate,high,reuters,1
2026-04-01,3807,フィスコ,フィスコ,add,exists_in_base,high,"kabutan,nikkei,tdnet",10
2026-04-01,3807,フィスコ,Fisco,skip,duplicate,high,reuters,1
2026-04-01,3807,フィスコ,Fisco Ltd,skip,duplicate,high,reuters,1
2026-04-01,3810,サイバーステップﾎｰﾙﾃﾞｨﾝｸﾞｽ,サイバーステップHD,skip,duplicate,high,tdnet,9
2026-04-01,3810,サイバーステップﾎｰﾙﾃﾞｨﾝｸﾞｽ,サイバーステップホールディングス,skip,duplicate,high,"kabutan,nikkei",2
2026-04-01,3810,サイバーステップﾎｰﾙﾃﾞｨﾝｸﾞｽ,CSHD,skip,duplicate,high,kabutan,1
2026-04-01,3810,サイバーステップﾎｰﾙﾃﾞｨﾝｸﾞｽ,CyberStep,skip,duplicate,high,reuters,1
2026-04-01,3810,サイバーステップﾎｰﾙﾃﾞｨﾝｸﾞｽ,CyberStep Holdings Inc,skip,duplicate,high,reuters,1
2026-04-01,3815,メディア工房,メディア工房,add,exists_in_base,high,"kabutan,nikkei",2
2026-04-01,3815,メディア工房,Media Kobo,skip,duplicate,high,reuters,1
2026-04-01,3815,メディア工房,Media Kobo Inc,skip,duplicate,high,reuters,1
2026-04-01,3815,メディア工房,メディア,add,new_candidate,medium,tdnet,1
2026-04-01,3816,大和コンピューター,大和コン,skip,duplicate,high,"kabutan,tdnet",3
2026-04-01,3816,大和コンピューター,大和コンピューター,add,exists_in_base,high,"kabutan,nikkei",2
2026-04-01,3816,大和コンピューター,Daiwa Computer,skip,duplicate,high,reuters,1
2026-04-01,3816,大和コンピューター,Daiwa Computer Co Ltd,skip,duplicate,high,reuters,1
2026-04-01,3817,SRAﾎｰﾙﾃﾞｨﾝｸﾞｽ,SRAHD,skip,duplicate,high,"kabutan,tdnet",2
2026-04-01,3817,SRAﾎｰﾙﾃﾞｨﾝｸﾞｽ,SRAホールディングス,skip,duplicate,high,"kabutan,nikkei",2
2026-04-01,3817,SRAﾎｰﾙﾃﾞｨﾝｸﾞｽ,SRA,skip,duplicate,high,reuters,1
2026-04-01,3817,SRAﾎｰﾙﾃﾞｨﾝｸﾞｽ,SRA Holdings Inc,skip,duplicate,high,reuters,1
2026-04-01,3823,THE WHY HOW DO COMPANY,WHY HOW DO,skip,duplicate,high,tdnet,4
2026-04-01,3823,THE WHY HOW DO COMPANY,THE WHY HOW DO COMPANY,skip,duplicate,high,"kabutan,nikkei,reuters",3
2026-04-01,3823,THE WHY HOW DO COMPANY,The Why How Do Company Inc,skip,duplicate,high,reuters,1
2026-04-01,3823,THE WHY HOW DO COMPANY,WHDC,review,new_candidate,low,kabutan,1
2026-04-01,3825,リミックスポイント,リミックスポイント,add,exists_in_base,high,"kabutan,nikkei",2
2026-04-01,3825,リミックスポイント,REMIX,skip,duplicate,high,tdnet,1
2026-04-01,3825,リミックスポイント,Remixpoint,skip,duplicate,high,reuters,1
2026-04-01,3825,リミックスポイント,Remixpoint Inc,skip,duplicate,high,reuters,1
2026-04-01,3825,リミックスポイント,リミックス,add,new_candidate,medium,kabutan,1
2026-04-01,3826,システムインテグレータ,システムインテグレータ,add,exists_in_base,high,"kabutan,nikkei",2
2026-04-01,3826,システムインテグレータ,System Integrator,skip,duplicate,high,reuters,1
2026-04-01,3826,システムインテグレータ,System Integrator Corp,skip,duplicate,high,reuters,1
2026-04-01,3834,朝日ネット,朝日ネット,add,exists_in_base,high,"kabutan,nikkei",2
2026-04-01,3834,朝日ネット,Asahi Net,skip,duplicate,high,reuters,1
2026-04-01,3834,朝日ネット,Asahi Net Inc,skip,duplicate,high,reuters,1
2026-04-01,3835,eBASE,eBASE,skip,duplicate,high,"kabutan,nikkei,reuters,tdnet",4
2026-04-01,3835,eBASE,eBASE Co Ltd,skip,duplicate,high,reuters,1
2026-04-01,3836,アバントｸﾞﾙｰﾌﾟ,アバントグループ,skip,duplicate,high,"kabutan,nikkei,tdnet",5
2026-04-01,3836,アバントｸﾞﾙｰﾌﾟ,Avant,skip,duplicate,high,reuters,1
2026-04-01,3836,アバントｸﾞﾙｰﾌﾟ,Avant Group Corp,skip,duplicate,high,reuters,1
2026-04-01,3836,アバントｸﾞﾙｰﾌﾟ,アバントG,skip,duplicate,high,kabutan,1
2026-04-01,3837,アドソル日進,アドソル日進,skip,duplicate,high,"kabutan,nikkei,tdnet",4
2026-04-01,3837,アドソル日進,Ad-Sol Nissin,skip,duplicate,high,reuters,1
2026-04-01,3837,アドソル日進,Ad-Sol Nissin Corp,skip,duplicate,high,reuters,1
2026-04-01,3839,ODKソリューションズ,ODKソリューションズ,skip,duplicate,high,"kabutan,nikkei",2
2026-04-01,3839,ODKソリューションズ,ODK,skip,duplicate,high,kabutan,1
2026-04-01,3839,ODKソリューションズ,ODK Solutions,skip,duplicate,high,reuters,1
2026-04-01,3839,ODKソリューションズ,ODK Solutions Co Ltd,skip,duplicate,high,reuters,1
2026-04-01,3840,パス,Path,skip,duplicate,high,"reuters,tdnet",10
2026-04-01,3840,パス,パス,add,exists_in_base,high,"kabutan,nikkei",2
2026-04-01,3840,パス,Path Corp,skip,duplicate,high,reuters,1
2026-04-01,3841,ジーダット,ジーダット,skip,duplicate,high,"kabutan,nikkei,tdnet",3
2026-04-01,3841,ジーダット,Jedat,skip,duplicate,high,reuters,1
2026-04-01,3841,ジーダット,Jedat Inc,skip,duplicate,high,reuters,1
2026-04-01,3842,ネクストジェン,ネクストジェン,skip,duplicate,high,"kabutan,nikkei,tdnet",5
2026-04-01,3842,ネクストジェン,Nextgen,skip,duplicate,high,reuters,1
2026-04-01,3842,ネクストジェン,Nextgen Inc,skip,duplicate,high,reuters,1
2026-04-01,3842,ネクストジェン,ネクスジェン,skip,duplicate,high,kabutan,1
2026-04-01,3843,フリービット,フリービット,add,exists_in_base,high,"kabutan,nikkei,tdnet",4
2026-04-01,3843,フリービット,FreeBit,skip,duplicate,high,reuters,1
2026-04-01,3843,フリービット,FreeBit Co Ltd,skip,duplicate,high,reuters,1
2026-04-01,3844,コムチュア,コムチュア,skip,duplicate,high,"kabutan,nikkei,tdnet",4
2026-04-01,3844,コムチュア,Comture,skip,duplicate,high,reuters,1
2026-04-01,3844,コムチュア,Comture Corp,skip,duplicate,high,reuters,1
2026-04-01,3845,アイフリークモバイル,アイフリーク,skip,duplicate,high,"kabutan,tdnet",3
2026-04-01,3845,アイフリークモバイル,アイフリークモバイル,add,exists_in_base,high,"kabutan,nikkei",2
2026-04-01,3845,アイフリークモバイル,I-Freek Mobile,skip,duplicate,high,reuters,1
2026-04-01,3845,アイフリークモバイル,I-Freek Mobile Inc,skip,duplicate,high,reuters,1
2026-04-01,3848,データ・アプリケーション,データアプリ,skip,duplicate,high,"kabutan,tdnet",2
2026-04-01,3848,データ・アプリケーション,データ・アプリケーション,add,exists_in_base,high,"kabutan,nikkei",2
2026-04-01,3848,データ・アプリケーション,Data Applications,skip,duplicate,high,reuters,1
2026-04-01,3848,データ・アプリケーション,Data Applications Co Ltd,skip,duplicate,high,reuters,1
2026-04-01,3850,NTTデータ・イントラマート,NTT Data Intramart,skip,duplicate,high,reuters,1
2026-04-01,3850,NTTデータ・イントラマート,NTT Data Intramart Corp,skip,duplicate,high,reuters,1
2026-04-01,3850,NTTデータ・イントラマート,NTTDIM,skip,duplicate,high,tdnet,1
2026-04-01,3850,NTTデータ・イントラマート,NTTDイン,skip,duplicate,high,kabutan,1
2026-04-01,3850,NTTデータ・イントラマート,NTTデータ・イントラマート,add,exists_in_base,high,nikkei,1
2026-04-01,3850,NTTデータ・イントラマート,エヌ・ティ・ティ・データ・イントラマート,skip,duplicate,high,kabutan,1
2026-04-01,3851,日本一ソフトウェア,日本一ソフトウェア,add,exists_in_base,high,"kabutan,nikkei",2
2026-04-01,3851,日本一ソフトウェア,Nippon Ichi Software,skip,duplicate,high,reuters,1
2026-04-01,3851,日本一ソフトウェア,Nippon Ichi Software Inc,skip,duplicate,high,reuters,1
2026-04-01,3851,日本一ソフトウェア,日本一ソフト,skip,duplicate,high,kabutan,1
2026-04-01,3853,アステリア,アステリア,skip,duplicate,high,"kabutan,nikkei,tdnet",3
2026-04-01,3853,アステリア,Asteria,skip,duplicate,high,reuters,1
2026-04-01,3853,アステリア,Asteria Corp,skip,duplicate,high,reuters,1
2026-04-01,3854,アイル,アイル,skip,duplicate,high,"kabutan,nikkei,tdnet",5
2026-04-01,3854,アイル,I'LL,skip,duplicate,high,reuters,1
2026-04-01,3854,アイル,I'LL Inc,skip,duplicate,high,reuters,1
2026-04-01,3856,Abalance,Abalance,skip,duplicate,high,"kabutan,nikkei,reuters,tdnet",13
2026-04-01,3856,Abalance,Abalance Corp,skip,duplicate,high,reuters,1
2026-04-01,3856,Abalance,Aバランス,skip,duplicate,high,kabutan,1
2026-04-01,3858,ユビキタスAI,ユビキタスAI,skip,duplicate,high,"kabutan,nikkei,tdnet",3
2026-04-01,3858,ユビキタスAI,Ubiquitous AI,skip,duplicate,high,reuters,1
2026-04-01,3858,ユビキタスAI,Ubiquitous AI Corp,skip,duplicate,high,reuters,1
2026-04-01,3858,ユビキタスAI,ユビAI,skip,duplicate,high,kabutan,1
2026-04-01,3861,王子ﾎｰﾙﾃﾞｨﾝｸﾞｽ,王子HD,skip,duplicate,high,"kabutan,tdnet",4
2026-04-01,3861,王子ﾎｰﾙﾃﾞｨﾝｸﾞｽ,王子ホールディングス,skip,duplicate,high,"kabutan,nikkei",2
2026-04-01,3861,王子ﾎｰﾙﾃﾞｨﾝｸﾞｽ,Oji,skip,duplicate,high,reuters,1
2026-04-01,3861,王子ﾎｰﾙﾃﾞｨﾝｸﾞｽ,Oji Holdings Corp,skip,duplicate,high,reuters,1
2026-04-01,3863,日本製紙,日本製紙,add,exists_in_base,high,"kabutan,nikkei",2
2026-04-01,3863,日本製紙,Nippon Paper Industries,skip,duplicate,high,reuters,1
2026-04-01,3863,日本製紙,Nippon Paper Industries Co Ltd,skip,duplicate,high,reuters,1
2026-04-01,3863,日本製紙,日本紙,skip,duplicate,high,kabutan,1
2026-04-01,3864,三菱製紙,三菱紙,skip,duplicate,high,"kabutan,tdnet",3
2026-04-01,3864,三菱製紙,三菱製紙,add,exists_in_base,high,"kabutan,nikkei",2
2026-04-01,3864,三菱製紙,Mitsubishi Paper Mills,skip,duplicate,high,reuters,1
2026-04-01,3864,三菱製紙,Mitsubishi Paper Mills Ltd,skip,duplicate,high,reuters,1
2026-04-01,3865,北越ｺｰﾎﾟﾚｰｼｮﾝ,北越コーポレーション,skip,duplicate,high,"kabutan,nikkei,tdnet",9
2026-04-01,3865,北越ｺｰﾎﾟﾚｰｼｮﾝ,Hokuetsu,skip,duplicate,high,reuters,1
2026-04-01,3865,北越ｺｰﾎﾟﾚｰｼｮﾝ,Hokuetsu Corp,skip,duplicate,high,reuters,1
2026-04-01,3865,北越ｺｰﾎﾟﾚｰｼｮﾝ,北越コーポ,skip,duplicate,high,kabutan,1
2026-04-01,386A,みのや,みのや,skip,duplicate,high,"kabutan,nikkei,tdnet",3
2026-04-01,386A,みのや,Minoya,add,new_candidate,medium,reuters,1
2026-04-01,386A,みのや,Minoya Co Ltd,add,new_candidate,medium,reuters,1
2026-04-01,3877,中越パルプ工業,中越パル,skip,duplicate,high,tdnet,2
2026-04-01,3877,中越パルプ工業,中越パルプ工業,add,exists_in_base,high,"kabutan,nikkei",2
2026-04-01,3877,中越パルプ工業,Chuetsu Pulp & Paper,skip,duplicate,high,reuters,1
2026-04-01,3877,中越パルプ工業,Chuetsu Pulp & Paper Co Ltd,skip,duplicate,high,reuters,1
2026-04-01,3877,中越パルプ工業,中越パ,skip,duplicate,high,kabutan,1
2026-04-01,3878,巴川ｺｰﾎﾟﾚｰｼｮﾝ,巴川コーポレーション,skip,duplicate,high,"kabutan,nikkei",2
2026-04-01,3878,巴川ｺｰﾎﾟﾚｰｼｮﾝ,Tomoegawa,skip,duplicate,high,reuters,1
2026-04-01,3878,巴川ｺｰﾎﾟﾚｰｼｮﾝ,Tomoegawa Corp,skip,duplicate,high,reuters,1
2026-04-01,3878,巴川ｺｰﾎﾟﾚｰｼｮﾝ,巴川コーポ,skip,duplicate,high,kabutan,1
2026-04-01,387A,フラー,フラー,add,exists_in_base,high,"kabutan,nikkei",2
2026-04-01,387A,フラー,Fuller,add,new_candidate,medium,reuters,1
2026-04-01,387A,フラー,Fuller Inc,add,new_candidate,medium,reuters,1
2026-04-01,3880,大王製紙,大王紙,skip,duplicate,high,"kabutan,tdnet",6
2026-04-01,3880,大王製紙,大王製紙,add,exists_in_base,high,"kabutan,nikkei",2
2026-04-01,3880,大王製紙,Daio Paper,skip,duplicate,high,reuters,1
2026-04-01,3880,大王製紙,Daio Paper Corp,skip,duplicate,high,reuters,1
2026-04-01,3891,ニッポン高度紙工業,ニッポン高度紙工業,add,exists_in_base,high,"kabutan,nikkei",2
2026-04-01,3891,ニッポン高度紙工業,Nippon Kodoshi,skip,duplicate,high,reuters,1
2026-04-01,3891,ニッポン高度紙工業,Nippon Kodoshi Corp,skip,duplicate,high,reuters,1
2026-04-01,3891,ニッポン高度紙工業,高度紙,skip,duplicate,high,kabutan,1
2026-04-01,3892,岡山製紙,岡山製紙,add,exists_in_base,high,"kabutan,nikkei",2
2026-04-01,3892,岡山製紙,Okayama Paper Industries,skip,duplicate,high,reuters,1
2026-04-01,3892,岡山製紙,Okayama Paper Industries Co Ltd,skip,duplicate,high,reuters,1
2026-04-01,3895,ハビックス,ハビックス,skip,duplicate,high,"kabutan,nikkei",2
2026-04-01,3895,ハビックス,Havix,skip,duplicate,high,reuters,1
2026-04-01,3895,ハビックス,Havix Corp,skip,duplicate,high,reuters,1
2026-04-01,3896,阿波製紙,阿波製紙,skip,duplicate,high,"kabutan,nikkei,tdnet",3
2026-04-01,3896,阿波製紙,Awa Paper & Technological,skip,duplicate,high,reuters,1
2026-04-01,3896,阿波製紙,Awa Paper & Technological Co Inc,skip,duplicate,high,reuters,1
2026-04-01,3900,クラウドワークス,クラウドワークス,add,exists_in_base,high,"kabutan,nikkei,tdnet",3
2026-04-01,3900,クラウドワークス,CrowdWorks,skip,duplicate,high,reuters,1
2026-04-01,3900,クラウドワークス,CrowdWorks Inc,skip,duplicate,high,reuters,1
2026-04-01,3900,クラウドワークス,クラウドW,skip,duplicate,high,kabutan,1
2026-04-01,3901,マークラインズ,マークラインズ,skip,duplicate,high,"kabutan,nikkei,tdnet",3
2026-04-01,3901,マークラインズ,MarkLines,skip,duplicate,high,reuters,1
2026-04-01,3901,マークラインズ,MarkLines Co Ltd,skip,duplicate,high,reuters,1
2026-04-01,3901,マークラインズ,Mラインズ,skip,duplicate,high,kabutan,1
2026-04-01,3902,メディカル・データ・ビジョン,MDV,skip,duplicate,high,"kabutan,tdnet",6
2026-04-01,3902,メディカル・データ・ビジョン,メディカル・データ・ビジョン,add,exists_in_base,high,"kabutan,nikkei",2
2026-04-01,3902,メディカル・データ・ビジョン,Medical Data Vision,skip,duplicate,high,reuters,1
2026-04-01,3902,メディカル・データ・ビジョン,Medical Data Vision Co Ltd,skip,duplicate,high,reuters,1
2026-04-01,3903,gumi,gumi,skip,duplicate,high,"kabutan,nikkei,reuters,tdnet",11
2026-04-01,3903,gumi,gumi Inc,skip,duplicate,high,reuters,1
2026-04-01,3904,カヤック,カヤック,add,exists_in_base,high,"kabutan,nikkei,tdnet",5
2026-04-01,3904,カヤック,Kayac,skip,duplicate,high,reuters,1
2026-04-01,3904,カヤック,Kayac Inc,skip,duplicate,high,reuters,1
2026-04-01,3905,データセクション,データセクション,add,exists_in_base,high,"kabutan,nikkei,tdnet",3
2026-04-01,3905,データセクション,Datasection,skip,duplicate,high,reuters,1
2026-04-01,3905,データセクション,Datasection Inc,skip,duplicate,high,reuters,1
2026-04-01,3905,データセクション,データセク,skip,duplicate,high,kabutan,1
2026-04-01,3907,シリコンスタジオ,シリコンスタジオ,add,exists_in_base,high,"kabutan,nikkei",2
2026-04-01,3907,シリコンスタジオ,Silicon Studio,skip,duplicate,high,reuters,1
2026-04-01,3907,シリコンスタジオ,Silicon Studio Corp,skip,duplicate,high,reuters,1
2026-04-01,3907,シリコンスタジオ,シリコンスタ,skip,duplicate,high,kabutan,1
2026-04-01,3908,コラボス,コラボス,add,exists_in_base,high,"kabutan,nikkei,tdnet",5
2026-04-01,3908,コラボス,Collabos,skip,duplicate,high,reuters,1
2026-04-01,3908,コラボス,Collabos Corp,skip,duplicate,high,reuters,1
2026-04-01,3909,ショーケース,ショーケース,skip,duplicate,high,"kabutan,nikkei,tdnet",3
2026-04-01,3909,ショーケース,Showcase,skip,duplicate,high,reuters,1
2026-04-01,3909,ショーケース,Showcase Inc,skip,duplicate,high,reuters,1
2026-04-01,3910,エムケイシステム,エムケイシステム,skip,duplicate,high,"kabutan,nikkei",2
2026-04-01,3910,エムケイシステム,MKSystem,skip,duplicate,high,reuters,1
2026-04-01,3910,エムケイシステム,MKSystem Corp,skip,duplicate,high,reuters,1
2026-04-01,3910,エムケイシステム,MKシステム,skip,duplicate,high,kabutan,1
2026-04-01,3911,Aiming,Aiming,skip,duplicate,high,"kabutan,nikkei,reuters,tdnet",5
2026-04-01,3911,Aiming,Aiming Inc,skip,duplicate,high,reuters,1
2026-04-01,3912,モバイルファクトリー,モバイルファクトリー,add,exists_in_base,high,"kabutan,nikkei",2
2026-04-01,3912,モバイルファクトリー,モバファク,skip,duplicate,high,"kabutan,tdnet",2
2026-04-01,3912,モバイルファクトリー,Mobile Factory,skip,duplicate,high,reuters,1
2026-04-01,3912,モバイルファクトリー,Mobile Factory Inc,skip,duplicate,high,reuters,1
2026-04-01,3913,GreenBee,GreenBee,skip,duplicate,high,"kabutan,nikkei,reuters,tdnet",6
2026-04-01,3913,GreenBee,GreenB,skip,duplicate,high,kabutan,1
2026-04-01,3913,GreenBee,GreenBee Inc,skip,duplicate,high,reuters,1
2026-04-01,3914,JIG－SAW,JIG-SAW,skip,duplicate,high,"kabutan,nikkei,reuters,tdnet",6
2026-04-01,3914,JIG－SAW,Jig-Saw Inc,skip,duplicate,high,reuters,1
2026-04-01,3915,テラスカイ,テラスカイ,add,exists_in_base,high,"kabutan,nikkei,tdnet",3
2026-04-01,3915,テラスカイ,TerraSky,skip,duplicate,high,reuters,1
2026-04-01,3915,テラスカイ,TerraSky Co Ltd,skip,duplicate,high,reuters,1
2026-04-01,3916,デジタル・インフォメーション・テクノロジー,デジタル・インフォメーション・テクノロジー,add,exists_in_base,high,"kabutan,nikkei",2
2026-04-01,3916,デジタル・インフォメーション・テクノロジー,Digital Information Technologies,skip,duplicate,high,reuters,1
2026-04-01,3916,デジタル・インフォメーション・テクノロジー,Digital Information Technologies Corp,skip,duplicate,high,reuters,1
2026-04-01,3916,デジタル・インフォメーション・テクノロジー,DIT,skip,duplicate,high,kabutan,1
2026-04-01,3917,アイリッジ,アイリッジ,add,exists_in_base,high,"kabutan,nikkei",2
2026-04-01,3917,アイリッジ,iRidge,skip,duplicate,high,reuters,1
2026-04-01,3917,アイリッジ,iRidge Inc,skip,duplicate,high,reuters,1
2026-04-01,3918,PCIﾎｰﾙﾃﾞｨﾝｸﾞｽ,PCIホールディングス,skip,duplicate,high,"kabutan,nikkei",2
2026-04-01,3918,PCIﾎｰﾙﾃﾞｨﾝｸﾞｽ,PCI,skip,duplicate,high,reuters,1
2026-04-01,3918,PCIﾎｰﾙﾃﾞｨﾝｸﾞｽ,PCI Holdings Inc,skip,duplicate,high,reuters,1
2026-04-01,3918,PCIﾎｰﾙﾃﾞｨﾝｸﾞｽ,PCIHD,skip,duplicate,high,kabutan,1
2026-04-01,3920,アイビーシー,アイビーシー,add,exists_in_base,high,"kabutan,nikkei,tdnet",4
2026-04-01,3920,アイビーシー,Internetworking and Broadband Consulting,skip,duplicate,high,reuters,1
2026-04-01,3920,アイビーシー,Internetworking and Broadband Consulting Co Ltd,skip,duplicate,high,reuters,1
2026-04-01,3921,ネオジャパン,ネオジャパン,skip,duplicate,high,"kabutan,nikkei,tdnet",6
2026-04-01,3921,ネオジャパン,Neojapan,skip,duplicate,high,reuters,1
2026-04-01,3921,ネオジャパン,Neojapan Inc,skip,duplicate,high,reuters,1
2026-04-01,3922,PR TIMES,PR TIMES,skip,duplicate,high,"kabutan,nikkei,reuters,tdnet",4
2026-04-01,3922,PR TIMES,PR Times Corp,skip,duplicate,high,reuters,1
2026-04-01,3922,PR TIMES,PRTIME,skip,duplicate,high,kabutan,1
2026-04-01,3923,ラクス,ラクス,skip,duplicate,high,"kabutan,nikkei,tdnet",5
2026-04-01,3923,ラクス,Rakus,skip,duplicate,high,reuters,1
2026-04-01,3923,ラクス,Rakus Co Ltd,skip,duplicate,high,reuters,1
2026-04-01,3924,ランドコンピュータ,ランドコンピュータ,skip,duplicate,high,"kabutan,tdnet",5
2026-04-01,3924,ランドコンピュータ,ランドコンピ,skip,duplicate,high,kabutan,1
2026-04-01,3924,ランドコンピュータ,3924.T,add,new_candidate,medium,reuters,1
2026-04-01,3925,ダブルスタンダード,ダブルスタンダード,add,exists_in_base,high,"kabutan,nikkei",2
2026-04-01,3925,ダブルスタンダード,Double Standard,skip,duplicate,high,reuters,1
2026-04-01,3925,ダブルスタンダード,Double Standard Inc,skip,duplicate,high,reuters,1
2026-04-01,3925,ダブルスタンダード,ダブスタ,skip,duplicate,high,kabutan,1
2026-04-01,3926,オープンドア,オープンドア,skip,duplicate,high,"kabutan,nikkei,tdnet",4
2026-04-01,3926,オープンドア,Open Door,skip,duplicate,high,reuters,1
2026-04-01,3926,オープンドア,Open Door Inc,skip,duplicate,high,reuters,1
2026-04-01,3927,フーバーブレイン,フーバーブレイン,skip,duplicate,high,"kabutan,nikkei,tdnet",3
2026-04-01,3927,フーバーブレイン,F-ブレイン,skip,duplicate,high,kabutan,1
2026-04-01,3927,フーバーブレイン,Fuva Brain,skip,duplicate,high,reuters,1
2026-04-01,3927,フーバーブレイン,Fuva Brain Ltd,skip,duplicate,high,reuters,1
2026-04-01,3928,マイネット,マイネット,skip,duplicate,high,"kabutan,nikkei,tdnet",8
2026-04-01,3928,マイネット,Mynet,skip,duplicate,high,reuters,1
2026-04-01,3928,マイネット,Mynet Inc,skip,duplicate,high,reuters,1
2026-04-01,3929,ソーシャルワイヤー,ソーシャルワイヤー,add,exists_in_base,high,"kabutan,nikkei",2
2026-04-01,3929,ソーシャルワイヤー,Socialwire,skip,duplicate,high,reuters,1
2026-04-01,3929,ソーシャルワイヤー,Socialwire Co Ltd,skip,duplicate,high,reuters,1
2026-04-01,3929,ソーシャルワイヤー,Sワイヤー,skip,duplicate,high,kabutan,1
2026-04-01,3929,ソーシャルワイヤー,ソーシャルワイヤ,add,new_candidate,medium,tdnet,2
2026-04-01,3930,はてな,はてな,add,exists_in_base,high,"kabutan,nikkei,tdnet",6
2026-04-01,3930,はてな,Hatena,skip,duplicate,high,reuters,1
2026-04-01,3930,はてな,Hatena Co Ltd,skip,duplicate,high,reuters,1
2026-04-01,3931,バリューゴルフ,バリューゴルフ,add,exists_in_base,high,"kabutan,nikkei,tdnet",10
2026-04-01,3931,バリューゴルフ,Value Golf,skip,duplicate,high,reuters,1
2026-04-01,3931,バリューゴルフ,Value Golf Inc,skip,duplicate,high,reuters,1
2026-04-01,3931,バリューゴルフ,Vゴルフ,skip,duplicate,high,kabutan,1
2026-04-01,3932,アカツキ,アカツキ,skip,duplicate,high,"kabutan,nikkei",2
2026-04-01,3932,アカツキ,Akatsuki,skip,duplicate,high,reuters,1
2026-04-01,3932,アカツキ,Akatsuki Inc,skip,duplicate,high,reuters,1
2026-04-01,3933,チエル,チエル,skip,duplicate,high,"kabutan,nikkei,tdnet",3
2026-04-01,3933,チエル,CHIeru,skip,duplicate,high,reuters,1
2026-04-01,3933,チエル,CHIeru Co Ltd,skip,duplicate,high,reuters,1
2026-04-01,3934,ベネフィットジャパン,ベネフィットジャパン,skip,duplicate,high,"kabutan,nikkei,tdnet",3
2026-04-01,3934,ベネフィットジャパン,Benefit Japan,skip,duplicate,high,reuters,1
2026-04-01,3934,ベネフィットジャパン,Benefit Japan Co Ltd,skip,duplicate,high,reuters,1
2026-04-01,3934,ベネフィットジャパン,ベネフィJ,skip,duplicate,high,kabutan,1
2026-04-01,3935,エディア,エディア,add,exists_in_base,high,"kabutan,nikkei",2
2026-04-01,3935,エディア,Edia,skip,duplicate,high,reuters,1
2026-04-01,3935,エディア,Edia Co Ltd,skip,duplicate,high,reuters,1
2026-04-01,3936,グローバルウェイ,グローバルウェイ,add,exists_in_base,high,"kabutan,nikkei,tdnet",3
2026-04-01,3936,グローバルウェイ,Globalway,skip,duplicate,high,reuters,1
2026-04-01,3936,グローバルウェイ,Globalway Inc,skip,duplicate,high,reuters,1
2026-04-01,3937,Ubicomﾎｰﾙﾃﾞｨﾝｸﾞｽ,Ubicom,skip,duplicate,high,"kabutan,reuters,tdnet",6
2026-04-01,3937,Ubicomﾎｰﾙﾃﾞｨﾝｸﾞｽ,Ubicomホールディングス,skip,duplicate,high,"kabutan,nikkei",2
2026-04-01,3937,Ubicomﾎｰﾙﾃﾞｨﾝｸﾞｽ,Ubicom Holdings Inc,skip,duplicate,high,reuters,1
2026-04-01,3939,カナミックネットワーク,カナミックネットワーク,add,exists_in_base,high,"kabutan,nikkei",2
2026-04-01,3939,カナミックネットワーク,Kanamic Network,skip,duplicate,high,reuters,1
2026-04-01,3939,カナミックネットワーク,Kanamic Network Co Ltd,skip,duplicate,high,reuters,1
2026-04-01,3939,カナミックネットワーク,カナミックN,skip,duplicate,high,kabutan,1
2026-04-01,3940,ノムラシステムｺｰﾎﾟﾚｰｼｮﾝ,ノムラシステム,skip,duplicate,high,tdnet,4
2026-04-01,3940,ノムラシステムｺｰﾎﾟﾚｰｼｮﾝ,ノムラシステムコーポレーション,skip,duplicate,high,"kabutan,nikkei",2
2026-04-01,3940,ノムラシステムｺｰﾎﾟﾚｰｼｮﾝ,Nomura System,skip,duplicate,high,reuters,1
2026-04-01,3940,ノムラシステムｺｰﾎﾟﾚｰｼｮﾝ,Nomura System Corporation Co Ltd,skip,duplicate,high,reuters,1
2026-04-01,3940,ノムラシステムｺｰﾎﾟﾚｰｼｮﾝ,ノムラシス,skip,duplicate,high,kabutan,1
2026-04-01,3941,レンゴー,レンゴー,skip,duplicate,high,"kabutan,nikkei,tdnet",3
2026-04-01,3941,レンゴー,Rengo,skip,duplicate,high,reuters,1
2026-04-01,3941,レンゴー,Rengo Co Ltd,skip,duplicate,high,reuters,1
2026-04-01,3943,大石産業,大石産業,skip,duplicate,high,"kabutan,nikkei",2
2026-04-01,3943,大石産業,Ohishi Sangyo,skip,duplicate,high,reuters,1
2026-04-01,3943,大石産業,Ohishi Sangyo Co Ltd,skip,duplicate,high,reuters,1
2026-04-01,3944,古林紙工,古林紙工,skip,duplicate,high,"kabutan,nikkei,tdnet",3
2026-04-01,3944,古林紙工,Furubayashi Shiko,skip,duplicate,high,reuters,1
2026-04-01,3944,古林紙工,Furubayashi Shiko Co Ltd,skip,duplicate,high,reuters,1
2026-04-01,3944,古林紙工,古林紙,skip,duplicate,high,kabutan,1
2026-04-01,3945,スーパーバッグ,スパバック,skip,duplicate,high,tdnet,2
2026-04-01,3945,スーパーバッグ,スーパーバッグ,add,exists_in_base,high,"kabutan,nikkei",2
2026-04-01,3945,スーパーバッグ,Superbag,skip,duplicate,high,reuters,1
2026-04-01,3945,スーパーバッグ,Superbag Co Ltd,skip,duplicate,high,reuters,1
2026-04-01,3945,スーパーバッグ,スパバッグ,skip,duplicate,high,kabutan,1
2026-04-01,3946,トーモク,トーモク,skip,duplicate,high,"kabutan,nikkei",2
2026-04-01,3946,トーモク,Tomoku,skip,duplicate,high,reuters,1
2026-04-01,3946,トーモク,Tomoku Co Ltd,skip,duplicate,high,reuters,1
2026-04-01,3947,ダイナパック,ダイナパック,skip,duplicate,high,"kabutan,nikkei,tdnet",4
2026-04-01,3947,ダイナパック,Dynapac,skip,duplicate,high,reuters,1
2026-04-01,3947,ダイナパック,Dynapac Co Ltd,skip,duplicate,high,reuters,1
2026-04-01,3948,光ビジネスフォーム,光ビジネス,skip,duplicate,high,"kabutan,tdnet",2
2026-04-01,3948,光ビジネスフォーム,光ビジネスフォーム,add,exists_in_base,high,"kabutan,nikkei",2
2026-04-01,3948,光ビジネスフォーム,Hikari Business Form,skip,duplicate,high,reuters,1
2026-04-01,3948,光ビジネスフォーム,Hikari Business Form Co Ltd,skip,duplicate,high,reuters,1
2026-04-01,3950,ザ・パック,ザ・パック,skip,duplicate,high,"kabutan,nikkei,tdnet",5
2026-04-01,3950,ザ・パック,Pack,skip,duplicate,high,reuters,1
2026-04-01,3950,ザ・パック,Pack Corp,skip,duplicate,high,reuters,1
2026-04-01,3951,朝日印刷,朝日印刷,skip,duplicate,high,"kabutan,nikkei,tdnet",3
2026-04-01,3951,朝日印刷,Asahi Printing,skip,duplicate,high,reuters,1
2026-04-01,3951,朝日印刷,Asahi Printing Co Ltd,skip,duplicate,high,reuters,1
2026-04-01,3953,大村紙業,大村紙業,skip,duplicate,high,"kabutan,nikkei",2
2026-04-01,3953,大村紙業,Ohmura Shigyo,skip,duplicate,high,reuters,1
2026-04-01,3953,大村紙業,Ohmura Shigyo Co Ltd,skip,duplicate,high,reuters,1
2026-04-01,3954,昭和パックス,昭和パックス,add,exists_in_base,high,"kabutan,nikkei",2
2026-04-01,3954,昭和パックス,PAXXS,skip,duplicate,high,tdnet,1
2026-04-01,3954,昭和パックス,Showa Paxxs,skip,duplicate,high,reuters,1
2026-04-01,3954,昭和パックス,Showa Paxxs Corp,skip,duplicate,high,reuters,1
2026-04-01,3955,イムラ,イムラ,add,exists_in_base,high,"kabutan,nikkei,tdnet",4
2026-04-01,3955,イムラ,IMURA &,skip,duplicate,high,reuters,1
2026-04-01,3955,イムラ,IMURA & Co Ltd,skip,duplicate,high,reuters,1
2026-04-01,3958,笹徳印刷,笹徳印刷,skip,duplicate,high,"kabutan,nikkei,tdnet",3
2026-04-01,3958,笹徳印刷,Sasatoku Printing,skip,duplicate,high,reuters,1
2026-04-01,3958,笹徳印刷,Sasatoku Printing Co Ltd,skip,duplicate,high,reuters,1
2026-04-01,3961,シルバーエッグ・テクノロジー,シルバエッグ,skip,duplicate,high,kabutan,1
2026-04-01,3961,シルバーエッグ・テクノロジー,シルバーエッグ・テクノロジー,add,exists_in_base,high,kabutan,1
2026-04-01,3961,シルバーエッグ・テクノロジー,3961.T,add,new_candidate,medium,reuters,1
2026-04-01,3961,シルバーエッグ・テクノロジー,シルバーエッグ,add,new_candidate,medium,tdnet,1
2026-04-01,3962,チェンジﾎｰﾙﾃﾞｨﾝｸﾞｽ,チェンジHD,skip,duplicate,high,"kabutan,tdnet",2
2026-04-01,3962,チェンジﾎｰﾙﾃﾞｨﾝｸﾞｽ,チェンジホールディングス,skip,duplicate,high,"kabutan,nikkei",2
2026-04-01,3962,チェンジﾎｰﾙﾃﾞｨﾝｸﾞｽ,Change,skip,duplicate,high,reuters,1
2026-04-01,3962,チェンジﾎｰﾙﾃﾞｨﾝｸﾞｽ,Change Holdings Inc,skip,duplicate,high,reuters,1
2026-04-01,3963,シンクロ・フード,シンクロ・フード,skip,duplicate,high,"kabutan,nikkei",2
2026-04-01,3963,シンクロ・フード,Synchro Food,skip,duplicate,high,reuters,1
2026-04-01,3963,シンクロ・フード,Synchro Food Co Ltd,skip,duplicate,high,reuters,1
2026-04-01,3963,シンクロ・フード,シンクロ,skip,duplicate,high,kabutan,1
2026-04-01,3964,オークネット,オークネット,add,exists_in_base,high,"kabutan,nikkei,tdnet",3
2026-04-01,3964,オークネット,Aucnet,skip,duplicate,high,reuters,1
2026-04-01,3964,オークネット,Aucnet Inc,skip,duplicate,high,reuters,1
2026-04-01,3965,キャピタル・アセット・プランニング,キャピタル・アセット・プランニング,add,exists_in_base,high,"kabutan,nikkei",2
2026-04-01,3965,キャピタル・アセット・プランニング,CAP,skip,duplicate,high,tdnet,1
2026-04-01,3965,キャピタル・アセット・プランニング,キャピタルA,skip,duplicate,high,kabutan,1
2026-04-01,3965,キャピタル・アセット・プランニング,3965.T,add,new_candidate,medium,reuters,1
2026-04-01,3967,エルテス,エルテス,add,exists_in_base,high,"kabutan,nikkei",2
2026-04-01,3967,エルテス,Eltes,skip,duplicate,high,reuters,1
2026-04-01,3967,エルテス,Eltes Co Ltd,skip,duplicate,high,reuters,1
2026-04-01,3968,セグエｸﾞﾙｰﾌﾟ,セグエ,skip,duplicate,high,tdnet,2
2026-04-01,3968,セグエｸﾞﾙｰﾌﾟ,セグエグループ,add,exists_in_base,high,"kabutan,nikkei",2
2026-04-01,3968,セグエｸﾞﾙｰﾌﾟ,Segue,skip,duplicate,high,reuters,1
2026-04-01,3968,セグエｸﾞﾙｰﾌﾟ,Segue Group Co Ltd,skip,duplicate,high,reuters,1
2026-04-01,3968,セグエｸﾞﾙｰﾌﾟ,セグエG,add,new_candidate,medium,kabutan,1
2026-04-01,3969,エイトレッド,エイトレッド,skip,duplicate,high,"kabutan,nikkei",2
2026-04-01,3969,エイトレッド,Atled,skip,duplicate,high,reuters,1
2026-04-01,3969,エイトレッド,Atled Corp,skip,duplicate,high,reuters,1
2026-04-01,3970,イノベーション,イノベーション,add,exists_in_base,high,"kabutan,nikkei,tdnet",5
2026-04-01,3970,イノベーション,Innovation,skip,duplicate,high,reuters,1
2026-04-01,3970,イノベーション,Innovation Inc,skip,duplicate,high,reuters,1
2026-04-01,3970,イノベーション,イノベーショ,skip,duplicate,high,kabutan,1
2026-04-01,3974,SCAT,SCAT,skip,duplicate,high,"kabutan,nikkei,reuters,tdnet",6
2026-04-01,3974,SCAT,SCAT Inc,skip,duplicate,high,reuters,1
2026-04-01,3976,シャノン,シャノン,add,exists_in_base,high,"kabutan,nikkei,tdnet",5
2026-04-01,3976,シャノン,Shanon,skip,duplicate,high,reuters,1
2026-04-01,3976,シャノン,Shanon Inc,skip,duplicate,high,reuters,1
2026-04-01,3979,うるる,うるる,add,exists_in_base,high,"kabutan,nikkei,tdnet",3
2026-04-01,3979,うるる,Uluru,skip,duplicate,high,reuters,1
2026-04-01,3979,うるる,Uluru Co Ltd,skip,duplicate,high,reuters,1
2026-04-01,3981,ビーグリー,ビーグリー,add,exists_in_base,high,"kabutan,nikkei,tdnet",5
2026-04-01,3981,ビーグリー,Beaglee,skip,duplicate,high,reuters,1
2026-04-01,3981,ビーグリー,Beaglee Inc,skip,duplicate,high,reuters,1
2026-04-01,3983,オロ,オロ,add,exists_in_base,high,"kabutan,nikkei,tdnet",6
2026-04-01,3983,オロ,Oro,skip,duplicate,high,reuters,1
2026-04-01,3983,オロ,Oro Co Ltd,skip,duplicate,high,reuters,1
2026-04-01,3984,ユーザーローカル,ユーザーローカル,skip,duplicate,high,"kabutan,nikkei,tdnet",3
2026-04-01,3984,ユーザーローカル,User Local,skip,duplicate,high,reuters,1
2026-04-01,3984,ユーザーローカル,User Local Inc,skip,duplicate,high,reuters,1
2026-04-01,3984,ユーザーローカル,ユーザーロカ,skip,duplicate,high,kabutan,1
2026-04-01,3985,テモナ,テモナ,skip,duplicate,high,"kabutan,nikkei",2
2026-04-01,3985,テモナ,Temona,skip,duplicate,high,reuters,1
2026-04-01,3985,テモナ,Temona Inc,skip,duplicate,high,reuters,1
2026-04-01,3986,ビーブレイクシステムズ,ビーブレイク,skip,duplicate,high,"kabutan,tdnet",3
2026-04-01,3986,ビーブレイクシステムズ,ビーブレイクシステムズ,add,exists_in_base,high,"kabutan,nikkei",2
2026-04-01,3986,ビーブレイクシステムズ,bBreak Systems,skip,duplicate,high,reuters,1
2026-04-01,3986,ビーブレイクシステムズ,bBreak Systems Co Ltd,skip,duplicate,high,reuters,1
2026-04-01,3987,エコモット,エコモット,add,exists_in_base,high,"kabutan,nikkei,tdnet",3
2026-04-01,3987,エコモット,Ecomott,skip,duplicate,high,reuters,1
2026-04-01,3987,エコモット,Ecomott Inc,skip,duplicate,high,reuters,1
2026-04-01,3988,SYSﾎｰﾙﾃﾞｨﾝｸﾞｽ,SYSHD,skip,duplicate,high,"kabutan,tdnet",3
2026-04-01,3988,SYSﾎｰﾙﾃﾞｨﾝｸﾞｽ,SYSホールディングス,skip,duplicate,high,"kabutan,nikkei",2
2026-04-01,3988,SYSﾎｰﾙﾃﾞｨﾝｸﾞｽ,SYS,skip,duplicate,high,reuters,1
2026-04-01,3988,SYSﾎｰﾙﾃﾞｨﾝｸﾞｽ,SYS Holdings Co Ltd,skip,duplicate,high,reuters,1
2026-04-01,3989,シェアリングテクノロジー,シェアリングテクノロジー,add,exists_in_base,high,"kabutan,nikkei",2
2026-04-01,3989,シェアリングテクノロジー,Sharingtechnology,skip,duplicate,high,reuters,1
2026-04-01,3989,シェアリングテクノロジー,Sharingtechnology Inc,skip,duplicate,high,reuters,1
2026-04-01,3989,シェアリングテクノロジー,シェアテク,skip,duplicate,high,kabutan,1
2026-04-01,3989,シェアリングテクノロジー,シェアリングT,add,new_candidate,medium,tdnet,4
2026-04-01,3991,ウォンテッドリー,ウォンテッドリー,add,exists_in_base,high,"kabutan,nikkei",2
2026-04-01,3991,ウォンテッドリー,Wantedly,skip,duplicate,high,reuters,1
2026-04-01,3991,ウォンテッドリー,Wantedly Inc,skip,duplicate,high,reuters,1
2026-04-01,3991,ウォンテッドリー,ウォンテッド,skip,duplicate,high,kabutan,1
2026-04-01,3992,ニーズウェル,ニーズウェル,skip,duplicate,high,"kabutan,nikkei",2
2026-04-01,3992,ニーズウェル,Needs Well,skip,duplicate,high,reuters,1
2026-04-01,3992,ニーズウェル,Needs Well Inc,skip,duplicate,high,reuters,1
2026-04-01,3993,PKSHA Technology,PKSHA,skip,duplicate,high,tdnet,4
2026-04-01,3993,PKSHA Technology,PKSHA Technology,skip,duplicate,high,"kabutan,nikkei,reuters",3
2026-04-01,3993,PKSHA Technology,PKSHA Technology Inc,skip,duplicate,high,reuters,1
2026-04-01,3993,PKSHA Technology,パークシャ,skip,duplicate,high,kabutan,1
2026-04-01,3994,マネーフォワード,マネーフォワード,skip,duplicate,high,"kabutan,nikkei,tdnet",4
2026-04-01,3994,マネーフォワード,Money Forward,skip,duplicate,high,reuters,1
2026-04-01,3994,マネーフォワード,Money Forward Inc,skip,duplicate,high,reuters,1
2026-04-01,3994,マネーフォワード,マネフォ,skip,duplicate,high,kabutan,1
2026-04-01,3996,サインポスト,サインポスト,skip,duplicate,high,"kabutan,nikkei,tdnet",3
2026-04-01,3996,サインポスト,3996.T,add,new_candidate,medium,reuters,1
2026-04-01,3997,トレードワークス,トレードワークス,skip,duplicate,high,"kabutan,nikkei,tdnet",5
2026-04-01,3997,トレードワークス,Trade Works,skip,duplicate,high,reuters,1
2026-04-01,3997,トレードワークス,Trade Works Co Ltd,skip,duplicate,high,reuters,1
2026-04-01,3997,トレードワークス,Tワークス,skip,duplicate,high,kabutan,1
2026-04-01,3998,すららネット,すららネット,add,exists_in_base,high,"kabutan,nikkei,tdnet",5
2026-04-01,3998,すららネット,SuRaLa Net,skip,duplicate,high,reuters,1
2026-04-01,3998,すららネット,SuRaLa Net Co Ltd,skip,duplicate,high,reuters,1
2026-04-01,4004,レゾナック・ﾎｰﾙﾃﾞｨﾝｸﾞｽ,レゾナック・ホールディングス,skip,duplicate,high,"kabutan,nikkei",2
2026-04-01,4004,レゾナック・ﾎｰﾙﾃﾞｨﾝｸﾞｽ,Resonac,skip,duplicate,high,reuters,1
2026-04-01,4004,レゾナック・ﾎｰﾙﾃﾞｨﾝｸﾞｽ,Resonac Holdings Corp,skip,duplicate,high,reuters,1
2026-04-01,4004,レゾナック・ﾎｰﾙﾃﾞｨﾝｸﾞｽ,レゾナック,skip,duplicate,high,kabutan,1
2026-04-01,4004,レゾナック・ﾎｰﾙﾃﾞｨﾝｸﾞｽ,レゾナックHD,add,new_candidate,medium,tdnet,1
2026-04-01,4005,住友化学,住友化,skip,duplicate,high,"kabutan,tdnet",4
2026-04-01,4005,住友化学,住友化学,add,exists_in_base,high,"kabutan,nikkei",2
2026-04-01,4005,住友化学,Sumitomo Chemical,skip,duplicate,high,reuters,1
2026-04-01,4005,住友化学,Sumitomo Chemical Co Ltd,skip,duplicate,high,reuters,1
2026-04-01,4008,住友精化,住友精化,skip,duplicate,high,"kabutan,nikkei,tdnet",4
2026-04-01,4008,住友精化,Sumitomo Seika Chemicals,skip,duplicate,high,reuters,1
2026-04-01,4008,住友精化,Sumitomo Seika Chemicals Co Ltd,skip,duplicate,high,reuters,1
2026-04-01,4011,ヘッドウォータース,ヘッドウォータース,add,exists_in_base,high,"kabutan,nikkei",2
2026-04-01,4011,ヘッドウォータース,Headwaters,skip,duplicate,high,reuters,1
2026-04-01,4011,ヘッドウォータース,Headwaters Co Ltd,skip,duplicate,high,reuters,1
2026-04-01,4011,ヘッドウォータース,ヘッドウォーター,add,new_candidate,medium,tdnet,4
2026-04-01,4011,ヘッドウォータース,ヘッドウォ,add,new_candidate,medium,kabutan,1
2026-04-01,4012,アクシス,アクシス,skip,duplicate,high,"kabutan,nikkei,tdnet",5
2026-04-01,4012,アクシス,Axis,skip,duplicate,high,reuters,1
2026-04-01,4012,アクシス,Axis Co Ltd,skip,duplicate,high,reuters,1
2026-04-01,4013,勤次郎,勤次郎,add,exists_in_base,high,"kabutan,nikkei,tdnet",4
2026-04-01,4013,勤次郎,Kinjiro,skip,duplicate,high,reuters,1
2026-04-01,4013,勤次郎,Kinjiro Co Ltd,skip,duplicate,high,reuters,1
2026-04-01,4014,カラダノート,カラダノート,add,exists_in_base,high,"kabutan,nikkei,tdnet",5
2026-04-01,4014,カラダノート,Karadanote,skip,duplicate,high,reuters,1
2026-04-01,4014,カラダノート,Karadanote Inc,skip,duplicate,high,reuters,1
2026-04-01,4015,ペイクラウドﾎｰﾙﾃﾞｨﾝｸﾞｽ,ペイクラウドホールディングス,skip,duplicate,high,"kabutan,nikkei",2
2026-04-01,4015,ペイクラウドﾎｰﾙﾃﾞｨﾝｸﾞｽ,Paycloud,skip,duplicate,high,reuters,1
2026-04-01,4015,ペイクラウドﾎｰﾙﾃﾞｨﾝｸﾞｽ,Paycloud Holdings Inc,skip,duplicate,high,reuters,1
2026-04-01,4015,ペイクラウドﾎｰﾙﾃﾞｨﾝｸﾞｽ,ペイクラウド,skip,duplicate,high,kabutan,1
2026-04-01,4015,ペイクラウドﾎｰﾙﾃﾞｨﾝｸﾞｽ,ペイクラウドHD,add,new_candidate,medium,tdnet,2
2026-04-01,4016,MITﾎｰﾙﾃﾞｨﾝｸﾞｽ,MITホールディングス,skip,duplicate,high,"kabutan,nikkei",2
2026-04-01,4016,MITﾎｰﾙﾃﾞｨﾝｸﾞｽ,MIT,skip,duplicate,high,reuters,1
2026-04-01,4016,MITﾎｰﾙﾃﾞｨﾝｸﾞｽ,MIT Holdings Co Ltd,skip,duplicate,high,reuters,1
2026-04-01,4016,MITﾎｰﾙﾃﾞｨﾝｸﾞｽ,ミット,skip,duplicate,high,kabutan,1
2026-04-01,4017,クリーマ,クリーマ,add,exists_in_base,high,"kabutan,nikkei,tdnet",3
2026-04-01,4017,クリーマ,Creema,skip,duplicate,high,reuters,1
2026-04-01,4017,クリーマ,Creema Ltd,skip,duplicate,high,reuters,1
2026-04-01,4019,スタメン,スタメン,add,exists_in_base,high,"kabutan,nikkei",2
2026-04-01,4019,スタメン,Stmn,skip,duplicate,high,reuters,1
2026-04-01,4019,スタメン,Stmn Inc,skip,duplicate,high,reuters,1
2026-04-01,4020,ビートレンド,ビートレンド,add,exists_in_base,high,"kabutan,nikkei,tdnet",3
2026-04-01,4020,ビートレンド,Betrend,skip,duplicate,high,reuters,1
2026-04-01,4020,ビートレンド,Betrend Corp,skip,duplicate,high,reuters,1
2026-04-01,4021,日産化学,日産化,skip,duplicate,high,"kabutan,tdnet",4
2026-04-01,4021,日産化学,日産化学,add,exists_in_base,high,"kabutan,nikkei",2
2026-04-01,4021,日産化学,Nissan Chemical,skip,duplicate,high,reuters,1
2026-04-01,4021,日産化学,Nissan Chemical Corp,skip,duplicate,high,reuters,1
2026-04-01,4022,ラサ工業,ラサ工業,add,exists_in_base,high,"kabutan,nikkei",2
2026-04-01,4022,ラサ工業,Rasa Industries,skip,duplicate,high,reuters,1
2026-04-01,4022,ラサ工業,Rasa Industries Ltd,skip,duplicate,high,reuters,1
2026-04-01,4022,ラサ工業,ラサ工,skip,duplicate,high,kabutan,1
2026-04-01,4023,クレハ,クレハ,skip,duplicate,high,"kabutan,nikkei",2
2026-04-01,4023,クレハ,Kureha,skip,duplicate,high,reuters,1
2026-04-01,4023,クレハ,Kureha Corp,skip,duplicate,high,reuters,1
2026-04-01,4025,多木化学,多木化学,skip,duplicate,high,"kabutan,nikkei,tdnet",3
2026-04-01,4025,多木化学,Taki Chemical,skip,duplicate,high,reuters,1
2026-04-01,4025,多木化学,Taki Chemical Co Ltd,skip,duplicate,high,reuters,1
2026-04-01,4025,多木化学,多木化,skip,duplicate,high,kabutan,1
2026-04-01,4026,神島化学工業,神島化学工業,add,exists_in_base,high,"kabutan,nikkei,tdnet",4
2026-04-01,4026,神島化学工業,Konoshima Chemical,skip,duplicate,high,reuters,1
2026-04-01,4026,神島化学工業,Konoshima Chemical Co Ltd,skip,duplicate,high,reuters,1
2026-04-01,4026,神島化学工業,神島化,skip,duplicate,high,kabutan,1
2026-04-01,4027,テイカ,テイカ,skip,duplicate,high,"kabutan,nikkei",2
2026-04-01,4027,テイカ,Tayca,skip,duplicate,high,reuters,1
2026-04-01,4027,テイカ,Tayca Corp,skip,duplicate,high,reuters,1
2026-04-01,4028,石原産業,石原産業,add,exists_in_base,high,"kabutan,nikkei",2
2026-04-01,4028,石原産業,Ishihara Sangyo Kaisha,skip,duplicate,high,reuters,1
2026-04-01,4028,石原産業,Ishihara Sangyo Kaisha Ltd,skip,duplicate,high,reuters,1
2026-04-01,4028,石原産業,石原産,skip,duplicate,high,kabutan,1
2026-04-01,402A,アクセルスペースﾎｰﾙﾃﾞｨﾝｸﾞｽ,アクセルスペースホールディングス,skip,duplicate,high,"kabutan,nikkei",2
2026-04-01,402A,アクセルスペースﾎｰﾙﾃﾞｨﾝｸﾞｽ,アクセルHD,skip,duplicate,high,kabutan,1
2026-04-01,402A,アクセルスペースﾎｰﾙﾃﾞｨﾝｸﾞｽ,アクセルスペース,add,new_candidate,medium,tdnet,6
2026-04-01,402A,アクセルスペースﾎｰﾙﾃﾞｨﾝｸﾞｽ,Axelspace,add,new_candidate,medium,reuters,1
2026-04-01,402A,アクセルスペースﾎｰﾙﾃﾞｨﾝｸﾞｽ,Axelspace Holdings Corp,add,new_candidate,medium,reuters,1
2026-04-01,4031,片倉コープアグリ,片倉コープアグリ,skip,duplicate,high,"kabutan,nikkei,tdnet",4
2026-04-01,4031,片倉コープアグリ,Katakura & Co-op Agri,skip,duplicate,high,reuters,1
2026-04-01,4031,片倉コープアグリ,Katakura & Co-op Agri Corp,skip,duplicate,high,reuters,1
2026-04-01,4031,片倉コープアグリ,片倉コープ,skip,duplicate,high,kabutan,1
2026-04-01,4040,南海化学,南海化学,skip,duplicate,high,"kabutan,nikkei,tdnet",5
2026-04-01,4040,南海化学,Nankai Chemical,skip,duplicate,high,reuters,1
2026-04-01,4040,南海化学,Nankai Chemical Co Ltd,skip,duplicate,high,reuters,1
2026-04-01,4041,日本曹達,日曹達,skip,duplicate,high,"kabutan,tdnet",4
2026-04-01,4041,日本曹達,日本曹達,add,exists_in_base,high,"kabutan,nikkei",2
2026-04-01,4041,日本曹達,Nippon Soda,skip,duplicate,high,reuters,1
2026-04-01,4041,日本曹達,Nippon Soda Co Ltd,skip,duplicate,high,reuters,1
2026-04-01,4042,東ソー,東ソー,skip,duplicate,high,"kabutan,nikkei,tdnet",4
2026-04-01,4042,東ソー,Tosoh,skip,duplicate,high,reuters,1
2026-04-01,4042,東ソー,Tosoh Corp,skip,duplicate,high,reuters,1
2026-04-01,4043,トクヤマ,トクヤマ,add,exists_in_base,high,"kabutan,nikkei,tdnet",3
2026-04-01,4043,トクヤマ,Tokuyama,skip,duplicate,high,reuters,1
2026-04-01,4043,トクヤマ,Tokuyama Corp,skip,duplicate,high,reuters,1
2026-04-01,4044,セントラル硝子,セントラル硝子,add,exists_in_base,high,"kabutan,nikkei",2
2026-04-01,4044,セントラル硝子,Central Glass,skip,duplicate,high,reuters,1
2026-04-01,4044,セントラル硝子,Central Glass Co Ltd,skip,duplicate,high,reuters,1
2026-04-01,4044,セントラル硝子,セ硝子,skip,duplicate,high,kabutan,1
2026-04-01,4045,東亞合成,東亜合,skip,duplicate,high,tdnet,2
2026-04-01,4045,東亞合成,Toagosei,skip,duplicate,high,reuters,1
2026-04-01,4045,東亞合成,Toagosei Co Ltd,skip,duplicate,high,reuters,1
2026-04-01,4045,東亞合成,東亞合成,add,exists_in_base,high,kabutan,1
2026-04-01,4045,東亞合成,東合成,skip,duplicate,high,kabutan,1
2026-04-01,4045,東亞合成,東亜合成,add,new_candidate,medium,nikkei,1
2026-04-01,4046,大阪ソーダ,大阪ソーダ,skip,duplicate,high,"kabutan,nikkei,tdnet",3
2026-04-01,4046,大阪ソーダ,Osaka Soda,skip,duplicate,high,reuters,1
2026-04-01,4046,大阪ソーダ,Osaka Soda Co Ltd,skip,duplicate,high,reuters,1
2026-04-01,4047,関東電化工業,関東電化工業,add,exists_in_base,high,"kabutan,nikkei",2
2026-04-01,4047,関東電化工業,Kanto Denka Kogyo,skip,duplicate,high,reuters,1
2026-04-01,4047,関東電化工業,Kanto Denka Kogyo Co Ltd,skip,duplicate,high,reuters,1
2026-04-01,4047,関東電化工業,関電化,skip,duplicate,high,kabutan,1
2026-04-01,4051,GMOフィナンシャルゲート,GMOフィナンシャルゲート,skip,duplicate,high,"kabutan,nikkei",2
2026-04-01,4051,GMOフィナンシャルゲート,GMO Financial Gate,skip,duplicate,high,reuters,1
2026-04-01,4051,GMOフィナンシャルゲート,GMO Financial Gate Inc,skip,duplicate,high,reuters,1
2026-04-01,4051,GMOフィナンシャルゲート,GMO-FG,skip,duplicate,high,kabutan,1
2026-04-01,4052,フィーチャ,フィーチャ,add,exists_in_base,high,"kabutan,nikkei,tdnet",3
2026-04-01,4052,フィーチャ,Ficha,skip,duplicate,high,reuters,1
2026-04-01,4052,フィーチャ,Ficha Inc,skip,duplicate,high,reuters,1
2026-04-01,4053,Sun Asterisk,サンアスタリスク,skip,duplicate,high,tdnet,4
2026-04-01,4053,Sun Asterisk,Sun Asterisk,skip,duplicate,high,"kabutan,nikkei",2
2026-04-01,4053,Sun Asterisk,Sun*,skip,duplicate,high,reuters,1
2026-04-01,4053,Sun Asterisk,Sun* Inc,skip,duplicate,high,reuters,1
2026-04-01,4053,Sun Asterisk,サンアスタ,skip,duplicate,high,kabutan,1
2026-04-01,4054,日本情報クリエイト,日本情報クリエイト,add,exists_in_base,high,"kabutan,nikkei",2
2026-04-01,4054,日本情報クリエイト,Japan PropTech,skip,duplicate,high,reuters,1
2026-04-01,4054,日本情報クリエイト,Japan PropTech Co Ltd,skip,duplicate,high,reuters,1
2026-04-01,4054,日本情報クリエイト,日本情報C,skip,duplicate,high,kabutan,1
2026-04-01,4055,ティアンドエスｸﾞﾙｰﾌﾟ,ティアンドエスグループ,skip,duplicate,high,"kabutan,nikkei",2
2026-04-01,4055,ティアンドエスｸﾞﾙｰﾌﾟ,T&S,skip,duplicate,high,reuters,1
2026-04-01,4055,ティアンドエスｸﾞﾙｰﾌﾟ,T&S Group Inc,skip,duplicate,high,reuters,1
2026-04-01,4055,ティアンドエスｸﾞﾙｰﾌﾟ,T&S・G,skip,duplicate,high,kabutan,1
2026-04-01,4055,ティアンドエスｸﾞﾙｰﾌﾟ,ティアンドエスG,add,new_candidate,medium,tdnet,1
2026-04-01,4056,ニューラルｸﾞﾙｰﾌﾟ,ニューラルグループ,skip,duplicate,high,"kabutan,nikkei",2
2026-04-01,4056,ニューラルｸﾞﾙｰﾌﾟ,Neural,skip,duplicate,high,reuters,1
2026-04-01,4056,ニューラルｸﾞﾙｰﾌﾟ,Neural Group Inc,skip,duplicate,high,reuters,1
2026-04-01,4056,ニューラルｸﾞﾙｰﾌﾟ,ニューラルG,skip,duplicate,high,kabutan,1
2026-04-01,4056,ニューラルｸﾞﾙｰﾌﾟ,ニューラル,add,new_candidate,medium,tdnet,3
2026-04-01,4057,インターファクトリー,インターファクトリー,add,exists_in_base,high,"kabutan,nikkei",2
2026-04-01,4057,インターファクトリー,Interfactory,skip,duplicate,high,reuters,1
2026-04-01,4057,インターファクトリー,Interfactory Inc,skip,duplicate,high,reuters,1
2026-04-01,4057,インターファクトリー,インタファク,skip,duplicate,high,kabutan,1
2026-04-01,4058,トヨクモ,トヨクモ,add,exists_in_base,high,"kabutan,nikkei,tdnet",4
2026-04-01,4058,トヨクモ,Toyokumo,skip,duplicate,high,reuters,1
2026-04-01,4058,トヨクモ,Toyokumo Inc,skip,duplicate,high,reuters,1
2026-04-01,4059,まぐまぐ,まぐまぐ,skip,duplicate,high,"kabutan,nikkei",2
2026-04-01,4059,まぐまぐ,Magmag,skip,duplicate,high,reuters,1
2026-04-01,4059,まぐまぐ,Magmag Inc,skip,duplicate,high,reuters,1
2026-04-01,4060,rakumo,rakumo,skip,duplicate,high,"kabutan,nikkei,reuters,tdnet",4
2026-04-01,4060,rakumo,Rakumo Inc,skip,duplicate,high,reuters,1
2026-04-01,4061,デンカ,デンカ,skip,duplicate,high,"kabutan,nikkei,tdnet",9
2026-04-01,4061,デンカ,Denka,skip,duplicate,high,reuters,1
2026-04-01,4061,デンカ,Denka Co Ltd,skip,duplicate,high,reuters,1
2026-04-01,4062,イビデン,イビデン,skip,duplicate,high,"kabutan,nikkei,tdnet",7
2026-04-01,4062,イビデン,Ibiden,skip,duplicate,high,reuters,1
2026-04-01,4062,イビデン,Ibiden Co Ltd,skip,duplicate,high,reuters,1
2026-04-01,4063,信越化学工業,信越化学工業,add,exists_in_base,high,"kabutan,nikkei",2
2026-04-01,4063,信越化学工業,Shin-Etsu Chemical,skip,duplicate,high,reuters,1
2026-04-01,4063,信越化学工業,Shin-Etsu Chemical Co Ltd,skip,duplicate,high,reuters,1
2026-04-01,4063,信越化学工業,信越化,skip,duplicate,high,kabutan,1
2026-04-01,4064,日本カーバイド工業,カーバイド,skip,duplicate,high,"kabutan,tdnet",3
2026-04-01,4064,日本カーバイド工業,日本カーバイド工業,add,exists_in_base,high,"kabutan,nikkei",2
2026-04-01,4064,日本カーバイド工業,Nippon Carbide Industries,skip,duplicate,high,reuters,1
2026-04-01,4064,日本カーバイド工業,Nippon Carbide Industries Co Inc,skip,duplicate,high,reuters,1
2026-04-01,4068,ベイシス,ベイシス,add,exists_in_base,high,"kabutan,nikkei,tdnet",4
2026-04-01,4068,ベイシス,Basis,skip,duplicate,high,reuters,1
2026-04-01,4068,ベイシス,Basis Corp,skip,duplicate,high,reuters,1
2026-04-01,4069,BlueMeme,BlueMeme,add,exists_in_base,high,"kabutan,nikkei,reuters,tdnet",5
2026-04-01,4069,BlueMeme,BlueMeme Inc,skip,duplicate,high,reuters,1
2026-04-01,4069,BlueMeme,ブルーミーム,add,new_candidate,medium,kabutan,1
2026-04-01,4071,プラスアルファ・コンサルティング,プラスアルファ・コンサルティング,add,exists_in_base,high,"kabutan,nikkei",2
2026-04-01,4071,プラスアルファ・コンサルティング,PAコンサル,skip,duplicate,high,kabutan,1
2026-04-01,4071,プラスアルファ・コンサルティング,Plus Alpha Consulting,skip,duplicate,high,reuters,1
2026-04-01,4071,プラスアルファ・コンサルティング,Plus Alpha Consulting Co Ltd,skip,duplicate,high,reuters,1
2026-04-01,4072,電算システムﾎｰﾙﾃﾞｨﾝｸﾞｽ,電算システムHD,skip,duplicate,high,tdnet,2
2026-04-01,4072,電算システムﾎｰﾙﾃﾞｨﾝｸﾞｽ,電算システムホールディングス,skip,duplicate,high,"kabutan,nikkei",2
2026-04-01,4072,電算システムﾎｰﾙﾃﾞｨﾝｸﾞｽ,Densan System,skip,duplicate,high,reuters,1
2026-04-01,4072,電算システムﾎｰﾙﾃﾞｨﾝｸﾞｽ,Densan System Holdings Co Ltd,skip,duplicate,high,reuters,1
2026-04-01,4072,電算システムﾎｰﾙﾃﾞｨﾝｸﾞｽ,電算システム,skip,duplicate,high,kabutan,1
2026-04-01,4073,ジィ・シィ企画,ジィ・シィ企画,add,exists_in_base,high,"kabutan,nikkei",2
2026-04-01,4073,ジィ・シィ企画,Global Communication Planning,skip,duplicate,high,reuters,1
2026-04-01,4073,ジィ・シィ企画,Global Communication Planning Co Ltd,skip,duplicate,high,reuters,1
2026-04-01,4073,ジィ・シィ企画,ジィ・シィ,skip,duplicate,high,kabutan,1
2026-04-01,4074,ラキール,ラキール,add,exists_in_base,high,"kabutan,nikkei,tdnet",4
2026-04-01,4074,ラキール,LaKeel,skip,duplicate,high,reuters,1
2026-04-01,4074,ラキール,LaKeel Inc,skip,duplicate,high,reuters,1
2026-04-01,4075,ブレインズテクノロジー,ブレインズ,add,new_candidate,high,"kabutan,tdnet",3
2026-04-01,4075,ブレインズテクノロジー,ブレインズテクノロジー,add,exists_in_base,high,"kabutan,nikkei",2
2026-04-01,4075,ブレインズテクノロジー,Brains Technology,skip,duplicate,high,reuters,1
2026-04-01,4075,ブレインズテクノロジー,Brains Technology Inc,skip,duplicate,high,reuters,1
2026-04-01,4076,シイエヌエス,シイエヌエス,add,exists_in_base,high,"kabutan,nikkei",2
2026-04-01,4076,シイエヌエス,CNS,skip,duplicate,high,reuters,1
2026-04-01,4076,シイエヌエス,CNS Co Ltd,skip,duplicate,high,reuters,1
2026-04-01,4078,堺化学工業,堺化学,skip,duplicate,high,"kabutan,tdnet",4
2026-04-01,4078,堺化学工業,堺化学工業,add,exists_in_base,high,"kabutan,nikkei",2
2026-04-01,4078,堺化学工業,Sakai Chemical Industry,skip,duplicate,high,reuters,1
2026-04-01,4078,堺化学工業,Sakai Chemical Industry Co Ltd,skip,duplicate,high,reuters,1
2026-04-01,407A,UNICONﾎｰﾙﾃﾞｨﾝｸﾞｽ,UNICON,skip,duplicate,high,"kabutan,reuters",2
2026-04-01,407A,UNICONﾎｰﾙﾃﾞｨﾝｸﾞｽ,UNICONホールディングス,skip,duplicate,high,"kabutan,nikkei",2
2026-04-01,407A,UNICONﾎｰﾙﾃﾞｨﾝｸﾞｽ,Unicon Holdings Co Ltd,add,new_candidate,medium,reuters,1
2026-04-01,4082,第一稀元素化学工業,稀元素,skip,duplicate,high,"kabutan,tdnet",5
2026-04-01,4082,第一稀元素化学工業,第一稀元素化学工業,add,exists_in_base,high,"kabutan,nikkei",2
2026-04-01,4082,第一稀元素化学工業,Daiichi Kigenso Kagaku Kogyo,skip,duplicate,high,reuters,1
2026-04-01,4082,第一稀元素化学工業,Daiichi Kigenso Kagaku Kogyo Co Ltd,skip,duplicate,high,reuters,1
2026-04-01,4088,エア・ウォーター,エア・ウォーター,skip,duplicate,high,"kabutan,nikkei,tdnet",3
2026-04-01,4088,エア・ウォーター,Air Water,skip,duplicate,high,reuters,1
2026-04-01,4088,エア・ウォーター,Air Water Inc,skip,duplicate,high,reuters,1
2026-04-01,4088,エア・ウォーター,エアウォータ,skip,duplicate,high,kabutan,1
2026-04-01,4091,日本酸素ﾎｰﾙﾃﾞｨﾝｸﾞｽ,日本酸素HD,skip,duplicate,high,"kabutan,tdnet",4
2026-04-01,4091,日本酸素ﾎｰﾙﾃﾞｨﾝｸﾞｽ,日本酸素ホールディングス,skip,duplicate,high,"kabutan,nikkei",2
2026-04-01,4091,日本酸素ﾎｰﾙﾃﾞｨﾝｸﾞｽ,Nippon Sanso,skip,duplicate,high,reuters,1
2026-04-01,4091,日本酸素ﾎｰﾙﾃﾞｨﾝｸﾞｽ,Nippon Sanso Holdings Corp,skip,duplicate,high,reuters,1
2026-04-01,4092,日本化学工業,日本化,skip,duplicate,high,"kabutan,tdnet",3
2026-04-01,4092,日本化学工業,日本化学工業,add,exists_in_base,high,"kabutan,nikkei",2
2026-04-01,4092,日本化学工業,Nippon Chemical Industrial,skip,duplicate,high,reuters,1
2026-04-01,4092,日本化学工業,Nippon Chemical Industrial Co Ltd,skip,duplicate,high,reuters,1
2026-04-01,4093,東邦アセチレン,東邦アセチレン,add,exists_in_base,high,"kabutan,nikkei",2
2026-04-01,4093,東邦アセチレン,Toho Acetylene,skip,duplicate,high,reuters,1
2026-04-01,4093,東邦アセチレン,Toho Acetylene Co Ltd,skip,duplicate,high,reuters,1
2026-04-01,4093,東邦アセチレン,アセチレン,skip,duplicate,high,kabutan,1
2026-04-01,4094,日本化学産業,日化学産,skip,duplicate,high,tdnet,2
2026-04-01,4094,日本化学産業,日本化学産業,add,exists_in_base,high,"kabutan,nikkei",2
2026-04-01,4094,日本化学産業,Nihon Kagaku Sangyo,skip,duplicate,high,reuters,1
2026-04-01,4094,日本化学産業,Nihon Kagaku Sangyo Co Ltd,skip,duplicate,high,reuters,1
2026-04-01,4094,日本化学産業,日化産,add,new_candidate,medium,kabutan,1
2026-04-01,4095,日本パーカライジング,日パーカライ,skip,duplicate,high,tdnet,4
2026-04-01,4095,日本パーカライジング,日本パーカライジング,add,exists_in_base,high,"kabutan,nikkei",2
2026-04-01,4095,日本パーカライジング,Nihon Parkerizing,skip,duplicate,high,reuters,1
2026-04-01,4095,日本パーカライジング,Nihon Parkerizing Co Ltd,skip,duplicate,high,reuters,1
2026-04-01,4095,日本パーカライジング,パーカライ,skip,duplicate,high,kabutan,1
2026-04-01,4097,高圧ガス工業,高圧ガス,skip,duplicate,high,"kabutan,tdnet",3
2026-04-01,4097,高圧ガス工業,高圧ガス工業,add,exists_in_base,high,"kabutan,nikkei",2
2026-04-01,4097,高圧ガス工業,Koatsu Gas Kogyo,skip,duplicate,high,reuters,1
2026-04-01,4097,高圧ガス工業,Koatsu Gas Kogyo Co Ltd,skip,duplicate,high,reuters,1
2026-04-01,4098,チタン工業,チタン工業,add,exists_in_base,high,"kabutan,nikkei",2
2026-04-01,4098,チタン工業,Titan Kogyo,skip,duplicate,high,reuters,1
2026-04-01,4098,チタン工業,Titan Kogyo Ltd,skip,duplicate,high,reuters,1
2026-04-01,4098,チタン工業,チタン,skip,duplicate,high,kabutan,1
2026-04-01,4099,四国化成ﾎｰﾙﾃﾞｨﾝｸﾞｽ,四国化成ホールディングス,skip,duplicate,high,"kabutan,nikkei",2
2026-04-01,4099,四国化成ﾎｰﾙﾃﾞｨﾝｸﾞｽ,Shikoku Kasei,skip,duplicate,high,reuters,1
2026-04-01,4099,四国化成ﾎｰﾙﾃﾞｨﾝｸﾞｽ,Shikoku Kasei Holdings Corp,skip,duplicate,high,reuters,1
2026-04-01,4099,四国化成ﾎｰﾙﾃﾞｨﾝｸﾞｽ,四国化HD,skip,duplicate,high,kabutan,1
2026-04-01,4099,四国化成ﾎｰﾙﾃﾞｨﾝｸﾞｽ,四国化成HD,skip,duplicate,high,tdnet,1
2026-04-01,409A,オリオンビール,オリオンビール,skip,duplicate,high,"kabutan,nikkei,tdnet",3
2026-04-01,409A,オリオンビール,オリオン,skip,duplicate,high,kabutan,1
2026-04-01,409A,オリオンビール,Orion Breweries,add,new_candidate,medium,reuters,1
2026-04-01,409A,オリオンビール,Orion Breweries Ltd,add,new_candidate,medium,reuters,1
2026-04-01,4100,戸田工業,戸田工,skip,duplicate,high,"kabutan,tdnet",3
2026-04-01,4100,戸田工業,戸田工業,add,exists_in_base,high,"kabutan,nikkei",2
2026-04-01,4100,戸田工業,Toda Kogyo,skip,duplicate,high,reuters,1
2026-04-01,4100,戸田工業,Toda Kogyo Corp,skip,duplicate,high,reuters,1
2026-04-01,4102,丸尾カルシウム,丸尾カルシウム,skip,duplicate,high,"kabutan,nikkei,tdnet",6
2026-04-01,4102,丸尾カルシウム,Maruo Calcium,skip,duplicate,high,reuters,1
2026-04-01,4102,丸尾カルシウム,Maruo Calcium Co Ltd,skip,duplicate,high,reuters,1
2026-04-01,4102,丸尾カルシウム,丸尾カル,skip,duplicate,high,kabutan,1
2026-04-01,4107,伊勢化学工業,伊勢化,skip,duplicate,high,"kabutan,tdnet",2
2026-04-01,4107,伊勢化学工業,伊勢化学工業,add,exists_in_base,high,"kabutan,nikkei",2
2026-04-01,4107,伊勢化学工業,Ise Chemicals,skip,duplicate,high,reuters,1
2026-04-01,4107,伊勢化学工業,Ise Chemicals Corp,skip,duplicate,high,reuters,1
2026-04-01,4109,ステラ ケミファ,ステラ ケミファ,skip,duplicate,high,"kabutan,nikkei,tdnet",4
2026-04-01,4109,ステラ ケミファ,Stella Chemifa,skip,duplicate,high,reuters,1
2026-04-01,4109,ステラ ケミファ,Stella Chemifa Corp,skip,duplicate,high,reuters,1
2026-04-01,4109,ステラ ケミファ,ステラケミ,skip,duplicate,high,kabutan,1
2026-04-01,410A,GMOコマース,GMOコマース,skip,duplicate,high,"kabutan,nikkei,tdnet",6
2026-04-01,410A,GMOコマース,GMOコマス,skip,duplicate,high,kabutan,1
2026-04-01,410A,GMOコマース,GMO Commerce,add,new_candidate,medium,reuters,1
2026-04-01,410A,GMOコマース,GMO Commerce Inc,add,new_candidate,medium,reuters,1
2026-04-01,4112,保土谷化学工業,保土谷化,skip,duplicate,high,tdnet,3
2026-04-01,4112,保土谷化学工業,保土谷化学工業,add,exists_in_base,high,"kabutan,nikkei",2
2026-04-01,4112,保土谷化学工業,Hodogaya Chemical,skip,duplicate,high,reuters,1
2026-04-01,4112,保土谷化学工業,Hodogaya Chemical Co Ltd,skip,duplicate,high,reuters,1
2026-04-01,4112,保土谷化学工業,保土谷,add,new_candidate,medium,kabutan,1
2026-04-01,4113,田岡化学工業,田岡化学工業,skip,duplicate,high,"kabutan,nikkei",2
2026-04-01,4113,田岡化学工業,Taoka Chemical,skip,duplicate,high,reuters,1
2026-04-01,4113,田岡化学工業,Taoka Chemical Co Ltd,skip,duplicate,high,reuters,1
2026-04-01,4113,田岡化学工業,田岡化,skip,duplicate,high,kabutan,1
2026-04-01,4114,日本触媒,日本触媒,add,exists_in_base,high,"kabutan,nikkei",2
2026-04-01,4114,日本触媒,Nippon Shokubai,skip,duplicate,high,reuters,1
2026-04-01,4114,日本触媒,Nippon Shokubai Co Ltd,skip,duplicate,high,reuters,1
2026-04-01,4114,日本触媒,日触媒,skip,duplicate,high,kabutan,1
2026-04-01,4116,大日精化工業,大日精化工業,add,exists_in_base,high,"kabutan,nikkei",2
2026-04-01,4116,大日精化工業,Dainichiseika Color & Chemicals MFG,skip,duplicate,high,reuters,1
2026-04-01,4116,大日精化工業,Dainichiseika Color & Chemicals MFG Co Ltd,skip,duplicate,high,reuters,1
2026-04-01,4116,大日精化工業,大日精,skip,duplicate,high,kabutan,1
2026-04-01,4116,大日精化工業,大日精化,add,new_candidate,medium,tdnet,2
2026-04-01,4118,カネカ,カネカ,skip,duplicate,high,"kabutan,nikkei,tdnet",4
2026-04-01,4118,カネカ,Kaneka,skip,duplicate,high,reuters,1
2026-04-01,4118,カネカ,Kaneka Corp,skip,duplicate,high,reuters,1
2026-04-01,4119,日本ピグメントﾎｰﾙﾃﾞｨﾝｸﾞｽ,日本ピグメントホールディングス,skip,duplicate,high,"kabutan,nikkei",2
2026-04-01,4119,日本ピグメントﾎｰﾙﾃﾞｨﾝｸﾞｽ,Nippon Pigment,skip,duplicate,high,reuters,1
2026-04-01,4119,日本ピグメントﾎｰﾙﾃﾞｨﾝｸﾞｽ,Nippon Pigment Holdings Co Ltd,skip,duplicate,high,reuters,1
2026-04-01,4119,日本ピグメントﾎｰﾙﾃﾞｨﾝｸﾞｽ,日ピグHD,skip,duplicate,high,kabutan,1
2026-04-01,4120,スガイ化学工業,スガイ化学工業,skip,duplicate,high,"kabutan,nikkei,tdnet",4
2026-04-01,4120,スガイ化学工業,Sugai Chemical Industry,skip,duplicate,high,reuters,1
2026-04-01,4120,スガイ化学工業,Sugai Chemical Industry Co Ltd,skip,duplicate,high,reuters,1
2026-04-01,4120,スガイ化学工業,スガイ,skip,duplicate,high,kabutan,1
2026-04-01,4124,大阪油化工業,大阪油化工業,skip,duplicate,high,"kabutan,nikkei,tdnet",3
2026-04-01,4124,大阪油化工業,Osaka Yuka Industry,skip,duplicate,high,reuters,1
2026-04-01,4124,大阪油化工業,Osaka Yuka Industry Ltd,skip,duplicate,high,reuters,1
2026-04-01,4124,大阪油化工業,大阪油化,skip,duplicate,high,kabutan,1
2026-04-01,4125,三和油化工業,三和油化工業,skip,duplicate,high,"kabutan,nikkei",2
2026-04-01,4125,三和油化工業,Sanwayuka Industry,skip,duplicate,high,reuters,1
2026-04-01,4125,三和油化工業,Sanwayuka Industry Corp,skip,duplicate,high,reuters,1
2026-04-01,414A,オーバーラップﾎｰﾙﾃﾞｨﾝｸﾞｽ,オーバーラップホールディングス,skip,duplicate,high,"kabutan,nikkei",2
2026-04-01,414A,オーバーラップﾎｰﾙﾃﾞｨﾝｸﾞｽ,オーバラップ,skip,duplicate,high,kabutan,1
2026-04-01,414A,オーバーラップﾎｰﾙﾃﾞｨﾝｸﾞｽ,Overlap,add,new_candidate,medium,reuters,1
2026-04-01,414A,オーバーラップﾎｰﾙﾃﾞｨﾝｸﾞｽ,Overlap Holdings Inc,add,new_candidate,medium,reuters,1
2026-04-01,414A,オーバーラップﾎｰﾙﾃﾞｨﾝｸﾞｽ,オーバーラップ,add,new_candidate,medium,tdnet,1
2026-04-01,4151,協和キリン,協和キリン,skip,duplicate,high,"kabutan,nikkei,tdnet",8
2026-04-01,4151,協和キリン,Kyowa Kirin,skip,duplicate,high,reuters,1
2026-04-01,4151,協和キリン,Kyowa Kirin Co Ltd,skip,duplicate,high,reuters,1
2026-04-01,415A,GMO TECHﾎｰﾙﾃﾞｨﾝｸﾞｽ,GMO TECHホールディングス,skip,duplicate,high,"kabutan,nikkei",2
2026-04-01,415A,GMO TECHﾎｰﾙﾃﾞｨﾝｸﾞｽ,GMOテック,skip,duplicate,high,kabutan,1
2026-04-01,415A,GMO TECHﾎｰﾙﾃﾞｨﾝｸﾞｽ,GMOTE-HD,add,new_candidate,medium,tdnet,3
2026-04-01,415A,GMO TECHﾎｰﾙﾃﾞｨﾝｸﾞｽ,GMO TECH,add,new_candidate,medium,reuters,1
2026-04-01,415A,GMO TECHﾎｰﾙﾃﾞｨﾝｸﾞｽ,GMO TECH Holdings Inc,add,new_candidate,medium,reuters,1
2026-04-01,4165,プレイド,プレイド,add,exists_in_base,high,"kabutan,nikkei,tdnet",3
2026-04-01,4165,プレイド,Plaid,skip,duplicate,high,reuters,1
2026-04-01,4165,プレイド,Plaid Inc,skip,duplicate,high,reuters,1
2026-04-01,4166,かっこ,かっこ,add,exists_in_base,high,"kabutan,nikkei,tdnet",8
2026-04-01,4166,かっこ,Cacco,skip,duplicate,high,reuters,1
2026-04-01,4166,かっこ,Cacco Inc,skip,duplicate,high,reuters,1
2026-04-01,4167,ココペリ,ココペリ,add,exists_in_base,high,"kabutan,nikkei",2
2026-04-01,4167,ココペリ,Kokopelli,skip,duplicate,high,reuters,1
2026-04-01,4167,ココペリ,Kokopelli Inc,skip,duplicate,high,reuters,1
2026-04-01,4168,ヤプリ,ヤプリ,add,exists_in_base,high,"kabutan,nikkei,tdnet",3
2026-04-01,4168,ヤプリ,Yappli,skip,duplicate,high,reuters,1
2026-04-01,4168,ヤプリ,Yappli Inc,skip,duplicate,high,reuters,1
2026-04-01,4169,ENECHANGE,エネチェンジ,skip,duplicate,high,"kabutan,tdnet",4
2026-04-01,4169,ENECHANGE,ENECHANGE,skip,duplicate,high,"kabutan,nikkei,reuters",3
2026-04-01,4169,ENECHANGE,ENECHANGE Ltd,skip,duplicate,high,reuters,1
2026-04-01,416A,富士ユナイトﾎｰﾙﾃﾞｨﾝｸﾞｽ,富士ユナイトホールディングス,add,exists_in_base,high,"kabutan,nikkei",2
2026-04-01,416A,富士ユナイトﾎｰﾙﾃﾞｨﾝｸﾞｽ,富士ユナイトHD,skip,duplicate,high,tdnet,1
2026-04-01,416A,富士ユナイトﾎｰﾙﾃﾞｨﾝｸﾞｽ,Fuji United,add,new_candidate,medium,reuters,1
2026-04-01,416A,富士ユナイトﾎｰﾙﾃﾞｨﾝｸﾞｽ,Fuji United Holdings Co Ltd,add,new_candidate,medium,reuters,1
2026-04-01,416A,富士ユナイトﾎｰﾙﾃﾞｨﾝｸﾞｽ,富士ユナイト,add,new_candidate,medium,kabutan,1
2026-04-01,4170,Kaizen Platform,Kaizen Platform,skip,duplicate,high,"kabutan,nikkei,reuters",3
2026-04-01,4170,Kaizen Platform,Kaizen Platform Inc,skip,duplicate,high,reuters,1
2026-04-01,4170,Kaizen Platform,カイゼン,skip,duplicate,high,kabutan,1
2026-04-01,4171,グローバルインフォメーション,グローバルI,skip,duplicate,high,"kabutan,tdnet",3
2026-04-01,4171,グローバルインフォメーション,グローバルインフォメーション,add,exists_in_base,high,"kabutan,nikkei",2
2026-04-01,4171,グローバルインフォメーション,Global Information,skip,duplicate,high,reuters,1
2026-04-01,4171,グローバルインフォメーション,Global Information Inc,skip,duplicate,high,reuters,1
2026-04-01,4172,Hiクラテス,Hiクラテス,skip,duplicate,high,"kabutan,nikkei",2
2026-04-01,4172,Hiクラテス,Hi-Crates,skip,duplicate,high,reuters,1
2026-04-01,4172,Hiクラテス,Hi-Crates Co Ltd,skip,duplicate,high,reuters,1
2026-04-01,4174,アピリッツ,アピリッツ,add,exists_in_base,high,"kabutan,nikkei,tdnet",8
2026-04-01,4174,アピリッツ,Appirits,skip,duplicate,high,reuters,1
2026-04-01,4174,アピリッツ,Appirits Inc,skip,duplicate,high,reuters,1
2026-04-01,4175,coly,coly,skip,duplicate,high,"kabutan,nikkei,reuters,tdnet",9
2026-04-01,4175,coly,Coly Inc,skip,duplicate,high,reuters,1
2026-04-01,4175,coly,コリー,skip,duplicate,high,kabutan,1
2026-04-01,4176,ココナラ,ココナラ,add,exists_in_base,high,"kabutan,nikkei",2
2026-04-01,4176,ココナラ,coconala,skip,duplicate,high,reuters,1
2026-04-01,4176,ココナラ,coconala Inc,skip,duplicate,high,reuters,1
2026-04-01,4177,i‐plug,i-plug,skip,duplicate,high,"kabutan,nikkei,reuters,tdnet",4
2026-04-01,4177,i‐plug,I-Plug Inc,skip,duplicate,high,reuters,1
2026-04-01,4178,Sharing Innovations,Sharing Innovations,skip,duplicate,high,"kabutan,nikkei,reuters",3
2026-04-01,4178,Sharing Innovations,Sharing Innovations Inc,skip,duplicate,high,reuters,1
2026-04-01,4178,Sharing Innovations,Sイノベ,skip,duplicate,high,kabutan,1
2026-04-01,4178,Sharing Innovations,Sイノベーション,add,new_candidate,medium,tdnet,3
2026-04-01,4179,ジーネクスト,ジーネクスト,add,exists_in_base,high,"kabutan,nikkei",2
2026-04-01,4179,ジーネクスト,G-Next,skip,duplicate,high,reuters,1
2026-04-01,4179,ジーネクスト,G-Next Inc,skip,duplicate,high,reuters,1
2026-04-01,417A,ブルーゾーンﾎｰﾙﾃﾞｨﾝｸﾞｽ,ブルーゾーンホールディングス,skip,duplicate,high,"kabutan,nikkei",2
2026-04-01,417A,ブルーゾーンﾎｰﾙﾃﾞｨﾝｸﾞｽ,ブルーゾーン,skip,duplicate,high,kabutan,1
2026-04-01,417A,ブルーゾーンﾎｰﾙﾃﾞｨﾝｸﾞｽ,Blue Zones,add,new_candidate,medium,reuters,1
2026-04-01,417A,ブルーゾーンﾎｰﾙﾃﾞｨﾝｸﾞｽ,Blue Zones Holdings Co Ltd,add,new_candidate,medium,reuters,1
2026-04-01,4180,Appier Group,Appier,skip,duplicate,high,"kabutan,reuters",2
2026-04-01,4180,Appier Group,Appier Group,skip,duplicate,high,"kabutan,nikkei",2
2026-04-01,4180,Appier Group,Appier Group Inc,skip,duplicate,high,reuters,1
2026-04-01,4182,三菱瓦斯化学,三菱ガス化学,skip,duplicate,high,"kabutan,nikkei",2
2026-04-01,4182,三菱瓦斯化学,Mitsubishi Gas Chemical,skip,duplicate,high,reuters,1
2026-04-01,4182,三菱瓦斯化学,Mitsubishi Gas Chemical Co Inc,skip,duplicate,high,reuters,1
2026-04-01,4182,三菱瓦斯化学,菱ガス化,skip,duplicate,high,kabutan,1
2026-04-01,4182,三菱瓦斯化学,菱瓦斯化,skip,duplicate,high,tdnet,1
2026-04-01,4183,三井化学,三井化学,skip,duplicate,high,"kabutan,nikkei,tdnet",4
2026-04-01,4183,三井化学,Mitsui Chemicals,skip,duplicate,high,reuters,1
2026-04-01,4183,三井化学,Mitsui Chemicals Inc,skip,duplicate,high,reuters,1
2026-04-01,4186,東京応化工業,東京応化工業,add,exists_in_base,high,"kabutan,nikkei",2
2026-04-01,4186,東京応化工業,東応化,skip,duplicate,high,"kabutan,tdnet",2
2026-04-01,4186,東京応化工業,Tokyo Ohka Kogyo,skip,duplicate,high,reuters,1
2026-04-01,4186,東京応化工業,Tokyo Ohka Kogyo Co Ltd,skip,duplicate,high,reuters,1
2026-04-01,4187,大阪有機化学工業,大有機化,skip,duplicate,high,tdnet,2
2026-04-01,4187,大阪有機化学工業,大阪有機化学工業,add,exists_in_base,high,"kabutan,nikkei",2
2026-04-01,4187,大阪有機化学工業,Osaka Organic Chemical Industry,skip,duplicate,high,reuters,1
2026-04-01,4187,大阪有機化学工業,Osaka Organic Chemical Industry Ltd,skip,duplicate,high,reuters,1
2026-04-01,4187,大阪有機化学工業,大有機,skip,duplicate,high,kabutan,1
2026-04-01,4188,三菱ケミカルｸﾞﾙｰﾌﾟ,三菱ケミカルグループ,skip,duplicate,high,"kabutan,nikkei",2
2026-04-01,4188,三菱ケミカルｸﾞﾙｰﾌﾟ,Mitsubishi Chemical,skip,duplicate,high,reuters,1
2026-04-01,4188,三菱ケミカルｸﾞﾙｰﾌﾟ,Mitsubishi Chemical Group Corp,skip,duplicate,high,reuters,1
2026-04-01,4188,三菱ケミカルｸﾞﾙｰﾌﾟ,三菱ケミG,skip,duplicate,high,kabutan,1
2026-04-01,4189,KHネオケム,KHネオケム,skip,duplicate,high,"kabutan,nikkei,tdnet",3
2026-04-01,4189,KHネオケム,KH Neochem,skip,duplicate,high,reuters,1
2026-04-01,4189,KHネオケム,KH Neochem Co Ltd,skip,duplicate,high,reuters,1
2026-04-01,4192,スパイダープラス,スパイダープラス,add,exists_in_base,high,"kabutan,nikkei,tdnet",6
2026-04-01,4192,スパイダープラス,SpiderPlus &,skip,duplicate,high,reuters,1
2026-04-01,4192,スパイダープラス,SpiderPlus & Co,skip,duplicate,high,reuters,1
2026-04-01,4192,スパイダープラス,スパイダー,skip,duplicate,high,kabutan,1
2026-04-01,4193,ファブリカﾎｰﾙﾃﾞｨﾝｸﾞｽ,ファブリカホールディングス,skip,duplicate,high,"kabutan,nikkei",2
2026-04-01,4193,ファブリカﾎｰﾙﾃﾞｨﾝｸﾞｽ,Fabrica,skip,duplicate,high,reuters,1
2026-04-01,4193,ファブリカﾎｰﾙﾃﾞｨﾝｸﾞｽ,Fabrica Holdings Co Ltd,skip,duplicate,high,reuters,1
2026-04-01,4193,ファブリカﾎｰﾙﾃﾞｨﾝｸﾞｽ,ファブリカ,skip,duplicate,high,kabutan,1
2026-04-01,4193,ファブリカﾎｰﾙﾃﾞｨﾝｸﾞｽ,ファブリカHD,skip,duplicate,high,tdnet,1
2026-04-01,4194,ビジョナル,ビジョナル,add,exists_in_base,high,"kabutan,nikkei,tdnet",5
2026-04-01,4194,ビジョナル,Visional,skip,duplicate,high,reuters,1
2026-04-01,4194,ビジョナル,Visional Inc,skip,duplicate,high,reuters,1
2026-04-01,4196,ネオマーケティング,ネオマーケ,skip,duplicate,high,"kabutan,tdnet",2
2026-04-01,4196,ネオマーケティング,ネオマーケティング,add,exists_in_base,high,"kabutan,nikkei",2
2026-04-01,4196,ネオマーケティング,Neo Marketing,skip,duplicate,high,reuters,1
2026-04-01,4196,ネオマーケティング,Neo Marketing Inc,skip,duplicate,high,reuters,1
2026-04-01,4197,アスマーク,アスマーク,add,exists_in_base,high,"kabutan,nikkei",2
2026-04-01,4197,アスマーク,Asmarq,skip,duplicate,high,reuters,1
2026-04-01,4197,アスマーク,Asmarq Co Ltd,skip,duplicate,high,reuters,1
2026-04-01,4198,テンダ,テンダ,add,exists_in_base,high,"kabutan,nikkei",2
2026-04-01,4198,テンダ,Tenda,skip,duplicate,high,reuters,1
2026-04-01,4198,テンダ,Tenda Co Ltd,skip,duplicate,high,reuters,1
2026-04-01,4199,ワンダープラネット,ワンダープラネット,add,exists_in_base,high,"kabutan,nikkei",2
2026-04-01,4199,ワンダープラネット,Wonderplanet,skip,duplicate,high,reuters,1
2026-04-01,4199,ワンダープラネット,Wonderplanet Inc,skip,duplicate,high,reuters,1
2026-04-01,4199,ワンダープラネット,ワンプラ,skip,duplicate,high,kabutan,1
2026-04-01,4202,ダイセル,ダイセル,skip,duplicate,high,"kabutan,nikkei,tdnet",4
2026-04-01,4202,ダイセル,Daicel,skip,duplicate,high,reuters,1
2026-04-01,4202,ダイセル,Daicel Corp,skip,duplicate,high,reuters,1
2026-04-01,4203,住友ベークライト,住友ベーク,skip,duplicate,high,tdnet,4
2026-04-01,4203,住友ベークライト,住友ベークライト,add,exists_in_base,high,"kabutan,nikkei",2
2026-04-01,4203,住友ベークライト,Sumitomo Bakelite,skip,duplicate,high,reuters,1
2026-04-01,4203,住友ベークライト,Sumitomo Bakelite Co Ltd,skip,duplicate,high,reuters,1
2026-04-01,4203,住友ベークライト,住友ベ,skip,duplicate,high,kabutan,1
2026-04-01,4204,積水化学工業,積水化学工業,add,exists_in_base,high,"kabutan,nikkei",2
2026-04-01,4204,積水化学工業,Sekisui Chemical,skip,duplicate,high,reuters,1
2026-04-01,4204,積水化学工業,Sekisui Chemical Co Ltd,skip,duplicate,high,reuters,1
2026-04-01,4204,積水化学工業,積水化,skip,duplicate,high,kabutan,1
2026-04-01,4205,日本ゼオン,日ゼオン,skip,duplicate,high,tdnet,2
2026-04-01,4205,日本ゼオン,日本ゼオン,add,exists_in_base,high,"kabutan,nikkei",2
2026-04-01,4205,日本ゼオン,Zeon,skip,duplicate,high,reuters,1
2026-04-01,4205,日本ゼオン,Zeon Corp,skip,duplicate,high,reuters,1
2026-04-01,4205,日本ゼオン,ゼオン,skip,duplicate,high,kabutan,1
2026-04-01,4206,アイカ工業,アイカ工,skip,duplicate,high,tdnet,2
2026-04-01,4206,アイカ工業,アイカ工業,add,exists_in_base,high,"kabutan,nikkei",2
2026-04-01,4206,アイカ工業,Aica Kogyo,skip,duplicate,high,reuters,1
2026-04-01,4206,アイカ工業,Aica Kogyo Co Ltd,skip,duplicate,high,reuters,1
2026-04-01,4206,アイカ工業,アイカ,skip,duplicate,high,kabutan,1
2026-04-01,4208,UBE,UBE,skip,duplicate,high,"kabutan,nikkei,reuters,tdnet",5
2026-04-01,4208,UBE,UBE Corp,skip,duplicate,high,reuters,1
2026-04-01,4212,積水樹脂,積水樹脂,skip,duplicate,high,"kabutan,nikkei,tdnet",4
2026-04-01,4212,積水樹脂,Sekisui Jushi,skip,duplicate,high,reuters,1
2026-04-01,4212,積水樹脂,Sekisui Jushi Corp,skip,duplicate,high,reuters,1
2026-04-01,4212,積水樹脂,積水樹,skip,duplicate,high,kabutan,1
2026-04-01,4216,旭有機材,旭有機材,skip,duplicate,high,"kabutan,nikkei",2
2026-04-01,4216,旭有機材,Asahi Yukizai,skip,duplicate,high,reuters,1
2026-04-01,4216,旭有機材,Asahi Yukizai Corp,skip,duplicate,high,reuters,1
2026-04-01,4218,ニチバン,ニチバン,add,exists_in_base,high,"kabutan,nikkei,tdnet",6
2026-04-01,4218,ニチバン,Nichiban,skip,duplicate,high,reuters,1
2026-04-01,4218,ニチバン,Nichiban Co Ltd,skip,duplicate,high,reuters,1
2026-04-01,421A,ムービン・ストラテジック・キャリア,ムービン,add,new_candidate,high,"kabutan,tdnet",4
2026-04-01,421A,ムービン・ストラテジック・キャリア,ムービン・ストラテジック・キャリア,add,exists_in_base,high,"kabutan,nikkei",2
2026-04-01,421A,ムービン・ストラテジック・キャリア,Movin' Strategic Career,add,new_candidate,medium,reuters,1
2026-04-01,421A,ムービン・ストラテジック・キャリア,Movin' Strategic Career Co Ltd,add,new_candidate,medium,reuters,1
2026-04-01,4220,リケンテクノス,リケンテクノス,skip,duplicate,high,"kabutan,nikkei,tdnet",3
2026-04-01,4220,リケンテクノス,Riken Technos,skip,duplicate,high,reuters,1
2026-04-01,4220,リケンテクノス,Riken Technos Corp,skip,duplicate,high,reuters,1
2026-04-01,4220,リケンテクノス,リケンテクノ,skip,duplicate,high,kabutan,1
2026-04-01,4221,大倉工業,大倉工,skip,duplicate,high,"kabutan,tdnet",4
2026-04-01,4221,大倉工業,大倉工業,add,exists_in_base,high,"kabutan,nikkei",2
2026-04-01,4221,大倉工業,Okura Industrial,skip,duplicate,high,reuters,1
2026-04-01,4221,大倉工業,Okura Industrial Co Ltd,skip,duplicate,high,reuters,1
2026-04-01,4222,児玉化学工業,児玉化,skip,duplicate,high,"kabutan,tdnet",7
2026-04-01,4222,児玉化学工業,児玉化学工業,add,exists_in_base,high,"kabutan,nikkei",2
2026-04-01,4222,児玉化学工業,Kodama Chemical Industry,skip,duplicate,high,reuters,1
2026-04-01,4222,児玉化学工業,Kodama Chemical Industry Co Ltd,skip,duplicate,high,reuters,1
2026-04-01,4224,ロンシール工業,ロンシール工業,add,exists_in_base,high,"kabutan,nikkei",2
2026-04-01,4224,ロンシール工業,Lonseal,skip,duplicate,high,reuters,1
2026-04-01,4224,ロンシール工業,Lonseal Corp,skip,duplicate,high,reuters,1
2026-04-01,4224,ロンシール工業,ロンシール,add,new_candidate,medium,kabutan,1
2026-04-01,4228,積水化成品工業,積水化成品工業,add,exists_in_base,high,"kabutan,nikkei",2
2026-04-01,4228,積水化成品工業,Sekisui Kasei,skip,duplicate,high,reuters,1
2026-04-01,4228,積水化成品工業,Sekisui Kasei Co Ltd,skip,duplicate,high,reuters,1
2026-04-01,4228,積水化成品工業,積化成,skip,duplicate,high,kabutan,1
2026-04-01,4229,群栄化学工業,群栄化学工業,add,exists_in_base,high,"kabutan,nikkei",2
2026-04-01,4229,群栄化学工業,Gun Ei Chemical Industry,skip,duplicate,high,reuters,1
2026-04-01,4229,群栄化学工業,Gun Ei Chemical Industry Co Ltd,skip,duplicate,high,reuters,1
2026-04-01,4229,群栄化学工業,群栄化,skip,duplicate,high,kabutan,1
2026-04-01,4231,タイガースポリマー,タイガーポリ,skip,duplicate,high,tdnet,4
2026-04-01,4231,タイガースポリマー,タイガースポリマー,add,exists_in_base,high,"kabutan,nikkei",2
2026-04-01,4231,タイガースポリマー,Tigers Polymer,skip,duplicate,high,reuters,1
2026-04-01,4231,タイガースポリマー,Tigers Polymer Corp,skip,duplicate,high,reuters,1
2026-04-01,4231,タイガースポリマー,タイガポリ,skip,duplicate,high,kabutan,1
2026-04-01,4234,サンエー化研,サンエー化研,skip,duplicate,high,"kabutan,nikkei,tdnet",3
2026-04-01,4234,サンエー化研,Sun A. Kaken,skip,duplicate,high,reuters,1
2026-04-01,4234,サンエー化研,Sun A. Kaken Co Ltd,skip,duplicate,high,reuters,1
2026-04-01,4235,ウルトラファブリックス・ﾎｰﾙﾃﾞｨﾝｸﾞｽ,ウルトラファブリックス・ホールディングス,skip,duplicate,high,"kabutan,nikkei",2
2026-04-01,4235,ウルトラファブリックス・ﾎｰﾙﾃﾞｨﾝｸﾞｽ,UFHD,skip,duplicate,high,kabutan,1
2026-04-01,4235,ウルトラファブリックス・ﾎｰﾙﾃﾞｨﾝｸﾞｽ,Ultrafabrics,skip,duplicate,high,reuters,1
2026-04-01,4235,ウルトラファブリックス・ﾎｰﾙﾃﾞｨﾝｸﾞｽ,Ultrafabrics Holdings Co Ltd,skip,duplicate,high,reuters,1
2026-04-01,4237,フジプレアム,フジプレアム,skip,duplicate,high,"kabutan,nikkei,tdnet",3
2026-04-01,4237,フジプレアム,Fujipream,skip,duplicate,high,reuters,1
2026-04-01,4237,フジプレアム,Fujipream Corp,skip,duplicate,high,reuters,1
2026-04-01,4238,ミライアル,ミライアル,add,exists_in_base,high,"kabutan,nikkei,tdnet",8
2026-04-01,4238,ミライアル,Miraial,skip,duplicate,high,reuters,1
2026-04-01,4238,ミライアル,Miraial Co Ltd,skip,duplicate,high,reuters,1
2026-04-01,423A,ライオン事務器,ライオン事務器,skip,duplicate,high,"kabutan,nikkei,tdnet",3
2026-04-01,423A,ライオン事務器,ライオン事務,skip,duplicate,high,kabutan,1
2026-04-01,423A,ライオン事務器,Lion Office Products,add,new_candidate,medium,reuters,1
2026-04-01,423A,ライオン事務器,Lion Office Products Corp,add,new_candidate,medium,reuters,1
2026-04-01,4240,クラスターテクノロジー,クラスターテクノロジー,add,exists_in_base,high,"kabutan,nikkei",2
2026-04-01,4240,クラスターテクノロジー,Cluster Technology,skip,duplicate,high,reuters,1
2026-04-01,4240,クラスターテクノロジー,Cluster Technology Co Ltd,skip,duplicate,high,reuters,1
2026-04-01,4240,クラスターテクノロジー,クラスター,skip,duplicate,high,kabutan,1
2026-04-01,4241,アテクト,アテクト,skip,duplicate,high,"kabutan,nikkei",2
2026-04-01,4241,アテクト,Atect,skip,duplicate,high,reuters,1
2026-04-01,4241,アテクト,Atect Corp,skip,duplicate,high,reuters,1
2026-04-01,4242,タカギセイコー,タカギセイコー,add,exists_in_base,high,"kabutan,nikkei",2
2026-04-01,4242,タカギセイコー,Takagi Seiko,skip,duplicate,high,reuters,1
2026-04-01,4242,タカギセイコー,Takagi Seiko Corp,skip,duplicate,high,reuters,1
2026-04-01,4242,タカギセイコー,タカギセイコ,skip,duplicate,high,kabutan,1
2026-04-01,4243,ニックス,ニックス,skip,duplicate,high,"kabutan,nikkei",2
2026-04-01,4243,ニックス,Nix,skip,duplicate,high,reuters,1
2026-04-01,4243,ニックス,Nix Inc,skip,duplicate,high,reuters,1
2026-04-01,4245,ダイキアクシス,ダイキアクシス,skip,duplicate,high,"kabutan,nikkei,tdnet",4
2026-04-01,4245,ダイキアクシス,Daiki Axis,skip,duplicate,high,reuters,1
2026-04-01,4245,ダイキアクシス,Daiki Axis Co Ltd,skip,duplicate,high,reuters,1
2026-04-01,4245,ダイキアクシス,D・アクシス,skip,duplicate,high,kabutan,1
2026-04-01,4246,ダイキョーニシカワ,DNC,skip,duplicate,high,"kabutan,tdnet",2
2026-04-01,4246,ダイキョーニシカワ,ダイキョーニシカワ,add,exists_in_base,high,"kabutan,nikkei",2
2026-04-01,4246,ダイキョーニシカワ,DaikyoNishikawa,skip,duplicate,high,reuters,1
2026-04-01,4246,ダイキョーニシカワ,DaikyoNishikawa Corp,skip,duplicate,high,reuters,1
2026-04-01,4247,ポバール興業,ポバール興業,add,exists_in_base,high,"kabutan,nikkei",2
2026-04-01,4247,ポバール興業,Poval Kogyo,skip,duplicate,high,reuters,1
2026-04-01,4247,ポバール興業,Poval Kogyo Co Ltd,skip,duplicate,high,reuters,1
2026-04-01,4248,竹本容器,竹本容器,skip,duplicate,high,"kabutan,nikkei,tdnet",6
2026-04-01,4248,竹本容器,Takemoto Yohki,skip,duplicate,high,reuters,1
2026-04-01,4248,竹本容器,Takemoto Yohki Co Ltd,skip,duplicate,high,reuters,1
2026-04-01,4249,森六,森六,add,exists_in_base,high,"kabutan,nikkei,tdnet",5
2026-04-01,4249,森六,Moriroku,skip,duplicate,high,reuters,1
2026-04-01,4249,森六,Moriroku Co Ltd,skip,duplicate,high,reuters,1
2026-04-01,4251,恵和,恵和,add,exists_in_base,high,"kabutan,nikkei,tdnet",3
2026-04-01,4251,恵和,Keiwa,skip,duplicate,high,reuters,1
2026-04-01,4251,恵和,Keiwa Inc,skip,duplicate,high,reuters,1
2026-04-01,4255,THECOO,THECOO,skip,duplicate,high,"kabutan,nikkei,reuters,tdnet",5
2026-04-01,4255,THECOO,Thecoo Inc,skip,duplicate,high,reuters,1
2026-04-01,4256,サインド,サインド,add,exists_in_base,high,"kabutan,nikkei,tdnet",3
2026-04-01,4256,サインド,CYND,skip,duplicate,high,reuters,1
2026-04-01,4256,サインド,CYND Co Ltd,skip,duplicate,high,reuters,1
2026-04-01,4258,網屋,網屋,add,exists_in_base,high,"kabutan,nikkei,tdnet",4
2026-04-01,4258,網屋,Amiya,skip,duplicate,high,reuters,1
2026-04-01,4258,網屋,Amiya Corp,skip,duplicate,high,reuters,1
2026-04-01,4259,エクサウィザーズ,エクサウィザーズ,add,exists_in_base,high,"kabutan,nikkei,tdnet",6
2026-04-01,4259,エクサウィザーズ,ExaWizards,skip,duplicate,high,reuters,1
2026-04-01,4259,エクサウィザーズ,ExaWizards Inc,skip,duplicate,high,reuters,1
2026-04-01,4259,エクサウィザーズ,エクサWiz,skip,duplicate,high,kabutan,1
2026-04-01,4260,ハイブリッドテクノロジーズ,ハイブリッドテクノロジーズ,add,exists_in_base,high,"kabutan,nikkei",2
2026-04-01,4260,ハイブリッドテクノロジーズ,Hybrid Technologies,skip,duplicate,high,reuters,1
2026-04-01,4260,ハイブリッドテクノロジーズ,Hybrid Technologies Co Ltd,skip,duplicate,high,reuters,1
2026-04-01,4260,ハイブリッドテクノロジーズ,ハイブリッド,add,new_candidate,medium,kabutan,1
2026-04-01,4260,ハイブリッドテクノロジーズ,ハイブリッドテク,add,new_candidate,medium,tdnet,1
2026-04-01,4261,アジアクエスト,アジアクエスト,add,exists_in_base,high,"kabutan,nikkei,tdnet",6
2026-04-01,4261,アジアクエスト,AsiaQuest,skip,duplicate,high,reuters,1
2026-04-01,4261,アジアクエスト,AsiaQuest Co Ltd,skip,duplicate,high,reuters,1
2026-04-01,4261,アジアクエスト,アジアQ,skip,duplicate,high,kabutan,1
2026-04-01,4262,ニフティライフスタイル,ニフティライフスタイル,add,exists_in_base,high,"kabutan,nikkei",2
2026-04-01,4262,ニフティライフスタイル,NIFTY Lifestyle,skip,duplicate,high,reuters,1
2026-04-01,4262,ニフティライフスタイル,NIFTY Lifestyle Co Ltd,skip,duplicate,high,reuters,1
2026-04-01,4262,ニフティライフスタイル,ニフティライフ,add,new_candidate,medium,tdnet,2
2026-04-01,4262,ニフティライフスタイル,ニフティLS,add,new_candidate,medium,kabutan,1
2026-04-01,4263,サスメド,サスメド,add,exists_in_base,high,"kabutan,nikkei,tdnet",3
2026-04-01,4263,サスメド,Susmed,skip,duplicate,high,reuters,1
2026-04-01,4263,サスメド,Susmed Inc,skip,duplicate,high,reuters,1
2026-04-01,4264,セキュア,セキュア,add,exists_in_base,high,"kabutan,nikkei,tdnet",6
2026-04-01,4264,セキュア,SECURE,skip,duplicate,high,reuters,1
2026-04-01,4264,セキュア,SECURE Inc,skip,duplicate,high,reuters,1
2026-04-01,4265,Institution for a Global Society,Institution for a Global Society,skip,duplicate,high,"kabutan,nikkei,reuters",3
2026-04-01,4265,Institution for a Global Society,IGS,skip,duplicate,high,kabutan,1
2026-04-01,4265,Institution for a Global Society,Institution For A Global Society Corp,skip,duplicate,high,reuters,1
2026-04-01,4270,BeeX,BeeX,skip,duplicate,high,"kabutan,nikkei,reuters,tdnet",4
2026-04-01,4270,BeeX,BeeX Inc,skip,duplicate,high,reuters,1
2026-04-01,4272,日本化薬,日化薬,skip,duplicate,high,"kabutan,tdnet",4
2026-04-01,4272,日本化薬,日本化薬,add,exists_in_base,high,"kabutan,nikkei",2
2026-04-01,4272,日本化薬,Nippon Kayaku,skip,duplicate,high,reuters,1
2026-04-01,4272,日本化薬,Nippon Kayaku Co Ltd,skip,duplicate,high,reuters,1
2026-04-01,4274,細谷火工,細谷火工,skip,duplicate,high,"kabutan,nikkei,tdnet",3
2026-04-01,4274,細谷火工,Hosoya Pyro-Engineering,skip,duplicate,high,reuters,1
2026-04-01,4274,細谷火工,Hosoya Pyro-Engineering Co Ltd,skip,duplicate,high,reuters,1
2026-04-01,4274,細谷火工,細火工,skip,duplicate,high,kabutan,1
2026-04-01,4275,カーリット,カーリット,skip,duplicate,high,"kabutan,nikkei,tdnet",4
2026-04-01,4275,カーリット,Carlit,skip,duplicate,high,reuters,1
2026-04-01,4275,カーリット,Carlit Co Ltd,skip,duplicate,high,reuters,1
2026-04-01,4284,ソルクシーズ,ソルクシーズ,skip,duplicate,high,"kabutan,nikkei",2
2026-04-01,4284,ソルクシーズ,Solxyz,skip,duplicate,high,reuters,1
2026-04-01,4284,ソルクシーズ,Solxyz Co Ltd,skip,duplicate,high,reuters,1
2026-04-01,4286,CLﾎｰﾙﾃﾞｨﾝｸﾞｽ,CLホールディングス,skip,duplicate,high,"kabutan,nikkei,tdnet",4
2026-04-01,4286,CLﾎｰﾙﾃﾞｨﾝｸﾞｽ,CL Holdings Inc,skip,duplicate,high,reuters,1
2026-04-01,4286,CLﾎｰﾙﾃﾞｨﾝｸﾞｽ,CLHD,skip,duplicate,high,kabutan,1
2026-04-01,4287,ジャストプランニング,ジャストプラ,skip,duplicate,high,"kabutan,tdnet",8
2026-04-01,4287,ジャストプランニング,ジャストプランニング,add,exists_in_base,high,"kabutan,nikkei",2
2026-04-01,4287,ジャストプランニング,Justplanning,skip,duplicate,high,reuters,1
2026-04-01,4287,ジャストプランニング,Justplanning Inc,skip,duplicate,high,reuters,1
2026-04-01,4288,アズジェント,アズジェント,add,exists_in_base,high,"kabutan,nikkei,tdnet",3
2026-04-01,4288,アズジェント,Asgent,skip,duplicate,high,reuters,1
2026-04-01,4288,アズジェント,Asgent Inc,skip,duplicate,high,reuters,1
2026-04-01,428A,サイプレス・ﾎｰﾙﾃﾞｨﾝｸﾞｽ,サイプレス・ホールディングス,skip,duplicate,high,"kabutan,nikkei",2
2026-04-01,428A,サイプレス・ﾎｰﾙﾃﾞｨﾝｸﾞｽ,サイプレス,skip,duplicate,high,kabutan,1
2026-04-01,428A,サイプレス・ﾎｰﾙﾃﾞｨﾝｸﾞｽ,サイプレスHD,skip,duplicate,high,tdnet,1
2026-04-01,428A,サイプレス・ﾎｰﾙﾃﾞｨﾝｸﾞｽ,Cypress,add,new_candidate,medium,reuters,1
2026-04-01,428A,サイプレス・ﾎｰﾙﾃﾞｨﾝｸﾞｽ,Cypress Holdings Co Ltd,add,new_candidate,medium,reuters,1
2026-04-01,4290,プレステージ・ｲﾝﾀｰﾅｼｮﾅﾙ,プレステージ・インターナショナル,skip,duplicate,high,"kabutan,nikkei",2
2026-04-01,4290,プレステージ・ｲﾝﾀｰﾅｼｮﾅﾙ,Prestige International,skip,duplicate,high,reuters,1
2026-04-01,4290,プレステージ・ｲﾝﾀｰﾅｼｮﾅﾙ,Prestige International Inc,skip,duplicate,high,reuters,1
2026-04-01,4293,セプテーニ・ﾎｰﾙﾃﾞｨﾝｸﾞｽ,セプテーニHD,skip,duplicate,high,tdnet,5
2026-04-01,4293,セプテーニ・ﾎｰﾙﾃﾞｨﾝｸﾞｽ,セプテーニ・ホールディングス,skip,duplicate,high,"kabutan,nikkei",2
2026-04-01,4293,セプテーニ・ﾎｰﾙﾃﾞｨﾝｸﾞｽ,Septeni,skip,duplicate,high,reuters,1
2026-04-01,4293,セプテーニ・ﾎｰﾙﾃﾞｨﾝｸﾞｽ,Septeni Holdings Co Ltd,skip,duplicate,high,reuters,1
2026-04-01,4293,セプテーニ・ﾎｰﾙﾃﾞｨﾝｸﾞｽ,セプテニHD,skip,duplicate,high,kabutan,1
2026-04-01,4299,ハイマックス,ハイマックス,skip,duplicate,high,"kabutan,nikkei,tdnet",5
2026-04-01,4299,ハイマックス,Himacs,skip,duplicate,high,reuters,1
2026-04-01,4299,ハイマックス,Himacs Ltd,skip,duplicate,high,reuters,1
2026-04-01,429A,テクセンドフォトマスク,テクセンド,skip,duplicate,high,"kabutan,tdnet",2
2026-04-01,429A,テクセンドフォトマスク,テクセンドフォトマスク,add,exists_in_base,high,"kabutan,nikkei",2
2026-04-01,429A,テクセンドフォトマスク,Tekscend Photomask,add,new_candidate,medium,reuters,1
2026-04-01,429A,テクセンドフォトマスク,Tekscend Photomask Corp,add,new_candidate,medium,reuters,1
2026-04-01,4301,アミューズ,アミューズ,add,exists_in_base,high,"kabutan,nikkei,tdnet",3
2026-04-01,4301,アミューズ,Amuse,skip,duplicate,high,reuters,1
2026-04-01,4301,アミューズ,Amuse Inc,skip,duplicate,high,reuters,1
2026-04-01,4307,野村総合研究所,NRI,skip,duplicate,high,tdnet,2
2026-04-01,4307,野村総合研究所,野村総合研究所,add,exists_in_base,high,"kabutan,nikkei",2
2026-04-01,4307,野村総合研究所,Nomura Research Institute,skip,duplicate,high,reuters,1
2026-04-01,4307,野村総合研究所,Nomura Research Institute Ltd,skip,duplicate,high,reuters,1
2026-04-01,4307,野村総合研究所,野村総研,skip,duplicate,high,kabutan,1
2026-04-01,4308,Jストリーム,Jストリーム,skip,duplicate,high,"kabutan,nikkei",2
2026-04-01,4308,Jストリーム,J-Stream,skip,duplicate,high,reuters,1
2026-04-01,4308,Jストリーム,J-Stream Inc,skip,duplicate,high,reuters,1
2026-04-01,4310,ドリームインキュベータ,ドリームインキュベータ,add,exists_in_base,high,"kabutan,nikkei",2
2026-04-01,4310,ドリームインキュベータ,Dream Incubator,skip,duplicate,high,reuters,1
2026-04-01,4310,ドリームインキュベータ,Dream Incubator Inc,skip,duplicate,high,reuters,1
2026-04-01,4310,ドリームインキュベータ,ドリームI,skip,duplicate,high,kabutan,1
2026-04-01,4316,ビーマップ,ビーマップ,add,exists_in_base,high,"kabutan,nikkei,tdnet",4
2026-04-01,4316,ビーマップ,Bemap,skip,duplicate,high,reuters,1
2026-04-01,4316,ビーマップ,Bemap Inc,skip,duplicate,high,reuters,1
2026-04-01,4317,レイ,レイ,skip,duplicate,high,"kabutan,nikkei,tdnet",3
2026-04-01,4317,レイ,Ray,skip,duplicate,high,reuters,1
2026-04-01,4317,レイ,Ray Corp,skip,duplicate,high,reuters,1
2026-04-01,4318,クイック,クイック,skip,duplicate,high,"kabutan,nikkei,tdnet",3
2026-04-01,4318,クイック,Quick,skip,duplicate,high,reuters,1
2026-04-01,4318,クイック,Quick Co Ltd,skip,duplicate,high,reuters,1
2026-04-01,431A,ユーソナー,ユーソナー,add,exists_in_base,high,"kabutan,nikkei,tdnet",3
2026-04-01,431A,ユーソナー,uSonar,add,new_candidate,medium,reuters,1
2026-04-01,431A,ユーソナー,uSonar Co Ltd,add,new_candidate,medium,reuters,1
2026-04-01,4320,CEﾎｰﾙﾃﾞｨﾝｸﾞｽ,CEHD,skip,duplicate,high,"kabutan,tdnet",2
2026-04-01,4320,CEﾎｰﾙﾃﾞｨﾝｸﾞｽ,CEホールディングス,skip,duplicate,high,"kabutan,nikkei",2
2026-04-01,4320,CEﾎｰﾙﾃﾞｨﾝｸﾞｽ,CE Holdings Co Ltd,skip,duplicate,high,reuters,1
2026-04-01,4323,日本システム技術,日本システム技術,skip,duplicate,high,"kabutan,nikkei,tdnet",6
2026-04-01,4323,日本システム技術,Japan System Techniques,skip,duplicate,high,reuters,1
2026-04-01,4323,日本システム技術,Japan System Techniques Co Ltd,skip,duplicate,high,reuters,1
2026-04-01,4323,日本システム技術,日シス技術,skip,duplicate,high,kabutan,1
2026-04-01,4324,電通ｸﾞﾙｰﾌﾟ,電通グループ,skip,duplicate,high,"kabutan,nikkei",2
2026-04-01,4324,電通ｸﾞﾙｰﾌﾟ,Dentsu,skip,duplicate,high,reuters,1
2026-04-01,4324,電通ｸﾞﾙｰﾌﾟ,Dentsu Group Inc,skip,duplicate,high,reuters,1
2026-04-01,4326,インテージﾎｰﾙﾃﾞｨﾝｸﾞｽ,インテージホールディングス,skip,duplicate,high,"kabutan,nikkei",2
2026-04-01,4326,インテージﾎｰﾙﾃﾞｨﾝｸﾞｽ,Intage,skip,duplicate,high,reuters,1
2026-04-01,4326,インテージﾎｰﾙﾃﾞｨﾝｸﾞｽ,Intage Holdings Inc,skip,duplicate,high,reuters,1
2026-04-01,4326,インテージﾎｰﾙﾃﾞｨﾝｸﾞｽ,インテージH,skip,duplicate,high,kabutan,1
2026-04-01,4331,テイクアンドギヴ・ニーズ,T&Gニーズ,skip,duplicate,high,"kabutan,tdnet",5
2026-04-01,4331,テイクアンドギヴ・ニーズ,テイクアンドギヴ・ニーズ,add,exists_in_base,high,"kabutan,nikkei",2
2026-04-01,4331,テイクアンドギヴ・ニーズ,Take And Give Needs,skip,duplicate,high,reuters,1
2026-04-01,4331,テイクアンドギヴ・ニーズ,Take And Give Needs Co Ltd,skip,duplicate,high,reuters,1
2026-04-01,4333,東邦システムサイエンス,東邦システム,skip,duplicate,high,"kabutan,tdnet",5
2026-04-01,4333,東邦システムサイエンス,東邦システムサイエンス,add,exists_in_base,high,kabutan,1
2026-04-01,4333,東邦システムサイエンス,4333.T,add,new_candidate,medium,reuters,1
2026-04-01,4334,ユークス,ユークス,add,exists_in_base,high,"kabutan,nikkei,tdnet",4
2026-04-01,4334,ユークス,Yuke's,skip,duplicate,high,reuters,1
2026-04-01,4334,ユークス,Yuke's Co Ltd,skip,duplicate,high,reuters,1
2026-04-01,4335,IPSﾎｰﾙﾃﾞｨﾝｸﾞｽ,IPSホールディングス,skip,duplicate,high,"kabutan,nikkei",2
2026-04-01,4335,IPSﾎｰﾙﾃﾞｨﾝｸﾞｽ,IPS,skip,duplicate,high,reuters,1
2026-04-01,4335,IPSﾎｰﾙﾃﾞｨﾝｸﾞｽ,IPS Holdings Co Ltd,skip,duplicate,high,reuters,1
2026-04-01,4335,IPSﾎｰﾙﾃﾞｨﾝｸﾞｽ,IPSHD,skip,duplicate,high,kabutan,1
2026-04-01,4337,ぴあ,ぴあ,add,exists_in_base,high,"kabutan,nikkei",2
2026-04-01,4337,ぴあ,Pia,skip,duplicate,high,reuters,1
2026-04-01,4337,ぴあ,Pia Corp,skip,duplicate,high,reuters,1
2026-04-01,4341,西菱電機,西菱電機,skip,duplicate,high,"kabutan,nikkei,tdnet",4
2026-04-01,4341,西菱電機,Seiryo Electric,skip,duplicate,high,reuters,1
2026-04-01,4341,西菱電機,Seiryo Electric Corp,skip,duplicate,high,reuters,1
2026-04-01,4343,イオンファンタジー,イオンファン,skip,duplicate,high,"kabutan,tdnet",2
2026-04-01,4343,イオンファンタジー,イオンファンタジー,add,exists_in_base,high,"kabutan,nikkei",2
2026-04-01,4343,イオンファンタジー,Aeon Fantasy,skip,duplicate,high,reuters,1
2026-04-01,4343,イオンファンタジー,Aeon Fantasy Co Ltd,skip,duplicate,high,reuters,1
2026-04-01,4344,ソースネクスト,ソースネクスト,skip,duplicate,high,"kabutan,nikkei,tdnet",5
2026-04-01,4344,ソースネクスト,Sourcenext,skip,duplicate,high,reuters,1
2026-04-01,4344,ソースネクスト,Sourcenext Corp,skip,duplicate,high,reuters,1
2026-04-01,4344,ソースネクスト,ソースネクス,skip,duplicate,high,kabutan,1
2026-04-01,4345,シーティーエス,CTS,skip,duplicate,high,"kabutan,reuters",2
2026-04-01,4345,シーティーエス,シーティーエス,skip,duplicate,high,"kabutan,nikkei",2
2026-04-01,4345,シーティーエス,CTS Co Ltd,skip,duplicate,high,reuters,1
2026-04-01,4346,NEXYZ．Group,NEXYZ.Group,skip,duplicate,high,"kabutan,nikkei",2
2026-04-01,4346,NEXYZ．Group,NEXYZ.,skip,duplicate,high,kabutan,1
2026-04-01,4346,NEXYZ．Group,NEXYZ.Group Corp,skip,duplicate,high,reuters,1
2026-04-01,4347,ブロードメディア,ブロードメディア,skip,duplicate,high,"kabutan,nikkei,tdnet",4
2026-04-01,4347,ブロードメディア,Broadmedia,skip,duplicate,high,reuters,1
2026-04-01,4347,ブロードメディア,Broadmedia Corp,skip,duplicate,high,reuters,1
2026-04-01,4347,ブロードメディア,ブロメディア,skip,duplicate,high,kabutan,1
2026-04-01,4350,メディカルシステムネットワーク,メディカルシステムネットワーク,add,exists_in_base,high,"kabutan,nikkei",2
2026-04-01,4350,メディカルシステムネットワーク,Medical System Network,skip,duplicate,high,reuters,1
2026-04-01,4350,メディカルシステムネットワーク,Medical System Network Co Ltd,skip,duplicate,high,reuters,1
2026-04-01,4350,メディカルシステムネットワーク,メディシス,skip,duplicate,high,kabutan,1
2026-04-01,4351,山田再生系債権回収総合事務所,山田債権,skip,duplicate,high,"kabutan,tdnet",2
2026-04-01,4351,山田再生系債権回収総合事務所,山田再生系債権回収総合事務所,add,exists_in_base,high,"kabutan,nikkei",2
2026-04-01,4351,山田再生系債権回収総合事務所,Yamada Servicer Synthetic Office,skip,duplicate,high,reuters,1
2026-04-01,4356,応用技術,応用技術,skip,duplicate,high,"kabutan,nikkei",2
2026-04-01,4356,応用技術,Applied Technology,skip,duplicate,high,reuters,1
2026-04-01,4356,応用技術,Applied Technology Co Ltd,skip,duplicate,high,reuters,1
2026-04-01,4360,マナック・ケミカル・パートナーズ,マナック・ケミカル・パートナーズ,add,exists_in_base,high,"kabutan,nikkei",2
2026-04-01,4360,マナック・ケミカル・パートナーズ,MANAC Chemical Partners,skip,duplicate,high,reuters,1
2026-04-01,4360,マナック・ケミカル・パートナーズ,MANAC Chemical Partners Co Ltd,skip,duplicate,high,reuters,1
2026-04-01,4360,マナック・ケミカル・パートナーズ,MCPs,skip,duplicate,high,kabutan,1
2026-04-01,4360,マナック・ケミカル・パートナーズ,マナック・ケミカルP,skip,duplicate,high,tdnet,1
2026-04-01,4361,川口化学工業,川口化学工業,add,exists_in_base,high,"kabutan,nikkei",2
2026-04-01,4361,川口化学工業,Kawaguchi Chemical Industry,skip,duplicate,high,reuters,1
2026-04-01,4361,川口化学工業,Kawaguchi Chemical Industry Co Ltd,skip,duplicate,high,reuters,1
2026-04-01,4361,川口化学工業,川口化,skip,duplicate,high,kabutan,1
2026-04-01,4362,日本精化,日本精化,skip,duplicate,high,"kabutan,nikkei,tdnet",3
2026-04-01,4362,日本精化,Nippon Fine Chemical,skip,duplicate,high,reuters,1
2026-04-01,4362,日本精化,Nippon Fine Chemical Co Ltd,skip,duplicate,high,reuters,1
2026-04-01,4362,日本精化,日精化,skip,duplicate,high,kabutan,1
2026-04-01,4365,松本油脂製薬,松本油脂製薬,add,exists_in_base,high,"kabutan,nikkei",2
2026-04-01,4365,松本油脂製薬,Matsumoto Yushi-Seiyaku,skip,duplicate,high,reuters,1
2026-04-01,4365,松本油脂製薬,Matsumoto Yushi-Seiyaku Co Ltd,skip,duplicate,high,reuters,1
2026-04-01,4365,松本油脂製薬,松本油脂,skip,duplicate,high,kabutan,1
2026-04-01,4366,ダイトーケミックス,ダイトーケミックス,skip,duplicate,high,"kabutan,nikkei,tdnet",4
2026-04-01,4366,ダイトーケミックス,Daito Chemix,skip,duplicate,high,reuters,1
2026-04-01,4366,ダイトーケミックス,Daito Chemix Corp,skip,duplicate,high,reuters,1
2026-04-01,4366,ダイトーケミックス,ダイトーケミ,skip,duplicate,high,kabutan,1
2026-04-01,4367,広栄化学,広栄化学,skip,duplicate,high,"kabutan,nikkei,tdnet",4
2026-04-01,4367,広栄化学,Koei Chemical,skip,duplicate,high,reuters,1
2026-04-01,4367,広栄化学,Koei Chemical Co Ltd,skip,duplicate,high,reuters,1
2026-04-01,4368,扶桑化学工業,扶桑化学,skip,duplicate,high,"kabutan,tdnet",3
2026-04-01,4368,扶桑化学工業,扶桑化学工業,add,exists_in_base,high,"kabutan,nikkei",2
2026-04-01,4368,扶桑化学工業,Fuso Chemical,skip,duplicate,high,reuters,1
2026-04-01,4368,扶桑化学工業,Fuso Chemical Co Ltd,skip,duplicate,high,reuters,1
2026-04-01,4369,トリケミカル研究所,トリケミカル,skip,duplicate,high,"kabutan,tdnet",5
2026-04-01,4369,トリケミカル研究所,トリケミカル研究所,add,exists_in_base,high,"kabutan,nikkei",2
2026-04-01,4369,トリケミカル研究所,Tri Chemical Laboratories,skip,duplicate,high,reuters,1
2026-04-01,4369,トリケミカル研究所,Tri Chemical Laboratories Inc,skip,duplicate,high,reuters,1
2026-04-01,436A,サイバーソリューションズ,サイバーソリューションズ,add,exists_in_base,high,"kabutan,nikkei",2
2026-04-01,436A,サイバーソリューションズ,サイバSOL,skip,duplicate,high,kabutan,1
2026-04-01,436A,サイバーソリューションズ,サイバーSOL,add,new_candidate,medium,tdnet,2
2026-04-01,436A,サイバーソリューションズ,CyberSolutions,add,new_candidate,medium,reuters,1
2026-04-01,436A,サイバーソリューションズ,CyberSolutions Inc,add,new_candidate,medium,reuters,1
2026-04-01,4370,モビルス,モビルス,add,exists_in_base,high,"kabutan,nikkei,tdnet",3
2026-04-01,4370,モビルス,Mobilus,skip,duplicate,high,reuters,1
2026-04-01,4370,モビルス,Mobilus Corp,skip,duplicate,high,reuters,1
2026-04-01,4371,コアコンセプト・テクノロジー,CCT,skip,duplicate,high,"kabutan,tdnet",2
2026-04-01,4371,コアコンセプト・テクノロジー,コアコンセプト・テクノロジー,add,exists_in_base,high,"kabutan,nikkei",2
2026-04-01,4371,コアコンセプト・テクノロジー,Core Concept Technologies,skip,duplicate,high,reuters,1
2026-04-01,4371,コアコンセプト・テクノロジー,Core Concept Technologies Inc,skip,duplicate,high,reuters,1
2026-04-01,4372,ユミルリンク,ユミルリンク,add,exists_in_base,high,"kabutan,nikkei,tdnet",5
2026-04-01,4372,ユミルリンク,Ymirlink,skip,duplicate,high,reuters,1
2026-04-01,4372,ユミルリンク,Ymirlink Inc,skip,duplicate,high,reuters,1
2026-04-01,4373,シンプレクス・ﾎｰﾙﾃﾞｨﾝｸﾞｽ,シンプレクス・ホールディングス,skip,duplicate,high,"kabutan,nikkei",2
2026-04-01,4373,シンプレクス・ﾎｰﾙﾃﾞｨﾝｸﾞｽ,Simplex,skip,duplicate,high,reuters,1
2026-04-01,4373,シンプレクス・ﾎｰﾙﾃﾞｨﾝｸﾞｽ,Simplex Holdings Inc,skip,duplicate,high,reuters,1
2026-04-01,4373,シンプレクス・ﾎｰﾙﾃﾞｨﾝｸﾞｽ,シンプレクス,skip,duplicate,high,kabutan,1
2026-04-01,4374,ROBOT PAYMENT,ロボペイ,skip,duplicate,high,"kabutan,tdnet",11
2026-04-01,4374,ROBOT PAYMENT,ROBOT PAYMENT,skip,duplicate,high,"kabutan,nikkei,reuters",3
2026-04-01,4374,ROBOT PAYMENT,Robot Payment Inc,skip,duplicate,high,reuters,1
2026-04-01,4375,セーフィー,セーフィー,add,exists_in_base,high,"kabutan,nikkei,tdnet",5
2026-04-01,4375,セーフィー,Safie,skip,duplicate,high,reuters,1
2026-04-01,4375,セーフィー,Safie Inc,skip,duplicate,high,reuters,1
2026-04-01,4376,くふうカンパニーﾎｰﾙﾃﾞｨﾝｸﾞｽ,くふうカンパニーホールディングス,skip,duplicate,high,"kabutan,nikkei",2
2026-04-01,4376,くふうカンパニーﾎｰﾙﾃﾞｨﾝｸﾞｽ,Kufu Company,skip,duplicate,high,reuters,1
2026-04-01,4376,くふうカンパニーﾎｰﾙﾃﾞｨﾝｸﾞｽ,Kufu Company Holdings Inc,skip,duplicate,high,reuters,1
2026-04-01,4376,くふうカンパニーﾎｰﾙﾃﾞｨﾝｸﾞｽ,くふうカンパ,skip,duplicate,high,kabutan,1
2026-04-01,4377,ワンキャリア,ワンキャリア,add,exists_in_base,high,"kabutan,nikkei,tdnet",12
2026-04-01,4377,ワンキャリア,One Career,skip,duplicate,high,reuters,1
2026-04-01,4377,ワンキャリア,One Career Inc,skip,duplicate,high,reuters,1
2026-04-01,4378,CINC,CINC,skip,duplicate,high,"kabutan,nikkei,reuters,tdnet",5
2026-04-01,4378,CINC,CINC Corp,skip,duplicate,high,reuters,1
2026-04-01,4379,Photosynth,フォトシンス,skip,duplicate,high,"kabutan,tdnet",4
2026-04-01,4379,Photosynth,Photosynth,skip,duplicate,high,"kabutan,nikkei,reuters",3
2026-04-01,4379,Photosynth,Photosynth Inc,skip,duplicate,high,reuters,1
2026-04-01,4380,Mマート,Mマート,skip,duplicate,high,"kabutan,nikkei,tdnet",4
2026-04-01,4380,Mマート,M-mart,skip,duplicate,high,reuters,1
2026-04-01,4380,Mマート,M-mart Inc,skip,duplicate,high,reuters,1
2026-04-01,4381,ビープラッツ,ビープラッツ,add,exists_in_base,high,"kabutan,nikkei,tdnet",3
2026-04-01,4381,ビープラッツ,4381.T,add,new_candidate,medium,reuters,1
2026-04-01,4382,HEROZ,HEROZ,skip,duplicate,high,"kabutan,nikkei,reuters,tdnet",6
2026-04-01,4382,HEROZ,HEROZ Inc,skip,duplicate,high,reuters,1
2026-04-01,4384,ラクスル,ラクスル,skip,duplicate,high,"kabutan,nikkei,tdnet",9
2026-04-01,4384,ラクスル,Raksul,skip,duplicate,high,reuters,1
2026-04-01,4384,ラクスル,Raksul Inc,skip,duplicate,high,reuters,1
2026-04-01,4385,メルカリ,メルカリ,skip,duplicate,high,"kabutan,nikkei",2
2026-04-01,4385,メルカリ,Mercari,skip,duplicate,high,reuters,1
2026-04-01,4385,メルカリ,Mercari Inc,skip,duplicate,high,reuters,1
2026-04-01,4386,SIGｸﾞﾙｰﾌﾟ,SIGグループ,skip,duplicate,high,"kabutan,nikkei",2
2026-04-01,4386,SIGｸﾞﾙｰﾌﾟ,SIG,skip,duplicate,high,reuters,1
2026-04-01,4386,SIGｸﾞﾙｰﾌﾟ,SIG Group Co Ltd,skip,duplicate,high,reuters,1
2026-04-01,4386,SIGｸﾞﾙｰﾌﾟ,SIGG,skip,duplicate,high,kabutan,1
2026-04-01,4387,ZUU,ZUU,skip,duplicate,high,"kabutan,nikkei,reuters,tdnet",7
2026-04-01,4387,ZUU,ZUU Co Ltd,skip,duplicate,high,reuters,1
2026-04-01,4388,エーアイ,エーアイ,skip,duplicate,high,"kabutan,nikkei",2
2026-04-01,4388,エーアイ,AI Inc,skip,duplicate,high,reuters,1
2026-04-01,4389,プロパティデータバンク,プロパティデータバンク,add,exists_in_base,high,"kabutan,nikkei",2
2026-04-01,4389,プロパティデータバンク,Property Data Bank,skip,duplicate,high,reuters,1
2026-04-01,4389,プロパティデータバンク,Property Data Bank Inc,skip,duplicate,high,reuters,1
2026-04-01,4389,プロパティデータバンク,プロパテDB,skip,duplicate,high,kabutan,1
2026-04-01,4389,プロパティデータバンク,プロパティDBK,add,new_candidate,medium,tdnet,4
2026-04-01,438A,インフキュリオン,インフキュリオン,add,exists_in_base,high,"kabutan,nikkei",2
2026-04-01,438A,インフキュリオン,インフ,skip,duplicate,high,kabutan,1
2026-04-01,438A,インフキュリオン,438A.T,add,new_candidate,medium,reuters,1
2026-04-01,4390,IPS,IPS,skip,duplicate,high,"reuters,tdnet",3
2026-04-01,4390,IPS,アイ・ピー・エス,skip,duplicate,high,kabutan,2
2026-04-01,4390,IPS,IPS Inc,skip,duplicate,high,reuters,1
2026-04-01,4390,IPS,アイ・ピー・エス(アイピーエス),add,new_candidate,medium,nikkei,1
2026-04-01,4391,ロジザード,ロジザード,add,exists_in_base,high,"kabutan,nikkei",2
2026-04-01,4391,ロジザード,4391.T,add,new_candidate,medium,reuters,1
2026-04-01,4392,FIG,FIG,skip,duplicate,high,"kabutan,nikkei,tdnet",5
2026-04-01,4392,FIG,Future Innovation,skip,duplicate,high,reuters,1
2026-04-01,4392,FIG,Future Innovation Group Inc,skip,duplicate,high,reuters,1
2026-04-01,4393,バンク・オブ・イノベーション,バンク・オブ・イノベーション,add,exists_in_base,high,"kabutan,nikkei",2
2026-04-01,4393,バンク・オブ・イノベーション,Bank of Innovation,skip,duplicate,high,reuters,1
2026-04-01,4393,バンク・オブ・イノベーション,Bank of Innovation Inc,skip,duplicate,high,reuters,1
2026-04-01,4393,バンク・オブ・イノベーション,バンクオブイ,skip,duplicate,high,kabutan,1
2026-04-01,4393,バンク・オブ・イノベーション,バンクオブイノベ,add,new_candidate,medium,tdnet,1
2026-04-01,4394,エクスモーション,エクスモーション,add,exists_in_base,high,"kabutan,nikkei,tdnet",4
2026-04-01,4394,エクスモーション,eXmotion,skip,duplicate,high,reuters,1
2026-04-01,4394,エクスモーション,eXmotion Co Ltd,skip,duplicate,high,reuters,1
2026-04-01,4394,エクスモーション,エクスM,skip,duplicate,high,kabutan,1
2026-04-01,4395,アクリート,アクリート,add,exists_in_base,high,"kabutan,nikkei,tdnet",6
2026-04-01,4395,アクリート,Accrete,skip,duplicate,high,reuters,1
2026-04-01,4395,アクリート,Accrete Inc,skip,duplicate,high,reuters,1
2026-04-01,4396,システムサポートﾎｰﾙﾃﾞｨﾝｸﾞｽ,システムサポートホールディングス,skip,duplicate,high,"kabutan,nikkei",2
2026-04-01,4396,システムサポートﾎｰﾙﾃﾞｨﾝｸﾞｽ,System Support,skip,duplicate,high,reuters,1
2026-04-01,4396,システムサポートﾎｰﾙﾃﾞｨﾝｸﾞｽ,System Support Holdings Inc,skip,duplicate,high,reuters,1
2026-04-01,4396,システムサポートﾎｰﾙﾃﾞｨﾝｸﾞｽ,システムサポ,skip,duplicate,high,kabutan,1
2026-04-01,4396,システムサポートﾎｰﾙﾃﾞｨﾝｸﾞｽ,システムサポートHD,skip,duplicate,high,tdnet,1
2026-04-01,4397,チームスピリット,チームスピリット,add,exists_in_base,high,"kabutan,nikkei,tdnet",4
2026-04-01,4397,チームスピリット,TeamSpirit,skip,duplicate,high,reuters,1
2026-04-01,4397,チームスピリット,TeamSpirit Inc,skip,duplicate,high,reuters,1
2026-04-01,4397,チームスピリット,チムスピ,skip,duplicate,high,kabutan,1
2026-04-01,4398,ブロードバンドセキュリティ,BBSec,skip,duplicate,high,"kabutan,tdnet",2
2026-04-01,4398,ブロードバンドセキュリティ,ブロードバンドセキュリティ,add,exists_in_base,high,"kabutan,nikkei",2
2026-04-01,4398,ブロードバンドセキュリティ,BroadBand Security,skip,duplicate,high,reuters,1
2026-04-01,4398,ブロードバンドセキュリティ,BroadBand Security Inc,skip,duplicate,high,reuters,1
2026-04-01,4401,ADEKA,ADEKA,skip,duplicate,high,"kabutan,nikkei,reuters,tdnet",4
2026-04-01,4401,ADEKA,Adeka Corp,skip,duplicate,high,reuters,1
2026-04-01,4403,日油,日油,skip,duplicate,high,"kabutan,nikkei,tdnet",4
2026-04-01,4403,日油,NOF,skip,duplicate,high,reuters,1
2026-04-01,4403,日油,NOF Corp,skip,duplicate,high,reuters,1
2026-04-01,4404,ミヨシ油脂,ミヨシ油脂,add,exists_in_base,high,"kabutan,nikkei",2
2026-04-01,4404,ミヨシ油脂,Miyoshi Oil & Fat,skip,duplicate,high,reuters,1
2026-04-01,4404,ミヨシ油脂,Miyoshi Oil & Fat Co Ltd,skip,duplicate,high,reuters,1
2026-04-01,4404,ミヨシ油脂,ミヨシ,skip,duplicate,high,kabutan,1
2026-04-01,4406,新日本理化,新日本理化,add,exists_in_base,high,"kabutan,nikkei,tdnet",3
2026-04-01,4406,新日本理化,New Japan Chemical,skip,duplicate,high,reuters,1
2026-04-01,4406,新日本理化,New Japan Chemical Co Ltd,skip,duplicate,high,reuters,1
2026-04-01,4406,新日本理化,日理化,skip,duplicate,high,kabutan,1
2026-04-01,4409,東邦化学工業,東邦化学工業,add,exists_in_base,high,"kabutan,nikkei",2
2026-04-01,4409,東邦化学工業,Toho Chemical Industry,skip,duplicate,high,reuters,1
2026-04-01,4409,東邦化学工業,Toho Chemical Industry Co Ltd,skip,duplicate,high,reuters,1
2026-04-01,4409,東邦化学工業,東邦化,skip,duplicate,high,kabutan,1
2026-04-01,4410,ハリマ化成ｸﾞﾙｰﾌﾟ,ハリマ化成グループ,skip,duplicate,high,"kabutan,nikkei",2
2026-04-01,4410,ハリマ化成ｸﾞﾙｰﾌﾟ,Harima Chemicals,skip,duplicate,high,reuters,1
2026-04-01,4410,ハリマ化成ｸﾞﾙｰﾌﾟ,Harima Chemicals Group Inc,skip,duplicate,high,reuters,1
2026-04-01,4410,ハリマ化成ｸﾞﾙｰﾌﾟ,ハリマ化成G,skip,duplicate,high,kabutan,1
2026-04-01,4412,サイエンスアーツ,サイエンスアーツ,add,exists_in_base,high,"kabutan,nikkei",2
2026-04-01,4412,サイエンスアーツ,Science Arts,skip,duplicate,high,reuters,1
2026-04-01,4412,サイエンスアーツ,Science Arts Inc,skip,duplicate,high,reuters,1
2026-04-01,4412,サイエンスアーツ,サイエンスA,add,new_candidate,medium,kabutan,1
2026-04-01,4413,ボードルア,ボードルア,add,exists_in_base,high,"kabutan,nikkei",2
2026-04-01,4413,ボードルア,Baudroie,skip,duplicate,high,reuters,1
2026-04-01,4413,ボードルア,Baudroie Inc,skip,duplicate,high,reuters,1
2026-04-01,4414,フレクト,フレクト,add,exists_in_base,high,"kabutan,nikkei,tdnet",3
2026-04-01,4414,フレクト,Flect,skip,duplicate,high,reuters,1
2026-04-01,4414,フレクト,Flect Co Ltd,skip,duplicate,high,reuters,1
2026-04-01,4415,ブロードエンタープライズ,ブロードエンタープライズ,add,exists_in_base,high,"kabutan,nikkei",2
2026-04-01,4415,ブロードエンタープライズ,Broad Enterprise,skip,duplicate,high,reuters,1
2026-04-01,4415,ブロードエンタープライズ,Broad Enterprise Co Ltd,skip,duplicate,high,reuters,1
2026-04-01,4415,ブロードエンタープライズ,ブロードE,skip,duplicate,high,kabutan,1
2026-04-01,4415,ブロードエンタープライズ,ブロードエンター,add,new_candidate,medium,tdnet,4
2026-04-01,4416,True Data,True Data,skip,duplicate,high,"kabutan,nikkei,reuters",3
2026-04-01,4416,True Data,True Data Inc,skip,duplicate,high,reuters,1
2026-04-01,4416,True Data,トゥルーD,skip,duplicate,high,kabutan,1
2026-04-01,4417,グローバルセキュリティエキスパート,グローバルセキュリティエキスパート,add,exists_in_base,high,"kabutan,nikkei",2
2026-04-01,4417,グローバルセキュリティエキスパート,Global Security Experts,skip,duplicate,high,reuters,1
2026-04-01,4417,グローバルセキュリティエキスパート,Global Security Experts Inc,skip,duplicate,high,reuters,1
2026-04-01,4417,グローバルセキュリティエキスパート,Gセキュリ,skip,duplicate,high,kabutan,1
2026-04-01,4418,JDSC,JDSC,skip,duplicate,high,"kabutan,nikkei",2
2026-04-01,4418,JDSC,Japan Data Science Consortium,skip,duplicate,high,reuters,1
2026-04-01,4418,JDSC,Japan Data Science Consortium Co Ltd,skip,duplicate,high,reuters,1
2026-04-01,4419,Finatextﾎｰﾙﾃﾞｨﾝｸﾞｽ,Finatextホールディングス,skip,duplicate,high,"kabutan,nikkei",2
2026-04-01,4419,Finatextﾎｰﾙﾃﾞｨﾝｸﾞｽ,Finatext,skip,duplicate,high,reuters,1
2026-04-01,4419,Finatextﾎｰﾙﾃﾞｨﾝｸﾞｽ,Finatext Holdings Ltd,skip,duplicate,high,reuters,1
2026-04-01,4419,Finatextﾎｰﾙﾃﾞｨﾝｸﾞｽ,フィナHD,skip,duplicate,high,kabutan,1
2026-04-01,441A,NE,NE Inc,add,new_candidate,medium,reuters,1
2026-04-01,4420,イーソル,イーソル,add,exists_in_base,high,"kabutan,nikkei,tdnet",3
2026-04-01,4420,イーソル,eSOL,skip,duplicate,high,reuters,1
2026-04-01,4420,イーソル,eSOL Co Ltd,skip,duplicate,high,reuters,1
2026-04-01,4421,ディ・アイ・システム,ディ・アイ・システム,add,exists_in_base,high,"kabutan,nikkei",2
2026-04-01,4421,ディ・アイ・システム,DIシステム,skip,duplicate,high,kabutan,1
2026-04-01,4421,ディ・アイ・システム,4421.T,add,new_candidate,medium,reuters,1
2026-04-01,4422,VALUENEX,VALUENEX,add,exists_in_base,high,"kabutan,nikkei,tdnet",5
2026-04-01,4422,VALUENEX,Valuenex Japan,skip,duplicate,high,reuters,1
2026-04-01,4422,VALUENEX,Valuenex Japan Inc,skip,duplicate,high,reuters,1
2026-04-01,4422,VALUENEX,VNX,review,new_candidate,low,kabutan,1
2026-04-01,4424,Amazia,Amazia,add,exists_in_base,high,"kabutan,nikkei,reuters,tdnet",4
2026-04-01,4424,Amazia,Amazia Inc,skip,duplicate,high,reuters,1
2026-04-01,4425,Kudan,Kudan,skip,duplicate,high,"kabutan,nikkei,reuters,tdnet",5
2026-04-01,4425,Kudan,Kudan Inc,skip,duplicate,high,reuters,1
2026-04-01,4427,EduLab,EduLab,skip,duplicate,high,"kabutan,nikkei,reuters,tdnet",6
2026-04-01,4427,EduLab,EduLab Inc,skip,duplicate,high,reuters,1
2026-04-01,4427,EduLab,エデュラボ,skip,duplicate,high,kabutan,1
2026-04-01,4428,シノプス,シノプス,add,exists_in_base,high,"kabutan,nikkei,tdnet",3
2026-04-01,4428,シノプス,Sinops,skip,duplicate,high,reuters,1
2026-04-01,4428,シノプス,Sinops Inc,skip,duplicate,high,reuters,1
2026-04-01,4429,リックソフト,リックソフト,add,exists_in_base,high,"kabutan,nikkei",2
2026-04-01,4429,リックソフト,Ricksoft,skip,duplicate,high,reuters,1
2026-04-01,4429,リックソフト,Ricksoft Co Ltd,skip,duplicate,high,reuters,1
2026-04-01,442A,クラシコ,クラシコ,add,exists_in_base,high,"kabutan,nikkei,tdnet",3
2026-04-01,442A,クラシコ,Classico,add,new_candidate,medium,reuters,1
2026-04-01,442A,クラシコ,Classico Inc,add,new_candidate,medium,reuters,1
2026-04-01,4430,東海ソフト,東海ソフト,add,exists_in_base,high,"kabutan,nikkei",2
2026-04-01,4430,東海ソフト,Tokai Soft,skip,duplicate,high,reuters,1
2026-04-01,4430,東海ソフト,Tokai Soft Co Ltd,skip,duplicate,high,reuters,1
2026-04-01,4431,スマレジ,スマレジ,add,exists_in_base,high,"kabutan,nikkei,tdnet",7
2026-04-01,4431,スマレジ,Smaregi,skip,duplicate,high,reuters,1
2026-04-01,4431,スマレジ,Smaregi Inc,skip,duplicate,high,reuters,1
2026-04-01,4432,ウイングアーク1st,ウイングアーク1st,skip,duplicate,high,"kabutan,nikkei",2
2026-04-01,4432,ウイングアーク1st,WingArc1st,skip,duplicate,high,reuters,1
2026-04-01,4432,ウイングアーク1st,WingArc1st Inc,skip,duplicate,high,reuters,1
2026-04-01,4432,ウイングアーク1st,ウイングアク,skip,duplicate,high,kabutan,1
2026-04-01,4433,ヒト・コミュニケーションズ・ﾎｰﾙﾃﾞｨﾝｸﾞｽ,ヒト・コミュニケーションズ・ホールディングス,skip,duplicate,high,"kabutan,nikkei",2
2026-04-01,4433,ヒト・コミュニケーションズ・ﾎｰﾙﾃﾞｨﾝｸﾞｽ,Hito Communications,skip,duplicate,high,reuters,1
2026-04-01,4433,ヒト・コミュニケーションズ・ﾎｰﾙﾃﾞｨﾝｸﾞｽ,Hito Communications Holdings Inc,skip,duplicate,high,reuters,1
2026-04-01,4433,ヒト・コミュニケーションズ・ﾎｰﾙﾃﾞｨﾝｸﾞｽ,ヒトコムHD,skip,duplicate,high,kabutan,1
2026-04-01,4434,サーバーワークス,サーバーワークス,skip,duplicate,high,"kabutan,nikkei,tdnet",3
2026-04-01,4434,サーバーワークス,Serverworks,skip,duplicate,high,reuters,1
2026-04-01,4434,サーバーワークス,Serverworks Co Ltd,skip,duplicate,high,reuters,1
2026-04-01,4434,サーバーワークス,サーバワクス,add,new_candidate,medium,kabutan,1
2026-04-01,4436,ミンカブ・ジ・インフォノイド,ミンカブ・ジ・インフォノイド,add,exists_in_base,high,"kabutan,nikkei",2
2026-04-01,4436,ミンカブ・ジ・インフォノイド,Minkabu The Infonoid,skip,duplicate,high,reuters,1
2026-04-01,4436,ミンカブ・ジ・インフォノイド,Minkabu The Infonoid Inc,skip,duplicate,high,reuters,1
2026-04-01,4436,ミンカブ・ジ・インフォノイド,ミンカブ,add,new_candidate,medium,kabutan,1
2026-04-01,4437,gooddaysﾎｰﾙﾃﾞｨﾝｸﾞｽ,GDH,skip,duplicate,high,"kabutan,tdnet",4
2026-04-01,4437,gooddaysﾎｰﾙﾃﾞｨﾝｸﾞｽ,gooddaysホールディングス,skip,duplicate,high,"kabutan,nikkei",2
2026-04-01,4437,gooddaysﾎｰﾙﾃﾞｨﾝｸﾞｽ,Gooddays,skip,duplicate,high,reuters,1
2026-04-01,4437,gooddaysﾎｰﾙﾃﾞｨﾝｸﾞｽ,Gooddays Holdings Inc,skip,duplicate,high,reuters,1
2026-04-01,4438,Welby,Welby,skip,duplicate,high,"kabutan,nikkei,reuters,tdnet",7
2026-04-01,4438,Welby,Welby Inc,skip,duplicate,high,reuters,1
2026-04-01,4439,東名,東名,skip,duplicate,high,"kabutan,nikkei,tdnet",4
2026-04-01,4439,東名,Toumei,skip,duplicate,high,reuters,1
2026-04-01,4439,東名,Toumei Co Ltd,skip,duplicate,high,reuters,1
2026-04-01,4440,ヴィッツ,ヴィッツ,skip,duplicate,high,"kabutan,nikkei",2
2026-04-01,4440,ヴィッツ,Witz,skip,duplicate,high,reuters,1
2026-04-01,4440,ヴィッツ,Witz Corp,skip,duplicate,high,reuters,1
2026-04-01,4441,トビラシステムズ,トビラシステムズ,skip,duplicate,high,"kabutan,nikkei,tdnet",7
2026-04-01,4441,トビラシステムズ,Tobila Systems,skip,duplicate,high,reuters,1
2026-04-01,4441,トビラシステムズ,Tobila Systems Inc,skip,duplicate,high,reuters,1
2026-04-01,4441,トビラシステムズ,トビラシステ,skip,duplicate,high,kabutan,1
2026-04-01,4442,バルテス・ﾎｰﾙﾃﾞｨﾝｸﾞｽ,バルテス・ホールディングス,skip,duplicate,high,"kabutan,nikkei",2
2026-04-01,4442,バルテス・ﾎｰﾙﾃﾞｨﾝｸﾞｽ,Valtes,skip,duplicate,high,reuters,1
2026-04-01,4442,バルテス・ﾎｰﾙﾃﾞｨﾝｸﾞｽ,Valtes Holdings Co Ltd,skip,duplicate,high,reuters,1
2026-04-01,4442,バルテス・ﾎｰﾙﾃﾞｨﾝｸﾞｽ,バルテスHD,skip,duplicate,high,kabutan,1
2026-04-01,4443,Sansan,Sansan,skip,duplicate,high,"kabutan,nikkei,reuters",3
2026-04-01,4443,Sansan,Sansan Inc,skip,duplicate,high,reuters,1
2026-04-01,4444,インフォネット,インフォネット,add,exists_in_base,high,"kabutan,nikkei,tdnet",7
2026-04-01,4444,インフォネット,InfoNet,skip,duplicate,high,reuters,1
2026-04-01,4444,インフォネット,InfoNet Inc,skip,duplicate,high,reuters,1
2026-04-01,4444,インフォネット,インフォネ,skip,duplicate,high,kabutan,1
2026-04-01,4445,リビン・テクノロジーズ,リビンT,skip,duplicate,high,"kabutan,tdnet",7
2026-04-01,4445,リビン・テクノロジーズ,リビン・テクノロジーズ,add,exists_in_base,high,"kabutan,nikkei",2
2026-04-01,4445,リビン・テクノロジーズ,Living Technologies,skip,duplicate,high,reuters,1
2026-04-01,4445,リビン・テクノロジーズ,Living Technologies Inc,skip,duplicate,high,reuters,1
2026-04-01,4446,Link－Uｸﾞﾙｰﾌﾟ,Link-Uグループ,skip,duplicate,high,"kabutan,nikkei,tdnet",5
2026-04-01,4446,Link－Uｸﾞﾙｰﾌﾟ,Link-U,skip,duplicate,high,reuters,1
2026-04-01,4446,Link－Uｸﾞﾙｰﾌﾟ,Link-U Group Inc,skip,duplicate,high,reuters,1
2026-04-01,4446,Link－Uｸﾞﾙｰﾌﾟ,リンクユーG,skip,duplicate,high,kabutan,1
2026-04-01,4447,ピー・ビーシステムズ,ピー・ビーシステムズ,add,exists_in_base,high,"kabutan,nikkei",2
2026-04-01,4447,ピー・ビーシステムズ,PBsystems,skip,duplicate,high,reuters,1
2026-04-01,4447,ピー・ビーシステムズ,PBsystems Inc,skip,duplicate,high,reuters,1
2026-04-01,4447,ピー・ビーシステムズ,PBシステム,skip,duplicate,high,kabutan,1
2026-04-01,4448,kubell,kubell,skip,duplicate,high,"kabutan,nikkei,reuters,tdnet",6
2026-04-01,4448,kubell,kubell Co Ltd,skip,duplicate,high,reuters,1
2026-04-01,4449,ギフティ,ギフティ,add,exists_in_base,high,"kabutan,nikkei",2
2026-04-01,4449,ギフティ,Giftee,skip,duplicate,high,reuters,1
2026-04-01,4449,ギフティ,Giftee Inc,skip,duplicate,high,reuters,1
2026-04-01,4450,パワーソリューションズ,パワーソリューションズ,add,exists_in_base,high,"kabutan,nikkei",2
2026-04-01,4450,パワーソリューションズ,Power Solutions,skip,duplicate,high,reuters,1
2026-04-01,4450,パワーソリューションズ,Power Solutions Ltd,skip,duplicate,high,reuters,1
2026-04-01,4450,パワーソリューションズ,パワーソリュ,skip,duplicate,high,kabutan,1
2026-04-01,4450,パワーソリューションズ,PSOL,review,new_candidate,low,tdnet,1
2026-04-01,4452,花王,花王,skip,duplicate,high,"kabutan,nikkei,tdnet",6
2026-04-01,4452,花王,Kao,skip,duplicate,high,reuters,1
2026-04-01,4452,花王,Kao Corp,skip,duplicate,high,reuters,1
2026-04-01,4461,第一工業製薬,第一工業,skip,duplicate,high,tdnet,6
2026-04-01,4461,第一工業製薬,第一工業製薬,add,exists_in_base,high,"kabutan,nikkei",2
2026-04-01,4461,第一工業製薬,一工薬,skip,duplicate,high,kabutan,1
2026-04-01,4461,第一工業製薬,4461.T,add,new_candidate,medium,reuters,1
2026-04-01,4462,石原ケミカル,石原ケミカル,skip,duplicate,high,"kabutan,nikkei,tdnet",3
2026-04-01,4462,石原ケミカル,4462.T,add,new_candidate,medium,reuters,1
2026-04-01,4462,石原ケミカル,石原ケミ,add,new_candidate,medium,kabutan,1
2026-04-01,4463,日華化学,日華化学,skip,duplicate,high,"kabutan,nikkei",2
2026-04-01,4464,ソフト99ｺｰﾎﾟﾚｰｼｮﾝ,ソフト99,skip,duplicate,high,"kabutan,tdnet",2
2026-04-01,4464,ソフト99ｺｰﾎﾟﾚｰｼｮﾝ,ソフト99コーポレーション,skip,duplicate,high,"kabutan,nikkei",2
2026-04-01,4465,ニイタカ,ニイタカ,add,exists_in_base,high,"kabutan,nikkei,tdnet",3
2026-04-01,4465,ニイタカ,Niitaka,skip,duplicate,high,reuters,1
2026-04-01,4465,ニイタカ,Niitaka Co Ltd,skip,duplicate,high,reuters,1
2026-04-01,446A,ノースサンド,ノースサンド,add,exists_in_base,high,"kabutan,nikkei,tdnet",8
2026-04-01,446A,ノースサンド,Northsand,add,new_candidate,medium,reuters,1
2026-04-01,446A,ノースサンド,Northsand Inc,add,new_candidate,medium,reuters,1
2026-04-01,4471,三洋化成工業,三洋化成工業,add,exists_in_base,high,"kabutan,nikkei",2
2026-04-01,4471,三洋化成工業,Sanyo Chemical Industries,skip,duplicate,high,reuters,1
2026-04-01,4471,三洋化成工業,Sanyo Chemical Industries Ltd,skip,duplicate,high,reuters,1
2026-04-01,4471,三洋化成工業,三洋化,skip,duplicate,high,kabutan,1
2026-04-01,4475,HENNGE,HENNGE,skip,duplicate,high,"kabutan,nikkei,reuters,tdnet",4
2026-04-01,4475,HENNGE,Hennge KK,skip,duplicate,high,reuters,1
2026-04-01,4476,AI CROSS,AI CROSS,skip,duplicate,high,"kabutan,nikkei,reuters",3
2026-04-01,4476,AI CROSS,AI Cross Inc,skip,duplicate,high,reuters,1
2026-04-01,4476,AI CROSS,AIクロス,skip,duplicate,high,kabutan,1
2026-04-01,4477,BASE,BASE,skip,duplicate,high,"kabutan,nikkei,reuters,tdnet",4
2026-04-01,4477,BASE,Base Inc,skip,duplicate,high,reuters,1
2026-04-01,4478,フリー,フリー,add,exists_in_base,high,"kabutan,nikkei,tdnet",3
2026-04-01,4478,フリー,freee,skip,duplicate,high,reuters,1
2026-04-01,4478,フリー,freee KK,skip,duplicate,high,reuters,1
2026-04-01,4479,マクアケ,マクアケ,add,exists_in_base,high,"kabutan,nikkei",2
2026-04-01,4479,マクアケ,Makuake,skip,duplicate,high,reuters,1
2026-04-01,4479,マクアケ,Makuake Inc,skip,duplicate,high,reuters,1
2026-04-01,4480,メドレー,メドレー,skip,duplicate,high,"kabutan,nikkei,tdnet",7
2026-04-01,4480,メドレー,Medley,skip,duplicate,high,reuters,1
2026-04-01,4480,メドレー,Medley Inc,skip,duplicate,high,reuters,1
2026-04-01,4481,ベース,ベース,add,exists_in_base,high,"kabutan,nikkei,tdnet",3
2026-04-01,4481,ベース,Base,skip,duplicate,high,reuters,1
2026-04-01,4481,ベース,Base Co Ltd,skip,duplicate,high,reuters,1
2026-04-01,4482,ウィルズ,ウィルズ,add,exists_in_base,high,"kabutan,nikkei,tdnet",3
2026-04-01,4482,ウィルズ,Wills,skip,duplicate,high,reuters,1
2026-04-01,4482,ウィルズ,Wills Inc,skip,duplicate,high,reuters,1
2026-04-01,4483,JMDC,JMDC,skip,duplicate,high,"kabutan,nikkei,reuters",3
2026-04-01,4483,JMDC,JMDC Inc,skip,duplicate,high,reuters,1
2026-04-01,4484,ランサーズ,ランサーズ,add,exists_in_base,high,"kabutan,nikkei,tdnet",3
2026-04-01,4484,ランサーズ,Lancers,skip,duplicate,high,reuters,1
2026-04-01,4484,ランサーズ,Lancers Inc,skip,duplicate,high,reuters,1
2026-04-01,4486,ユナイトアンドグロウ,ユナイトアンドグロウ,add,exists_in_base,high,"kabutan,nikkei",2
2026-04-01,4486,ユナイトアンドグロウ,Unite and Grow,skip,duplicate,high,reuters,1
2026-04-01,4486,ユナイトアンドグロウ,Unite and Grow Inc,skip,duplicate,high,reuters,1
2026-04-01,4486,ユナイトアンドグロウ,ユナイト,skip,duplicate,high,kabutan,1
2026-04-01,4487,スペースマーケット,スペースマーケット,add,exists_in_base,high,"kabutan,nikkei",2
2026-04-01,4487,スペースマーケット,Spacemarket,skip,duplicate,high,reuters,1
2026-04-01,4487,スペースマーケット,Spacemarket Inc,skip,duplicate,high,reuters,1
2026-04-01,4487,スペースマーケット,スペースマ,skip,duplicate,high,kabutan,1
2026-04-01,4487,スペースマーケット,スペースマーケッ,add,new_candidate,medium,tdnet,4
2026-04-01,4488,AI inside,AI inside,skip,duplicate,high,"kabutan,nikkei,reuters",3
2026-04-01,4488,AI inside,AI inside Inc,skip,duplicate,high,reuters,1
2026-04-01,4488,AI inside,AIins,skip,duplicate,high,kabutan,1
2026-04-01,4490,ビザスク,ビザスク,add,exists_in_base,high,"kabutan,nikkei",2
2026-04-01,4490,ビザスク,VisasQ,skip,duplicate,high,reuters,1
2026-04-01,4490,ビザスク,VisasQ Inc,skip,duplicate,high,reuters,1
2026-04-01,4491,コンピューターマネージメント,Cマネージメント,skip,duplicate,high,tdnet,2
2026-04-01,4491,コンピューターマネージメント,コンピューターマネージメント,add,exists_in_base,high,"kabutan,nikkei",2
2026-04-01,4491,コンピューターマネージメント,Computer Management,skip,duplicate,high,reuters,1
2026-04-01,4491,コンピューターマネージメント,Computer Management Co Ltd,skip,duplicate,high,reuters,1
2026-04-01,4491,コンピューターマネージメント,Cマネージ,skip,duplicate,high,kabutan,1
2026-04-01,4492,ゼネテック,ゼネテック,skip,duplicate,high,"kabutan,nikkei,tdnet",3
2026-04-01,4492,ゼネテック,Genetec,skip,duplicate,high,reuters,1
2026-04-01,4492,ゼネテック,Genetec Corp,skip,duplicate,high,reuters,1
2026-04-01,4493,サイバーセキュリティクラウド,サイバーセキュリティクラウド,add,exists_in_base,high,"kabutan,nikkei",2
2026-04-01,4493,サイバーセキュリティクラウド,Cyber Security Cloud,skip,duplicate,high,reuters,1
2026-04-01,4493,サイバーセキュリティクラウド,Cyber Security Cloud Inc,skip,duplicate,high,reuters,1
2026-04-01,4493,サイバーセキュリティクラウド,サイバーセキ,skip,duplicate,high,kabutan,1
2026-04-01,4494,バリオセキュア,バリオセキュア,skip,duplicate,high,"kabutan,nikkei,tdnet",3
2026-04-01,4494,バリオセキュア,Vario Secure,skip,duplicate,high,reuters,1
2026-04-01,4494,バリオセキュア,Vario Secure Inc,skip,duplicate,high,reuters,1
2026-04-01,4494,バリオセキュア,バリオ,skip,duplicate,high,kabutan,1
2026-04-01,4495,アイキューブドシステムズ,アイキューブドシステムズ,add,exists_in_base,high,"kabutan,nikkei",2
2026-04-01,4495,アイキューブドシステムズ,i Cubed Systems,skip,duplicate,high,reuters,1
2026-04-01,4495,アイキューブドシステムズ,i Cubed Systems Inc,skip,duplicate,high,reuters,1
2026-04-01,4495,アイキューブドシステムズ,i3,skip,duplicate,high,kabutan,1
2026-04-01,4496,コマースOneﾎｰﾙﾃﾞｨﾝｸﾞｽ,コマースOneホールディングス,skip,duplicate,high,"kabutan,nikkei",2
2026-04-01,4496,コマースOneﾎｰﾙﾃﾞｨﾝｸﾞｽ,コマースワン,skip,duplicate,high,"kabutan,tdnet",2
2026-04-01,4496,コマースOneﾎｰﾙﾃﾞｨﾝｸﾞｽ,Commerce One,skip,duplicate,high,reuters,1
2026-04-01,4496,コマースOneﾎｰﾙﾃﾞｨﾝｸﾞｽ,Commerce One Holdings Inc,skip,duplicate,high,reuters,1
2026-04-01,4498,サイバートラスト,サイバートラスト,add,exists_in_base,high,"kabutan,nikkei,tdnet",3
2026-04-01,4498,サイバートラスト,Cybertrust Japan,skip,duplicate,high,reuters,1
2026-04-01,4498,サイバートラスト,Cybertrust Japan Co Ltd,skip,duplicate,high,reuters,1
2026-04-01,4498,サイバートラスト,サイバトラス,skip,duplicate,high,kabutan,1
2026-04-01,4499,Speee,Speee,skip,duplicate,high,"kabutan,nikkei,reuters,tdnet",6
2026-04-01,4499,Speee,Speee Inc,skip,duplicate,high,reuters,1
2026-04-01,4499,Speee,スピー,skip,duplicate,high,kabutan,1
2026-04-01,4502,武田薬品工業,武田薬,skip,duplicate,high,tdnet,4
2026-04-01,4502,武田薬品工業,武田薬品工業,add,exists_in_base,high,"kabutan,nikkei",2
2026-04-01,4502,武田薬品工業,Takeda Pharmaceutical,skip,duplicate,high,reuters,1
2026-04-01,4502,武田薬品工業,Takeda Pharmaceutical Co Ltd,skip,duplicate,high,reuters,1
2026-04-01,4502,武田薬品工業,武田,skip,duplicate,high,kabutan,1
2026-04-01,4503,アステラス製薬,アステラス薬,skip,duplicate,high,tdnet,3
2026-04-01,4503,アステラス製薬,アステラス製薬,add,exists_in_base,high,"kabutan,nikkei",2
2026-04-01,4503,アステラス製薬,Astellas Pharma,skip,duplicate,high,reuters,1
2026-04-01,4503,アステラス製薬,Astellas Pharma Inc,skip,duplicate,high,reuters,1
2026-04-01,4503,アステラス製薬,アステラス,skip,duplicate,high,kabutan,1
2026-04-01,4506,住友ファーマ,住友ファーマ,skip,duplicate,high,"kabutan,nikkei,tdnet",8
2026-04-01,4506,住友ファーマ,Sumitomo Pharma,skip,duplicate,high,reuters,1
2026-04-01,4506,住友ファーマ,Sumitomo Pharma Co Ltd,skip,duplicate,high,reuters,1
2026-04-01,4507,塩野義製薬,塩野義薬,skip,duplicate,high,tdnet,6
2026-04-01,4507,塩野義製薬,塩野義製薬,add,exists_in_base,high,"kabutan,nikkei",2
2026-04-01,4507,塩野義製薬,塩野義,skip,duplicate,high,kabutan,1
2026-04-01,4507,塩野義製薬,4507.T,add,new_candidate,medium,reuters,1
2026-04-01,4512,わかもと製薬,わかもと,skip,duplicate,high,"kabutan,tdnet",3
2026-04-01,4512,わかもと製薬,わかもと製薬,add,exists_in_base,high,"kabutan,nikkei",2
2026-04-01,4512,わかもと製薬,Wakamoto Pharmaceutical,skip,duplicate,high,reuters,1
2026-04-01,4512,わかもと製薬,Wakamoto Pharmaceutical Co Ltd,skip,duplicate,high,reuters,1
2026-04-01,4516,日本新薬,日本新薬,skip,duplicate,high,"kabutan,nikkei",2
2026-04-01,4516,日本新薬,Nippon Shinyaku,skip,duplicate,high,reuters,1
2026-04-01,4516,日本新薬,Nippon Shinyaku Co Ltd,skip,duplicate,high,reuters,1
2026-04-01,4519,中外製薬,中外薬,skip,duplicate,high,"kabutan,tdnet",4
2026-04-01,4519,中外製薬,中外製薬,add,exists_in_base,high,"kabutan,nikkei",2
2026-04-01,4519,中外製薬,Chugai Pharmaceutical,skip,duplicate,high,reuters,1
2026-04-01,4519,中外製薬,Chugai Pharmaceutical Co Ltd,skip,duplicate,high,reuters,1
2026-04-01,4521,科研製薬,科研薬,skip,duplicate,high,"kabutan,tdnet",2
2026-04-01,4521,科研製薬,科研製薬,add,exists_in_base,high,"kabutan,nikkei",2
2026-04-01,4521,科研製薬,Kaken Pharmaceutical,skip,duplicate,high,reuters,1
2026-04-01,4521,科研製薬,Kaken Pharmaceutical Co Ltd,skip,duplicate,high,reuters,1
2026-04-01,4523,エーザイ,エーザイ,skip,duplicate,high,"kabutan,nikkei,tdnet",3
2026-04-01,4523,エーザイ,Eisai,skip,duplicate,high,reuters,1
2026-04-01,4523,エーザイ,Eisai Co Ltd,skip,duplicate,high,reuters,1
2026-04-01,4524,森下仁丹,森下仁丹,add,exists_in_base,high,"kabutan,nikkei",2
2026-04-01,4524,森下仁丹,Morishita Jintan,skip,duplicate,high,reuters,1
2026-04-01,4524,森下仁丹,Morishita Jintan Co Ltd,skip,duplicate,high,reuters,1
2026-04-01,4524,森下仁丹,仁丹,skip,duplicate,high,kabutan,1
2026-04-01,4526,理研ビタミン,理研ビタミン,skip,duplicate,high,"kabutan,nikkei,tdnet",4
2026-04-01,4526,理研ビタミン,Riken Vitamin,skip,duplicate,high,reuters,1
2026-04-01,4526,理研ビタミン,Riken Vitamin Co Ltd,skip,duplicate,high,reuters,1
2026-04-01,4526,理研ビタミン,理ビタ,skip,duplicate,high,kabutan,1
2026-04-01,4527,ロート製薬,ロート製薬,add,exists_in_base,high,"kabutan,nikkei",2
2026-04-01,4527,ロート製薬,Rohto Pharmaceutical,skip,duplicate,high,reuters,1
2026-04-01,4527,ロート製薬,Rohto Pharmaceutical Co Ltd,skip,duplicate,high,reuters,1
2026-04-01,4527,ロート製薬,ロート,skip,duplicate,high,kabutan,1
2026-04-01,4527,ロート製薬,ロート薬,skip,duplicate,high,tdnet,1
2026-04-01,4528,小野薬品工業,小野薬,skip,duplicate,high,"kabutan,tdnet",5
2026-04-01,4528,小野薬品工業,小野薬品工業,add,exists_in_base,high,"kabutan,nikkei",2
2026-04-01,4528,小野薬品工業,Ono Pharmaceutical,skip,duplicate,high,reuters,1
2026-04-01,4528,小野薬品工業,Ono Pharmaceutical Co Ltd,skip,duplicate,high,reuters,1
2026-04-01,4530,久光製薬,久光薬,skip,duplicate,high,"kabutan,tdnet",3
2026-04-01,4530,久光製薬,久光製薬,add,exists_in_base,high,"kabutan,nikkei",2
2026-04-01,4530,久光製薬,Hisamitsu Pharmaceutical,skip,duplicate,high,reuters,1
2026-04-01,4530,久光製薬,Hisamitsu Pharmaceutical Co Inc,skip,duplicate,high,reuters,1
2026-04-01,4531,有機合成薬品工業,有機薬,skip,duplicate,high,"kabutan,tdnet",3
2026-04-01,4531,有機合成薬品工業,有機合成薬品工業,add,exists_in_base,high,"kabutan,nikkei",2
2026-04-01,4531,有機合成薬品工業,Yuki Gosei Kogyo,skip,duplicate,high,reuters,1
2026-04-01,4531,有機合成薬品工業,Yuki Gosei Kogyo Co Ltd,skip,duplicate,high,reuters,1
2026-04-01,4534,持田製薬,持田薬,skip,duplicate,high,"kabutan,tdnet",5
2026-04-01,4534,持田製薬,持田製薬,add,exists_in_base,high,"kabutan,nikkei",2
2026-04-01,4534,持田製薬,Mochida Pharmaceutical,skip,duplicate,high,reuters,1
2026-04-01,4534,持田製薬,Mochida Pharmaceutical Co Ltd,skip,duplicate,high,reuters,1
2026-04-01,4536,参天製薬,参天製薬,add,exists_in_base,high,"kabutan,nikkei",2
2026-04-01,4536,参天製薬,Santen Pharmaceutical,skip,duplicate,high,reuters,1
2026-04-01,4536,参天製薬,Santen Pharmaceutical Co Ltd,skip,duplicate,high,reuters,1
2026-04-01,4536,参天製薬,参天薬,skip,duplicate,high,kabutan,1
2026-04-01,4538,扶桑薬品工業,扶桑薬,skip,duplicate,high,"kabutan,tdnet",2
2026-04-01,4538,扶桑薬品工業,扶桑薬品工業,add,exists_in_base,high,"kabutan,nikkei",2
2026-04-01,4538,扶桑薬品工業,Fuso Pharmaceutical Industries,skip,duplicate,high,reuters,1
2026-04-01,4538,扶桑薬品工業,Fuso Pharmaceutical Industries Ltd,skip,duplicate,high,reuters,1
2026-04-01,4539,日本ケミファ,日本ケミファ,add,exists_in_base,high,"kabutan,nikkei",2
2026-04-01,4539,日本ケミファ,Nippon Chemiphar,skip,duplicate,high,reuters,1
2026-04-01,4539,日本ケミファ,Nippon Chemiphar Co Ltd,skip,duplicate,high,reuters,1
2026-04-01,4539,日本ケミファ,ケミファ,skip,duplicate,high,kabutan,1
2026-04-01,4540,ツムラ,ツムラ,skip,duplicate,high,"kabutan,nikkei,tdnet",4
2026-04-01,4540,ツムラ,Tsumura &,skip,duplicate,high,reuters,1
2026-04-01,4540,ツムラ,Tsumura & Co,skip,duplicate,high,reuters,1
2026-04-01,4543,テルモ,テルモ,add,exists_in_base,high,"kabutan,nikkei",2
2026-04-01,4543,テルモ,Terumo,skip,duplicate,high,reuters,1
2026-04-01,4543,テルモ,Terumo Corp,skip,duplicate,high,reuters,1
2026-04-01,4544,H．U．ｸﾞﾙｰﾌﾟﾎｰﾙﾃﾞｨﾝｸﾞｽ,HUグループHD,skip,duplicate,high,tdnet,3
2026-04-01,4544,H．U．ｸﾞﾙｰﾌﾟﾎｰﾙﾃﾞｨﾝｸﾞｽ,H.U.グループホールディングス,skip,duplicate,high,"kabutan,nikkei",2
2026-04-01,4544,H．U．ｸﾞﾙｰﾌﾟﾎｰﾙﾃﾞｨﾝｸﾞｽ,H.U.,skip,duplicate,high,reuters,1
2026-04-01,4544,H．U．ｸﾞﾙｰﾌﾟﾎｰﾙﾃﾞｨﾝｸﾞｽ,H.U. Group Holdings Inc,skip,duplicate,high,reuters,1
2026-04-01,4544,H．U．ｸﾞﾙｰﾌﾟﾎｰﾙﾃﾞｨﾝｸﾞｽ,HUグループ,skip,duplicate,high,kabutan,1
2026-04-01,4547,キッセイ薬品工業,キッセイ薬,skip,duplicate,high,tdnet,2
2026-04-01,4547,キッセイ薬品工業,キッセイ薬品工業,add,exists_in_base,high,"kabutan,nikkei",2
2026-04-01,4547,キッセイ薬品工業,Kissei Pharmaceutical,skip,duplicate,high,reuters,1
2026-04-01,4547,キッセイ薬品工業,Kissei Pharmaceutical Co Ltd,skip,duplicate,high,reuters,1
2026-04-01,4547,キッセイ薬品工業,キッセイ,skip,duplicate,high,kabutan,1
2026-04-01,4548,生化学工業,生化学,skip,duplicate,high,"kabutan,tdnet",2
2026-04-01,4548,生化学工業,生化学工業,add,exists_in_base,high,"kabutan,nikkei",2
2026-04-01,4548,生化学工業,Seikagaku,skip,duplicate,high,reuters,1
2026-04-01,4548,生化学工業,Seikagaku Corp,skip,duplicate,high,reuters,1
2026-04-01,4549,栄研化学,栄研化,skip,duplicate,high,"kabutan,tdnet",2
2026-04-01,4549,栄研化学,栄研化学,add,exists_in_base,high,"kabutan,nikkei",2
2026-04-01,4549,栄研化学,Eiken Chemical,skip,duplicate,high,reuters,1
2026-04-01,4549,栄研化学,Eiken Chemical Co Ltd,skip,duplicate,high,reuters,1
2026-04-01,4552,JCRファーマ,JCRファーマ,skip,duplicate,high,"kabutan,nikkei,tdnet",3
2026-04-01,4552,JCRファーマ,JCR Pharmaceuticals,skip,duplicate,high,reuters,1
2026-04-01,4552,JCRファーマ,JCR Pharmaceuticals Co Ltd,skip,duplicate,high,reuters,1
2026-04-01,4552,JCRファーマ,JCRファ,skip,duplicate,high,kabutan,1
2026-04-01,4553,東和薬品,東和薬品,add,exists_in_base,high,"kabutan,nikkei",2
2026-04-01,4553,東和薬品,Towa Pharmaceutical,skip,duplicate,high,reuters,1
2026-04-01,4553,東和薬品,Towa Pharmaceutical Co Ltd,skip,duplicate,high,reuters,1
2026-04-01,4554,富士製薬工業,富士製薬,skip,duplicate,high,"kabutan,tdnet",3
2026-04-01,4554,富士製薬工業,富士製薬工業,add,exists_in_base,high,"kabutan,nikkei",2
2026-04-01,4554,富士製薬工業,Fuji Pharma,skip,duplicate,high,reuters,1
2026-04-01,4554,富士製薬工業,Fuji Pharma Co Ltd,skip,duplicate,high,reuters,1
2026-04-01,4556,カイノス,カイノス,skip,duplicate,high,"kabutan,nikkei,tdnet",4
2026-04-01,4556,カイノス,Kainos Laboratories,skip,duplicate,high,reuters,1
2026-04-01,4556,カイノス,Kainos Laboratories Inc,skip,duplicate,high,reuters,1
2026-04-01,4558,中京医薬品,中京医薬品,add,exists_in_base,high,"kabutan,nikkei",2
2026-04-01,4558,中京医薬品,Chukyoiyakuhin,skip,duplicate,high,reuters,1
2026-04-01,4558,中京医薬品,Chukyoiyakuhin Co Ltd,skip,duplicate,high,reuters,1
2026-04-01,4558,中京医薬品,中京医薬,skip,duplicate,high,kabutan,1
2026-04-01,4559,ゼリア新薬工業,ゼリア新薬,skip,duplicate,high,"kabutan,tdnet",2
2026-04-01,4559,ゼリア新薬工業,ゼリア新薬工業,add,exists_in_base,high,"kabutan,nikkei",2
2026-04-01,4559,ゼリア新薬工業,Zeria Pharmaceutical,skip,duplicate,high,reuters,1
2026-04-01,4559,ゼリア新薬工業,Zeria Pharmaceutical Co Ltd,skip,duplicate,high,reuters,1
2026-04-01,4563,アンジェス,アンジェス,add,exists_in_base,high,"kabutan,nikkei,tdnet",9
2026-04-01,4563,アンジェス,AnGes,skip,duplicate,high,reuters,1
2026-04-01,4563,アンジェス,AnGes Inc,skip,duplicate,high,reuters,1
2026-04-01,4564,オンコセラピー・サイエンス,オンコセラピー・サイエンス,add,exists_in_base,high,"kabutan,nikkei",2
2026-04-01,4564,オンコセラピー・サイエンス,OncoTherapy Science,skip,duplicate,high,reuters,1
2026-04-01,4564,オンコセラピー・サイエンス,OncoTherapy Science Inc,skip,duplicate,high,reuters,1
2026-04-01,4564,オンコセラピー・サイエンス,オンコセラピ,skip,duplicate,high,kabutan,1
2026-04-01,4564,オンコセラピー・サイエンス,OTS,review,new_candidate,low,tdnet,2
2026-04-01,4565,ネクセラファーマ,ネクセラファーマ,skip,duplicate,high,"kabutan,nikkei,tdnet",6
2026-04-01,4565,ネクセラファーマ,Nxera Pharma,skip,duplicate,high,reuters,1
2026-04-01,4565,ネクセラファーマ,Nxera Pharma Co Ltd,skip,duplicate,high,reuters,1
2026-04-01,4565,ネクセラファーマ,ネクセラ,skip,duplicate,high,kabutan,1
2026-04-01,4568,第一三共,第一三共,skip,duplicate,high,"kabutan,nikkei,tdnet",5
2026-04-01,4568,第一三共,Daiichi Sankyo,skip,duplicate,high,reuters,1
2026-04-01,4568,第一三共,Daiichi Sankyo Co Ltd,skip,duplicate,high,reuters,1
2026-04-01,4569,杏林製薬,杏林製薬,skip,duplicate,high,"kabutan,nikkei,tdnet",5
2026-04-01,4569,杏林製薬,Kyorin Pharmaceutical,skip,duplicate,high,reuters,1
2026-04-01,4569,杏林製薬,Kyorin Pharmaceutical Co Ltd,skip,duplicate,high,reuters,1
2026-04-01,456A,HUMAN MADE,HUMAN MADE,skip,duplicate,high,"kabutan,nikkei,reuters",3
2026-04-01,456A,HUMAN MADE,ヒュマメイド,skip,duplicate,high,kabutan,1
2026-04-01,456A,HUMAN MADE,ヒューマンメイド,add,new_candidate,medium,tdnet,9
2026-04-01,456A,HUMAN MADE,HUMAN MADE Inc,add,new_candidate,medium,reuters,1
2026-04-01,4570,免疫生物研究所,免疫生物研究所,add,exists_in_base,high,"kabutan,nikkei,tdnet",3
2026-04-01,4570,免疫生物研究所,Immuno-Biological Laboratories,skip,duplicate,high,reuters,1
2026-04-01,4570,免疫生物研究所,Immuno-Biological Laboratories Co Ltd,skip,duplicate,high,reuters,1
2026-04-01,4570,免疫生物研究所,免疫生物研,skip,duplicate,high,kabutan,1
2026-04-01,4571,NANOﾎｰﾙﾃﾞｨﾝｸﾞｽ,Nano,skip,duplicate,high,"reuters,tdnet",6
2026-04-01,4571,NANOﾎｰﾙﾃﾞｨﾝｸﾞｽ,NANOホールディングス,skip,duplicate,high,"kabutan,nikkei",2
2026-04-01,4571,NANOﾎｰﾙﾃﾞｨﾝｸﾞｽ,Nano Holdings Inc,skip,duplicate,high,reuters,1
2026-04-01,4571,NANOﾎｰﾙﾃﾞｨﾝｸﾞｽ,NANOHD,skip,duplicate,high,kabutan,1
2026-04-01,4572,カルナバイオサイエンス,カルナバイオサイエンス,add,exists_in_base,high,"kabutan,nikkei",2
2026-04-01,4572,カルナバイオサイエンス,Carna Biosciences,skip,duplicate,high,reuters,1
2026-04-01,4572,カルナバイオサイエンス,Carna Biosciences Inc,skip,duplicate,high,reuters,1
2026-04-01,4572,カルナバイオサイエンス,カルナバイオ,skip,duplicate,high,kabutan,1
2026-04-01,4574,大幸薬品,大幸薬品,skip,duplicate,high,"kabutan,nikkei,tdnet",3
2026-04-01,4574,大幸薬品,Taiko Pharmaceutical,skip,duplicate,high,reuters,1
2026-04-01,4574,大幸薬品,Taiko Pharmaceutical Co Ltd,skip,duplicate,high,reuters,1
2026-04-01,4575,キャンバス,CANBAS,skip,duplicate,high,"kabutan,reuters",2
2026-04-01,4575,キャンバス,キャンバス,add,exists_in_base,high,"kabutan,nikkei",2
2026-04-01,4575,キャンバス,CanBas Co Ltd,skip,duplicate,high,reuters,1
2026-04-01,4576,デ・ウエスタン・セラピテクス研究所,デ・ウエスタン・セラピテクス研究所,add,exists_in_base,high,"kabutan,nikkei",2
2026-04-01,4576,デ・ウエスタン・セラピテクス研究所,D.Western Therapeutics Institute,skip,duplicate,high,reuters,1
2026-04-01,4576,デ・ウエスタン・セラピテクス研究所,D.Western Therapeutics Institute Inc,skip,duplicate,high,reuters,1
2026-04-01,4576,デ・ウエスタン・セラピテクス研究所,DWセラピ研,skip,duplicate,high,kabutan,1
2026-04-01,4576,デ・ウエスタン・セラピテクス研究所,DWTI,review,new_candidate,low,tdnet,6
2026-04-01,4577,ダイト,ダイト,skip,duplicate,high,"kabutan,nikkei,tdnet",4
2026-04-01,4577,ダイト,Daito Pharmaceutical,skip,duplicate,high,reuters,1
2026-04-01,4577,ダイト,Daito Pharmaceutical Co Ltd,skip,duplicate,high,reuters,1
2026-04-01,4578,大塚ﾎｰﾙﾃﾞｨﾝｸﾞｽ,大塚HD,skip,duplicate,high,"kabutan,tdnet",5
2026-04-01,4578,大塚ﾎｰﾙﾃﾞｨﾝｸﾞｽ,大塚ホールディングス,skip,duplicate,high,"kabutan,nikkei",2
2026-04-01,4578,大塚ﾎｰﾙﾃﾞｨﾝｸﾞｽ,Otsuka,skip,duplicate,high,reuters,1
2026-04-01,4578,大塚ﾎｰﾙﾃﾞｨﾝｸﾞｽ,Otsuka Holdings Co Ltd,skip,duplicate,high,reuters,1
2026-04-01,4579,ラクオリア創薬,ラクオリア創薬,add,exists_in_base,high,"kabutan,nikkei,tdnet",3
2026-04-01,4579,ラクオリア創薬,RaQualia Pharma,skip,duplicate,high,reuters,1
2026-04-01,4579,ラクオリア創薬,RaQualia Pharma Inc,skip,duplicate,high,reuters,1
2026-04-01,4579,ラクオリア創薬,ラクオリア,skip,duplicate,high,kabutan,1
2026-04-01,4582,シンバイオ製薬,シンバイオ製薬,add,exists_in_base,high,"kabutan,nikkei,tdnet",14
2026-04-01,4582,シンバイオ製薬,SymBio Pharmaceuticals,skip,duplicate,high,reuters,1
2026-04-01,4582,シンバイオ製薬,SymBio Pharmaceuticals Ltd,skip,duplicate,high,reuters,1
2026-04-01,4582,シンバイオ製薬,シンバイオ,skip,duplicate,high,kabutan,1
2026-04-01,4583,カイオム・バイオサイエンス,カイオム,skip,duplicate,high,"kabutan,tdnet",7
2026-04-01,4583,カイオム・バイオサイエンス,カイオム・バイオサイエンス,add,exists_in_base,high,"kabutan,nikkei",2
2026-04-01,4583,カイオム・バイオサイエンス,Chiome Bioscience,skip,duplicate,high,reuters,1
2026-04-01,4583,カイオム・バイオサイエンス,Chiome Bioscience Inc,skip,duplicate,high,reuters,1
2026-04-01,4584,キッズウェル・バイオ,キッズバイオ,skip,duplicate,high,"kabutan,tdnet",4
2026-04-01,4584,キッズウェル・バイオ,キッズウェル・バイオ,add,exists_in_base,high,"kabutan,nikkei",2
2026-04-01,4584,キッズウェル・バイオ,Kidswell Bio,skip,duplicate,high,reuters,1
2026-04-01,4584,キッズウェル・バイオ,Kidswell Bio Corp,skip,duplicate,high,reuters,1
2026-04-01,4586,メドレックス,メドレックス,add,exists_in_base,high,"kabutan,nikkei",2
2026-04-01,4586,メドレックス,Medrx,skip,duplicate,high,reuters,1
2026-04-01,4586,メドレックス,Medrx Co Ltd,skip,duplicate,high,reuters,1
2026-04-01,4586,メドレックス,メドレック,add,new_candidate,medium,tdnet,1
2026-04-01,4587,ペプチドリーム,ペプチドリーム,skip,duplicate,high,"kabutan,nikkei,tdnet",3
2026-04-01,4587,ペプチドリーム,PeptiDream,skip,duplicate,high,reuters,1
2026-04-01,4587,ペプチドリーム,PeptiDream Inc,skip,duplicate,high,reuters,1
2026-04-01,4587,ペプチドリーム,ペプドリ,skip,duplicate,high,kabutan,1
2026-04-01,4588,オンコリスバイオファーマ,オンコリスバイオファーマ,add,exists_in_base,high,"kabutan,nikkei",2
2026-04-01,4588,オンコリスバイオファーマ,Oncolys Biopharma,skip,duplicate,high,reuters,1
2026-04-01,4588,オンコリスバイオファーマ,Oncolys Biopharma Inc,skip,duplicate,high,reuters,1
2026-04-01,4588,オンコリスバイオファーマ,オンコリス,skip,duplicate,high,kabutan,1
2026-04-01,4588,オンコリスバイオファーマ,オンコリスバイオ,add,new_candidate,medium,tdnet,4
2026-04-01,4591,リボミック,リボミック,add,exists_in_base,high,"kabutan,nikkei,tdnet",8
2026-04-01,4591,リボミック,Ribomic,skip,duplicate,high,reuters,1
2026-04-01,4591,リボミック,Ribomic Inc,skip,duplicate,high,reuters,1
2026-04-01,4592,サンバイオ,サンバイオ,add,exists_in_base,high,"kabutan,nikkei,tdnet",6
2026-04-01,4592,サンバイオ,SanBio,skip,duplicate,high,reuters,1
2026-04-01,4592,サンバイオ,SanBio Co Ltd,skip,duplicate,high,reuters,1
2026-04-01,4593,ヘリオス,ヘリオス,add,exists_in_base,high,"kabutan,nikkei,tdnet",4
2026-04-01,4593,ヘリオス,Healios,skip,duplicate,high,reuters,1
2026-04-01,4593,ヘリオス,Healios KK,skip,duplicate,high,reuters,1
2026-04-01,4594,ブライトパス・バイオ,ブライトパス,skip,duplicate,high,"kabutan,tdnet",7
2026-04-01,4594,ブライトパス・バイオ,ブライトパス・バイオ,add,exists_in_base,high,"kabutan,nikkei",2
2026-04-01,4594,ブライトパス・バイオ,BrightPath Biotherapeutics,skip,duplicate,high,reuters,1
2026-04-01,4594,ブライトパス・バイオ,BrightPath Biotherapeutics Co Ltd,skip,duplicate,high,reuters,1
2026-04-01,4595,ミズホメディー,ミズホメディー,skip,duplicate,high,"kabutan,nikkei,tdnet",5
2026-04-01,4595,ミズホメディー,Mizuho Medy,skip,duplicate,high,reuters,1
2026-04-01,4595,ミズホメディー,Mizuho Medy Co Ltd,skip,duplicate,high,reuters,1
2026-04-01,4595,ミズホメディー,ミズホメディ,skip,duplicate,high,kabutan,1
2026-04-01,4596,窪田製薬ﾎｰﾙﾃﾞｨﾝｸﾞｽ,窪田製薬HD,skip,duplicate,high,"kabutan,tdnet",17
2026-04-01,4596,窪田製薬ﾎｰﾙﾃﾞｨﾝｸﾞｽ,窪田製薬ホールディングス,skip,duplicate,high,"kabutan,nikkei",2
2026-04-01,4596,窪田製薬ﾎｰﾙﾃﾞｨﾝｸﾞｽ,Kubota Pharmaceutical,skip,duplicate,high,reuters,1
2026-04-01,4596,窪田製薬ﾎｰﾙﾃﾞｨﾝｸﾞｽ,Kubota Pharmaceutical Holdings Co Ltd,skip,duplicate,high,reuters,1
2026-04-01,4597,ソレイジア・ファーマ,ソレイジア,skip,duplicate,high,"kabutan,tdnet",6
2026-04-01,4597,ソレイジア・ファーマ,ソレイジア・ファーマ,add,exists_in_base,high,"kabutan,nikkei",2
2026-04-01,4597,ソレイジア・ファーマ,Solasia Pharma,skip,duplicate,high,reuters,1
2026-04-01,4597,ソレイジア・ファーマ,Solasia Pharma KK,skip,duplicate,high,reuters,1
2026-04-01,4598,Delta－Fly Pharma,Delta-Fly Pharma,skip,duplicate,high,"kabutan,nikkei,reuters",3
2026-04-01,4598,Delta－Fly Pharma,Delta-Fly Pharma Inc,skip,duplicate,high,reuters,1
2026-04-01,4598,Delta－Fly Pharma,デルタフライ,skip,duplicate,high,kabutan,1
2026-04-01,4598,Delta－Fly Pharma,DELTA-P,add,new_candidate,medium,tdnet,6
2026-04-01,4599,ステムリム,ステムリム,add,exists_in_base,high,"kabutan,nikkei,tdnet",5
2026-04-01,4599,ステムリム,StemRIM,skip,duplicate,high,reuters,1
2026-04-01,4599,ステムリム,StemRIM Inc,skip,duplicate,high,reuters,1
2026-04-01,460A,BRANU,BRANU,skip,duplicate,high,"kabutan,nikkei,reuters,tdnet",7
2026-04-01,460A,BRANU,Branu Inc,add,new_candidate,medium,reuters,1
2026-04-01,4611,大日本塗料,大日塗料,skip,duplicate,high,tdnet,5
2026-04-01,4611,大日本塗料,大日本塗料,add,exists_in_base,high,"kabutan,nikkei",2
2026-04-01,4611,大日本塗料,Dai Nippon Toryo,skip,duplicate,high,reuters,1
2026-04-01,4611,大日本塗料,Dai Nippon Toryo Co Ltd,skip,duplicate,high,reuters,1
2026-04-01,4611,大日本塗料,大日塗,skip,duplicate,high,kabutan,1
2026-04-01,4612,日本ペイントﾎｰﾙﾃﾞｨﾝｸﾞｽ,日ペイントHD,skip,duplicate,high,tdnet,2
2026-04-01,4612,日本ペイントﾎｰﾙﾃﾞｨﾝｸﾞｽ,日本ペイントホールディングス,skip,duplicate,high,"kabutan,nikkei",2
2026-04-01,4612,日本ペイントﾎｰﾙﾃﾞｨﾝｸﾞｽ,Nippon Paint,skip,duplicate,high,reuters,1
2026-04-01,4612,日本ペイントﾎｰﾙﾃﾞｨﾝｸﾞｽ,Nippon Paint Holdings Co Ltd,skip,duplicate,high,reuters,1
2026-04-01,4612,日本ペイントﾎｰﾙﾃﾞｨﾝｸﾞｽ,日本ペHD,skip,duplicate,high,kabutan,1
2026-04-01,4613,関西ペイント,関西ペイント,add,exists_in_base,high,"kabutan,nikkei",2
2026-04-01,4613,関西ペイント,Kansai Paint,skip,duplicate,high,reuters,1
2026-04-01,4613,関西ペイント,Kansai Paint Co Ltd,skip,duplicate,high,reuters,1
2026-04-01,4613,関西ペイント,関ペイント,skip,duplicate,high,tdnet,1
2026-04-01,4613,関西ペイント,関西ペ,skip,duplicate,high,kabutan,1
2026-04-01,4615,神東塗料,神東塗料,skip,duplicate,high,"kabutan,nikkei,tdnet",3
2026-04-01,4615,神東塗料,Shinto Paint,skip,duplicate,high,reuters,1
2026-04-01,4615,神東塗料,Shinto Paint Co Ltd,skip,duplicate,high,reuters,1
2026-04-01,4615,神東塗料,神東塗,skip,duplicate,high,kabutan,1
2026-04-01,4616,川上塗料,川上塗料,skip,duplicate,high,"kabutan,nikkei,tdnet",3
2026-04-01,4616,川上塗料,Kawakami Paint Mfg,skip,duplicate,high,reuters,1
2026-04-01,4616,川上塗料,Kawakami Paint Mfg Co Ltd,skip,duplicate,high,reuters,1
2026-04-01,4616,川上塗料,川上塗,skip,duplicate,high,kabutan,1
2026-04-01,4617,中国塗料,中国塗料,skip,duplicate,high,"kabutan,nikkei,tdnet",4
2026-04-01,4617,中国塗料,Chugoku Marine Paints,skip,duplicate,high,reuters,1
2026-04-01,4617,中国塗料,Chugoku Marine Paints Ltd,skip,duplicate,high,reuters,1
2026-04-01,4617,中国塗料,中国塗,skip,duplicate,high,kabutan,1
2026-04-01,4619,日本特殊塗料,日本特殊塗料,add,exists_in_base,high,"kabutan,nikkei",2
2026-04-01,4619,日本特殊塗料,日特塗料,skip,duplicate,high,tdnet,2
2026-04-01,4619,日本特殊塗料,Nihon Tokushu Toryo,skip,duplicate,high,reuters,1
2026-04-01,4619,日本特殊塗料,Nihon Tokushu Toryo Co Ltd,skip,duplicate,high,reuters,1
2026-04-01,4619,日本特殊塗料,日特塗,skip,duplicate,high,kabutan,1
2026-04-01,4620,藤倉化成,藤倉化成,add,exists_in_base,high,"kabutan,nikkei",2
2026-04-01,4620,藤倉化成,Fujikura Kasei,skip,duplicate,high,reuters,1
2026-04-01,4620,藤倉化成,Fujikura Kasei Co Ltd,skip,duplicate,high,reuters,1
2026-04-01,4620,藤倉化成,藤倉化,skip,duplicate,high,kabutan,1
2026-04-01,4623,アサヒペン,アサヒペン,skip,duplicate,high,"kabutan,nikkei",2
2026-04-01,4623,アサヒペン,Asahipen,skip,duplicate,high,reuters,1
2026-04-01,4623,アサヒペン,Asahipen Corp,skip,duplicate,high,reuters,1
2026-04-01,4624,イサム塗料,イサム塗料,skip,duplicate,high,"kabutan,nikkei",2
2026-04-01,4624,イサム塗料,Isamu Paint,skip,duplicate,high,reuters,1
2026-04-01,4624,イサム塗料,Isamu Paint Co Ltd,skip,duplicate,high,reuters,1
2026-04-01,4624,イサム塗料,イサム,skip,duplicate,high,kabutan,1
2026-04-01,4625,アトミクス,アトミクス,skip,duplicate,high,"kabutan,nikkei",2
2026-04-01,4625,アトミクス,Atomix,skip,duplicate,high,reuters,1
2026-04-01,4625,アトミクス,Atomix Co Ltd,skip,duplicate,high,reuters,1
2026-04-01,4626,太陽ﾎｰﾙﾃﾞｨﾝｸﾞｽ,太陽HD,skip,duplicate,high,"kabutan,tdnet",5
2026-04-01,4626,太陽ﾎｰﾙﾃﾞｨﾝｸﾞｽ,太陽ホールディングス,skip,duplicate,high,"kabutan,nikkei",2
2026-04-01,4626,太陽ﾎｰﾙﾃﾞｨﾝｸﾞｽ,Taiyo,skip,duplicate,high,reuters,1
2026-04-01,4626,太陽ﾎｰﾙﾃﾞｨﾝｸﾞｽ,Taiyo Holdings Co Ltd,skip,duplicate,high,reuters,1
2026-04-01,4627,ナトコ,ナトコ,skip,duplicate,high,"kabutan,nikkei,tdnet",4
2026-04-01,4627,ナトコ,Natoco,skip,duplicate,high,reuters,1
2026-04-01,4627,ナトコ,Natoco Co Ltd,skip,duplicate,high,reuters,1
2026-04-01,4628,エスケー化研,エスケー化研,skip,duplicate,high,"kabutan,nikkei",2
2026-04-01,4628,エスケー化研,SK Kaken,skip,duplicate,high,reuters,1
2026-04-01,4628,エスケー化研,SK Kaken Co Ltd,skip,duplicate,high,reuters,1
2026-04-01,4629,大伸化学,大伸化学,add,exists_in_base,high,"kabutan,nikkei,tdnet",3
2026-04-01,4629,大伸化学,Daishin Chemical,skip,duplicate,high,reuters,1
2026-04-01,4629,大伸化学,Daishin Chemical Co Ltd,skip,duplicate,high,reuters,1
2026-04-01,462A,FUNDINNO,FUNDINNO,skip,duplicate,high,"kabutan,nikkei,reuters",3
2026-04-01,462A,FUNDINNO,ファンディノ,skip,duplicate,high,kabutan,1
2026-04-01,462A,FUNDINNO,ファンディーノ,add,new_candidate,medium,tdnet,4
2026-04-01,462A,FUNDINNO,Fundinno Inc,add,new_candidate,medium,reuters,1
2026-04-01,4631,DIC,DIC,skip,duplicate,high,"kabutan,nikkei,reuters,tdnet",4
2026-04-01,4631,DIC,DIC Corp,skip,duplicate,high,reuters,1
2026-04-01,4633,サカタインクス,サカタインクス,skip,duplicate,high,"kabutan,nikkei,tdnet",5
2026-04-01,4633,サカタインクス,Sakata Inx,skip,duplicate,high,reuters,1
2026-04-01,4633,サカタインクス,Sakata Inx Corp,skip,duplicate,high,reuters,1
2026-04-01,4633,サカタインクス,サカタINX,skip,duplicate,high,kabutan,1
2026-04-01,4634,artience,artience,skip,duplicate,high,"kabutan,nikkei,reuters,tdnet",6
2026-04-01,4634,artience,artien,skip,duplicate,high,kabutan,1
2026-04-01,4634,artience,artience Co Ltd,skip,duplicate,high,reuters,1
2026-04-01,4635,東京インキ,東インキ,skip,duplicate,high,"kabutan,tdnet",4
2026-04-01,4635,東京インキ,東京インキ,add,exists_in_base,high,"kabutan,nikkei",2
2026-04-01,4635,東京インキ,Tokyo Printing Ink Mfg,skip,duplicate,high,reuters,1
2026-04-01,4635,東京インキ,Tokyo Printing Ink Mfg Co Ltd,skip,duplicate,high,reuters,1
2026-04-01,463A,インテリックスﾎｰﾙﾃﾞｨﾝｸﾞｽ,インテリックスHD,skip,duplicate,high,tdnet,2
2026-04-01,463A,インテリックスﾎｰﾙﾃﾞｨﾝｸﾞｽ,インテリックスホールディングス,skip,duplicate,high,"kabutan,nikkei",2
2026-04-01,463A,インテリックスﾎｰﾙﾃﾞｨﾝｸﾞｽ,インテリクス,skip,duplicate,high,kabutan,1
2026-04-01,463A,インテリックスﾎｰﾙﾃﾞｨﾝｸﾞｽ,Intellex,add,new_candidate,medium,reuters,1
2026-04-01,463A,インテリックスﾎｰﾙﾃﾞｨﾝｸﾞｽ,Intellex Holdings Co Ltd,add,new_candidate,medium,reuters,1
2026-04-01,4641,アルプス技研,アルプス技,skip,duplicate,high,"kabutan,tdnet",2
2026-04-01,4641,アルプス技研,アルプス技研,add,exists_in_base,high,"kabutan,nikkei",2
2026-04-01,4641,アルプス技研,Altech,skip,duplicate,high,reuters,1
2026-04-01,4641,アルプス技研,Altech Corp,skip,duplicate,high,reuters,1
2026-04-01,4642,オリジナル設計,オリジナル設,skip,duplicate,high,"kabutan,tdnet",2
2026-04-01,4642,オリジナル設計,オリジナル設計,add,exists_in_base,high,"kabutan,nikkei",2
2026-04-01,4642,オリジナル設計,Original Engineering Consultants,skip,duplicate,high,reuters,1
2026-04-01,4642,オリジナル設計,Original Engineering Consultants Co Ltd,skip,duplicate,high,reuters,1
2026-04-01,4644,イマジニア,イマジニア,skip,duplicate,high,"kabutan,nikkei",2
2026-04-01,4644,イマジニア,"Imagineer Co., Ltd",skip,duplicate,high,reuters,1
2026-04-01,4644,イマジニア,"Imagineer Co.,",add,new_candidate,medium,reuters,1
2026-04-01,4645,市進ﾎｰﾙﾃﾞｨﾝｸﾞｽ,市進HD,skip,duplicate,high,"kabutan,tdnet",2
2026-04-01,4645,市進ﾎｰﾙﾃﾞｨﾝｸﾞｽ,市進ホールディングス,skip,duplicate,high,"kabutan,nikkei",2
2026-04-01,4645,市進ﾎｰﾙﾃﾞｨﾝｸﾞｽ,Ichishin,skip,duplicate,high,reuters,1
2026-04-01,4645,市進ﾎｰﾙﾃﾞｨﾝｸﾞｽ,Ichishin Holdings Co Ltd,skip,duplicate,high,reuters,1
2026-04-01,464A,QPSﾎｰﾙﾃﾞｨﾝｸﾞｽ,QPSHD,skip,duplicate,high,"kabutan,tdnet",7
2026-04-01,464A,QPSﾎｰﾙﾃﾞｨﾝｸﾞｽ,QPSホールディングス,skip,duplicate,high,"kabutan,nikkei",2
2026-04-01,464A,QPSﾎｰﾙﾃﾞｨﾝｸﾞｽ,QPS Holdings Inc,add,new_candidate,medium,reuters,1
2026-04-01,464A,QPSﾎｰﾙﾃﾞｨﾝｸﾞｽ,QPS,review,new_candidate,low,reuters,1
2026-04-01,4650,SDエンターテイメント,SDエンター,skip,duplicate,high,"kabutan,tdnet",2
2026-04-01,4650,SDエンターテイメント,SDエンターテイメント,skip,duplicate,high,"kabutan,nikkei",2
2026-04-01,4650,SDエンターテイメント,SD Entertainment,skip,duplicate,high,reuters,1
2026-04-01,4650,SDエンターテイメント,SD Entertainment Inc,skip,duplicate,high,reuters,1
2026-04-01,4651,サニックスﾎｰﾙﾃﾞｨﾝｸﾞｽ,サニックスホールディングス,skip,duplicate,high,"kabutan,nikkei",2
2026-04-01,4651,サニックスﾎｰﾙﾃﾞｨﾝｸﾞｽ,Sanix,skip,duplicate,high,reuters,1
2026-04-01,4651,サニックスﾎｰﾙﾃﾞｨﾝｸﾞｽ,Sanix Holdings Inc,skip,duplicate,high,reuters,1
2026-04-01,4651,サニックスﾎｰﾙﾃﾞｨﾝｸﾞｽ,サニックスH,skip,duplicate,high,kabutan,1
2026-04-01,4657,環境管理センター,環境管理,skip,duplicate,high,"kabutan,tdnet",2
2026-04-01,4657,環境管理センター,環境管理センター,add,exists_in_base,high,"kabutan,nikkei",2
2026-04-01,4657,環境管理センター,Environmental Control Center,skip,duplicate,high,reuters,1
2026-04-01,4657,環境管理センター,Environmental Control Center Co Ltd,skip,duplicate,high,reuters,1
2026-04-01,4658,日本空調サービス,日本空調サービス,add,exists_in_base,high,"kabutan,nikkei",2
2026-04-01,4658,日本空調サービス,Nippon Air Conditioning Services,skip,duplicate,high,reuters,1
2026-04-01,4658,日本空調サービス,Nippon Air Conditioning Services Co Ltd,skip,duplicate,high,reuters,1
2026-04-01,4658,日本空調サービス,日本空調,skip,duplicate,high,kabutan,1
2026-04-01,4659,エイジス,エイジス,skip,duplicate,high,"kabutan,nikkei,tdnet",5
2026-04-01,4659,エイジス,AJIS,skip,duplicate,high,reuters,1
2026-04-01,4659,エイジス,AJIS Co Ltd,skip,duplicate,high,reuters,1
2026-04-01,4661,オリエンタルランド,OLC,skip,duplicate,high,"kabutan,tdnet",2
2026-04-01,4661,オリエンタルランド,オリエンタルランド,add,exists_in_base,high,"kabutan,nikkei",2
2026-04-01,4661,オリエンタルランド,Oriental Land,skip,duplicate,high,reuters,1
2026-04-01,4661,オリエンタルランド,Oriental Land Co Ltd,skip,duplicate,high,reuters,1
2026-04-01,4662,フォーカスシステムズ,フォーカスシステムズ,skip,duplicate,high,"kabutan,nikkei,tdnet",4
2026-04-01,4662,フォーカスシステムズ,Focus Systems,skip,duplicate,high,reuters,1
2026-04-01,4662,フォーカスシステムズ,Focus Systems Corp,skip,duplicate,high,reuters,1
2026-04-01,4662,フォーカスシステムズ,フォーカス,add,new_candidate,medium,kabutan,1
2026-04-01,4664,アール・エス・シー,RSC,skip,duplicate,high,"kabutan,nikkei",2
2026-04-01,4664,アール・エス・シー,アール・エス・シー,skip,duplicate,high,"kabutan,tdnet",2
2026-04-01,4664,アール・エス・シー,Japan Reliance Service,skip,duplicate,high,reuters,1
2026-04-01,4664,アール・エス・シー,Japan Reliance Service Corp,skip,duplicate,high,reuters,1
2026-04-01,4665,ダスキン,ダスキン,skip,duplicate,high,"kabutan,nikkei",2
2026-04-01,4665,ダスキン,Duskin,skip,duplicate,high,reuters,1
2026-04-01,4665,ダスキン,Duskin Co Ltd,skip,duplicate,high,reuters,1
2026-04-01,4666,パーク24,パーク24,skip,duplicate,high,"kabutan,nikkei,tdnet",9
2026-04-01,4666,パーク24,Park24,skip,duplicate,high,reuters,1
2026-04-01,4666,パーク24,Park24 Co Ltd,skip,duplicate,high,reuters,1
2026-04-01,4667,アイサンテクノロジー,アイサンテクノロジー,add,exists_in_base,high,"kabutan,nikkei",2
2026-04-01,4667,アイサンテクノロジー,Aisan Technology,skip,duplicate,high,reuters,1
2026-04-01,4667,アイサンテクノロジー,Aisan Technology Co Ltd,skip,duplicate,high,reuters,1
2026-04-01,4667,アイサンテクノロジー,アイサンテク,skip,duplicate,high,kabutan,1
2026-04-01,4668,明光ネットワークジャパン,明光ネット,skip,duplicate,high,"kabutan,tdnet",3
2026-04-01,4668,明光ネットワークジャパン,明光ネットワークジャパン,add,exists_in_base,high,"kabutan,nikkei",2
2026-04-01,4668,明光ネットワークジャパン,Meiko Network Japan,skip,duplicate,high,reuters,1
2026-04-01,4668,明光ネットワークジャパン,Meiko Network Japan Co Ltd,skip,duplicate,high,reuters,1
2026-04-01,4671,ファルコﾎｰﾙﾃﾞｨﾝｸﾞｽ,ファルコホールディングス,skip,duplicate,high,"kabutan,nikkei",2
2026-04-01,4671,ファルコﾎｰﾙﾃﾞｨﾝｸﾞｽ,ファルコHD,skip,duplicate,high,kabutan,1
2026-04-01,4671,ファルコﾎｰﾙﾃﾞｨﾝｸﾞｽ,4671.T,add,new_candidate,medium,reuters,1
2026-04-01,4673,川崎地質,川崎地質,add,exists_in_base,high,"kabutan,nikkei,tdnet",3
2026-04-01,4673,川崎地質,Kawasaki Geological Engineering,skip,duplicate,high,reuters,1
2026-04-01,4673,川崎地質,Kawasaki Geological Engineering Co Ltd,skip,duplicate,high,reuters,1
2026-04-01,4674,クレスコ,クレスコ,skip,duplicate,high,"kabutan,nikkei",2
2026-04-01,4674,クレスコ,Cresco,skip,duplicate,high,reuters,1
2026-04-01,4674,クレスコ,Cresco Ltd,skip,duplicate,high,reuters,1
2026-04-01,4676,フジ・メディア・ﾎｰﾙﾃﾞｨﾝｸﾞｽ,フジHD,skip,duplicate,high,"kabutan,tdnet",3
2026-04-01,4676,フジ・メディア・ﾎｰﾙﾃﾞｨﾝｸﾞｽ,フジ・メディア・ホールディングス,skip,duplicate,high,"kabutan,nikkei",2
2026-04-01,4676,フジ・メディア・ﾎｰﾙﾃﾞｨﾝｸﾞｽ,Fuji Media,skip,duplicate,high,reuters,1
2026-04-01,4676,フジ・メディア・ﾎｰﾙﾃﾞｨﾝｸﾞｽ,Fuji Media Holdings Inc,skip,duplicate,high,reuters,1
2026-04-01,4678,秀英予備校,秀英予備校,add,exists_in_base,high,"kabutan,nikkei",2
2026-04-01,4678,秀英予備校,Shuei Yobiko,skip,duplicate,high,reuters,1
2026-04-01,4678,秀英予備校,Shuei Yobiko Co Ltd,skip,duplicate,high,reuters,1
2026-04-01,4678,秀英予備校,秀英,skip,duplicate,high,kabutan,1
2026-04-01,4679,田谷,田谷,skip,duplicate,high,"kabutan,nikkei,tdnet",5
2026-04-01,4679,田谷,Taya,skip,duplicate,high,reuters,1
2026-04-01,4679,田谷,Taya Co Ltd,skip,duplicate,high,reuters,1
2026-04-01,4680,ラウンドワン,ラウンドワン,skip,duplicate,high,"kabutan,nikkei,tdnet",3
2026-04-01,4680,ラウンドワン,Round One,skip,duplicate,high,reuters,1
2026-04-01,4680,ラウンドワン,Round One Corp,skip,duplicate,high,reuters,1
2026-04-01,4681,リゾートトラスト,リゾートトラ,skip,duplicate,high,"kabutan,tdnet",2
2026-04-01,4681,リゾートトラスト,リゾートトラスト,add,exists_in_base,high,"kabutan,nikkei",2
2026-04-01,4681,リゾートトラスト,Resorttrust,skip,duplicate,high,reuters,1
2026-04-01,4681,リゾートトラスト,Resorttrust Inc,skip,duplicate,high,reuters,1
2026-04-01,4684,オービック,オービック,skip,duplicate,high,"kabutan,nikkei,tdnet",3
2026-04-01,4684,オービック,Obic,skip,duplicate,high,reuters,1
2026-04-01,4684,オービック,Obic Co Ltd,skip,duplicate,high,reuters,1
2026-04-01,4685,菱友システムズ,菱友システムズ,add,exists_in_base,high,"kabutan,nikkei",2
2026-04-01,4685,菱友システムズ,Ryoyu Systems,skip,duplicate,high,reuters,1
2026-04-01,4685,菱友システムズ,Ryoyu Systems Co Ltd,skip,duplicate,high,reuters,1
2026-04-01,4685,菱友システムズ,菱友システム,skip,duplicate,high,kabutan,1
2026-04-01,4686,ジャストシステム,ジャストシステム,skip,duplicate,high,"kabutan,nikkei",2
2026-04-01,4686,ジャストシステム,Justsystems,skip,duplicate,high,reuters,1
2026-04-01,4686,ジャストシステム,Justsystems Corp,skip,duplicate,high,reuters,1
2026-04-01,4686,ジャストシステム,ジャスト,skip,duplicate,high,kabutan,1
2026-04-01,4687,TDCソフト,TDCソフト,skip,duplicate,high,"kabutan,nikkei,tdnet",3
2026-04-01,4687,TDCソフト,TDC Soft,skip,duplicate,high,reuters,1
2026-04-01,4687,TDCソフト,TDC Soft Inc,skip,duplicate,high,reuters,1
2026-04-01,4689,LINEヤフー,LINEヤフー,skip,duplicate,high,"kabutan,nikkei,tdnet",5
2026-04-01,4689,LINEヤフー,LY Corp,skip,duplicate,high,reuters,1
2026-04-01,4689,LINEヤフー,ラインヤフー,skip,duplicate,high,kabutan,1
2026-04-01,4690,日本パレットプール,日パレット,skip,duplicate,high,"kabutan,tdnet",5
2026-04-01,4690,日本パレットプール,日本パレットプール,add,exists_in_base,high,"kabutan,nikkei",2
2026-04-01,4690,日本パレットプール,Nippon Pallet Pool,skip,duplicate,high,reuters,1
2026-04-01,4690,日本パレットプール,Nippon Pallet Pool Co Ltd,skip,duplicate,high,reuters,1
2026-04-01,4691,ワシントンホテル,ワシントンホテル,skip,duplicate,high,"kabutan,nikkei,tdnet",3
2026-04-01,4691,ワシントンホテル,Washington Hotel,skip,duplicate,high,reuters,1
2026-04-01,4691,ワシントンホテル,Washington Hotel Corp,skip,duplicate,high,reuters,1
2026-04-01,4691,ワシントンホテル,ワシントンH,skip,duplicate,high,kabutan,1
2026-04-01,4694,ビー・エム・エル,BML,skip,duplicate,high,"kabutan,reuters,tdnet",10
2026-04-01,4694,ビー・エム・エル,ビー・エム・エル,add,exists_in_base,high,"kabutan,nikkei",2
2026-04-01,4694,ビー・エム・エル,BML Inc,skip,duplicate,high,reuters,1
2026-04-01,469A,フィットクルー,フィットクルー,add,exists_in_base,high,"kabutan,nikkei,tdnet",4
2026-04-01,469A,フィットクルー,フィットクル,skip,duplicate,high,kabutan,1
2026-04-01,469A,フィットクルー,Fitcrew,add,new_candidate,medium,reuters,1
2026-04-01,469A,フィットクルー,Fitcrew Inc,add,new_candidate,medium,reuters,1
2026-04-01,4704,トレンドマイクロ,トレンド,skip,duplicate,high,"kabutan,tdnet",3
2026-04-01,4704,トレンドマイクロ,トレンドマイクロ,add,exists_in_base,high,"kabutan,nikkei",2
2026-04-01,4704,トレンドマイクロ,Trend Micro,skip,duplicate,high,reuters,1
2026-04-01,4704,トレンドマイクロ,Trend Micro Inc,skip,duplicate,high,reuters,1
2026-04-01,4705,クリップｺｰﾎﾟﾚｰｼｮﾝ,クリップコーポレーション,skip,duplicate,high,"kabutan,nikkei",2
2026-04-01,4705,クリップｺｰﾎﾟﾚｰｼｮﾝ,Clip,skip,duplicate,high,reuters,1
2026-04-01,4705,クリップｺｰﾎﾟﾚｰｼｮﾝ,Clip Corp,skip,duplicate,high,reuters,1
2026-04-01,4705,クリップｺｰﾎﾟﾚｰｼｮﾝ,クリップ,skip,duplicate,high,kabutan,1
2026-04-01,4707,キタック,キタック,skip,duplicate,high,"kabutan,nikkei,tdnet",3
2026-04-01,4707,キタック,Kitac,skip,duplicate,high,reuters,1
2026-04-01,4707,キタック,Kitac Corp,skip,duplicate,high,reuters,1
2026-04-01,4709,IDﾎｰﾙﾃﾞｨﾝｸﾞｽ,IDホールディングス,skip,duplicate,high,"kabutan,nikkei",2
2026-04-01,4709,IDﾎｰﾙﾃﾞｨﾝｸﾞｽ,ID Holdings Corp,skip,duplicate,high,reuters,1
2026-04-01,4709,IDﾎｰﾙﾃﾞｨﾝｸﾞｽ,IDHD,skip,duplicate,high,kabutan,1
2026-04-01,4712,KeyHolder,KeyH,skip,duplicate,high,"kabutan,tdnet",6
2026-04-01,4712,KeyHolder,KeyHolder,skip,duplicate,high,"kabutan,nikkei,reuters",3
2026-04-01,4712,KeyHolder,KeyHolder Inc,skip,duplicate,high,reuters,1
2026-04-01,4714,リソー教育ｸﾞﾙｰﾌﾟ,リソー教育グループ,skip,duplicate,high,"kabutan,nikkei",2
2026-04-01,4714,リソー教育ｸﾞﾙｰﾌﾟ,Riso Kyoiku,skip,duplicate,high,reuters,1
2026-04-01,4714,リソー教育ｸﾞﾙｰﾌﾟ,Riso Kyoiku Group Corp,skip,duplicate,high,reuters,1
2026-04-01,4714,リソー教育ｸﾞﾙｰﾌﾟ,リソー教育G,skip,duplicate,high,kabutan,1
2026-04-01,4716,日本オラクル,日本オラクル,add,exists_in_base,high,"kabutan,nikkei,tdnet",4
2026-04-01,4716,日本オラクル,Oracle Corp Japan,skip,duplicate,high,reuters,1
2026-04-01,4718,早稲田アカデミー,早稲アカ,skip,duplicate,high,"kabutan,tdnet",2
2026-04-01,4718,早稲田アカデミー,早稲田アカデミー,add,exists_in_base,high,"kabutan,nikkei",2
2026-04-01,4718,早稲田アカデミー,Waseda Academy,skip,duplicate,high,reuters,1
2026-04-01,4718,早稲田アカデミー,Waseda Academy Co Ltd,skip,duplicate,high,reuters,1
2026-04-01,4719,アルファシステムズ,アルファシステムズ,skip,duplicate,high,"kabutan,nikkei,tdnet",3
2026-04-01,4719,アルファシステムズ,Alpha Systems,skip,duplicate,high,reuters,1
2026-04-01,4719,アルファシステムズ,Alpha Systems Inc,skip,duplicate,high,reuters,1
2026-04-01,4719,アルファシステムズ,アルファ,skip,duplicate,high,kabutan,1
2026-04-01,471A,NSｸﾞﾙｰﾌﾟ,NSグループ,skip,duplicate,high,"kabutan,nikkei,tdnet",3
2026-04-01,471A,NSｸﾞﾙｰﾌﾟ,NS Group Inc,add,new_candidate,medium,reuters,1
2026-04-01,4720,城南進学研究社,城南進研,skip,duplicate,high,"kabutan,tdnet",4
2026-04-01,4720,城南進学研究社,城南進学研究社,add,exists_in_base,high,"kabutan,nikkei",2
2026-04-01,4720,城南進学研究社,Johnan Academic Preparatory Institute,skip,duplicate,high,reuters,1
2026-04-01,4720,城南進学研究社,Johnan Academic Preparatory Institute Inc,skip,duplicate,high,reuters,1
2026-04-01,4722,フューチャー,フューチャー,skip,duplicate,high,"kabutan,nikkei,tdnet",5
2026-04-01,4722,フューチャー,Future,skip,duplicate,high,reuters,1
2026-04-01,4722,フューチャー,Future Corp,skip,duplicate,high,reuters,1
2026-04-01,4725,CAC Holdings,CACHD,skip,duplicate,high,tdnet,4
2026-04-01,4725,CAC Holdings,CAC,skip,duplicate,high,"kabutan,reuters",2
2026-04-01,4725,CAC Holdings,CAC Holdings,skip,duplicate,high,"kabutan,nikkei",2
2026-04-01,4725,CAC Holdings,CAC Holdings Corp,skip,duplicate,high,reuters,1
2026-04-01,4728,トーセ,トーセ,skip,duplicate,high,"kabutan,nikkei,tdnet",3
2026-04-01,4728,トーセ,Tose,skip,duplicate,high,reuters,1
2026-04-01,4728,トーセ,Tose Co Ltd,skip,duplicate,high,reuters,1
2026-04-01,472A,ミラティブ,ミラティブ,add,exists_in_base,high,"kabutan,nikkei,tdnet",6
2026-04-01,472A,ミラティブ,Mirrativ,add,new_candidate,medium,reuters,1
2026-04-01,472A,ミラティブ,Mirrativ Inc,add,new_candidate,medium,reuters,1
2026-04-01,4732,ユー・エス・エス,USS,skip,duplicate,high,"kabutan,reuters",2
2026-04-01,4732,ユー・エス・エス,ユー・エス・エス,add,exists_in_base,high,"kabutan,nikkei",2
2026-04-01,4732,ユー・エス・エス,USS Co Ltd,skip,duplicate,high,reuters,1
2026-04-01,4733,オービックビジネスコンサルタント,オービックビジネスコンサルタント,add,exists_in_base,high,"kabutan,nikkei",2
2026-04-01,4733,オービックビジネスコンサルタント,OBC,skip,duplicate,high,kabutan,1
2026-04-01,4733,オービックビジネスコンサルタント,Obic Business Consultants,skip,duplicate,high,reuters,1
2026-04-01,4733,オービックビジネスコンサルタント,Obic Business Consultants Co Ltd,skip,duplicate,high,reuters,1
2026-04-01,4735,京進,京進,add,exists_in_base,high,"kabutan,nikkei",2
2026-04-01,4735,京進,Kyoshin,skip,duplicate,high,reuters,1
2026-04-01,4735,京進,Kyoshin Co Ltd,skip,duplicate,high,reuters,1
2026-04-01,4736,日本ラッド,日本ラッド,skip,duplicate,high,"kabutan,nikkei,tdnet",3
2026-04-01,4736,日本ラッド,Nippon Rad,skip,duplicate,high,reuters,1
2026-04-01,4736,日本ラッド,Nippon Rad Inc,skip,duplicate,high,reuters,1
2026-04-01,4743,アイティフォー,ITFOR,skip,duplicate,high,"kabutan,reuters",2
2026-04-01,4743,アイティフォー,アイティフォー,skip,duplicate,high,"kabutan,nikkei",2
2026-04-01,4743,アイティフォー,ITFor Inc,skip,duplicate,high,reuters,1
2026-04-01,4746,東計電算,東計電算,skip,duplicate,high,"kabutan,nikkei,tdnet",8
2026-04-01,4746,東計電算,Toukei Computer,skip,duplicate,high,reuters,1
2026-04-01,4746,東計電算,Toukei Computer Co Ltd,skip,duplicate,high,reuters,1
2026-04-01,4750,ダイサン,ダイサン,skip,duplicate,high,"kabutan,nikkei,tdnet",4
2026-04-01,4750,ダイサン,Daisan,skip,duplicate,high,reuters,1
2026-04-01,4750,ダイサン,Daisan Co Ltd,skip,duplicate,high,reuters,1
2026-04-01,4751,サイバーエージェント,サイバーエージェント,skip,duplicate,high,"kabutan,nikkei",2
2026-04-01,4751,サイバーエージェント,CyberAgent,skip,duplicate,high,reuters,1
2026-04-01,4751,サイバーエージェント,CyberAgent Inc,skip,duplicate,high,reuters,1
2026-04-01,4751,サイバーエージェント,サイバー,skip,duplicate,high,kabutan,1
2026-04-01,4752,昭和システムエンジニアリング,昭和システムエンジニアリング,add,exists_in_base,high,"kabutan,nikkei",2
2026-04-01,4752,昭和システムエンジニアリング,Showa System Engineering,skip,duplicate,high,reuters,1
2026-04-01,4752,昭和システムエンジニアリング,Showa System Engineering Corp,skip,duplicate,high,reuters,1
2026-04-01,4752,昭和システムエンジニアリング,昭和システム,skip,duplicate,high,kabutan,1
2026-04-01,4754,トスネット,トスネット,skip,duplicate,high,"kabutan,nikkei",2
2026-04-01,4754,トスネット,Tosnet,skip,duplicate,high,reuters,1
2026-04-01,4754,トスネット,Tosnet Corp,skip,duplicate,high,reuters,1
2026-04-01,4755,楽天ｸﾞﾙｰﾌﾟ,楽天グループ,skip,duplicate,high,"kabutan,nikkei,tdnet",5
2026-04-01,4755,楽天ｸﾞﾙｰﾌﾟ,Rakuten,skip,duplicate,high,reuters,1
2026-04-01,4755,楽天ｸﾞﾙｰﾌﾟ,Rakuten Group Inc,skip,duplicate,high,reuters,1
2026-04-01,475A,ギミック,ギミック,skip,duplicate,high,"kabutan,nikkei",2
2026-04-01,475A,ギミック,Gimic Co Ltd,add,new_candidate,medium,reuters,1
2026-04-01,475A,ギミック,Gimic,review,new_candidate,low,reuters,1
2026-04-01,4760,アルファ,ALPHA,skip,duplicate,high,"kabutan,reuters",2
2026-04-01,4760,アルファ,アルファ,add,exists_in_base,high,"kabutan,nikkei",2
2026-04-01,4760,アルファ,Alpha Co Ltd,skip,duplicate,high,reuters,1
2026-04-01,4761,さくらケーシーエス,さくらKCS,skip,duplicate,high,"kabutan,tdnet",3
2026-04-01,4761,さくらケーシーエス,さくらケーシーエス,add,exists_in_base,high,"kabutan,nikkei",2
2026-04-01,4761,さくらケーシーエス,Sakura KCS,skip,duplicate,high,reuters,1
2026-04-01,4761,さくらケーシーエス,Sakura KCS Corp,skip,duplicate,high,reuters,1
2026-04-01,4762,エックスネット,XNET,skip,duplicate,high,"kabutan,reuters",2
2026-04-01,4762,エックスネット,エックスネット,add,exists_in_base,high,"kabutan,nikkei",2
2026-04-01,4762,エックスネット,XNET Corp,skip,duplicate,high,reuters,1
2026-04-01,4763,クリーク・アンド・リバー社,クリーク・アンド・リバー社,add,exists_in_base,high,"kabutan,nikkei",2
2026-04-01,4763,クリーク・アンド・リバー社,C&R,skip,duplicate,high,kabutan,1
2026-04-01,4763,クリーク・アンド・リバー社,Creek & River,skip,duplicate,high,reuters,1
2026-04-01,4763,クリーク・アンド・リバー社,Creek & River Co Ltd,skip,duplicate,high,reuters,1
2026-04-01,4763,クリーク・アンド・リバー社,C&R社,add,new_candidate,medium,tdnet,1
2026-04-01,4765,SBIグローバルアセットマネジメント,SBIGアセットM,skip,duplicate,high,tdnet,2
2026-04-01,4765,SBIグローバルアセットマネジメント,SBIグローバルアセットマネジメント,skip,duplicate,high,"kabutan,nikkei",2
2026-04-01,4765,SBIグローバルアセットマネジメント,SBI Global Asset Management,skip,duplicate,high,reuters,1
2026-04-01,4765,SBIグローバルアセットマネジメント,SBI Global Asset Management Co Ltd,skip,duplicate,high,reuters,1
2026-04-01,4765,SBIグローバルアセットマネジメント,SBIGAM,skip,duplicate,high,kabutan,1
2026-04-01,4766,ピーエイ,ピーエイ,skip,duplicate,high,"kabutan,nikkei,tdnet",4
2026-04-01,4766,ピーエイ,PA Co Ltd,skip,duplicate,high,reuters,1
2026-04-01,4767,テー・オー・ダブリュー,TOW,skip,duplicate,high,"kabutan,reuters",2
2026-04-01,4767,テー・オー・ダブリュー,テー・オー・ダブリュー,add,exists_in_base,high,"kabutan,nikkei",2
2026-04-01,4767,テー・オー・ダブリュー,TOW Co Ltd,skip,duplicate,high,reuters,1
2026-04-01,4768,大塚商会,大塚商会,skip,duplicate,high,"kabutan,nikkei",2
2026-04-01,4768,大塚商会,Otsuka,skip,duplicate,high,reuters,1
2026-04-01,4768,大塚商会,Otsuka Corp,skip,duplicate,high,reuters,1
2026-04-01,4769,IC,IC Co Ltd,skip,duplicate,high,reuters,1
2026-04-01,476A,辻・本郷ITコンサルティング,辻・本郷ITコンサルティング,add,exists_in_base,high,"kabutan,nikkei",2
2026-04-01,476A,辻・本郷ITコンサルティング,辻・本郷ITコンサル,skip,duplicate,high,tdnet,1
2026-04-01,476A,辻・本郷ITコンサルティング,Tsuji Hongo IT Consulting,add,new_candidate,medium,reuters,1
2026-04-01,476A,辻・本郷ITコンサルティング,Tsuji Hongo IT Consulting Co Ltd,add,new_candidate,medium,reuters,1
2026-04-01,476A,辻・本郷ITコンサルティング,辻本郷ITC,add,new_candidate,medium,kabutan,1
2026-04-01,4771,エフアンドエム,F&M,skip,duplicate,high,"kabutan,reuters",2
2026-04-01,4771,エフアンドエム,エフアンドエム,skip,duplicate,high,"kabutan,nikkei",2
2026-04-01,4771,エフアンドエム,F&M Co Ltd,skip,duplicate,high,reuters,1
2026-04-01,4772,SM ENTERTAINMENT JAPAN,SM ENTERTAINMENT JAPAN,skip,duplicate,high,"kabutan,nikkei,reuters",3
2026-04-01,4772,SM ENTERTAINMENT JAPAN,SM Entertainment Japan Co Ltd,skip,duplicate,high,reuters,1
2026-04-01,4772,SM ENTERTAINMENT JAPAN,SMEJ,skip,duplicate,high,kabutan,1
2026-04-01,4772,SM ENTERTAINMENT JAPAN,SM ENTER,add,new_candidate,medium,tdnet,2
2026-04-01,4776,サイボウズ,Cybozu,skip,duplicate,high,"reuters,tdnet",4
2026-04-01,4776,サイボウズ,サイボウズ,add,exists_in_base,high,"kabutan,nikkei",2
2026-04-01,4776,サイボウズ,Cybozu Inc,skip,duplicate,high,reuters,1
2026-04-01,4777,ガーラ,ガーラ,skip,duplicate,high,"kabutan,nikkei,tdnet",4
2026-04-01,4777,ガーラ,Gala,skip,duplicate,high,reuters,1
2026-04-01,4777,ガーラ,Gala Inc,skip,duplicate,high,reuters,1
2026-04-01,477A,スタートライン,スタートライン,add,exists_in_base,high,"kabutan,nikkei,tdnet",3
2026-04-01,477A,スタートライン,スタートL,skip,duplicate,high,kabutan,1
2026-04-01,477A,スタートライン,Startline,add,new_candidate,medium,reuters,1
2026-04-01,477A,スタートライン,Startline Co Ltd,add,new_candidate,medium,reuters,1
2026-04-01,4783,NCD,NCD,skip,duplicate,high,"kabutan,nikkei,reuters,tdnet",6
2026-04-01,4783,NCD,NCD Co Ltd,skip,duplicate,high,reuters,1
2026-04-01,4784,GMOインターネット,GMOインターネット,skip,duplicate,high,"kabutan,nikkei,tdnet",6
2026-04-01,4784,GMOインターネット,GMO Internet,skip,duplicate,high,reuters,1
2026-04-01,4784,GMOインターネット,GMO Internet Inc,skip,duplicate,high,reuters,1
2026-04-01,4784,GMOインターネット,GMOインタ,skip,duplicate,high,kabutan,1
2026-04-01,478A,フツパー,フツパー,add,exists_in_base,high,"kabutan,nikkei,tdnet",3
2026-04-01,478A,フツパー,Hutzper,add,new_candidate,medium,reuters,1
2026-04-01,478A,フツパー,Hutzper Inc,add,new_candidate,medium,reuters,1
2026-04-01,4792,山田コンサルティングｸﾞﾙｰﾌﾟ,山田コンサル,skip,duplicate,high,"kabutan,tdnet",2
2026-04-01,4792,山田コンサルティングｸﾞﾙｰﾌﾟ,山田コンサルティンググループ,add,exists_in_base,high,"kabutan,nikkei",2
2026-04-01,4792,山田コンサルティングｸﾞﾙｰﾌﾟ,Yamada Consulting,skip,duplicate,high,reuters,1
2026-04-01,4792,山田コンサルティングｸﾞﾙｰﾌﾟ,Yamada Consulting Group Co Ltd,skip,duplicate,high,reuters,1
2026-04-01,479A,PRONI,PRONI,skip,duplicate,high,"kabutan,nikkei,reuters",3
2026-04-01,479A,PRONI,PRONI Inc,add,new_candidate,medium,reuters,1
2026-04-01,4800,オリコン,オリコン,skip,duplicate,high,"kabutan,nikkei",2
2026-04-01,4800,オリコン,Oricon,skip,duplicate,high,reuters,1
2026-04-01,4800,オリコン,Oricon Inc,skip,duplicate,high,reuters,1
2026-04-01,4801,セントラルスポーツ,セントラルスポーツ,add,exists_in_base,high,"kabutan,nikkei",2
2026-04-01,4801,セントラルスポーツ,セントラルS,skip,duplicate,high,kabutan,1
2026-04-01,4801,セントラルスポーツ,セントラルSP,skip,duplicate,high,tdnet,1
2026-04-01,4801,セントラルスポーツ,4801.T,add,new_candidate,medium,reuters,1
2026-04-01,4809,パラカ,パラカ,skip,duplicate,high,"kabutan,nikkei,tdnet",3
2026-04-01,4809,パラカ,Paraca,skip,duplicate,high,reuters,1
2026-04-01,4809,パラカ,Paraca Inc,skip,duplicate,high,reuters,1
2026-04-01,480A,リブ・コンサルティング,リブコンサル,skip,duplicate,high,"kabutan,tdnet",5
2026-04-01,480A,リブ・コンサルティング,リブ・コンサルティング,add,exists_in_base,high,"kabutan,nikkei",2
2026-04-01,480A,リブ・コンサルティング,480A.T,add,new_candidate,medium,reuters,1
2026-04-01,4811,ドリーム・アーツ,ドリーム・アーツ,add,exists_in_base,high,"kabutan,nikkei,tdnet",4
2026-04-01,4811,ドリーム・アーツ,DreamArts,skip,duplicate,high,reuters,1
2026-04-01,4811,ドリーム・アーツ,DreamArts Corp,skip,duplicate,high,reuters,1
2026-04-01,4811,ドリーム・アーツ,ドリムアーツ,skip,duplicate,high,kabutan,1
2026-04-01,4812,電通総研,電通総研,skip,duplicate,high,"kabutan,nikkei,tdnet",3
2026-04-01,4812,電通総研,Dentsu Soken,skip,duplicate,high,reuters,1
2026-04-01,4812,電通総研,Dentsu Soken Inc,skip,duplicate,high,reuters,1
2026-04-01,4813,ACCESS,ACCESS,skip,duplicate,high,"kabutan,nikkei,reuters,tdnet",8
2026-04-01,4813,ACCESS,Access Co Ltd,skip,duplicate,high,reuters,1
2026-04-01,4814,ネクストウェア,ネクストウェア,add,exists_in_base,high,"kabutan,nikkei,tdnet",3
2026-04-01,4814,ネクストウェア,Nextware,skip,duplicate,high,reuters,1
2026-04-01,4814,ネクストウェア,Nextware Ltd,skip,duplicate,high,reuters,1
2026-04-01,4814,ネクストウェア,ネクスウェア,skip,duplicate,high,kabutan,1
2026-04-01,4816,東映アニメーション,東映アニメ,skip,duplicate,high,"kabutan,tdnet",2
2026-04-01,4816,東映アニメーション,東映アニメーション,add,exists_in_base,high,"kabutan,nikkei",2
2026-04-01,4816,東映アニメーション,Toei Animation,skip,duplicate,high,reuters,1
2026-04-01,4816,東映アニメーション,Toei Animation Co Ltd,skip,duplicate,high,reuters,1
2026-04-01,4819,デジタルガレージ,デジタルガレージ,skip,duplicate,high,"kabutan,nikkei,tdnet",5
2026-04-01,4819,デジタルガレージ,Digital Garage,skip,duplicate,high,reuters,1
2026-04-01,4819,デジタルガレージ,Digital Garage Inc,skip,duplicate,high,reuters,1
2026-04-01,4819,デジタルガレージ,Dガレージ,skip,duplicate,high,kabutan,1
2026-04-01,4820,イーエムシステムズ,イーエムシステムズ,add,exists_in_base,high,"kabutan,nikkei",2
2026-04-01,4820,イーエムシステムズ,EM Systems,skip,duplicate,high,reuters,1
2026-04-01,4820,イーエムシステムズ,EM Systems Co Ltd,skip,duplicate,high,reuters,1
2026-04-01,4820,イーエムシステムズ,EMシステム,skip,duplicate,high,kabutan,1
2026-04-01,4820,イーエムシステムズ,EMシステムズ,skip,duplicate,high,tdnet,1
2026-04-01,4825,ウェザーニューズ,ウェザーニューズ,add,exists_in_base,high,"kabutan,nikkei",2
2026-04-01,4825,ウェザーニューズ,Weathernews,skip,duplicate,high,reuters,1
2026-04-01,4825,ウェザーニューズ,Weathernews Inc,skip,duplicate,high,reuters,1
2026-04-01,4825,ウェザーニューズ,WNIウェザ,skip,duplicate,high,kabutan,1
2026-04-01,4826,CIJ,CIJ,skip,duplicate,high,"kabutan,nikkei,tdnet",4
2026-04-01,4826,CIJ,Computer Institute of Japan,skip,duplicate,high,reuters,1
2026-04-01,4826,CIJ,Computer Institute of Japan Ltd,skip,duplicate,high,reuters,1
2026-04-01,4828,ビジネスエンジニアリング,ビジネスエンジニアリング,add,exists_in_base,high,"kabutan,nikkei",2
2026-04-01,4828,ビジネスエンジニアリング,Business Engineering,skip,duplicate,high,reuters,1
2026-04-01,4828,ビジネスエンジニアリング,Business Engineering Corp,skip,duplicate,high,reuters,1
2026-04-01,4828,ビジネスエンジニアリング,ビーエンジ,skip,duplicate,high,kabutan,1
2026-04-01,4829,日本エンタープライズ,日本エンタープライズ,skip,duplicate,high,"kabutan,nikkei,tdnet",3
2026-04-01,4829,日本エンタープライズ,"Nihon Enterprise Co., Ltd",skip,duplicate,high,reuters,1
2026-04-01,4829,日本エンタープライズ,日エンター,skip,duplicate,high,kabutan,1
2026-04-01,4829,日本エンタープライズ,"Nihon Enterprise Co.,",add,new_candidate,medium,reuters,1
2026-04-01,4832,JFEシステムズ,JFEシステムズ,skip,duplicate,high,"kabutan,nikkei",2
2026-04-01,4832,JFEシステムズ,JFE Systems,skip,duplicate,high,reuters,1
2026-04-01,4832,JFEシステムズ,JFE Systems Inc,skip,duplicate,high,reuters,1
2026-04-01,4832,JFEシステムズ,JFEシステ,skip,duplicate,high,kabutan,1
2026-04-01,4833,Def consulting,Def consulting,skip,duplicate,high,"kabutan,nikkei,reuters",3
2026-04-01,4833,Def consulting,Def Consulting Inc,skip,duplicate,high,reuters,1
2026-04-01,4833,Def consulting,Defコン,skip,duplicate,high,kabutan,1
2026-04-01,4833,Def consulting,Defコンサル,add,new_candidate,medium,tdnet,1
2026-04-01,4838,スペースシャワーSKIYAKIﾎｰﾙﾃﾞｨﾝｸﾞｽ,SSSKHD,skip,duplicate,high,"kabutan,tdnet",2
2026-04-01,4838,スペースシャワーSKIYAKIﾎｰﾙﾃﾞｨﾝｸﾞｽ,スペースシャワーSKIYAKIホールディングス,add,exists_in_base,high,"kabutan,nikkei",2
2026-04-01,4838,スペースシャワーSKIYAKIﾎｰﾙﾃﾞｨﾝｸﾞｽ,Space Shower Skiyaki,skip,duplicate,high,reuters,1
2026-04-01,4838,スペースシャワーSKIYAKIﾎｰﾙﾃﾞｨﾝｸﾞｽ,Space Shower Skiyaki Holdings Inc,skip,duplicate,high,reuters,1
2026-04-01,4839,WOWOW,WOWOW,skip,duplicate,high,"kabutan,nikkei,reuters,tdnet",6
2026-04-01,4839,WOWOW,Wowow Inc,skip,duplicate,high,reuters,1
2026-04-01,483A,テラテクノロジー,テラテクノロジー,skip,duplicate,high,"kabutan,nikkei",2
2026-04-01,483A,テラテクノロジー,テラテクノ,skip,duplicate,high,kabutan,1
2026-04-01,483A,テラテクノロジー,Tera Technology,add,new_candidate,medium,reuters,1
2026-04-01,483A,テラテクノロジー,Tera Technology Inc,add,new_candidate,medium,reuters,1
2026-04-01,4840,トライアイズ,トライアイズ,skip,duplicate,high,"kabutan,nikkei,tdnet",14
2026-04-01,4840,トライアイズ,Triis,skip,duplicate,high,reuters,1
2026-04-01,4840,トライアイズ,Triis Inc,skip,duplicate,high,reuters,1
2026-04-01,4845,スカラ,スカラ,skip,duplicate,high,"kabutan,nikkei,tdnet",5
2026-04-01,4845,スカラ,Scala,skip,duplicate,high,reuters,1
2026-04-01,4845,スカラ,Scala Inc,skip,duplicate,high,reuters,1
2026-04-01,4847,インテリジェント ウェイブ,インテリジェント ウェイブ,add,exists_in_base,high,"kabutan,nikkei",2
2026-04-01,4847,インテリジェント ウェイブ,Intelligent Wave,skip,duplicate,high,reuters,1
2026-04-01,4847,インテリジェント ウェイブ,Intelligent Wave Inc,skip,duplicate,high,reuters,1
2026-04-01,4847,インテリジェント ウェイブ,インテリW,skip,duplicate,high,kabutan,1
2026-04-01,4848,フルキャストﾎｰﾙﾃﾞｨﾝｸﾞｽ,フルキャストHD,skip,duplicate,high,tdnet,4
2026-04-01,4848,フルキャストﾎｰﾙﾃﾞｨﾝｸﾞｽ,フルキャストホールディングス,skip,duplicate,high,"kabutan,nikkei",2
2026-04-01,4848,フルキャストﾎｰﾙﾃﾞｨﾝｸﾞｽ,Fullcast,skip,duplicate,high,reuters,1
2026-04-01,4848,フルキャストﾎｰﾙﾃﾞｨﾝｸﾞｽ,Fullcast Holdings Co Ltd,skip,duplicate,high,reuters,1
2026-04-01,4848,フルキャストﾎｰﾙﾃﾞｨﾝｸﾞｽ,フルキャスト,skip,duplicate,high,kabutan,1
2026-04-01,4849,エン,エン,skip,duplicate,high,"kabutan,nikkei,tdnet",4
2026-04-01,4849,エン,en Inc,skip,duplicate,high,reuters,1
2026-04-01,485A,パワーエックス,パワーエックス,add,exists_in_base,high,"kabutan,nikkei,tdnet",13
2026-04-01,485A,パワーエックス,PowerX,skip,duplicate,high,"kabutan,reuters",2
2026-04-01,485A,パワーエックス,PowerX Inc,add,new_candidate,medium,reuters,1
2026-04-01,4880,セルソース,セルソース,skip,duplicate,high,"kabutan,nikkei,tdnet",5
2026-04-01,4880,セルソース,CellSource,skip,duplicate,high,reuters,1
2026-04-01,4880,セルソース,CellSource Co Ltd,skip,duplicate,high,reuters,1
2026-04-01,4881,ファンペップ,ファンペップ,add,exists_in_base,high,"kabutan,nikkei,tdnet",7
2026-04-01,4881,ファンペップ,FunPep,skip,duplicate,high,reuters,1
2026-04-01,4881,ファンペップ,FunPep Co Ltd,skip,duplicate,high,reuters,1
2026-04-01,4882,ペルセウスプロテオミクス,ペルセウス,skip,duplicate,high,"kabutan,tdnet",7
2026-04-01,4882,ペルセウスプロテオミクス,ペルセウスプロテオミクス,add,exists_in_base,high,"kabutan,nikkei",2
2026-04-01,4882,ペルセウスプロテオミクス,Perseus Proteomics,skip,duplicate,high,reuters,1
2026-04-01,4882,ペルセウスプロテオミクス,Perseus Proteomics Inc,skip,duplicate,high,reuters,1
2026-04-01,4883,モダリス,モダリス,add,exists_in_base,high,"kabutan,nikkei,tdnet",7
2026-04-01,4883,モダリス,Modalis Therapeutics,skip,duplicate,high,reuters,1
2026-04-01,4883,モダリス,Modalis Therapeutics Corp,skip,duplicate,high,reuters,1
2026-04-01,4884,クリングルファーマ,クリングル,add,new_candidate,high,"kabutan,tdnet",5
2026-04-01,4884,クリングルファーマ,クリングルファーマ,add,exists_in_base,high,"kabutan,nikkei",2
2026-04-01,4884,クリングルファーマ,Kringle Pharma,skip,duplicate,high,reuters,1
2026-04-01,4884,クリングルファーマ,Kringle Pharma Inc,skip,duplicate,high,reuters,1
2026-04-01,4885,室町ケミカル,室町ケミカル,add,exists_in_base,high,"kabutan,nikkei",2
2026-04-01,4885,室町ケミカル,Muromachi Chemicals,skip,duplicate,high,reuters,1
2026-04-01,4885,室町ケミカル,Muromachi Chemicals Inc,skip,duplicate,high,reuters,1
2026-04-01,4886,あすか製薬ﾎｰﾙﾃﾞｨﾝｸﾞｽ,あすか製薬HD,skip,duplicate,high,tdnet,3
2026-04-01,4886,あすか製薬ﾎｰﾙﾃﾞｨﾝｸﾞｽ,あすか製薬ホールディングス,skip,duplicate,high,"kabutan,nikkei",2
2026-04-01,4886,あすか製薬ﾎｰﾙﾃﾞｨﾝｸﾞｽ,ASKA Pharmaceutical,skip,duplicate,high,reuters,1
2026-04-01,4886,あすか製薬ﾎｰﾙﾃﾞｨﾝｸﾞｽ,ASKA Pharmaceutical Holdings Co Ltd,skip,duplicate,high,reuters,1
2026-04-01,4886,あすか製薬ﾎｰﾙﾃﾞｨﾝｸﾞｽ,あすか薬HD,skip,duplicate,high,kabutan,1
2026-04-01,4887,サワイｸﾞﾙｰﾌﾟﾎｰﾙﾃﾞｨﾝｸﾞｽ,サワイグループホールディングス,skip,duplicate,high,"kabutan,nikkei",2
2026-04-01,4887,サワイｸﾞﾙｰﾌﾟﾎｰﾙﾃﾞｨﾝｸﾞｽ,Sawai,skip,duplicate,high,reuters,1
2026-04-01,4887,サワイｸﾞﾙｰﾌﾟﾎｰﾙﾃﾞｨﾝｸﾞｽ,Sawai Group Holdings Co Ltd,skip,duplicate,high,reuters,1
2026-04-01,4887,サワイｸﾞﾙｰﾌﾟﾎｰﾙﾃﾞｨﾝｸﾞｽ,サワイGHD,skip,duplicate,high,kabutan,1
2026-04-01,4888,ステラファーマ,ステラファーマ,add,exists_in_base,high,"kabutan,nikkei,tdnet",7
2026-04-01,4888,ステラファーマ,Stella Pharma,skip,duplicate,high,reuters,1
2026-04-01,4888,ステラファーマ,Stella Pharma Corp,skip,duplicate,high,reuters,1
2026-04-01,4888,ステラファーマ,ステラファ,skip,duplicate,high,kabutan,1
2026-04-01,4889,レナサイエンス,レナサイエンス,add,exists_in_base,high,"kabutan,nikkei,tdnet",10
2026-04-01,4889,レナサイエンス,Renascience,skip,duplicate,high,reuters,1
2026-04-01,4889,レナサイエンス,Renascience Inc,skip,duplicate,high,reuters,1
2026-04-01,4889,レナサイエンス,レナ,skip,duplicate,high,kabutan,1
2026-04-01,4890,坪田ラボ,坪田ラボ,add,exists_in_base,high,"kabutan,nikkei",2
2026-04-01,4890,坪田ラボ,Tsubota Laboratory,skip,duplicate,high,reuters,1
2026-04-01,4890,坪田ラボ,Tsubota Laboratory Inc,skip,duplicate,high,reuters,1
2026-04-01,4891,ティムス,ティムス,add,exists_in_base,high,"kabutan,nikkei,tdnet",6
2026-04-01,4891,ティムス,TMS,skip,duplicate,high,reuters,1
2026-04-01,4891,ティムス,TMS Co Ltd,skip,duplicate,high,reuters,1
2026-04-01,4892,サイフューズ,サイフューズ,add,exists_in_base,high,"kabutan,nikkei,tdnet",6
2026-04-01,4892,サイフューズ,Cyfuse Biomedical,skip,duplicate,high,reuters,1
2026-04-01,4892,サイフューズ,Cyfuse Biomedical KK,skip,duplicate,high,reuters,1
2026-04-01,4893,ノイルイミューン・バイオテック,ノイルイミューン・バイオテック,add,exists_in_base,high,"kabutan,nikkei",2
2026-04-01,4893,ノイルイミューン・バイオテック,Noile-Immune Biotech,skip,duplicate,high,reuters,1
2026-04-01,4893,ノイルイミューン・バイオテック,Noile-Immune Biotech Inc,skip,duplicate,high,reuters,1
2026-04-01,4893,ノイルイミューン・バイオテック,ノイル,skip,duplicate,high,kabutan,1
2026-04-01,4893,ノイルイミューン・バイオテック,ノイルイミューン,add,new_candidate,medium,tdnet,2
2026-04-01,4894,クオリプス,クオリプス,add,exists_in_base,high,"kabutan,nikkei,tdnet",3
2026-04-01,4894,クオリプス,Cuorips,skip,duplicate,high,reuters,1
2026-04-01,4894,クオリプス,Cuorips Inc,skip,duplicate,high,reuters,1
2026-04-01,4896,ケイファーマ,ケイファーマ,add,exists_in_base,high,"kabutan,nikkei,tdnet",6
2026-04-01,4896,ケイファーマ,K Pharma,skip,duplicate,high,reuters,1
2026-04-01,4896,ケイファーマ,K Pharma Inc,skip,duplicate,high,reuters,1
2026-04-01,4901,富士フイルムﾎｰﾙﾃﾞｨﾝｸﾞｽ,富士フイルム,skip,duplicate,high,"kabutan,tdnet",2
2026-04-01,4901,富士フイルムﾎｰﾙﾃﾞｨﾝｸﾞｽ,富士フイルムホールディングス,add,exists_in_base,high,"kabutan,nikkei",2
2026-04-01,4901,富士フイルムﾎｰﾙﾃﾞｨﾝｸﾞｽ,Fujifilm,skip,duplicate,high,reuters,1
2026-04-01,4901,富士フイルムﾎｰﾙﾃﾞｨﾝｸﾞｽ,Fujifilm Holdings Corp,skip,duplicate,high,reuters,1
2026-04-01,4902,コニカミノルタ,コニカミノルタ,skip,duplicate,high,"kabutan,nikkei,tdnet",3
2026-04-01,4902,コニカミノルタ,Konica Minolta,skip,duplicate,high,reuters,1
2026-04-01,4902,コニカミノルタ,Konica Minolta Inc,skip,duplicate,high,reuters,1
2026-04-01,4902,コニカミノルタ,コニカミノル,add,new_candidate,medium,kabutan,1
2026-04-01,4911,資生堂,資生堂,skip,duplicate,high,"kabutan,nikkei,tdnet",4
2026-04-01,4911,資生堂,Shiseido,skip,duplicate,high,reuters,1
2026-04-01,4911,資生堂,Shiseido Co Ltd,skip,duplicate,high,reuters,1
2026-04-01,4912,ライオン,ライオン,skip,duplicate,high,"kabutan,nikkei",2
2026-04-01,4912,ライオン,Lion,skip,duplicate,high,reuters,1
2026-04-01,4912,ライオン,Lion Corp,skip,duplicate,high,reuters,1
2026-04-01,4914,高砂香料工業,高砂香料工業,add,exists_in_base,high,"kabutan,nikkei",2
2026-04-01,4914,高砂香料工業,Takasago International,skip,duplicate,high,reuters,1
2026-04-01,4914,高砂香料工業,Takasago International Corp,skip,duplicate,high,reuters,1
2026-04-01,4914,高砂香料工業,高砂香,skip,duplicate,high,kabutan,1
2026-04-01,4914,高砂香料工業,高砂香料,skip,duplicate,high,tdnet,1
2026-04-01,4917,マンダム,マンダム,skip,duplicate,high,"kabutan,nikkei,tdnet",6
2026-04-01,4917,マンダム,Mandom,skip,duplicate,high,reuters,1
2026-04-01,4917,マンダム,Mandom Corp,skip,duplicate,high,reuters,1
2026-04-01,4918,アイビー化粧品,アイビー化粧品,add,exists_in_base,high,"kabutan,nikkei",2
2026-04-01,4918,アイビー化粧品,Ivy Cosmetics,skip,duplicate,high,reuters,1
2026-04-01,4918,アイビー化粧品,Ivy Cosmetics Corp,skip,duplicate,high,reuters,1
2026-04-01,4918,アイビー化粧品,アイビー,skip,duplicate,high,kabutan,1
2026-04-01,4919,ミルボン,ミルボン,add,exists_in_base,high,"kabutan,nikkei",2
2026-04-01,4919,ミルボン,Milbon,skip,duplicate,high,reuters,1
2026-04-01,4919,ミルボン,Milbon Co Ltd,skip,duplicate,high,reuters,1
2026-04-01,4920,日本色材工業研究所,日本色材,skip,duplicate,high,"kabutan,tdnet",2
2026-04-01,4920,日本色材工業研究所,日本色材工業研究所,add,exists_in_base,high,"kabutan,nikkei",2
2026-04-01,4920,日本色材工業研究所,Nippon Shikizai,skip,duplicate,high,reuters,1
2026-04-01,4920,日本色材工業研究所,Nippon Shikizai Inc,skip,duplicate,high,reuters,1
2026-04-01,4922,コーセーﾎｰﾙﾃﾞｨﾝｸﾞｽ,コーセーHD,skip,duplicate,high,"kabutan,tdnet",4
2026-04-01,4922,コーセーﾎｰﾙﾃﾞｨﾝｸﾞｽ,コーセーホールディングス,add,exists_in_base,high,"kabutan,nikkei",2
2026-04-01,4922,コーセーﾎｰﾙﾃﾞｨﾝｸﾞｽ,Kose,skip,duplicate,high,reuters,1
2026-04-01,4922,コーセーﾎｰﾙﾃﾞｨﾝｸﾞｽ,Kose Holdings Corp,skip,duplicate,high,reuters,1
2026-04-01,4923,コタ,COTA,skip,duplicate,high,"kabutan,reuters,tdnet",7
2026-04-01,4923,コタ,コタ,add,exists_in_base,high,"kabutan,nikkei",2
2026-04-01,4923,コタ,Cota Co Ltd,skip,duplicate,high,reuters,1
2026-04-01,4925,ハーバー研究所,ハーバー研究所,add,exists_in_base,high,"kabutan,nikkei",2
2026-04-01,4925,ハーバー研究所,HABA,skip,duplicate,high,tdnet,1
2026-04-01,4925,ハーバー研究所,Haba Laboratories,skip,duplicate,high,reuters,1
2026-04-01,4925,ハーバー研究所,Haba Laboratories Inc,skip,duplicate,high,reuters,1
2026-04-01,4925,ハーバー研究所,ハーバー研,skip,duplicate,high,kabutan,1
2026-04-01,4926,シーボン,シーボン,skip,duplicate,high,"kabutan,nikkei,tdnet",3
2026-04-01,4926,シーボン,C'Bon Cosmetics,skip,duplicate,high,reuters,1
2026-04-01,4926,シーボン,C'Bon Cosmetics Co Ltd,skip,duplicate,high,reuters,1
2026-04-01,4927,ポーラ・オルビスﾎｰﾙﾃﾞｨﾝｸﾞｽ,ポーラ・オルビスホールディングス,skip,duplicate,high,"kabutan,nikkei",2
2026-04-01,4927,ポーラ・オルビスﾎｰﾙﾃﾞｨﾝｸﾞｽ,Pola Orbis,skip,duplicate,high,reuters,1
2026-04-01,4927,ポーラ・オルビスﾎｰﾙﾃﾞｨﾝｸﾞｽ,Pola Orbis Holdings Inc,skip,duplicate,high,reuters,1
2026-04-01,4927,ポーラ・オルビスﾎｰﾙﾃﾞｨﾝｸﾞｽ,ポーラHD,skip,duplicate,high,kabutan,1
2026-04-01,4928,ノエビアﾎｰﾙﾃﾞｨﾝｸﾞｽ,ノエビアホールディングス,skip,duplicate,high,"kabutan,nikkei",2
2026-04-01,4928,ノエビアﾎｰﾙﾃﾞｨﾝｸﾞｽ,Noevir,skip,duplicate,high,reuters,1
2026-04-01,4928,ノエビアﾎｰﾙﾃﾞｨﾝｸﾞｽ,Noevir Holdings Co Ltd,skip,duplicate,high,reuters,1
2026-04-01,4928,ノエビアﾎｰﾙﾃﾞｨﾝｸﾞｽ,ノエビアHD,skip,duplicate,high,kabutan,1
2026-04-01,4929,アジュバンﾎｰﾙﾃﾞｨﾝｸﾞｽ,アジュバンホールディングス,skip,duplicate,high,"kabutan,nikkei",2
2026-04-01,4929,アジュバンﾎｰﾙﾃﾞｨﾝｸﾞｽ,Adjuvant,skip,duplicate,high,reuters,1
2026-04-01,4929,アジュバンﾎｰﾙﾃﾞｨﾝｸﾞｽ,Adjuvant Holdings Co Ltd,skip,duplicate,high,reuters,1
2026-04-01,4929,アジュバンﾎｰﾙﾃﾞｨﾝｸﾞｽ,アジュバン,skip,duplicate,high,kabutan,1
2026-04-01,4931,新日本製薬,新日本製薬,skip,duplicate,high,"kabutan,nikkei",2
2026-04-01,4931,新日本製薬,Shinnihonseiyaku,skip,duplicate,high,reuters,1
2026-04-01,4931,新日本製薬,Shinnihonseiyaku Co Ltd,skip,duplicate,high,reuters,1
2026-04-01,4932,アルマード,アルマード,add,exists_in_base,high,"kabutan,nikkei",2
2026-04-01,4932,アルマード,Almado,skip,duplicate,high,reuters,1
2026-04-01,4932,アルマード,Almado Inc,skip,duplicate,high,reuters,1
2026-04-01,4933,I－ne,I-ne,skip,duplicate,high,"kabutan,nikkei,reuters,tdnet",10
2026-04-01,4933,I－ne,I-ne Co Ltd,skip,duplicate,high,reuters,1
2026-04-01,4934,プレミアアンチエイジング,プレミアアンチエイジング,add,exists_in_base,high,"kabutan,nikkei",2
2026-04-01,4934,プレミアアンチエイジング,"Premier Anti-aging Co., Ltd",skip,duplicate,high,reuters,1
2026-04-01,4934,プレミアアンチエイジング,Pアンチエイ,skip,duplicate,high,kabutan,1
2026-04-01,4934,プレミアアンチエイジング,Pアンチエイジ,add,new_candidate,medium,tdnet,3
2026-04-01,4934,プレミアアンチエイジング,"Premier Anti-aging Co.,",add,new_candidate,medium,reuters,1
2026-04-01,4935,リベルタ,リベルタ,skip,duplicate,high,"kabutan,nikkei,tdnet",16
2026-04-01,4935,リベルタ,Liberta,skip,duplicate,high,reuters,1
2026-04-01,4935,リベルタ,Liberta Co Ltd,skip,duplicate,high,reuters,1
2026-04-01,4936,アクシージア,アクシージア,add,exists_in_base,high,"kabutan,nikkei,tdnet",4
2026-04-01,4936,アクシージア,Axxzia,skip,duplicate,high,reuters,1
2026-04-01,4936,アクシージア,Axxzia Inc,skip,duplicate,high,reuters,1
2026-04-01,4937,Waqoo,Waqoo,skip,duplicate,high,"kabutan,nikkei,reuters,tdnet",5
2026-04-01,4937,Waqoo,Waqoo Inc,skip,duplicate,high,reuters,1
2026-04-01,4937,Waqoo,ワクー,skip,duplicate,high,kabutan,1
2026-04-01,4951,エステー,エステー,skip,duplicate,high,"kabutan,nikkei,tdnet",3
2026-04-01,4951,エステー,ST Corp,skip,duplicate,high,reuters,1
2026-04-01,4956,コニシ,コニシ,skip,duplicate,high,"kabutan,nikkei",2
2026-04-01,4956,コニシ,Konishi,skip,duplicate,high,reuters,1
2026-04-01,4956,コニシ,Konishi Co Ltd,skip,duplicate,high,reuters,1
2026-04-01,4957,ヤスハラケミカル,ヤスハラケミ,skip,duplicate,high,"kabutan,tdnet",2
2026-04-01,4957,ヤスハラケミカル,4957.T,skip,duplicate,high,reuters,1
2026-04-01,4957,ヤスハラケミカル,ヤスハラケミカル,add,exists_in_base,high,kabutan,1
2026-04-01,4958,長谷川香料,長谷川香料,add,exists_in_base,high,"kabutan,nikkei",2
2026-04-01,4958,長谷川香料,T.Hasegawa,skip,duplicate,high,reuters,1
2026-04-01,4958,長谷川香料,T.Hasegawa Co Ltd,skip,duplicate,high,reuters,1
2026-04-01,4958,長谷川香料,長谷川香,skip,duplicate,high,tdnet,1
2026-04-01,4960,ケミプロ化成,ケミプロ化成,skip,duplicate,high,"kabutan,nikkei",2
2026-04-01,4960,ケミプロ化成,Chemipro Kasei Kaisha,skip,duplicate,high,reuters,1
2026-04-01,4960,ケミプロ化成,Chemipro Kasei Kaisha Ltd,skip,duplicate,high,reuters,1
2026-04-01,4960,ケミプロ化成,ケミプロ,skip,duplicate,high,kabutan,1
2026-04-01,4966,上村工業,上村工業,skip,duplicate,high,"kabutan,nikkei,tdnet",4
2026-04-01,4966,上村工業,C.Uyemura &,skip,duplicate,high,reuters,1
2026-04-01,4966,上村工業,C.Uyemura & Co Ltd,skip,duplicate,high,reuters,1
2026-04-01,4966,上村工業,上村工,skip,duplicate,high,kabutan,1
2026-04-01,4967,小林製薬,小林製薬,skip,duplicate,high,"kabutan,nikkei,tdnet",4
2026-04-01,4967,小林製薬,Kobayashi Pharmaceutical,skip,duplicate,high,reuters,1
2026-04-01,4967,小林製薬,Kobayashi Pharmaceutical Co Ltd,skip,duplicate,high,reuters,1
2026-04-01,4968,荒川化学工業,荒川化学工業,add,exists_in_base,high,"kabutan,nikkei",2
2026-04-01,4968,荒川化学工業,Arakawa Chemical Industries,skip,duplicate,high,reuters,1
2026-04-01,4968,荒川化学工業,Arakawa Chemical Industries Ltd,skip,duplicate,high,reuters,1
2026-04-01,4968,荒川化学工業,荒川化,skip,duplicate,high,kabutan,1
2026-04-01,4968,荒川化学工業,荒川化学,skip,duplicate,high,tdnet,1
2026-04-01,4970,東洋合成工業,東洋合成工業,add,exists_in_base,high,"kabutan,nikkei",2
2026-04-01,4970,東洋合成工業,Toyo Gosei,skip,duplicate,high,reuters,1
2026-04-01,4970,東洋合成工業,Toyo Gosei Co Ltd,skip,duplicate,high,reuters,1
2026-04-01,4970,東洋合成工業,東洋合成,skip,duplicate,high,kabutan,1
2026-04-01,4971,メック,メック,add,exists_in_base,high,"kabutan,nikkei,tdnet",3
2026-04-01,4971,メック,MEC,skip,duplicate,high,reuters,1
2026-04-01,4971,メック,MEC Co Ltd,skip,duplicate,high,reuters,1
2026-04-01,4972,綜研化学,綜研化学,skip,duplicate,high,"kabutan,nikkei,tdnet",3
2026-04-01,4972,綜研化学,Soken Chemical & Engineering,skip,duplicate,high,reuters,1
2026-04-01,4972,綜研化学,Soken Chemical & Engineering Co Ltd,skip,duplicate,high,reuters,1
2026-04-01,4973,日本高純度化学,日本高純度化学,add,exists_in_base,high,"kabutan,nikkei",2
2026-04-01,4973,日本高純度化学,Japan Pure Chemical,skip,duplicate,high,reuters,1
2026-04-01,4973,日本高純度化学,Japan Pure Chemical Co Ltd,skip,duplicate,high,reuters,1
2026-04-01,4973,日本高純度化学,日本高純度,skip,duplicate,high,kabutan,1
2026-04-01,4974,タカラバイオ,タカラバイオ,skip,duplicate,high,"kabutan,nikkei,tdnet",3
2026-04-01,4974,タカラバイオ,Takara Bio,skip,duplicate,high,reuters,1
2026-04-01,4974,タカラバイオ,Takara Bio Inc,skip,duplicate,high,reuters,1
2026-04-01,4975,JCU,JCU,skip,duplicate,high,"kabutan,nikkei,reuters,tdnet",7
2026-04-01,4975,JCU,JCU Corp,skip,duplicate,high,reuters,1
2026-04-01,4976,東洋ドライルーブ,東洋ドライルーブ,add,exists_in_base,high,"kabutan,nikkei",2
2026-04-01,4976,東洋ドライルーブ,Toyo Drilube,skip,duplicate,high,reuters,1
2026-04-01,4976,東洋ドライルーブ,Toyo Drilube Co Ltd,skip,duplicate,high,reuters,1
2026-04-01,4976,東洋ドライルーブ,東洋ドライ,skip,duplicate,high,kabutan,1
2026-04-01,4977,新田ゼラチン,新田ゼラチン,add,exists_in_base,high,"kabutan,nikkei",2
2026-04-01,4977,新田ゼラチン,Nitta Gelatin,skip,duplicate,high,reuters,1
2026-04-01,4977,新田ゼラチン,Nitta Gelatin Inc,skip,duplicate,high,reuters,1
2026-04-01,4977,新田ゼラチン,ニッタゼラチン,add,new_candidate,medium,tdnet,1
2026-04-01,4978,リプロセル,リプロセル,add,exists_in_base,high,"kabutan,nikkei,tdnet",3
2026-04-01,4978,リプロセル,ReproCell,skip,duplicate,high,reuters,1
2026-04-01,4978,リプロセル,ReproCell Inc,skip,duplicate,high,reuters,1
2026-04-01,4979,OATアグリオ,OATアグリオ,skip,duplicate,high,"kabutan,nikkei,tdnet",4
2026-04-01,4979,OATアグリオ,OAT Agrio,skip,duplicate,high,reuters,1
2026-04-01,4979,OATアグリオ,OAT Agrio Co Ltd,skip,duplicate,high,reuters,1
2026-04-01,4979,OATアグリオ,OATアグリ,skip,duplicate,high,kabutan,1
2026-04-01,4980,デクセリアルズ,デクセリアルズ,skip,duplicate,high,"kabutan,nikkei",2
2026-04-01,4980,デクセリアルズ,Dexerials,skip,duplicate,high,reuters,1
2026-04-01,4980,デクセリアルズ,Dexerials Corp,skip,duplicate,high,reuters,1
2026-04-01,4980,デクセリアルズ,デクセリ,skip,duplicate,high,kabutan,1
2026-04-01,4985,アース製薬,アース製薬,add,exists_in_base,high,"kabutan,nikkei,tdnet",3
2026-04-01,4985,アース製薬,Earth,skip,duplicate,high,reuters,1
2026-04-01,4985,アース製薬,Earth Corp,skip,duplicate,high,reuters,1
2026-04-01,4990,昭和化学工業,昭和化,skip,duplicate,high,"kabutan,tdnet",3
2026-04-01,4990,昭和化学工業,昭和化学工業,add,exists_in_base,high,"kabutan,nikkei",2
2026-04-01,4990,昭和化学工業,Showa Chemical Industry,skip,duplicate,high,reuters,1
2026-04-01,4990,昭和化学工業,Showa Chemical Industry Co Ltd,skip,duplicate,high,reuters,1
2026-04-01,4992,北興化学工業,北興化,skip,duplicate,high,"kabutan,tdnet",2
2026-04-01,4992,北興化学工業,北興化学工業,add,exists_in_base,high,"kabutan,nikkei",2
2026-04-01,4992,北興化学工業,Hokko Chemical Industry,skip,duplicate,high,reuters,1
2026-04-01,4992,北興化学工業,Hokko Chemical Industry Co Ltd,skip,duplicate,high,reuters,1
2026-04-01,4994,大成ラミックｸﾞﾙｰﾌﾟ,大成ラミックグループ,skip,duplicate,high,"kabutan,nikkei",2
2026-04-01,4994,大成ラミックｸﾞﾙｰﾌﾟ,Taisei Lamick Group Head Quarter & Innovation,skip,duplicate,high,reuters,1
2026-04-01,4994,大成ラミックｸﾞﾙｰﾌﾟ,Taisei Lamick Group Head Quarter & Innovation Co Ltd,skip,duplicate,high,reuters,1
2026-04-01,4994,大成ラミックｸﾞﾙｰﾌﾟ,大成ラミック,skip,duplicate,high,kabutan,1
2026-04-01,4996,クミアイ化学工業,クミアイ化,skip,duplicate,high,"kabutan,tdnet",4
2026-04-01,4996,クミアイ化学工業,クミアイ化学工業,add,exists_in_base,high,"kabutan,nikkei",2
2026-04-01,4996,クミアイ化学工業,Kumiai Chemical Industry,skip,duplicate,high,reuters,1
2026-04-01,4996,クミアイ化学工業,Kumiai Chemical Industry Co Ltd,skip,duplicate,high,reuters,1
2026-04-01,4997,日本農薬,日本農薬,add,exists_in_base,high,"kabutan,nikkei",2
2026-04-01,4997,日本農薬,Nihon Nohyaku,skip,duplicate,high,reuters,1
2026-04-01,4997,日本農薬,Nihon Nohyaku Co Ltd,skip,duplicate,high,reuters,1
2026-04-01,4997,日本農薬,日農薬,skip,duplicate,high,kabutan,1
2026-04-01,4998,フマキラー,フマキラー,add,exists_in_base,high,"kabutan,nikkei",2
2026-04-01,4998,フマキラー,Fumakilla,skip,duplicate,high,reuters,1
2026-04-01,4998,フマキラー,Fumakilla Ltd,skip,duplicate,high,reuters,1
2026-04-01,4998,フマキラー,フマキラ,skip,duplicate,high,kabutan,1
2026-04-01,500A,TOブックス,TOブックス,add,exists_in_base,high,"kabutan,nikkei,tdnet",5
2026-04-01,500A,TOブックス,TO Books,add,new_candidate,medium,reuters,1
2026-04-01,500A,TOブックス,TO Books Inc,add,new_candidate,medium,reuters,1
2026-04-01,5010,日本精蝋,日本精蝋,add,exists_in_base,high,"kabutan,nikkei",2
2026-04-01,5010,日本精蝋,日精蝋,skip,duplicate,high,"kabutan,tdnet",2
2026-04-01,5010,日本精蝋,Nippon Seiro,skip,duplicate,high,reuters,1
2026-04-01,5010,日本精蝋,Nippon Seiro Co Ltd,skip,duplicate,high,reuters,1
2026-04-01,5011,ニチレキｸﾞﾙｰﾌﾟ,ニチレキグループ,skip,duplicate,high,"kabutan,nikkei",2
2026-04-01,5011,ニチレキｸﾞﾙｰﾌﾟ,Nichireki,skip,duplicate,high,reuters,1
2026-04-01,5011,ニチレキｸﾞﾙｰﾌﾟ,Nichireki Group Co Ltd,skip,duplicate,high,reuters,1
2026-04-01,5011,ニチレキｸﾞﾙｰﾌﾟ,ニチレキG,skip,duplicate,high,kabutan,1
2026-04-01,5013,ユシロ,ユシロ,skip,duplicate,high,"kabutan,nikkei",2
2026-04-01,5013,ユシロ,Yushiro,skip,duplicate,high,reuters,1
2026-04-01,5013,ユシロ,Yushiro Inc,skip,duplicate,high,reuters,1
2026-04-01,5015,ビーピー・カストロール,ビーピー・カストロール,add,exists_in_base,high,"kabutan,nikkei",2
2026-04-01,5015,ビーピー・カストロール,BP Castrol,skip,duplicate,high,reuters,1
2026-04-01,5015,ビーピー・カストロール,BP Castrol KK,skip,duplicate,high,reuters,1
2026-04-01,5015,ビーピー・カストロール,BPカストロ,skip,duplicate,high,kabutan,1
2026-04-01,5015,ビーピー・カストロール,BPカストロール,skip,duplicate,high,tdnet,1
2026-04-01,5016,JX金属,JX金属,skip,duplicate,high,"kabutan,nikkei,tdnet",6
2026-04-01,5016,JX金属,JX Advanced Metals,skip,duplicate,high,reuters,1
2026-04-01,5016,JX金属,JX Advanced Metals Corp,skip,duplicate,high,reuters,1
2026-04-01,5018,MORESCO,MORESCO,skip,duplicate,high,"kabutan,nikkei,reuters",3
2026-04-01,5018,MORESCO,MORESC,skip,duplicate,high,kabutan,1
2026-04-01,5018,MORESCO,Moresco Corp,skip,duplicate,high,reuters,1
2026-04-01,5019,出光興産,出光興産,skip,duplicate,high,"kabutan,nikkei,tdnet",5
2026-04-01,5019,出光興産,Idemitsu Kosan,skip,duplicate,high,reuters,1
2026-04-01,5019,出光興産,Idemitsu Kosan Co Ltd,skip,duplicate,high,reuters,1
2026-04-01,5020,ENEOSﾎｰﾙﾃﾞｨﾝｸﾞｽ,ENEOS,skip,duplicate,high,"kabutan,reuters",2
2026-04-01,5020,ENEOSﾎｰﾙﾃﾞｨﾝｸﾞｽ,ENEOSホールディングス,skip,duplicate,high,"kabutan,nikkei",2
2026-04-01,5020,ENEOSﾎｰﾙﾃﾞｨﾝｸﾞｽ,ENEOS Holdings Inc,skip,duplicate,high,reuters,1
2026-04-01,5021,コスモエネルギーﾎｰﾙﾃﾞｨﾝｸﾞｽ,コスモエネルギーHD,skip,duplicate,high,tdnet,2
2026-04-01,5021,コスモエネルギーﾎｰﾙﾃﾞｨﾝｸﾞｽ,コスモエネルギーホールディングス,skip,duplicate,high,"kabutan,nikkei",2
2026-04-01,5021,コスモエネルギーﾎｰﾙﾃﾞｨﾝｸﾞｽ,Cosmo Energy,skip,duplicate,high,reuters,1
2026-04-01,5021,コスモエネルギーﾎｰﾙﾃﾞｨﾝｸﾞｽ,Cosmo Energy Holdings Co Ltd,skip,duplicate,high,reuters,1
2026-04-01,5021,コスモエネルギーﾎｰﾙﾃﾞｨﾝｸﾞｽ,コスモHD,skip,duplicate,high,kabutan,1
2026-04-01,5025,マーキュリー,マーキュリー,add,exists_in_base,high,"kabutan,nikkei,tdnet",3
2026-04-01,5025,マーキュリー,Mercury Inc(Shinjuku),add,new_candidate,medium,reuters,1
2026-04-01,5026,トリプルアイズ,トリプルアイズ,add,exists_in_base,high,"kabutan,nikkei,tdnet",3
2026-04-01,5026,トリプルアイズ,Tripleize,skip,duplicate,high,reuters,1
2026-04-01,5026,トリプルアイズ,Tripleize Co Ltd,skip,duplicate,high,reuters,1
2026-04-01,5026,トリプルアイズ,トリプルアイ,skip,duplicate,high,kabutan,1
2026-04-01,5027,AnyMind Group,AnyMind,skip,duplicate,high,"reuters,tdnet",4
2026-04-01,5027,AnyMind Group,AnyMind Group,skip,duplicate,high,"kabutan,nikkei",2
2026-04-01,5027,AnyMind Group,AnyMind Group Inc,skip,duplicate,high,reuters,1
2026-04-01,5027,AnyMind Group,エニマインド,skip,duplicate,high,kabutan,1
2026-04-01,5028,セカンドサイトアナリティカ,セカンドサイトアナリティカ,add,exists_in_base,high,"kabutan,nikkei",2
2026-04-01,5028,セカンドサイトアナリティカ,SecondXight Analytica,skip,duplicate,high,reuters,1
2026-04-01,5028,セカンドサイトアナリティカ,SecondXight Analytica Inc,skip,duplicate,high,reuters,1
2026-04-01,5028,セカンドサイトアナリティカ,セカンドX,skip,duplicate,high,kabutan,1
2026-04-01,5028,セカンドサイトアナリティカ,セカンドサイト,add,new_candidate,medium,tdnet,1
2026-04-01,5029,サークレイス,サークレイス,add,exists_in_base,high,"kabutan,nikkei",2
2026-04-01,5029,サークレイス,Circlace,skip,duplicate,high,reuters,1
2026-04-01,5029,サークレイス,Circlace Inc,skip,duplicate,high,reuters,1
2026-04-01,5031,モイ,モイ,add,exists_in_base,high,"kabutan,nikkei,tdnet",6
2026-04-01,5031,モイ,Moi,skip,duplicate,high,reuters,1
2026-04-01,5031,モイ,Moi Corp,skip,duplicate,high,reuters,1
2026-04-01,5032,ANYCOLOR,ANYCOLOR,skip,duplicate,high,"kabutan,nikkei,reuters,tdnet",6
2026-04-01,5032,ANYCOLOR,Anycolor Inc,skip,duplicate,high,reuters,1
2026-04-01,5032,ANYCOLOR,エニーカラー,skip,duplicate,high,kabutan,1
2026-04-01,5033,ヌーラボ,ヌーラボ,add,exists_in_base,high,"kabutan,nikkei,tdnet",4
2026-04-01,5033,ヌーラボ,Nulab,skip,duplicate,high,reuters,1
2026-04-01,5033,ヌーラボ,Nulab Inc,skip,duplicate,high,reuters,1
2026-04-01,5034,unerry,unerry,skip,duplicate,high,"kabutan,nikkei,reuters",3
2026-04-01,5034,unerry,unerry Inc,skip,duplicate,high,reuters,1
2026-04-01,5034,unerry,ウネリー,skip,duplicate,high,kabutan,1
2026-04-01,5035,HOUSEI,HOUSEI,skip,duplicate,high,"kabutan,nikkei,reuters,tdnet",7
2026-04-01,5035,HOUSEI,HOUSEI Inc,skip,duplicate,high,reuters,1
2026-04-01,5036,日本ビジネスシステムズ,日本ビジネスシステムズ,add,exists_in_base,high,"kabutan,nikkei",2
2026-04-01,5036,日本ビジネスシステムズ,Japan Business Systems,skip,duplicate,high,reuters,1
2026-04-01,5036,日本ビジネスシステムズ,Japan Business Systems Inc,skip,duplicate,high,reuters,1
2026-04-01,5036,日本ビジネスシステムズ,JBS,skip,duplicate,high,kabutan,1
2026-04-01,5036,日本ビジネスシステムズ,日本ビジネスシステム,skip,duplicate,high,tdnet,1
2026-04-01,5038,eWeLL,eWeLL,skip,duplicate,high,"kabutan,nikkei,reuters,tdnet",7
2026-04-01,5038,eWeLL,eWeLL Co Ltd,skip,duplicate,high,reuters,1
2026-04-01,504A,イノバセル,イノバセル,add,exists_in_base,high,"kabutan,nikkei,tdnet",9
2026-04-01,504A,イノバセル,Innovacell,add,new_candidate,medium,reuters,1
2026-04-01,504A,イノバセル,Innovacell Inc,add,new_candidate,medium,reuters,1
2026-04-01,505A,ギークリー,ギークリー,add,exists_in_base,high,"kabutan,nikkei,tdnet",3
2026-04-01,505A,ギークリー,Geekly,add,new_candidate,medium,reuters,1
2026-04-01,505A,ギークリー,Geekly Inc,add,new_candidate,medium,reuters,1
2026-04-01,5071,ヴィス,ヴィス,skip,duplicate,high,"kabutan,nikkei",2
2026-04-01,5071,ヴィス,VIS,skip,duplicate,high,reuters,1
2026-04-01,5071,ヴィス,VIS Co Ltd,skip,duplicate,high,reuters,1
2026-04-01,5074,テスﾎｰﾙﾃﾞｨﾝｸﾞｽ,テスホールディングス,skip,duplicate,high,"kabutan,nikkei,tdnet",5
2026-04-01,5074,テスﾎｰﾙﾃﾞｨﾝｸﾞｽ,Tess,skip,duplicate,high,reuters,1
2026-04-01,5074,テスﾎｰﾙﾃﾞｨﾝｸﾞｽ,Tess Holdings Co Ltd,skip,duplicate,high,reuters,1
2026-04-01,5074,テスﾎｰﾙﾃﾞｨﾝｸﾞｽ,テスHD,skip,duplicate,high,kabutan,1
2026-04-01,5076,インフロニア・ﾎｰﾙﾃﾞｨﾝｸﾞｽ,インフロニア・ホールディングス,skip,duplicate,high,"kabutan,nikkei",2
2026-04-01,5076,インフロニア・ﾎｰﾙﾃﾞｨﾝｸﾞｽ,Infroneer,skip,duplicate,high,reuters,1
2026-04-01,5076,インフロニア・ﾎｰﾙﾃﾞｨﾝｸﾞｽ,Infroneer Holdings Inc,skip,duplicate,high,reuters,1
2026-04-01,5076,インフロニア・ﾎｰﾙﾃﾞｨﾝｸﾞｽ,インフロニア,skip,duplicate,high,kabutan,1
2026-04-01,5076,インフロニア・ﾎｰﾙﾃﾞｨﾝｸﾞｽ,インフロニアHD,skip,duplicate,high,tdnet,1
2026-04-01,5078,セレｺｰﾎﾟﾚｰｼｮﾝ,セレコーポレーション,skip,duplicate,high,"kabutan,nikkei,tdnet",4
2026-04-01,5078,セレｺｰﾎﾟﾚｰｼｮﾝ,CEL,skip,duplicate,high,reuters,1
2026-04-01,5078,セレｺｰﾎﾟﾚｰｼｮﾝ,CEL Corp,skip,duplicate,high,reuters,1
2026-04-01,5078,セレｺｰﾎﾟﾚｰｼｮﾝ,セレ,skip,duplicate,high,kabutan,1
2026-04-01,5079,ノバック,ノバック,skip,duplicate,high,"kabutan,nikkei,tdnet",5
2026-04-01,5079,ノバック,Novac,skip,duplicate,high,reuters,1
2026-04-01,5079,ノバック,Novac Co Ltd,skip,duplicate,high,reuters,1
2026-04-01,5101,横浜ゴム,横浜ゴム,add,exists_in_base,high,"kabutan,nikkei",2
2026-04-01,5101,横浜ゴム,Yokohama Rubber,skip,duplicate,high,reuters,1
2026-04-01,5101,横浜ゴム,Yokohama Rubber Co Ltd,skip,duplicate,high,reuters,1
2026-04-01,5101,横浜ゴム,浜ゴム,skip,duplicate,high,kabutan,1
2026-04-01,5103,昭和ﾎｰﾙﾃﾞｨﾝｸﾞｽ,昭和HD,skip,duplicate,high,"kabutan,tdnet",2
2026-04-01,5103,昭和ﾎｰﾙﾃﾞｨﾝｸﾞｽ,昭和ホールディングス,skip,duplicate,high,"kabutan,nikkei",2
2026-04-01,5103,昭和ﾎｰﾙﾃﾞｨﾝｸﾞｽ,Showa,skip,duplicate,high,reuters,1
2026-04-01,5103,昭和ﾎｰﾙﾃﾞｨﾝｸﾞｽ,Showa Holdings Co Ltd,skip,duplicate,high,reuters,1
2026-04-01,5105,TOYO TIRE,TOYO TIRE,skip,duplicate,high,"kabutan,nikkei,reuters,tdnet",7
2026-04-01,5105,TOYO TIRE,TOYO,skip,duplicate,high,kabutan,1
2026-04-01,5105,TOYO TIRE,Toyo Tire Corp,skip,duplicate,high,reuters,1
2026-04-01,5108,ブリヂストン,ブリヂストン,add,exists_in_base,high,"kabutan,nikkei",2
2026-04-01,5108,ブリヂストン,Bridgestone,skip,duplicate,high,reuters,1
2026-04-01,5108,ブリヂストン,Bridgestone Corp,skip,duplicate,high,reuters,1
2026-04-01,5108,ブリヂストン,ブリヂス,skip,duplicate,high,tdnet,1
2026-04-01,5110,住友ゴム工業,住友ゴム工業,add,exists_in_base,high,"kabutan,nikkei",2
2026-04-01,5110,住友ゴム工業,Sumitomo Rubber Industries,skip,duplicate,high,reuters,1
2026-04-01,5110,住友ゴム工業,Sumitomo Rubber Industries Ltd,skip,duplicate,high,reuters,1
2026-04-01,5110,住友ゴム工業,住友ゴ,skip,duplicate,high,kabutan,1
2026-04-01,5110,住友ゴム工業,住友ゴム,add,new_candidate,medium,tdnet,2
2026-04-01,5121,藤倉コンポジット,藤コンポ,skip,duplicate,high,"kabutan,tdnet",2
2026-04-01,5121,藤倉コンポジット,藤倉コンポジット,add,exists_in_base,high,"kabutan,nikkei",2
2026-04-01,5121,藤倉コンポジット,Fujikura Composites,skip,duplicate,high,reuters,1
2026-04-01,5121,藤倉コンポジット,Fujikura Composites Inc,skip,duplicate,high,reuters,1
2026-04-01,5122,オカモト,オカモト,skip,duplicate,high,"kabutan,nikkei,tdnet",4
2026-04-01,5122,オカモト,Okamoto Industries,skip,duplicate,high,reuters,1
2026-04-01,5122,オカモト,Okamoto Industries Inc,skip,duplicate,high,reuters,1
2026-04-01,5125,ファインズ,ファインズ,add,exists_in_base,high,"kabutan,nikkei",2
2026-04-01,5125,ファインズ,Fines,skip,duplicate,high,reuters,1
2026-04-01,5125,ファインズ,Fines Inc,skip,duplicate,high,reuters,1
2026-04-01,5126,ポーターズ,ポーターズ,add,exists_in_base,high,"kabutan,nikkei,tdnet",4
2026-04-01,5126,ポーターズ,Porters,skip,duplicate,high,reuters,1
2026-04-01,5126,ポーターズ,Porters Corp,skip,duplicate,high,reuters,1
2026-04-01,5129,FIXER,FIXER,skip,duplicate,high,"kabutan,nikkei,reuters,tdnet",4
2026-04-01,5129,FIXER,Fixer Inc,skip,duplicate,high,reuters,1
2026-04-01,5131,リンカーズ,リンカーズ,add,exists_in_base,high,"kabutan,nikkei,tdnet",5
2026-04-01,5131,リンカーズ,Linkers,skip,duplicate,high,reuters,1
2026-04-01,5131,リンカーズ,Linkers Corp,skip,duplicate,high,reuters,1
2026-04-01,5132,pluszero,pluszero,skip,duplicate,high,"kabutan,nikkei,reuters,tdnet",7
2026-04-01,5132,pluszero,pluszero Inc,skip,duplicate,high,reuters,1
2026-04-01,5132,pluszero,プラスゼロ,skip,duplicate,high,kabutan,1
2026-04-01,5133,テリロジーﾎｰﾙﾃﾞｨﾝｸﾞｽ,テリロジーHD,skip,duplicate,high,tdnet,3
2026-04-01,5133,テリロジーﾎｰﾙﾃﾞｨﾝｸﾞｽ,テリロジーホールディングス,skip,duplicate,high,"kabutan,nikkei",2
2026-04-01,5133,テリロジーﾎｰﾙﾃﾞｨﾝｸﾞｽ,Terilogy,skip,duplicate,high,reuters,1
2026-04-01,5133,テリロジーﾎｰﾙﾃﾞｨﾝｸﾞｽ,Terilogy Holdings Corp,skip,duplicate,high,reuters,1
2026-04-01,5133,テリロジーﾎｰﾙﾃﾞｨﾝｸﾞｽ,テリロジHD,skip,duplicate,high,kabutan,1
2026-04-01,5134,POPER,POPER,skip,duplicate,high,"kabutan,nikkei,reuters,tdnet",9
2026-04-01,5134,POPER,POPER Co Ltd,skip,duplicate,high,reuters,1
2026-04-01,5136,tripla,tripla,skip,duplicate,high,"kabutan,nikkei,reuters,tdnet",7
2026-04-01,5136,tripla,Tripla Co Ltd,skip,duplicate,high,reuters,1
2026-04-01,5136,tripla,トリプラ,skip,duplicate,high,kabutan,1
2026-04-01,5137,スマートドライブ,スマートドライブ,add,exists_in_base,high,"kabutan,nikkei",2
2026-04-01,5137,スマートドライブ,SmartDrive,skip,duplicate,high,reuters,1
2026-04-01,5137,スマートドライブ,SmartDrive Inc,skip,duplicate,high,reuters,1
2026-04-01,5137,スマートドライブ,スマートD,skip,duplicate,high,kabutan,1
2026-04-01,5138,Rebase,Rebase,skip,duplicate,high,"kabutan,nikkei,reuters,tdnet",5
2026-04-01,5138,Rebase,Rebase Inc,skip,duplicate,high,reuters,1
2026-04-01,5138,Rebase,リベース,skip,duplicate,high,kabutan,1
2026-04-01,5139,オープンワーク,オープンワーク,add,exists_in_base,high,"kabutan,nikkei,tdnet",7
2026-04-01,5139,オープンワーク,OpenWork,skip,duplicate,high,reuters,1
2026-04-01,5139,オープンワーク,OpenWork Inc,skip,duplicate,high,reuters,1
2026-04-01,5139,オープンワーク,オープンW,skip,duplicate,high,kabutan,1
2026-04-01,5142,アキレス,アキレス,skip,duplicate,high,"kabutan,nikkei,tdnet",3
2026-04-01,5142,アキレス,Achilles,skip,duplicate,high,reuters,1
2026-04-01,5142,アキレス,Achilles Corp,skip,duplicate,high,reuters,1
2026-04-01,5161,西川ゴム工業,西川ゴム,skip,duplicate,high,"kabutan,tdnet",2
2026-04-01,5161,西川ゴム工業,西川ゴム工業,add,exists_in_base,high,"kabutan,nikkei",2
2026-04-01,5161,西川ゴム工業,Nishikawa Rubber,skip,duplicate,high,reuters,1
2026-04-01,5161,西川ゴム工業,Nishikawa Rubber Co Ltd,skip,duplicate,high,reuters,1
2026-04-01,5162,朝日ラバー,朝日ラバー,add,exists_in_base,high,"kabutan,nikkei",2
2026-04-01,5162,朝日ラバー,Asahi Rubber,skip,duplicate,high,reuters,1
2026-04-01,5162,朝日ラバー,Asahi Rubber Inc,skip,duplicate,high,reuters,1
2026-04-01,5184,ニチリン,ニチリン,add,exists_in_base,high,"kabutan,nikkei,tdnet",4
2026-04-01,5184,ニチリン,Nichirin,skip,duplicate,high,reuters,1
2026-04-01,5184,ニチリン,Nichirin Co Ltd,skip,duplicate,high,reuters,1
2026-04-01,5185,フコク,フコク,skip,duplicate,high,"kabutan,nikkei,tdnet",4
2026-04-01,5185,フコク,Fukoku,skip,duplicate,high,reuters,1
2026-04-01,5185,フコク,Fukoku Co Ltd,skip,duplicate,high,reuters,1
2026-04-01,5186,ニッタ,ニッタ,skip,duplicate,high,"kabutan,nikkei",2
2026-04-01,5186,ニッタ,Nitta,skip,duplicate,high,reuters,1
2026-04-01,5186,ニッタ,Nitta Corp,skip,duplicate,high,reuters,1
2026-04-01,5187,クリエートメディック,クリエート,skip,duplicate,high,"kabutan,tdnet",6
2026-04-01,5187,クリエートメディック,クリエートメディック,add,exists_in_base,high,"kabutan,nikkei",2
2026-04-01,5187,クリエートメディック,Create Medic,skip,duplicate,high,reuters,1
2026-04-01,5187,クリエートメディック,Create Medic Co Ltd,skip,duplicate,high,reuters,1
2026-04-01,5189,櫻護謨,桜ゴム,skip,duplicate,high,"kabutan,tdnet",2
2026-04-01,5189,櫻護謨,Sakura Rubber,skip,duplicate,high,reuters,1
2026-04-01,5189,櫻護謨,Sakura Rubber Co Ltd,skip,duplicate,high,reuters,1
2026-04-01,5189,櫻護謨,櫻護謨,add,exists_in_base,high,kabutan,1
2026-04-01,5189,櫻護謨,桜護謨,add,new_candidate,medium,nikkei,1
2026-04-01,5192,三ツ星ベルト,三ツ星ベルト,add,exists_in_base,high,"kabutan,nikkei",2
2026-04-01,5192,三ツ星ベルト,Mitsuboshi Belting,skip,duplicate,high,reuters,1
2026-04-01,5192,三ツ星ベルト,Mitsuboshi Belting Ltd,skip,duplicate,high,reuters,1
2026-04-01,5192,三ツ星ベルト,三星ベ,skip,duplicate,high,kabutan,1
2026-04-01,5194,相模ゴム工業,相模ゴム工業,add,exists_in_base,high,"kabutan,nikkei",2
2026-04-01,5194,相模ゴム工業,Sagami Rubber Industries,skip,duplicate,high,reuters,1
2026-04-01,5194,相模ゴム工業,Sagami Rubber Industries Co Ltd,skip,duplicate,high,reuters,1
2026-04-01,5194,相模ゴム工業,相模ゴ,skip,duplicate,high,kabutan,1
2026-04-01,5195,バンドー化学,バンドー化学,add,exists_in_base,high,"kabutan,nikkei",2
2026-04-01,5195,バンドー化学,Bando Chemical Industries,skip,duplicate,high,reuters,1
2026-04-01,5195,バンドー化学,Bando Chemical Industries Ltd,skip,duplicate,high,reuters,1
2026-04-01,5195,バンドー化学,バンドー,skip,duplicate,high,kabutan,1
2026-04-01,5199,不二ラテックス,不二ラテックス,add,exists_in_base,high,"kabutan,nikkei",2
2026-04-01,5199,不二ラテックス,Fuji Latex,skip,duplicate,high,reuters,1
2026-04-01,5199,不二ラテックス,Fuji Latex Co Ltd,skip,duplicate,high,reuters,1
2026-04-01,5199,不二ラテックス,不二ラテ,skip,duplicate,high,kabutan,1
2026-04-01,5201,AGC,AGC,skip,duplicate,high,"kabutan,nikkei,reuters",3
2026-04-01,5201,AGC,AGC Inc,skip,duplicate,high,reuters,1
2026-04-01,5202,日本板硝子,板硝子,skip,duplicate,high,"kabutan,tdnet",8
2026-04-01,5202,日本板硝子,日本板硝子,add,exists_in_base,high,"kabutan,nikkei",2
2026-04-01,5202,日本板硝子,Nippon Sheet Glass,skip,duplicate,high,reuters,1
2026-04-01,5202,日本板硝子,Nippon Sheet Glass Co Ltd,skip,duplicate,high,reuters,1
2026-04-01,5204,石塚硝子,石塚硝,skip,duplicate,high,"kabutan,tdnet",3
2026-04-01,5204,石塚硝子,石塚硝子,add,exists_in_base,high,"kabutan,nikkei",2
2026-04-01,5204,石塚硝子,Ishizuka Glass,skip,duplicate,high,reuters,1
2026-04-01,5204,石塚硝子,Ishizuka Glass Co Ltd,skip,duplicate,high,reuters,1
2026-04-01,5208,有沢製作所,有沢製作所,add,exists_in_base,high,"kabutan,nikkei",2
2026-04-01,5208,有沢製作所,Arisawa Mfg,skip,duplicate,high,reuters,1
2026-04-01,5208,有沢製作所,Arisawa Mfg Co Ltd,skip,duplicate,high,reuters,1
2026-04-01,5208,有沢製作所,有沢製,skip,duplicate,high,kabutan,1
2026-04-01,5210,日本山村硝子,日本山村硝子,add,exists_in_base,high,"kabutan,nikkei",2
2026-04-01,5210,日本山村硝子,Nihon Yamamura Glass,skip,duplicate,high,reuters,1
2026-04-01,5210,日本山村硝子,Nihon Yamamura Glass Co Ltd,skip,duplicate,high,reuters,1
2026-04-01,5210,日本山村硝子,日山村硝,skip,duplicate,high,kabutan,1
2026-04-01,5214,日本電気硝子,日電硝,skip,duplicate,high,"kabutan,tdnet",6
2026-04-01,5214,日本電気硝子,日本電気硝子,add,exists_in_base,high,"kabutan,nikkei",2
2026-04-01,5214,日本電気硝子,Nippon Electric Glass,skip,duplicate,high,reuters,1
2026-04-01,5214,日本電気硝子,Nippon Electric Glass Co Ltd,skip,duplicate,high,reuters,1
2026-04-01,5216,倉元製作所,倉元,skip,duplicate,high,"kabutan,tdnet",4
2026-04-01,5216,倉元製作所,倉元製作所,add,exists_in_base,high,"kabutan,nikkei",2
2026-04-01,5216,倉元製作所,Kuramoto,skip,duplicate,high,reuters,1
2026-04-01,5216,倉元製作所,Kuramoto Co Ltd,skip,duplicate,high,reuters,1
2026-04-01,5218,オハラ,オハラ,skip,duplicate,high,"kabutan,nikkei,tdnet",5
2026-04-01,5218,オハラ,Ohara,skip,duplicate,high,reuters,1
2026-04-01,5218,オハラ,Ohara Inc,skip,duplicate,high,reuters,1
2026-04-01,5232,住友大阪セメント,住友大阪,skip,duplicate,high,"kabutan,tdnet",3
2026-04-01,5232,住友大阪セメント,住友大阪セメント,add,exists_in_base,high,"kabutan,nikkei",2
2026-04-01,5232,住友大阪セメント,Sumitomo Osaka Cement,skip,duplicate,high,reuters,1
2026-04-01,5232,住友大阪セメント,Sumitomo Osaka Cement Co Ltd,skip,duplicate,high,reuters,1
2026-04-01,5233,太平洋セメント,太平洋セメ,skip,duplicate,high,"kabutan,tdnet",8
2026-04-01,5233,太平洋セメント,太平洋セメント,add,exists_in_base,high,"kabutan,nikkei",2
2026-04-01,5233,太平洋セメント,Taiheiyo Cement,skip,duplicate,high,reuters,1
2026-04-01,5233,太平洋セメント,Taiheiyo Cement Corp,skip,duplicate,high,reuters,1
2026-04-01,5237,ノザワ,ノザワ,skip,duplicate,high,"kabutan,nikkei,tdnet",6
2026-04-01,5237,ノザワ,Nozawa,skip,duplicate,high,reuters,1
2026-04-01,5237,ノザワ,Nozawa Corp,skip,duplicate,high,reuters,1
2026-04-01,5240,monoAI technology,monoAI technology,skip,duplicate,high,"kabutan,nikkei,reuters",3
2026-04-01,5240,monoAI technology,monoAI,skip,duplicate,high,kabutan,1
2026-04-01,5240,monoAI technology,monoAI technology Co Ltd,skip,duplicate,high,reuters,1
2026-04-01,5242,アイズ,アイズ,add,exists_in_base,high,"kabutan,nikkei,tdnet",3
2026-04-01,5242,アイズ,Eyez,skip,duplicate,high,reuters,1
2026-04-01,5242,アイズ,Eyez Inc,skip,duplicate,high,reuters,1
2026-04-01,5243,note,note,skip,duplicate,high,"kabutan,nikkei,reuters,tdnet",6
2026-04-01,5243,note,Note Inc,skip,duplicate,high,reuters,1
2026-04-01,5243,note,ノート,skip,duplicate,high,kabutan,1
2026-04-01,5244,jig．jp,jig.jp,skip,duplicate,high,"kabutan,nikkei,reuters",3
2026-04-01,5244,jig．jp,jig.jp Co Ltd,skip,duplicate,high,reuters,1
2026-04-01,5246,ELEMENTS,ELEMENTS,skip,duplicate,high,"kabutan,nikkei,reuters,tdnet",5
2026-04-01,5246,ELEMENTS,ELEMENTS Inc,skip,duplicate,high,reuters,1
2026-04-01,5246,ELEMENTS,エレメンツ,skip,duplicate,high,kabutan,1
2026-04-01,5247,BTM,BTM,skip,duplicate,high,"kabutan,nikkei,reuters",3
2026-04-01,5247,BTM,BTM Inc,skip,duplicate,high,reuters,1
2026-04-01,5248,テクノロジーズ,テクノロジーズ,add,exists_in_base,high,"kabutan,nikkei,tdnet",12
2026-04-01,5248,テクノロジーズ,Technologies,skip,duplicate,high,reuters,1
2026-04-01,5248,テクノロジーズ,Technologies Inc,skip,duplicate,high,reuters,1
2026-04-01,5248,テクノロジーズ,テクノロジー,skip,duplicate,high,kabutan,1
2026-04-01,5250,GMOプライム・ストラテジー,GMOプライム・ストラテジー,skip,duplicate,high,"kabutan,nikkei",2
2026-04-01,5250,GMOプライム・ストラテジー,GMOプラ,skip,duplicate,high,kabutan,1
2026-04-01,5250,GMOプライム・ストラテジー,プライムストラテジー,skip,duplicate,high,tdnet,1
2026-04-01,5250,GMOプライム・ストラテジー,Gmo Prime Strategy,add,new_candidate,medium,reuters,1
2026-04-01,5250,GMOプライム・ストラテジー,Gmo Prime Strategy Co Ltd,add,new_candidate,medium,reuters,1
2026-04-01,5250,GMOプライム・ストラテジー,GMOプライム,add,new_candidate,medium,tdnet,1
2026-04-01,5252,日本ナレッジ,日本ナレッジ,add,exists_in_base,high,"kabutan,nikkei",2
2026-04-01,5252,日本ナレッジ,Nihon Knowledge,skip,duplicate,high,reuters,1
2026-04-01,5252,日本ナレッジ,Nihon Knowledge Co Ltd,skip,duplicate,high,reuters,1
2026-04-01,5253,カバー,カバー,add,exists_in_base,high,"kabutan,nikkei,tdnet",3
2026-04-01,5253,カバー,Cover,skip,duplicate,high,reuters,1
2026-04-01,5253,カバー,Cover Corp,skip,duplicate,high,reuters,1
2026-04-01,5254,Arent,Arent,skip,duplicate,high,"kabutan,nikkei,reuters,tdnet",4
2026-04-01,5254,Arent,Arent Inc,skip,duplicate,high,reuters,1
2026-04-01,5255,モンスターラボ,モンスターラボ,add,exists_in_base,high,"kabutan,nikkei,tdnet",17
2026-04-01,5255,モンスターラボ,Monstarlab,skip,duplicate,high,reuters,1
2026-04-01,5255,モンスターラボ,Monstarlab Inc,skip,duplicate,high,reuters,1
2026-04-01,5255,モンスターラボ,モンラボ,skip,duplicate,high,kabutan,1
2026-04-01,5256,Fusic,Fusic,skip,duplicate,high,"kabutan,nikkei,reuters",3
2026-04-01,5256,Fusic,Fusic Co Ltd,skip,duplicate,high,reuters,1
2026-04-01,5256,Fusic,フュージック,skip,duplicate,high,kabutan,1
2026-04-01,5257,ノバシステム,ノバシステム,add,exists_in_base,high,"kabutan,nikkei",2
2026-04-01,5257,ノバシステム,Nova System,skip,duplicate,high,reuters,1
2026-04-01,5257,ノバシステム,Nova System Co Ltd,skip,duplicate,high,reuters,1
2026-04-01,5258,トランザクション・メディア・ネットワークス,トランザクション・メディア・ネットワークス,add,exists_in_base,high,"kabutan,nikkei",2
2026-04-01,5258,トランザクション・メディア・ネットワークス,TMN,skip,duplicate,high,kabutan,1
2026-04-01,5258,トランザクション・メディア・ネットワークス,Transaction Media Networks,skip,duplicate,high,reuters,1
2026-04-01,5258,トランザクション・メディア・ネットワークス,Transaction Media Networks Inc,skip,duplicate,high,reuters,1
2026-04-01,5259,BBDイニシアティブ,BBDイニシアティブ,add,exists_in_base,high,"kabutan,nikkei",2
2026-04-01,5259,BBDイニシアティブ,BBD Initiative,skip,duplicate,high,reuters,1
2026-04-01,5259,BBDイニシアティブ,BBD Initiative Inc,skip,duplicate,high,reuters,1
2026-04-01,5259,BBDイニシアティブ,BBDイニシ,add,new_candidate,medium,kabutan,1
2026-04-01,5261,リソルﾎｰﾙﾃﾞｨﾝｸﾞｽ,リソルホールディングス,skip,duplicate,high,"kabutan,nikkei",2
2026-04-01,5261,リソルﾎｰﾙﾃﾞｨﾝｸﾞｽ,Resol,skip,duplicate,high,reuters,1
2026-04-01,5261,リソルﾎｰﾙﾃﾞｨﾝｸﾞｽ,Resol Holdings Co Ltd,skip,duplicate,high,reuters,1
2026-04-01,5261,リソルﾎｰﾙﾃﾞｨﾝｸﾞｽ,リソル,skip,duplicate,high,kabutan,1
2026-04-01,5262,日本ヒューム,日ヒューム,skip,duplicate,high,tdnet,6
2026-04-01,5262,日本ヒューム,日本ヒューム,add,exists_in_base,high,"kabutan,nikkei",2
2026-04-01,5262,日本ヒューム,Nippon Hume,skip,duplicate,high,reuters,1
2026-04-01,5262,日本ヒューム,Nippon Hume Corp,skip,duplicate,high,reuters,1
2026-04-01,5262,日本ヒューム,日ヒュム,skip,duplicate,high,kabutan,1
2026-04-01,5268,旭コンクリート工業,旭コンクリート工業,add,exists_in_base,high,"kabutan,nikkei",2
2026-04-01,5268,旭コンクリート工業,Asahi Concrete Works,skip,duplicate,high,reuters,1
2026-04-01,5268,旭コンクリート工業,Asahi Concrete Works Co Ltd,skip,duplicate,high,reuters,1
2026-04-01,5268,旭コンクリート工業,旭コン,skip,duplicate,high,kabutan,1
2026-04-01,5269,日本コンクリート工業,日本コンクリート工業,add,exists_in_base,high,"kabutan,nikkei",2
2026-04-01,5269,日本コンクリート工業,Nippon Concrete Industries,skip,duplicate,high,reuters,1
2026-04-01,5269,日本コンクリート工業,Nippon Concrete Industries Co Ltd,skip,duplicate,high,reuters,1
2026-04-01,5269,日本コンクリート工業,日コン,skip,duplicate,high,kabutan,1
2026-04-01,5271,トーヨーアサノ,トーヨーアサノ,add,exists_in_base,high,"kabutan,nikkei,tdnet",3
2026-04-01,5271,トーヨーアサノ,Toyo Asano Foundation,skip,duplicate,high,reuters,1
2026-04-01,5271,トーヨーアサノ,Toyo Asano Foundation Co Ltd,skip,duplicate,high,reuters,1
2026-04-01,5271,トーヨーアサノ,トーヨアサノ,skip,duplicate,high,kabutan,1
2026-04-01,5273,三谷セキサン,三谷セキサン,add,exists_in_base,high,"kabutan,nikkei",2
2026-04-01,5273,三谷セキサン,Mitani Sekisan,skip,duplicate,high,reuters,1
2026-04-01,5273,三谷セキサン,Mitani Sekisan Co Ltd,skip,duplicate,high,reuters,1
2026-04-01,5273,三谷セキサン,三谷セキ,skip,duplicate,high,kabutan,1
2026-04-01,5279,日本興業,日本興業,skip,duplicate,high,"kabutan,nikkei",2
2026-04-01,5279,日本興業,Nihon Kogyo,skip,duplicate,high,reuters,1
2026-04-01,5279,日本興業,Nihon Kogyo Co Ltd,skip,duplicate,high,reuters,1
2026-04-01,5280,ヨシコン,ヨシコン,skip,duplicate,high,"kabutan,nikkei,tdnet",4
2026-04-01,5280,ヨシコン,Yoshicon,skip,duplicate,high,reuters,1
2026-04-01,5280,ヨシコン,Yoshicon Co Ltd,skip,duplicate,high,reuters,1
2026-04-01,5282,ジオスター,ジオスター,skip,duplicate,high,"kabutan,nikkei,tdnet",6
2026-04-01,5282,ジオスター,Geostr,skip,duplicate,high,reuters,1
2026-04-01,5282,ジオスター,Geostr Corp,skip,duplicate,high,reuters,1
2026-04-01,5283,高見澤,高見沢,skip,duplicate,high,"kabutan,nikkei",2
2026-04-01,5283,高見澤,高見澤,skip,duplicate,high,"kabutan,tdnet",2
2026-04-01,5283,高見澤,Takamisawa,skip,duplicate,high,reuters,1
2026-04-01,5283,高見澤,Takamisawa Co Ltd,skip,duplicate,high,reuters,1
2026-04-01,5284,ヤマウﾎｰﾙﾃﾞｨﾝｸﾞｽ,ヤマウHD,skip,duplicate,high,"kabutan,tdnet",2
2026-04-01,5284,ヤマウﾎｰﾙﾃﾞｨﾝｸﾞｽ,ヤマウホールディングス,skip,duplicate,high,"kabutan,nikkei",2
2026-04-01,5284,ヤマウﾎｰﾙﾃﾞｨﾝｸﾞｽ,Yamau,skip,duplicate,high,reuters,1
2026-04-01,5284,ヤマウﾎｰﾙﾃﾞｨﾝｸﾞｽ,Yamau Holdings Co Ltd,skip,duplicate,high,reuters,1
2026-04-01,5285,ヤマックス,ヤマックス,skip,duplicate,high,"kabutan,nikkei,tdnet",6
2026-04-01,5285,ヤマックス,Yamax,skip,duplicate,high,reuters,1
2026-04-01,5285,ヤマックス,Yamax Corp,skip,duplicate,high,reuters,1
2026-04-01,5287,イトーヨーギョー,イトーヨーギョー,skip,duplicate,high,"kabutan,nikkei",2
2026-04-01,5287,イトーヨーギョー,Ito Yogyo,skip,duplicate,high,reuters,1
2026-04-01,5287,イトーヨーギョー,Ito Yogyo Co Ltd,skip,duplicate,high,reuters,1
2026-04-01,5287,イトーヨーギョー,イトヨーギョ,skip,duplicate,high,kabutan,1
2026-04-01,5288,アジアパイルﾎｰﾙﾃﾞｨﾝｸﾞｽ,アジアパイルホールディングス,skip,duplicate,high,"kabutan,nikkei",2
2026-04-01,5288,アジアパイルﾎｰﾙﾃﾞｨﾝｸﾞｽ,Asia Pile,skip,duplicate,high,reuters,1
2026-04-01,5288,アジアパイルﾎｰﾙﾃﾞｨﾝｸﾞｽ,Asia Pile Holdings Corp,skip,duplicate,high,reuters,1
2026-04-01,5288,アジアパイルﾎｰﾙﾃﾞｨﾝｸﾞｽ,アジアパイル,skip,duplicate,high,kabutan,1
2026-04-01,5290,ベルテクスｺｰﾎﾟﾚｰｼｮﾝ,ベルテクス,skip,duplicate,high,"kabutan,tdnet",3
2026-04-01,5290,ベルテクスｺｰﾎﾟﾚｰｼｮﾝ,ベルテクスコーポレーション,skip,duplicate,high,"kabutan,nikkei",2
2026-04-01,5290,ベルテクスｺｰﾎﾟﾚｰｼｮﾝ,Vertex,skip,duplicate,high,reuters,1
2026-04-01,5290,ベルテクスｺｰﾎﾟﾚｰｼｮﾝ,Vertex Corp,skip,duplicate,high,reuters,1
2026-04-01,5301,東海カーボン,東海カーボン,add,exists_in_base,high,"kabutan,nikkei,tdnet",4
2026-04-01,5301,東海カーボン,Tokai Carbon,skip,duplicate,high,reuters,1
2026-04-01,5301,東海カーボン,Tokai Carbon Co Ltd,skip,duplicate,high,reuters,1
2026-04-01,5302,日本カーボン,日本カーボン,add,exists_in_base,high,"kabutan,nikkei",2
2026-04-01,5302,日本カーボン,Nippon Carbon,skip,duplicate,high,reuters,1
2026-04-01,5302,日本カーボン,Nippon Carbon Co Ltd,skip,duplicate,high,reuters,1
2026-04-01,5302,日本カーボン,カーボン,skip,duplicate,high,kabutan,1
2026-04-01,5302,日本カーボン,日カーボン,add,new_candidate,medium,tdnet,3
2026-04-01,5304,SECカーボン,SECカーボン,skip,duplicate,high,"kabutan,nikkei,tdnet",3
2026-04-01,5304,SECカーボン,SEC Carbon,skip,duplicate,high,reuters,1
2026-04-01,5304,SECカーボン,SEC Carbon Ltd,skip,duplicate,high,reuters,1
2026-04-01,5304,SECカーボン,SECカーボ,skip,duplicate,high,kabutan,1
2026-04-01,5310,東洋炭素,東洋炭素,skip,duplicate,high,"kabutan,nikkei,tdnet",4
2026-04-01,5310,東洋炭素,Toyo Tanso,skip,duplicate,high,reuters,1
2026-04-01,5310,東洋炭素,Toyo Tanso Co Ltd,skip,duplicate,high,reuters,1
2026-04-01,5331,ノリタケ,ノリタケ,add,exists_in_base,high,"kabutan,nikkei",2
2026-04-01,5331,ノリタケ,Noritake,skip,duplicate,high,reuters,1
2026-04-01,5331,ノリタケ,Noritake Co Ltd,skip,duplicate,high,reuters,1
2026-04-01,5332,TOTO,TOTO,skip,duplicate,high,"kabutan,nikkei,reuters,tdnet",5
2026-04-01,5332,TOTO,TOTO Ltd,skip,duplicate,high,reuters,1
2026-04-01,5333,日本碍子,NGK,add,new_candidate,high,"kabutan,nikkei,reuters",3
2026-04-01,5333,日本碍子,日本ガイシ,skip,duplicate,high,tdnet,1
2026-04-01,5333,日本碍子,NGK Corp,add,new_candidate,medium,reuters,1
2026-04-01,5334,日本特殊陶業,日特殊陶,skip,duplicate,high,tdnet,4
2026-04-01,5334,日本特殊陶業,日本特殊陶業,add,exists_in_base,high,"kabutan,nikkei",2
2026-04-01,5334,日本特殊陶業,Niterra,skip,duplicate,high,reuters,1
2026-04-01,5334,日本特殊陶業,Niterra Co Ltd,skip,duplicate,high,reuters,1
2026-04-01,5334,日本特殊陶業,特殊陶,skip,duplicate,high,kabutan,1
2026-04-01,5337,ダントーﾎｰﾙﾃﾞｨﾝｸﾞｽ,ダントーHD,skip,duplicate,high,"kabutan,tdnet",5
2026-04-01,5337,ダントーﾎｰﾙﾃﾞｨﾝｸﾞｽ,ダントーホールディングス,skip,duplicate,high,"kabutan,nikkei",2
2026-04-01,5337,ダントーﾎｰﾙﾃﾞｨﾝｸﾞｽ,Danto,skip,duplicate,high,reuters,1
2026-04-01,5337,ダントーﾎｰﾙﾃﾞｨﾝｸﾞｽ,Danto Holdings Corp,skip,duplicate,high,reuters,1
2026-04-01,5341,ASAHI EITOﾎｰﾙﾃﾞｨﾝｸﾞｽ,Asahi Eito,skip,duplicate,high,"reuters,tdnet",7
2026-04-01,5341,ASAHI EITOﾎｰﾙﾃﾞｨﾝｸﾞｽ,ASAHI EITOホールディングス,skip,duplicate,high,"kabutan,nikkei",2
2026-04-01,5341,ASAHI EITOﾎｰﾙﾃﾞｨﾝｸﾞｽ,Asahi Eito Holdings Co Ltd,skip,duplicate,high,reuters,1
2026-04-01,5341,ASAHI EITOﾎｰﾙﾃﾞｨﾝｸﾞｽ,アサヒエイト,skip,duplicate,high,kabutan,1
2026-04-01,5344,MARUWA,MARUWA,skip,duplicate,high,"kabutan,nikkei,reuters",3
2026-04-01,5344,MARUWA,MARUWA Co Ltd,skip,duplicate,high,reuters,1
2026-04-01,5351,品川リフラ,品川リフラ,skip,duplicate,high,"kabutan,nikkei,tdnet",3
2026-04-01,5351,品川リフラ,Shinagawa Refra,skip,duplicate,high,reuters,1
2026-04-01,5351,品川リフラ,Shinagawa Refra Co Ltd,skip,duplicate,high,reuters,1
2026-04-01,5352,黒崎播磨,黒崎播磨,skip,duplicate,high,"kabutan,tdnet",5
2026-04-01,5352,黒崎播磨,5352.T,add,new_candidate,medium,reuters,1
2026-04-01,5355,日本坩堝,Nippon Crucible,skip,duplicate,high,reuters,1
2026-04-01,5355,日本坩堝,Nippon Crucible Co Ltd,skip,duplicate,high,reuters,1
2026-04-01,5355,日本坩堝,ルツボ,skip,duplicate,high,kabutan,1
2026-04-01,5355,日本坩堝,日本坩堝,add,exists_in_base,high,kabutan,1
2026-04-01,5355,日本坩堝,日本ルツボ,add,new_candidate,medium,nikkei,1
2026-04-01,5356,美濃窯業,美濃窯業,skip,duplicate,high,"kabutan,nikkei",2
2026-04-01,5356,美濃窯業,Mino Ceramic,skip,duplicate,high,reuters,1
2026-04-01,5356,美濃窯業,Mino Ceramic Co Ltd,skip,duplicate,high,reuters,1
2026-04-01,5356,美濃窯業,美濃窯,skip,duplicate,high,kabutan,1
2026-04-01,5357,ヨータイ,ヨータイ,skip,duplicate,high,"kabutan,nikkei,tdnet",3
2026-04-01,5357,ヨータイ,Yotai Refractories,skip,duplicate,high,reuters,1
2026-04-01,5357,ヨータイ,Yotai Refractories Co Ltd,skip,duplicate,high,reuters,1
2026-04-01,5363,東京窯業,TYK,skip,duplicate,high,"kabutan,nikkei,reuters",3
2026-04-01,5363,東京窯業,TYK Corp,skip,duplicate,high,reuters,1
2026-04-01,5367,ニッカトー,ニッカトー,skip,duplicate,high,"kabutan,nikkei,tdnet",3
2026-04-01,5367,ニッカトー,Nikkato,skip,duplicate,high,reuters,1
2026-04-01,5367,ニッカトー,Nikkato Corp,skip,duplicate,high,reuters,1
2026-04-01,5368,日本インシュレーション,日本インシュレーション,add,exists_in_base,high,"kabutan,nikkei",2
2026-04-01,5368,日本インシュレーション,Japan Insulation,skip,duplicate,high,reuters,1
2026-04-01,5368,日本インシュレーション,Japan Insulation Co Ltd,skip,duplicate,high,reuters,1
2026-04-01,5368,日本インシュレーション,日本インシュ,skip,duplicate,high,kabutan,1
2026-04-01,5380,新東,新東,skip,duplicate,high,"kabutan,nikkei",2
2026-04-01,5380,新東,Shinto,skip,duplicate,high,reuters,1
2026-04-01,5380,新東,Shinto Co Ltd,skip,duplicate,high,reuters,1
2026-04-01,5381,マイポックス,マイポックス,skip,duplicate,high,"kabutan,nikkei",2
2026-04-01,5381,マイポックス,Mipox,skip,duplicate,high,reuters,1
2026-04-01,5381,マイポックス,Mipox Corp,skip,duplicate,high,reuters,1
2026-04-01,5384,フジミインコーポレーテッド,フジミインコーポレーテッド,add,exists_in_base,high,"kabutan,nikkei",2
2026-04-01,5384,フジミインコーポレーテッド,Fujimi,skip,duplicate,high,reuters,1
2026-04-01,5384,フジミインコーポレーテッド,Fujimi Inc,skip,duplicate,high,reuters,1
2026-04-01,5384,フジミインコーポレーテッド,フジミインコ,skip,duplicate,high,kabutan,1
2026-04-01,5386,鶴弥,鶴弥,skip,duplicate,high,"kabutan,nikkei,tdnet",3
2026-04-01,5386,鶴弥,5386.T,add,new_candidate,medium,reuters,1
2026-04-01,5388,クニミネ工業,クニミネ工業,skip,duplicate,high,"kabutan,nikkei,tdnet",3
2026-04-01,5388,クニミネ工業,Kunimine Industries,skip,duplicate,high,reuters,1
2026-04-01,5388,クニミネ工業,Kunimine Industries Co Ltd,skip,duplicate,high,reuters,1
2026-04-01,5388,クニミネ工業,クニミネ,skip,duplicate,high,kabutan,1
2026-04-01,5391,エーアンドエーマテリアル,A&Aマテリアル,skip,duplicate,high,tdnet,2
2026-04-01,5391,エーアンドエーマテリアル,エーアンドエーマテリアル,add,exists_in_base,high,"kabutan,nikkei",2
2026-04-01,5391,エーアンドエーマテリアル,A&A Material,skip,duplicate,high,reuters,1
2026-04-01,5391,エーアンドエーマテリアル,A&A Material Corp,skip,duplicate,high,reuters,1
2026-04-01,5391,エーアンドエーマテリアル,A&AM,skip,duplicate,high,kabutan,1
2026-04-01,5393,ニチアス,ニチアス,skip,duplicate,high,"kabutan,nikkei,tdnet",3
2026-04-01,5393,ニチアス,Nichias,skip,duplicate,high,reuters,1
2026-04-01,5393,ニチアス,Nichias Corp,skip,duplicate,high,reuters,1
2026-04-01,5401,日本製鉄,日本製鉄,skip,duplicate,high,"kabutan,nikkei,tdnet",8
2026-04-01,5401,日本製鉄,Nippon Steel,skip,duplicate,high,reuters,1
2026-04-01,5401,日本製鉄,Nippon Steel Corp,skip,duplicate,high,reuters,1
2026-04-01,5406,神戸製鋼所,神戸製鋼所,add,exists_in_base,high,"kabutan,nikkei",2
2026-04-01,5406,神戸製鋼所,神戸鋼,skip,duplicate,high,"kabutan,tdnet",2
2026-04-01,5406,神戸製鋼所,Kobe Steel,skip,duplicate,high,reuters,1
2026-04-01,5406,神戸製鋼所,Kobe Steel Ltd,skip,duplicate,high,reuters,1
2026-04-01,5408,中山製鋼所,中山鋼,skip,duplicate,high,"kabutan,tdnet",5
2026-04-01,5408,中山製鋼所,中山製鋼所,add,exists_in_base,high,"kabutan,nikkei",2
2026-04-01,5408,中山製鋼所,Nakayama Steel Works,skip,duplicate,high,reuters,1
2026-04-01,5408,中山製鋼所,Nakayama Steel Works Ltd,skip,duplicate,high,reuters,1
2026-04-01,5410,合同製鐵,Godo Steel,skip,duplicate,high,reuters,1
2026-04-01,5410,合同製鐵,Godo Steel Ltd,skip,duplicate,high,reuters,1
2026-04-01,5410,合同製鐵,合同製鐵,add,exists_in_base,high,kabutan,1
2026-04-01,5410,合同製鐵,合同鉄,skip,duplicate,high,kabutan,1
2026-04-01,5410,合同製鐵,合同製鉄,add,new_candidate,medium,nikkei,1
2026-04-01,5411,JFEﾎｰﾙﾃﾞｨﾝｸﾞｽ,JFE,skip,duplicate,high,"kabutan,reuters",2
2026-04-01,5411,JFEﾎｰﾙﾃﾞｨﾝｸﾞｽ,JFEホールディングス,add,exists_in_base,high,"kabutan,nikkei",2
2026-04-01,5411,JFEﾎｰﾙﾃﾞｨﾝｸﾞｽ,JFE Holdings Inc,skip,duplicate,high,reuters,1
2026-04-01,5423,東京製鐵,東京製鉄,skip,duplicate,high,"kabutan,nikkei",2
2026-04-01,5423,東京製鐵,Tokyo Steel Manufacturing,skip,duplicate,high,reuters,1
2026-04-01,5423,東京製鐵,Tokyo Steel Manufacturing Co Ltd,skip,duplicate,high,reuters,1
2026-04-01,5423,東京製鐵,東京製鐵,add,exists_in_base,high,kabutan,1
2026-04-01,5423,東京製鐵,東製鉄,add,new_candidate,medium,tdnet,1
2026-04-01,5440,共英製鋼,共英製鋼,add,exists_in_base,high,"kabutan,nikkei",2
2026-04-01,5440,共英製鋼,Kyoei Steel,skip,duplicate,high,reuters,1
2026-04-01,5440,共英製鋼,Kyoei Steel Ltd,skip,duplicate,high,reuters,1
2026-04-01,5444,大和工業,大和工,skip,duplicate,high,"kabutan,tdnet",3
2026-04-01,5444,大和工業,大和工業,add,exists_in_base,high,"kabutan,nikkei",2
2026-04-01,5444,大和工業,Yamato Kogyo,skip,duplicate,high,reuters,1
2026-04-01,5444,大和工業,Yamato Kogyo Co Ltd,skip,duplicate,high,reuters,1
2026-04-01,5445,東京鐵鋼,東京鉄,skip,duplicate,high,"kabutan,tdnet",3
2026-04-01,5445,東京鐵鋼,Tokyo Tekko,skip,duplicate,high,reuters,1
2026-04-01,5445,東京鐵鋼,Tokyo Tekko Co Ltd,skip,duplicate,high,reuters,1
2026-04-01,5445,東京鐵鋼,東京鐵鋼,add,exists_in_base,high,kabutan,1
2026-04-01,5445,東京鐵鋼,東京鉄鋼,add,new_candidate,medium,nikkei,1
2026-04-01,5446,北越メタル,北越メタル,skip,duplicate,high,"kabutan,nikkei,tdnet",4
2026-04-01,5446,北越メタル,Hokuetsu Metal,skip,duplicate,high,reuters,1
2026-04-01,5446,北越メタル,Hokuetsu Metal Co Ltd,skip,duplicate,high,reuters,1
2026-04-01,5446,北越メタル,北越メ,skip,duplicate,high,kabutan,1
2026-04-01,5449,大阪製鐵,大阪製鉄,skip,duplicate,high,"kabutan,nikkei",2
2026-04-01,5449,大阪製鐵,Osaka Steel,skip,duplicate,high,reuters,1
2026-04-01,5449,大阪製鐵,Osaka Steel Co Ltd,skip,duplicate,high,reuters,1
2026-04-01,5449,大阪製鐵,大阪製鐵,add,exists_in_base,high,kabutan,1
2026-04-01,5451,ヨドコウ,ヨドコウ,skip,duplicate,high,"kabutan,nikkei,tdnet",9
2026-04-01,5451,ヨドコウ,Yodoko,skip,duplicate,high,reuters,1
2026-04-01,5451,ヨドコウ,Yodoko Ltd,skip,duplicate,high,reuters,1
2026-04-01,5458,高砂鐵工,Takasago Tekko,skip,duplicate,high,reuters,1
2026-04-01,5458,高砂鐵工,Takasago Tekko KK,skip,duplicate,high,reuters,1
2026-04-01,5458,高砂鐵工,高砂鉄,skip,duplicate,high,kabutan,1
2026-04-01,5458,高砂鐵工,高砂鐵工,add,exists_in_base,high,kabutan,1
2026-04-01,5458,高砂鐵工,高砂鉄工,add,new_candidate,medium,nikkei,1
2026-04-01,5461,中部鋼鈑,中部鋼鈑,skip,duplicate,high,"kabutan,nikkei,tdnet",6
2026-04-01,5461,中部鋼鈑,Chubu Steel Plate,skip,duplicate,high,reuters,1
2026-04-01,5461,中部鋼鈑,Chubu Steel Plate Co Ltd,skip,duplicate,high,reuters,1
2026-04-01,5463,丸一鋼管,丸一鋼管,skip,duplicate,high,"kabutan,nikkei,tdnet",3
2026-04-01,5463,丸一鋼管,Maruichi Steel Tube,skip,duplicate,high,reuters,1
2026-04-01,5463,丸一鋼管,Maruichi Steel Tube Ltd,skip,duplicate,high,reuters,1
2026-04-01,5463,丸一鋼管,丸一管,skip,duplicate,high,kabutan,1
2026-04-01,5464,モリ工業,モリ工業,add,exists_in_base,high,"kabutan,nikkei",2
2026-04-01,5464,モリ工業,Mory Industries,skip,duplicate,high,reuters,1
2026-04-01,5464,モリ工業,Mory Industries Inc,skip,duplicate,high,reuters,1
2026-04-01,5471,大同特殊鋼,大同特鋼,skip,duplicate,high,"kabutan,tdnet",3
2026-04-01,5471,大同特殊鋼,大同特殊鋼,add,exists_in_base,high,"kabutan,nikkei",2
2026-04-01,5471,大同特殊鋼,Daido Steel,skip,duplicate,high,reuters,1
2026-04-01,5471,大同特殊鋼,Daido Steel Co Ltd,skip,duplicate,high,reuters,1
2026-04-01,5480,日本冶金工業,冶金工,skip,duplicate,high,"kabutan,tdnet",2
2026-04-01,5480,日本冶金工業,日本冶金工業,add,exists_in_base,high,"kabutan,nikkei",2
2026-04-01,5480,日本冶金工業,Nippon Yakin Kogyo,skip,duplicate,high,reuters,1
2026-04-01,5480,日本冶金工業,Nippon Yakin Kogyo Co Ltd,skip,duplicate,high,reuters,1
2026-04-01,5482,愛知製鋼,愛知鋼,skip,duplicate,high,"kabutan,tdnet",3
2026-04-01,5482,愛知製鋼,愛知製鋼,add,exists_in_base,high,"kabutan,nikkei",2
2026-04-01,5482,愛知製鋼,Aichi Steel,skip,duplicate,high,reuters,1
2026-04-01,5482,愛知製鋼,Aichi Steel Corp,skip,duplicate,high,reuters,1
2026-04-01,5484,東北特殊鋼,東北特殊鋼,add,exists_in_base,high,"kabutan,nikkei",2
2026-04-01,5484,東北特殊鋼,Tohoku Steel,skip,duplicate,high,reuters,1
2026-04-01,5484,東北特殊鋼,Tohoku Steel Co Ltd,skip,duplicate,high,reuters,1
2026-04-01,5484,東北特殊鋼,東北鋼,skip,duplicate,high,kabutan,1
2026-04-01,5491,日本金属,日本金属,skip,duplicate,high,"kabutan,nikkei,tdnet",5
2026-04-01,5491,日本金属,Nippon Kinzoku,skip,duplicate,high,reuters,1
2026-04-01,5491,日本金属,Nippon Kinzoku Co Ltd,skip,duplicate,high,reuters,1
2026-04-01,5491,日本金属,日金属,skip,duplicate,high,kabutan,1
2026-04-01,5527,property technologies,property technologies,skip,duplicate,high,"kabutan,nikkei,reuters",3
2026-04-01,5527,property technologies,property technologies Inc,skip,duplicate,high,reuters,1
2026-04-01,5527,property technologies,プロパテクノ,skip,duplicate,high,kabutan,1
2026-04-01,5527,property technologies,propetec,add,new_candidate,medium,tdnet,2
2026-04-01,5532,リアルゲイト,リアルゲイト,add,exists_in_base,high,"kabutan,nikkei,tdnet",8
2026-04-01,5532,リアルゲイト,Realgate,skip,duplicate,high,reuters,1
2026-04-01,5532,リアルゲイト,Realgate Inc,skip,duplicate,high,reuters,1
2026-04-01,5533,エリッツﾎｰﾙﾃﾞｨﾝｸﾞｽ,エリッツホールディングス,skip,duplicate,high,"kabutan,nikkei",2
2026-04-01,5533,エリッツﾎｰﾙﾃﾞｨﾝｸﾞｽ,Elitz,skip,duplicate,high,reuters,1
2026-04-01,5533,エリッツﾎｰﾙﾃﾞｨﾝｸﾞｽ,Elitz Holdings Co Ltd,skip,duplicate,high,reuters,1
2026-04-01,5533,エリッツﾎｰﾙﾃﾞｨﾝｸﾞｽ,エリッツHD,skip,duplicate,high,kabutan,1
2026-04-01,5535,ミガロﾎｰﾙﾃﾞｨﾝｸﾞｽ,ミガロHD,skip,duplicate,high,"kabutan,tdnet",2
2026-04-01,5535,ミガロﾎｰﾙﾃﾞｨﾝｸﾞｽ,ミガロホールディングス,skip,duplicate,high,"kabutan,nikkei",2
2026-04-01,5535,ミガロﾎｰﾙﾃﾞｨﾝｸﾞｽ,Migalo,skip,duplicate,high,reuters,1
2026-04-01,5535,ミガロﾎｰﾙﾃﾞｨﾝｸﾞｽ,Migalo Holdings Inc,skip,duplicate,high,reuters,1
2026-04-01,5537,AlbaLink,AlbaLink,skip,duplicate,high,"kabutan,nikkei,reuters,tdnet",9
2026-04-01,5537,AlbaLink,AlbaLink Co Ltd,skip,duplicate,high,reuters,1
2026-04-01,5537,AlbaLink,アルバリンク,skip,duplicate,high,kabutan,1
2026-04-01,5541,大平洋金属,大平洋金属,add,exists_in_base,high,"kabutan,nikkei",2
2026-04-01,5541,大平洋金属,Pacific Metals,skip,duplicate,high,reuters,1
2026-04-01,5541,大平洋金属,Pacific Metals Co Ltd,skip,duplicate,high,reuters,1
2026-04-01,5541,大平洋金属,大平金,skip,duplicate,high,kabutan,1
2026-04-01,5542,新報国マテリアル,新報国マテリアル,add,exists_in_base,high,"kabutan,nikkei",2
2026-04-01,5542,新報国マテリアル,Shinhokoku Material,skip,duplicate,high,reuters,1
2026-04-01,5542,新報国マテリアル,Shinhokoku Material Corp,skip,duplicate,high,reuters,1
2026-04-01,5542,新報国マテリアル,報国マテリア,skip,duplicate,high,kabutan,1
2026-04-01,5563,新日本電工,新日本電工,skip,duplicate,high,"kabutan,nikkei,tdnet",6
2026-04-01,5563,新日本電工,Nippon Denko,skip,duplicate,high,reuters,1
2026-04-01,5563,新日本電工,Nippon Denko Co Ltd,skip,duplicate,high,reuters,1
2026-04-01,5570,ジェノバ,ジェノバ,add,exists_in_base,high,"kabutan,nikkei",2
2026-04-01,5570,ジェノバ,Jenoba,skip,duplicate,high,reuters,1
2026-04-01,5570,ジェノバ,Jenoba Co Ltd,skip,duplicate,high,reuters,1
2026-04-01,5571,エキサイトﾎｰﾙﾃﾞｨﾝｸﾞｽ,エキサイトホールディングス,add,exists_in_base,high,"kabutan,nikkei",2
2026-04-01,5571,エキサイトﾎｰﾙﾃﾞｨﾝｸﾞｽ,Excite,skip,duplicate,high,reuters,1
2026-04-01,5571,エキサイトﾎｰﾙﾃﾞｨﾝｸﾞｽ,Excite Holdings Co Ltd,skip,duplicate,high,reuters,1
2026-04-01,5571,エキサイトﾎｰﾙﾃﾞｨﾝｸﾞｽ,エキサイト,add,new_candidate,medium,kabutan,1
2026-04-01,5572,Ridge－i,リッジアイ,skip,duplicate,high,"kabutan,tdnet",7
2026-04-01,5572,Ridge－i,Ridge-i,skip,duplicate,high,"kabutan,nikkei,reuters",3
2026-04-01,5572,Ridge－i,Ridge-i Inc,skip,duplicate,high,reuters,1
2026-04-01,5574,ABEJA,ABEJA,skip,duplicate,high,"kabutan,nikkei,reuters",3
2026-04-01,5574,ABEJA,ABEJA Inc,skip,duplicate,high,reuters,1
2026-04-01,5575,Globee,Globee,skip,duplicate,high,"kabutan,nikkei,reuters,tdnet",5
2026-04-01,5575,Globee,Globee Inc,skip,duplicate,high,reuters,1
2026-04-01,5575,Globee,グロービー,skip,duplicate,high,kabutan,1
2026-04-01,5576,オービーシステム,オービーシステム,add,exists_in_base,high,"kabutan,nikkei,tdnet",3
2026-04-01,5576,オービーシステム,OBシステム,skip,duplicate,high,kabutan,1
2026-04-01,5576,オービーシステム,5576.T,add,new_candidate,medium,reuters,1
2026-04-01,5578,ARアドバンストテクノロジ,ARアドバンストテクノロジ,skip,duplicate,high,"kabutan,nikkei",2
2026-04-01,5578,ARアドバンストテクノロジ,AR Advanced Technology,skip,duplicate,high,reuters,1
2026-04-01,5578,ARアドバンストテクノロジ,AR Advanced Technology Inc,skip,duplicate,high,reuters,1
2026-04-01,5578,ARアドバンストテクノロジ,ARアドバン,skip,duplicate,high,kabutan,1
2026-04-01,5580,プロディライト,プロディライト,add,exists_in_base,high,"kabutan,nikkei,tdnet",3
2026-04-01,5580,プロディライト,Prodelight,skip,duplicate,high,reuters,1
2026-04-01,5580,プロディライト,Prodelight Co Ltd,skip,duplicate,high,reuters,1
2026-04-01,5580,プロディライト,プロディ,add,new_candidate,medium,kabutan,1
2026-04-01,5582,グリッド,グリッド,add,exists_in_base,high,"kabutan,nikkei",2
2026-04-01,5582,グリッド,GRID,skip,duplicate,high,reuters,1
2026-04-01,5582,グリッド,GRID Inc,skip,duplicate,high,reuters,1
2026-04-01,5586,Laboro．AI,Laboro.AI,skip,duplicate,high,"kabutan,nikkei,reuters",3
2026-04-01,5586,Laboro．AI,Laboro.AI Inc,skip,duplicate,high,reuters,1
2026-04-01,5586,Laboro．AI,ラボロAI,skip,duplicate,high,kabutan,1
2026-04-01,5587,インバウンドプラットフォーム,インバウンドプラットフォーム,add,exists_in_base,high,"kabutan,nikkei",2
2026-04-01,5587,インバウンドプラットフォーム,Inbound Platform,skip,duplicate,high,reuters,1
2026-04-01,5587,インバウンドプラットフォーム,Inbound Platform Corp,skip,duplicate,high,reuters,1
2026-04-01,5587,インバウンドプラットフォーム,インバPF,skip,duplicate,high,kabutan,1
2026-04-01,5587,インバウンドプラットフォーム,インバウンドPF,add,new_candidate,medium,tdnet,1
2026-04-01,5588,ファーストアカウンティング,ファーストA,add,new_candidate,high,"kabutan,tdnet",7
2026-04-01,5588,ファーストアカウンティング,ファーストアカウンティング,add,exists_in_base,high,"kabutan,nikkei",2
2026-04-01,5588,ファーストアカウンティング,Fast Accounting,skip,duplicate,high,reuters,1
2026-04-01,5588,ファーストアカウンティング,Fast Accounting Co Ltd,skip,duplicate,high,reuters,1
2026-04-01,5589,オートサーバー,オートサーバー,skip,duplicate,high,"kabutan,nikkei,tdnet",5
2026-04-01,5589,オートサーバー,Auto Server,skip,duplicate,high,reuters,1
2026-04-01,5589,オートサーバー,Auto Server Co Ltd,skip,duplicate,high,reuters,1
2026-04-01,5589,オートサーバー,オートサーバ,skip,duplicate,high,kabutan,1
2026-04-01,5590,ネットスターズ,ネットスターズ,add,exists_in_base,high,"kabutan,nikkei,tdnet",3
2026-04-01,5590,ネットスターズ,Netstars,skip,duplicate,high,reuters,1
2026-04-01,5590,ネットスターズ,Netstars Co Ltd,skip,duplicate,high,reuters,1
2026-04-01,5590,ネットスターズ,ネットスタズ,skip,duplicate,high,kabutan,1
2026-04-01,5591,AVILEN,AVILEN,skip,duplicate,high,"kabutan,nikkei,reuters,tdnet",9
2026-04-01,5591,AVILEN,AVILEN Inc,skip,duplicate,high,reuters,1
2026-04-01,5591,AVILEN,アヴィレン,skip,duplicate,high,kabutan,1
2026-04-01,5592,くすりの窓口,くすりの窓口,add,exists_in_base,high,"kabutan,nikkei",2
2026-04-01,5592,くすりの窓口,Kusurinomadoguchi,skip,duplicate,high,reuters,1
2026-04-01,5592,くすりの窓口,Kusurinomadoguchi Inc,skip,duplicate,high,reuters,1
2026-04-01,5597,ブルーイノベーション,ブルーイノベ,add,new_candidate,high,"kabutan,tdnet",2
2026-04-01,5597,ブルーイノベーション,ブルーイノベーション,add,exists_in_base,high,"kabutan,nikkei",2
2026-04-01,5597,ブルーイノベーション,Blue Innovation,skip,duplicate,high,reuters,1
2026-04-01,5597,ブルーイノベーション,Blue Innovation Co Ltd,skip,duplicate,high,reuters,1
2026-04-01,5599,S＆J,S&J,skip,duplicate,high,"kabutan,nikkei,reuters,tdnet",8
2026-04-01,5599,S＆J,S&J Corp,skip,duplicate,high,reuters,1
2026-04-01,5602,栗本鐵工所,栗本鉄,skip,duplicate,high,"kabutan,tdnet",2
2026-04-01,5602,栗本鐵工所,Kurimoto,skip,duplicate,high,reuters,1
2026-04-01,5602,栗本鐵工所,Kurimoto Ltd,skip,duplicate,high,reuters,1
2026-04-01,5602,栗本鐵工所,栗本鐵工所,add,exists_in_base,high,kabutan,1
2026-04-01,5602,栗本鐵工所,栗本鉄工所,add,new_candidate,medium,nikkei,1
2026-04-01,5603,虹技,虹技,skip,duplicate,high,"kabutan,nikkei,tdnet",4
2026-04-01,5603,虹技,Kogi,skip,duplicate,high,reuters,1
2026-04-01,5603,虹技,Kogi Corp,skip,duplicate,high,reuters,1
2026-04-01,5609,日本鋳造,日本鋳造,skip,duplicate,high,"kabutan,nikkei",2
2026-04-01,5609,日本鋳造,Nippon Chuzo,skip,duplicate,high,reuters,1
2026-04-01,5609,日本鋳造,Nippon Chuzo KK,skip,duplicate,high,reuters,1
2026-04-01,5609,日本鋳造,日鋳造,skip,duplicate,high,kabutan,1
2026-04-01,5612,日本鋳鉄管,日本鋳鉄管,add,exists_in_base,high,"kabutan,nikkei",2
2026-04-01,5612,日本鋳鉄管,Nippon Chutetsukan,skip,duplicate,high,reuters,1
2026-04-01,5612,日本鋳鉄管,Nippon Chutetsukan KK,skip,duplicate,high,reuters,1
2026-04-01,5612,日本鋳鉄管,日鋳鉄管,skip,duplicate,high,tdnet,1
2026-04-01,5612,日本鋳鉄管,鋳鉄管,skip,duplicate,high,kabutan,1
2026-04-01,5616,雨風太陽,雨風太陽,skip,duplicate,high,"kabutan,nikkei,tdnet",3
2026-04-01,5616,雨風太陽,Ame Kaze Taiyo,skip,duplicate,high,reuters,1
2026-04-01,5616,雨風太陽,Ame Kaze Taiyo Inc,skip,duplicate,high,reuters,1
2026-04-01,5618,ナイル,ナイル,skip,duplicate,high,"kabutan,nikkei,tdnet",4
2026-04-01,5618,ナイル,Nyle,skip,duplicate,high,reuters,1
2026-04-01,5618,ナイル,Nyle Inc,skip,duplicate,high,reuters,1
2026-04-01,5619,マーソ,マーソ,skip,duplicate,high,"kabutan,nikkei,tdnet",4
2026-04-01,5619,マーソ,MRSO,skip,duplicate,high,reuters,1
2026-04-01,5619,マーソ,MRSO Inc,skip,duplicate,high,reuters,1
2026-04-01,5621,ヒューマンテクノロジーズ,ヒューマンテクノロジーズ,add,exists_in_base,high,"kabutan,nikkei",2
2026-04-01,5621,ヒューマンテクノロジーズ,Human Technologies,skip,duplicate,high,reuters,1
2026-04-01,5621,ヒューマンテクノロジーズ,Human Technologies Inc,skip,duplicate,high,reuters,1
2026-04-01,5621,ヒューマンテクノロジーズ,ヒューマンT,skip,duplicate,high,kabutan,1
2026-04-01,5631,日本製鋼所,日本製鋼所,add,exists_in_base,high,"kabutan,nikkei",2
2026-04-01,5631,日本製鋼所,Japan Steel Works,skip,duplicate,high,reuters,1
2026-04-01,5631,日本製鋼所,Japan Steel Works Ltd,skip,duplicate,high,reuters,1
2026-04-01,5631,日本製鋼所,日製鋼,skip,duplicate,high,kabutan,1
2026-04-01,5632,三菱製鋼,三菱製鋼,skip,duplicate,high,"kabutan,nikkei,tdnet",6
2026-04-01,5632,三菱製鋼,Mitsubishi Steel Mfg.,skip,duplicate,high,reuters,1
2026-04-01,5632,三菱製鋼,Mitsubishi Steel Mfg. Co Ltd,skip,duplicate,high,reuters,1
2026-04-01,5632,三菱製鋼,菱製鋼,skip,duplicate,high,kabutan,1
2026-04-01,5644,メタルアート,メタルアート,add,exists_in_base,high,"kabutan,nikkei,tdnet",3
2026-04-01,5644,メタルアート,Metalart,skip,duplicate,high,reuters,1
2026-04-01,5644,メタルアート,Metalart Corp,skip,duplicate,high,reuters,1
2026-04-01,5658,日亜鋼業,日亜鋼業,add,exists_in_base,high,"kabutan,nikkei",2
2026-04-01,5658,日亜鋼業,Nichia Steel Works,skip,duplicate,high,reuters,1
2026-04-01,5658,日亜鋼業,Nichia Steel Works Ltd,skip,duplicate,high,reuters,1
2026-04-01,5658,日亜鋼業,日亜鋼,skip,duplicate,high,kabutan,1
2026-04-01,5659,日本精線,日本精線,add,exists_in_base,high,"kabutan,nikkei",2
2026-04-01,5659,日本精線,Nippon Seisen,skip,duplicate,high,reuters,1
2026-04-01,5659,日本精線,Nippon Seisen Co Ltd,skip,duplicate,high,reuters,1
2026-04-01,5659,日本精線,日精線,skip,duplicate,high,kabutan,1
2026-04-01,5660,神鋼鋼線工業,神鋼鋼線工業,skip,duplicate,high,"kabutan,nikkei",2
2026-04-01,5660,神鋼鋼線工業,Kobelco Wire,skip,duplicate,high,reuters,1
2026-04-01,5660,神鋼鋼線工業,Kobelco Wire Co Ltd,skip,duplicate,high,reuters,1
2026-04-01,5660,神鋼鋼線工業,神鋼線,skip,duplicate,high,kabutan,1
2026-04-01,5660,神鋼鋼線工業,神鋼鋼線,skip,duplicate,high,tdnet,1
2026-04-01,5695,パウダーテック,パウダテック,skip,duplicate,high,"kabutan,tdnet",2
2026-04-01,5695,パウダーテック,パウダーテック,skip,duplicate,high,"kabutan,nikkei",2
2026-04-01,5695,パウダーテック,Powdertech,skip,duplicate,high,reuters,1
2026-04-01,5695,パウダーテック,Powdertech Co Ltd,skip,duplicate,high,reuters,1
2026-04-01,5697,サンユウ,サンユウ,skip,duplicate,high,"kabutan,nikkei",2
2026-04-01,5697,サンユウ,Sanyu,skip,duplicate,high,reuters,1
2026-04-01,5697,サンユウ,Sanyu Co Ltd,skip,duplicate,high,reuters,1
2026-04-01,5698,エンビプロ・ﾎｰﾙﾃﾞｨﾝｸﾞｽ,エンビプロHD,skip,duplicate,high,tdnet,2
2026-04-01,5698,エンビプロ・ﾎｰﾙﾃﾞｨﾝｸﾞｽ,エンビプロ・ホールディングス,skip,duplicate,high,"kabutan,nikkei",2
2026-04-01,5698,エンビプロ・ﾎｰﾙﾃﾞｨﾝｸﾞｽ,Envipro,skip,duplicate,high,reuters,1
2026-04-01,5698,エンビプロ・ﾎｰﾙﾃﾞｨﾝｸﾞｽ,Envipro Holdings Inc,skip,duplicate,high,reuters,1
2026-04-01,5698,エンビプロ・ﾎｰﾙﾃﾞｨﾝｸﾞｽ,エンビプロ,skip,duplicate,high,kabutan,1
2026-04-01,5699,イボキン,イボキン,skip,duplicate,high,"kabutan,nikkei",2
2026-04-01,5699,イボキン,Ibokin,skip,duplicate,high,reuters,1
2026-04-01,5699,イボキン,Ibokin Co Ltd,skip,duplicate,high,reuters,1
2026-04-01,5702,大紀アルミニウム工業所,大紀アルミニウム工業所,add,exists_in_base,high,"kabutan,nikkei",2
2026-04-01,5702,大紀アルミニウム工業所,Daiki Aluminium Industry,skip,duplicate,high,reuters,1
2026-04-01,5702,大紀アルミニウム工業所,Daiki Aluminium Industry Co Ltd,skip,duplicate,high,reuters,1
2026-04-01,5702,大紀アルミニウム工業所,大紀ア,skip,duplicate,high,kabutan,1
2026-04-01,5703,日本軽金属ﾎｰﾙﾃﾞｨﾝｸﾞｽ,日本軽金属ホールディングス,skip,duplicate,high,"kabutan,nikkei",2
2026-04-01,5703,日本軽金属ﾎｰﾙﾃﾞｨﾝｸﾞｽ,日軽金HD,skip,duplicate,high,"kabutan,tdnet",2
2026-04-01,5703,日本軽金属ﾎｰﾙﾃﾞｨﾝｸﾞｽ,Nippon Light Metal,skip,duplicate,high,reuters,1
2026-04-01,5703,日本軽金属ﾎｰﾙﾃﾞｨﾝｸﾞｽ,Nippon Light Metal Holdings Co Ltd,skip,duplicate,high,reuters,1
2026-04-01,5704,JMC,JMC,skip,duplicate,high,"kabutan,nikkei,reuters,tdnet",6
2026-04-01,5704,JMC,JMC Corp,skip,duplicate,high,reuters,1
2026-04-01,5706,三井金属,三井金属,add,exists_in_base,high,"kabutan,nikkei",2
2026-04-01,5706,三井金属,Mitsui Kinzoku,skip,duplicate,high,reuters,1
2026-04-01,5706,三井金属,Mitsui Kinzoku Co Ltd,skip,duplicate,high,reuters,1
2026-04-01,5707,東邦亜鉛,東邦鉛,skip,duplicate,high,"kabutan,tdnet",7
2026-04-01,5707,東邦亜鉛,東邦亜鉛,add,exists_in_base,high,"kabutan,nikkei",2
2026-04-01,5707,東邦亜鉛,Toho Zinc,skip,duplicate,high,reuters,1
2026-04-01,5707,東邦亜鉛,Toho Zinc Co Ltd,skip,duplicate,high,reuters,1
2026-04-01,5711,三菱マテリアル,三菱マ,skip,duplicate,high,"kabutan,tdnet",4
2026-04-01,5711,三菱マテリアル,三菱マテリアル,add,exists_in_base,high,"kabutan,nikkei",2
2026-04-01,5711,三菱マテリアル,Mitsubishi Materials,skip,duplicate,high,reuters,1
2026-04-01,5711,三菱マテリアル,Mitsubishi Materials Corp,skip,duplicate,high,reuters,1
2026-04-01,5713,住友金属鉱山,住友金属鉱山,add,exists_in_base,high,"kabutan,nikkei",2
2026-04-01,5713,住友金属鉱山,Sumitomo Metal Mining,skip,duplicate,high,reuters,1
2026-04-01,5713,住友金属鉱山,Sumitomo Metal Mining Co Ltd,skip,duplicate,high,reuters,1
2026-04-01,5713,住友金属鉱山,住友鉱,skip,duplicate,high,kabutan,1
2026-04-01,5714,DOWAﾎｰﾙﾃﾞｨﾝｸﾞｽ,DOWA,skip,duplicate,high,"kabutan,reuters,tdnet",3
2026-04-01,5714,DOWAﾎｰﾙﾃﾞｨﾝｸﾞｽ,DOWAホールディングス,skip,duplicate,high,"kabutan,nikkei",2
2026-04-01,5714,DOWAﾎｰﾙﾃﾞｨﾝｸﾞｽ,DOWA Holdings Co Ltd,skip,duplicate,high,reuters,1
2026-04-01,5715,古河機械金属,古河機械金属,add,exists_in_base,high,"kabutan,nikkei",2
2026-04-01,5715,古河機械金属,古河機金,skip,duplicate,high,"kabutan,tdnet",2
2026-04-01,5715,古河機械金属,Furukawa,skip,duplicate,high,reuters,1
2026-04-01,5715,古河機械金属,Furukawa Co Ltd,skip,duplicate,high,reuters,1
2026-04-01,5721,エス・サイエンス,エスクリプトエナジー,add,new_candidate,high,"kabutan,nikkei",2
2026-04-01,5721,エス・サイエンス,エス・サイエンス,skip,duplicate,high,tdnet,1
2026-04-01,5721,エス・サイエンス,S Crypto Energy,add,new_candidate,medium,reuters,1
2026-04-01,5721,エス・サイエンス,S Crypto Energy Inc,add,new_candidate,medium,reuters,1
2026-04-01,5721,エス・サイエンス,Sクリプトエ,add,new_candidate,medium,kabutan,1
2026-04-01,5724,アサカ理研,アサカ理研,skip,duplicate,high,"kabutan,nikkei",2
2026-04-01,5724,アサカ理研,Asaka Riken,skip,duplicate,high,reuters,1
2026-04-01,5724,アサカ理研,Asaka Riken Co Ltd,skip,duplicate,high,reuters,1
2026-04-01,5726,大阪チタニウムテクノロジーズ,大阪チタ,skip,duplicate,high,"kabutan,tdnet",2
2026-04-01,5726,大阪チタニウムテクノロジーズ,大阪チタニウムテクノロジーズ,add,exists_in_base,high,"kabutan,nikkei",2
2026-04-01,5726,大阪チタニウムテクノロジーズ,Osaka Titanium Technologies,skip,duplicate,high,reuters,1
2026-04-01,5726,大阪チタニウムテクノロジーズ,Osaka Titanium Technologies Co Ltd,skip,duplicate,high,reuters,1
2026-04-01,5727,東邦チタニウム,邦チタニウム,skip,duplicate,high,tdnet,3
2026-04-01,5727,東邦チタニウム,東邦チタニウム,add,exists_in_base,high,"kabutan,nikkei",2
2026-04-01,5727,東邦チタニウム,Toho Titanium,skip,duplicate,high,reuters,1
2026-04-01,5727,東邦チタニウム,Toho Titanium Co Ltd,skip,duplicate,high,reuters,1
2026-04-01,5727,東邦チタニウム,邦チタ,skip,duplicate,high,kabutan,1
2026-04-01,5729,日本精鉱,日本精鉱,add,exists_in_base,high,"kabutan,nikkei",2
2026-04-01,5729,日本精鉱,Nihon Seiko,skip,duplicate,high,reuters,1
2026-04-01,5729,日本精鉱,Nihon Seiko Co Ltd,skip,duplicate,high,reuters,1
2026-04-01,5729,日本精鉱,日精鉱,skip,duplicate,high,kabutan,1
2026-04-01,5741,UACJ,UACJ,skip,duplicate,high,"kabutan,nikkei,reuters",3
2026-04-01,5741,UACJ,UACJ Corp,skip,duplicate,high,reuters,1
2026-04-01,5742,エヌアイシ・オートテック,エヌアイシ・オートテック,skip,duplicate,high,"kabutan,nikkei",2
2026-04-01,5742,エヌアイシ・オートテック,NIC,skip,duplicate,high,kabutan,1
2026-04-01,5742,エヌアイシ・オートテック,NIC Autotec,skip,duplicate,high,reuters,1
2026-04-01,5742,エヌアイシ・オートテック,NIC Autotec Inc,skip,duplicate,high,reuters,1
2026-04-01,5753,日本伸銅,日本伸銅,skip,duplicate,high,"kabutan,nikkei",2
2026-04-01,5753,日本伸銅,Nippon Shindo,skip,duplicate,high,reuters,1
2026-04-01,5753,日本伸銅,Nippon Shindo Co Ltd,skip,duplicate,high,reuters,1
2026-04-01,5753,日本伸銅,日伸銅,skip,duplicate,high,kabutan,1
2026-04-01,5757,CKサンエツ,CKサンエツ,skip,duplicate,high,"kabutan,nikkei",2
2026-04-01,5757,CKサンエツ,CK San-Etsu,skip,duplicate,high,reuters,1
2026-04-01,5757,CKサンエツ,CK San-Etsu Co Ltd,skip,duplicate,high,reuters,1
2026-04-01,5801,古河電気工業,古河電工,skip,duplicate,high,tdnet,4
2026-04-01,5801,古河電気工業,古河電気工業,add,exists_in_base,high,"kabutan,nikkei",2
2026-04-01,5801,古河電気工業,Furukawa Electric,skip,duplicate,high,reuters,1
2026-04-01,5801,古河電気工業,Furukawa Electric Co Ltd,skip,duplicate,high,reuters,1
2026-04-01,5801,古河電気工業,古河電,skip,duplicate,high,kabutan,1
2026-04-01,5802,住友電気工業,住友電気工業,add,exists_in_base,high,"kabutan,nikkei",2
2026-04-01,5802,住友電気工業,Sumitomo Electric Industries,skip,duplicate,high,reuters,1
2026-04-01,5802,住友電気工業,Sumitomo Electric Industries Ltd,skip,duplicate,high,reuters,1
2026-04-01,5802,住友電気工業,住友電,skip,duplicate,high,kabutan,1
2026-04-01,5803,フジクラ,フジクラ,skip,duplicate,high,"kabutan,nikkei,tdnet",8
2026-04-01,5803,フジクラ,Fujikura,skip,duplicate,high,reuters,1
2026-04-01,5803,フジクラ,Fujikura Ltd,skip,duplicate,high,reuters,1
2026-04-01,5805,SWCC,SWCC,skip,duplicate,high,"kabutan,nikkei,reuters,tdnet",5
2026-04-01,5805,SWCC,SWCC Corp,skip,duplicate,high,reuters,1
2026-04-01,5816,オーナンバ,オーナンバ,skip,duplicate,high,"kabutan,nikkei",2
2026-04-01,5816,オーナンバ,Onamba,skip,duplicate,high,reuters,1
2026-04-01,5816,オーナンバ,Onamba Co Ltd,skip,duplicate,high,reuters,1
2026-04-01,5817,JMACS,JMACS,skip,duplicate,high,"kabutan,nikkei",2
2026-04-01,5817,JMACS,JMACS Japan,skip,duplicate,high,reuters,1
2026-04-01,5817,JMACS,JMACS Japan Co Ltd,skip,duplicate,high,reuters,1
2026-04-01,5819,カナレ電気,カナレ電気,skip,duplicate,high,"kabutan,nikkei,tdnet",3
2026-04-01,5819,カナレ電気,Canare Electric,skip,duplicate,high,reuters,1
2026-04-01,5819,カナレ電気,Canare Electric Co Ltd,skip,duplicate,high,reuters,1
2026-04-01,5820,三ッ星,三ッ星,skip,duplicate,high,"kabutan,nikkei,tdnet",4
2026-04-01,5820,三ッ星,Mitsuboshi,skip,duplicate,high,reuters,1
2026-04-01,5820,三ッ星,Mitsuboshi Co Ltd,skip,duplicate,high,reuters,1
2026-04-01,5821,平河ヒューテック,平河ヒューテック,add,exists_in_base,high,"kabutan,nikkei",2
2026-04-01,5821,平河ヒューテック,Hirakawa Hewtech,skip,duplicate,high,reuters,1
2026-04-01,5821,平河ヒューテック,Hirakawa Hewtech Corp,skip,duplicate,high,reuters,1
2026-04-01,5821,平河ヒューテック,平河ヒューテ,skip,duplicate,high,kabutan,1
2026-04-01,5830,いよぎんﾎｰﾙﾃﾞｨﾝｸﾞｽ,いよぎんHD,skip,duplicate,high,"kabutan,tdnet",3
2026-04-01,5830,いよぎんﾎｰﾙﾃﾞｨﾝｸﾞｽ,いよぎんホールディングス,skip,duplicate,high,"kabutan,nikkei",2
2026-04-01,5830,いよぎんﾎｰﾙﾃﾞｨﾝｸﾞｽ,Iyogin,skip,duplicate,high,reuters,1
2026-04-01,5830,いよぎんﾎｰﾙﾃﾞｨﾝｸﾞｽ,Iyogin Holdings Inc,skip,duplicate,high,reuters,1
2026-04-01,5831,しずおかフィナンシャルｸﾞﾙｰﾌﾟ,しずおかFG,skip,duplicate,high,"kabutan,tdnet",6
2026-04-01,5831,しずおかフィナンシャルｸﾞﾙｰﾌﾟ,しずおかフィナンシャルグループ,skip,duplicate,high,"kabutan,nikkei",2
2026-04-01,5831,しずおかフィナンシャルｸﾞﾙｰﾌﾟ,Shizuoka Financial,skip,duplicate,high,reuters,1
2026-04-01,5831,しずおかフィナンシャルｸﾞﾙｰﾌﾟ,Shizuoka Financial Group Inc,skip,duplicate,high,reuters,1
2026-04-01,5832,ちゅうぎんフィナンシャルｸﾞﾙｰﾌﾟ,ちゅうぎんフィナンシャルグループ,skip,duplicate,high,"kabutan,nikkei",2
2026-04-01,5832,ちゅうぎんフィナンシャルｸﾞﾙｰﾌﾟ,Chugin Financial,skip,duplicate,high,reuters,1
2026-04-01,5832,ちゅうぎんフィナンシャルｸﾞﾙｰﾌﾟ,Chugin Financial Group Inc,skip,duplicate,high,reuters,1
2026-04-01,5832,ちゅうぎんフィナンシャルｸﾞﾙｰﾌﾟ,ちゅうぎんF,skip,duplicate,high,kabutan,1
2026-04-01,5832,ちゅうぎんフィナンシャルｸﾞﾙｰﾌﾟ,ちゅうぎんFG,skip,duplicate,high,tdnet,1
2026-04-01,5834,SBIリーシングサービス,SBIリーシングサービス,skip,duplicate,high,"kabutan,nikkei",2
2026-04-01,5834,SBIリーシングサービス,SBI Leasing Services,skip,duplicate,high,reuters,1
2026-04-01,5834,SBIリーシングサービス,SBI Leasing Services Co Ltd,skip,duplicate,high,reuters,1
2026-04-01,5834,SBIリーシングサービス,SBIリーシ,skip,duplicate,high,kabutan,1
2026-04-01,5834,SBIリーシングサービス,SBIリーシング,add,new_candidate,medium,tdnet,3
2026-04-01,5838,楽天銀行,楽天銀行,skip,duplicate,high,"kabutan,nikkei,tdnet",6
2026-04-01,5838,楽天銀行,Rakuten Bank,skip,duplicate,high,reuters,1
2026-04-01,5838,楽天銀行,Rakuten Bank Ltd,skip,duplicate,high,reuters,1
2026-04-01,5838,楽天銀行,楽天銀,skip,duplicate,high,kabutan,1
2026-04-01,5842,インテグラル,インテグラル,add,exists_in_base,high,"kabutan,nikkei,tdnet",8
2026-04-01,5842,インテグラル,Integral,skip,duplicate,high,reuters,1
2026-04-01,5842,インテグラル,Integral Corp,skip,duplicate,high,reuters,1
2026-04-01,5843,ニッポンインシュア,ニッポンインシュア,add,exists_in_base,high,"kabutan,nikkei",2
2026-04-01,5843,ニッポンインシュア,Nippon Insure,skip,duplicate,high,reuters,1
2026-04-01,5843,ニッポンインシュア,Nippon Insure Co Ltd,skip,duplicate,high,reuters,1
2026-04-01,5843,ニッポンインシュア,インシュア,skip,duplicate,high,kabutan,1
2026-04-01,5844,京都フィナンシャルｸﾞﾙｰﾌﾟ,京都FG,skip,duplicate,high,"kabutan,tdnet",6
2026-04-01,5844,京都フィナンシャルｸﾞﾙｰﾌﾟ,京都フィナンシャルグループ,skip,duplicate,high,"kabutan,nikkei",2
2026-04-01,5844,京都フィナンシャルｸﾞﾙｰﾌﾟ,Kyoto Financial,skip,duplicate,high,reuters,1
2026-04-01,5844,京都フィナンシャルｸﾞﾙｰﾌﾟ,Kyoto Financial Group Inc,skip,duplicate,high,reuters,1
2026-04-01,5845,全保連,全保連,add,exists_in_base,high,"kabutan,nikkei,tdnet",4
2026-04-01,5845,全保連,Zenhoren,skip,duplicate,high,reuters,1
2026-04-01,5845,全保連,Zenhoren Co Ltd,skip,duplicate,high,reuters,1
2026-04-01,5851,リョービ,リョービ,add,exists_in_base,high,"kabutan,nikkei",2
2026-04-01,5851,リョービ,Ryobi,skip,duplicate,high,reuters,1
2026-04-01,5851,リョービ,Ryobi Ltd,skip,duplicate,high,reuters,1
2026-04-01,5852,アーレスティ,アーレスティ,add,exists_in_base,high,"kabutan,nikkei,tdnet",3
2026-04-01,5852,アーレスティ,Ahresty,skip,duplicate,high,reuters,1
2026-04-01,5852,アーレスティ,Ahresty Corp,skip,duplicate,high,reuters,1
2026-04-01,5856,エルアイイーエイチ,エルアイイーエイチ,skip,duplicate,high,"kabutan,nikkei,tdnet",8
2026-04-01,5856,エルアイイーエイチ,LIEH,skip,duplicate,high,kabutan,1
2026-04-01,5856,エルアイイーエイチ,Life Intelligent Enterprise,skip,duplicate,high,reuters,1
2026-04-01,5856,エルアイイーエイチ,Life Intelligent Enterprise Holdings Co Ltd,skip,duplicate,high,reuters,1
2026-04-01,5857,AREﾎｰﾙﾃﾞｨﾝｸﾞｽ,AREHD,skip,duplicate,high,"kabutan,tdnet",5
2026-04-01,5857,AREﾎｰﾙﾃﾞｨﾝｸﾞｽ,AREホールディングス,add,exists_in_base,high,"kabutan,nikkei",2
2026-04-01,5857,AREﾎｰﾙﾃﾞｨﾝｸﾞｽ,ARE,skip,duplicate,high,reuters,1
2026-04-01,5857,AREﾎｰﾙﾃﾞｨﾝｸﾞｽ,ARE Holdings Inc,skip,duplicate,high,reuters,1
2026-04-01,5858,STG,STG,skip,duplicate,high,"kabutan,nikkei,reuters",3
2026-04-01,5858,STG,STG Co Ltd,skip,duplicate,high,reuters,1
2026-04-01,5867,エスネットワークス,エスネット,skip,duplicate,high,"kabutan,tdnet",4
2026-04-01,5867,エスネットワークス,エスネットワークス,skip,duplicate,high,"kabutan,nikkei",2
2026-04-01,5867,エスネットワークス,Es Networks,skip,duplicate,high,reuters,1
2026-04-01,5867,エスネットワークス,Es Networks Co Ltd,skip,duplicate,high,reuters,1
2026-04-01,5868,ロココ,ロココ,skip,duplicate,high,"kabutan,nikkei",2
2026-04-01,5868,ロココ,Rococo,skip,duplicate,high,reuters,1
2026-04-01,5868,ロココ,Rococo Co Ltd,skip,duplicate,high,reuters,1
2026-04-01,5869,早稲田学習研究会,早稲田学習研究会,skip,duplicate,high,"kabutan,nikkei,tdnet",3
2026-04-01,5869,早稲田学習研究会,Waseda Gakushukenkyukai,skip,duplicate,high,reuters,1
2026-04-01,5869,早稲田学習研究会,Waseda Gakushukenkyukai Co Ltd,skip,duplicate,high,reuters,1
2026-04-01,5869,早稲田学習研究会,早稲田学習研,skip,duplicate,high,kabutan,1
2026-04-01,5870,ナルネットコミュニケーションズ,ナルネット,skip,duplicate,high,"kabutan,tdnet",3
2026-04-01,5870,ナルネットコミュニケーションズ,ナルネットコミュニケーションズ,add,exists_in_base,high,"kabutan,nikkei",2
2026-04-01,5870,ナルネットコミュニケーションズ,Nalnet Communications,skip,duplicate,high,reuters,1
2026-04-01,5870,ナルネットコミュニケーションズ,Nalnet Communications Inc,skip,duplicate,high,reuters,1
2026-04-01,5871,SOLIZE Holdings,SOLIZE,skip,duplicate,high,"kabutan,reuters",2
2026-04-01,5871,SOLIZE Holdings,SOLIZE Holdings,skip,duplicate,high,"kabutan,nikkei",2
2026-04-01,5871,SOLIZE Holdings,Solize Holdings Corp,skip,duplicate,high,reuters,1
2026-04-01,5884,クラダシ,クラダシ,skip,duplicate,high,"kabutan,nikkei",2
2026-04-01,5884,クラダシ,Kuradashi,skip,duplicate,high,reuters,1
2026-04-01,5884,クラダシ,Kuradashi Co Ltd,skip,duplicate,high,reuters,1
2026-04-01,5885,ジーデップ・アドバンス,ジーデップ・アドバンス,add,exists_in_base,high,"kabutan,nikkei,tdnet",3
2026-04-01,5885,ジーデップ・アドバンス,GDEP Advance,skip,duplicate,high,reuters,1
2026-04-01,5885,ジーデップ・アドバンス,GDEP Advance Inc,skip,duplicate,high,reuters,1
2026-04-01,5885,ジーデップ・アドバンス,ジーデップ,skip,duplicate,high,kabutan,1
2026-04-01,5888,DAIWA CYCLE,DAIWA CYCLE,skip,duplicate,high,"kabutan,nikkei,reuters",3
2026-04-01,5888,DAIWA CYCLE,Daiwa Cycle Co Ltd,skip,duplicate,high,reuters,1
2026-04-01,5888,DAIWA CYCLE,Dサイクル,skip,duplicate,high,kabutan,1
2026-04-01,5888,DAIWA CYCLE,ダイワサイクル,add,new_candidate,medium,tdnet,4
2026-04-01,5889,Japan Eyewear Holdings,JEH,skip,duplicate,high,"kabutan,tdnet",7
2026-04-01,5889,Japan Eyewear Holdings,Japan Eyewear Holdings,skip,duplicate,high,"kabutan,nikkei",2
2026-04-01,5889,Japan Eyewear Holdings,Japan Eyewear,skip,duplicate,high,reuters,1
2026-04-01,5889,Japan Eyewear Holdings,Japan Eyewear Holdings Co Ltd,skip,duplicate,high,reuters,1
2026-04-01,5891,魁力屋,魁力屋,skip,duplicate,high,"kabutan,nikkei,tdnet",4
2026-04-01,5891,魁力屋,Kairikiya,skip,duplicate,high,reuters,1
2026-04-01,5891,魁力屋,Kairikiya Co Ltd,skip,duplicate,high,reuters,1
2026-04-01,5892,yutori,yutori,skip,duplicate,high,"kabutan,nikkei,reuters,tdnet",4
2026-04-01,5892,yutori,Yutori Inc,skip,duplicate,high,reuters,1
2026-04-01,5892,yutori,ユトリ,skip,duplicate,high,kabutan,1
2026-04-01,5900,ダイケン,ダイケン,skip,duplicate,high,"kabutan,nikkei,tdnet",3
2026-04-01,5900,ダイケン,Daiken,skip,duplicate,high,reuters,1
2026-04-01,5900,ダイケン,Daiken Co Ltd,skip,duplicate,high,reuters,1
2026-04-01,5901,東洋製罐ｸﾞﾙｰﾌﾟﾎｰﾙﾃﾞｨﾝｸﾞｽ,洋缶HD,skip,duplicate,high,"kabutan,tdnet",3
2026-04-01,5901,東洋製罐ｸﾞﾙｰﾌﾟﾎｰﾙﾃﾞｨﾝｸﾞｽ,Toyo Seikan,skip,duplicate,high,reuters,1
2026-04-01,5901,東洋製罐ｸﾞﾙｰﾌﾟﾎｰﾙﾃﾞｨﾝｸﾞｽ,Toyo Seikan Group Holdings Ltd,skip,duplicate,high,reuters,1
2026-04-01,5901,東洋製罐ｸﾞﾙｰﾌﾟﾎｰﾙﾃﾞｨﾝｸﾞｽ,東洋製罐グループホールディングス,add,exists_in_base,high,kabutan,1
2026-04-01,5901,東洋製罐ｸﾞﾙｰﾌﾟﾎｰﾙﾃﾞｨﾝｸﾞｽ,東洋製缶グループホールディングス,add,new_candidate,medium,nikkei,1
2026-04-01,5902,ホッカンﾎｰﾙﾃﾞｨﾝｸﾞｽ,ホッカンホールディングス,skip,duplicate,high,"kabutan,nikkei",2
2026-04-01,5902,ホッカンﾎｰﾙﾃﾞｨﾝｸﾞｽ,Hokkan,skip,duplicate,high,reuters,1
2026-04-01,5902,ホッカンﾎｰﾙﾃﾞｨﾝｸﾞｽ,Hokkan Holdings Ltd,skip,duplicate,high,reuters,1
2026-04-01,5902,ホッカンﾎｰﾙﾃﾞｨﾝｸﾞｽ,ホッカンHD,skip,duplicate,high,kabutan,1
2026-04-01,5903,シンポ,SHINPO,skip,duplicate,high,"kabutan,nikkei,reuters",3
2026-04-01,5903,シンポ,Shinpo Co Ltd,skip,duplicate,high,reuters,1
2026-04-01,5903,シンポ,シンポ,add,exists_in_base,high,kabutan,1
2026-04-01,5905,日本製罐,Nihon Seikan,skip,duplicate,high,reuters,1
2026-04-01,5905,日本製罐,Nihon Seikan KK,skip,duplicate,high,reuters,1
2026-04-01,5905,日本製罐,日カン,skip,duplicate,high,kabutan,1
2026-04-01,5905,日本製罐,日本製缶,skip,duplicate,high,nikkei,1
2026-04-01,5905,日本製罐,日本製罐,add,exists_in_base,high,kabutan,1
2026-04-01,5905,日本製罐,日缶,skip,duplicate,high,tdnet,1
2026-04-01,5906,エムケー精工,エムケー精工,skip,duplicate,high,"kabutan,nikkei",2
2026-04-01,5906,エムケー精工,MK Seiko,skip,duplicate,high,reuters,1
2026-04-01,5906,エムケー精工,MK Seiko Co Ltd,skip,duplicate,high,reuters,1
2026-04-01,5909,コロナ,コロナ,skip,duplicate,high,"kabutan,nikkei,tdnet",3
2026-04-01,5909,コロナ,Corona,skip,duplicate,high,reuters,1
2026-04-01,5909,コロナ,Corona Corp,skip,duplicate,high,reuters,1
2026-04-01,5911,横河ブリッジﾎｰﾙﾃﾞｨﾝｸﾞｽ,横河ブHD,skip,duplicate,high,"kabutan,tdnet",2
2026-04-01,5911,横河ブリッジﾎｰﾙﾃﾞｨﾝｸﾞｽ,横河ブリッジホールディングス,skip,duplicate,high,"kabutan,nikkei",2
2026-04-01,5911,横河ブリッジﾎｰﾙﾃﾞｨﾝｸﾞｽ,Yokogawa Bridge,skip,duplicate,high,reuters,1
2026-04-01,5911,横河ブリッジﾎｰﾙﾃﾞｨﾝｸﾞｽ,Yokogawa Bridge Holdings Corp,skip,duplicate,high,reuters,1
2026-04-01,5915,駒井ハルテック,駒井ハルテック,add,exists_in_base,high,"kabutan,nikkei,tdnet",5
2026-04-01,5915,駒井ハルテック,Komaihaltec,skip,duplicate,high,reuters,1
2026-04-01,5915,駒井ハルテック,Komaihaltec Inc,skip,duplicate,high,reuters,1
2026-04-01,5915,駒井ハルテック,駒井ハルテク,skip,duplicate,high,kabutan,1
2026-04-01,5918,瀧上工業,Takigami Steel Construction,skip,duplicate,high,reuters,1
2026-04-01,5918,瀧上工業,Takigami Steel Construction Co Ltd,skip,duplicate,high,reuters,1
2026-04-01,5918,瀧上工業,滝上工,skip,duplicate,high,kabutan,1
2026-04-01,5918,瀧上工業,滝上工業,skip,duplicate,high,nikkei,1
2026-04-01,5918,瀧上工業,瀧上工業,add,exists_in_base,high,kabutan,1
2026-04-01,5921,川岸工業,川岸工業,skip,duplicate,high,"kabutan,nikkei",2
2026-04-01,5921,川岸工業,Kawagishi Bridge Works,skip,duplicate,high,reuters,1
2026-04-01,5921,川岸工業,Kawagishi Bridge Works Co Ltd,skip,duplicate,high,reuters,1
2026-04-01,5921,川岸工業,川岸工,skip,duplicate,high,kabutan,1
2026-04-01,5922,那須電機鉄工,那須鉄,skip,duplicate,high,"kabutan,tdnet",2
2026-04-01,5922,那須電機鉄工,那須電機鉄工,skip,duplicate,high,"kabutan,nikkei",2
2026-04-01,5922,那須電機鉄工,Nasu Denki Tekko,skip,duplicate,high,reuters,1
2026-04-01,5922,那須電機鉄工,Nasu Denki Tekko Co Ltd,skip,duplicate,high,reuters,1
2026-04-01,5923,高田機工,高田機工,skip,duplicate,high,"kabutan,nikkei,tdnet",3
2026-04-01,5923,高田機工,Takadakiko Steel Construction,skip,duplicate,high,reuters,1
2026-04-01,5923,高田機工,Takadakiko Steel Construction Co Ltd,skip,duplicate,high,reuters,1
2026-04-01,5923,高田機工,高田機,skip,duplicate,high,kabutan,1
2026-04-01,5928,アルメタックス,アルメタックス,skip,duplicate,high,"kabutan,nikkei,tdnet",3
2026-04-01,5928,アルメタックス,Almetax Manufacturing,skip,duplicate,high,reuters,1
2026-04-01,5928,アルメタックス,Almetax Manufacturing Co Ltd,skip,duplicate,high,reuters,1
2026-04-01,5928,アルメタックス,アルメタクス,skip,duplicate,high,kabutan,1
2026-04-01,5929,三和ﾎｰﾙﾃﾞｨﾝｸﾞｽ,三和HD,skip,duplicate,high,"kabutan,tdnet",5
2026-04-01,5929,三和ﾎｰﾙﾃﾞｨﾝｸﾞｽ,三和ホールディングス,skip,duplicate,high,"kabutan,nikkei",2
2026-04-01,5929,三和ﾎｰﾙﾃﾞｨﾝｸﾞｽ,Sanwa,skip,duplicate,high,reuters,1
2026-04-01,5929,三和ﾎｰﾙﾃﾞｨﾝｸﾞｽ,Sanwa Holdings Corp,skip,duplicate,high,reuters,1
2026-04-01,5930,文化シヤッター,文化シヤッター,add,exists_in_base,high,"kabutan,nikkei",2
2026-04-01,5930,文化シヤッター,Bunka Shutter,skip,duplicate,high,reuters,1
2026-04-01,5930,文化シヤッター,Bunka Shutter Co Ltd,skip,duplicate,high,reuters,1
2026-04-01,5930,文化シヤッター,文化シヤタ,skip,duplicate,high,kabutan,1
2026-04-01,5932,三協立山,三協立山,skip,duplicate,high,"kabutan,nikkei,tdnet",3
2026-04-01,5932,三協立山,Sankyo Tateyama,skip,duplicate,high,reuters,1
2026-04-01,5932,三協立山,Sankyo Tateyama Inc,skip,duplicate,high,reuters,1
2026-04-01,5933,アルインコ,アルインコ,skip,duplicate,high,"kabutan,nikkei,tdnet",4
2026-04-01,5933,アルインコ,Alinco,skip,duplicate,high,reuters,1
2026-04-01,5933,アルインコ,Alinco Inc,skip,duplicate,high,reuters,1
2026-04-01,5936,東洋シヤッター,東洋シヤッター,skip,duplicate,high,"kabutan,nikkei",2
2026-04-01,5936,東洋シヤッター,Toyo Shutter,skip,duplicate,high,reuters,1
2026-04-01,5936,東洋シヤッター,Toyo Shutter Co Ltd,skip,duplicate,high,reuters,1
2026-04-01,5936,東洋シヤッター,洋シヤタ,skip,duplicate,high,kabutan,1
2026-04-01,5936,東洋シヤッター,洋シヤター,skip,duplicate,high,tdnet,1
2026-04-01,5938,LIXIL,LIXIL,skip,duplicate,high,"kabutan,nikkei,reuters,tdnet",4
2026-04-01,5938,LIXIL,LIXIL Corp,skip,duplicate,high,reuters,1
2026-04-01,5939,大谷工業,大谷工業,skip,duplicate,high,"kabutan,nikkei",2
2026-04-01,5939,大谷工業,Otani Kogyo,skip,duplicate,high,reuters,1
2026-04-01,5939,大谷工業,Otani Kogyo Co Ltd,skip,duplicate,high,reuters,1
2026-04-01,5940,不二サッシ,不二サッシ,skip,duplicate,high,"kabutan,nikkei,tdnet",3
2026-04-01,5940,不二サッシ,Fujisash,skip,duplicate,high,reuters,1
2026-04-01,5940,不二サッシ,Fujisash Co Ltd,skip,duplicate,high,reuters,1
2026-04-01,5941,中西製作所,中西製作所,skip,duplicate,high,"kabutan,nikkei,tdnet",4
2026-04-01,5941,中西製作所,Nakanishi MFG,skip,duplicate,high,reuters,1
2026-04-01,5941,中西製作所,Nakanishi MFG Co Ltd,skip,duplicate,high,reuters,1
2026-04-01,5941,中西製作所,中西製,skip,duplicate,high,kabutan,1
2026-04-01,5942,日本フイルコン,日フイルコン,skip,duplicate,high,tdnet,2
2026-04-01,5942,日本フイルコン,日本フイルコン,skip,duplicate,high,"kabutan,nikkei",2
2026-04-01,5942,日本フイルコン,Nippon Filcon,skip,duplicate,high,reuters,1
2026-04-01,5942,日本フイルコン,Nippon Filcon Co Ltd,skip,duplicate,high,reuters,1
2026-04-01,5942,日本フイルコン,フイルコン,skip,duplicate,high,kabutan,1
2026-04-01,5943,ノーリツ,ノーリツ,skip,duplicate,high,"kabutan,nikkei,tdnet",7
2026-04-01,5943,ノーリツ,Noritz,skip,duplicate,high,reuters,1
2026-04-01,5943,ノーリツ,Noritz Corp,skip,duplicate,high,reuters,1
2026-04-01,5945,天龍製鋸,天龍製鋸,skip,duplicate,high,"kabutan,nikkei,tdnet",3
2026-04-01,5945,天龍製鋸,Tenryu Saw Mfg,skip,duplicate,high,reuters,1
2026-04-01,5945,天龍製鋸,Tenryu Saw Mfg Co Ltd,skip,duplicate,high,reuters,1
2026-04-01,5945,天龍製鋸,天竜製鋸,skip,duplicate,high,kabutan,1
2026-04-01,5946,長府製作所,長府製作所,add,exists_in_base,high,"kabutan,nikkei",2
2026-04-01,5946,長府製作所,Chofu Seisakusho,skip,duplicate,high,reuters,1
2026-04-01,5946,長府製作所,Chofu Seisakusho Co Ltd,skip,duplicate,high,reuters,1
2026-04-01,5946,長府製作所,長府製,skip,duplicate,high,kabutan,1
2026-04-01,5947,リンナイ,リンナイ,skip,duplicate,high,"kabutan,nikkei,tdnet",4
2026-04-01,5947,リンナイ,Rinnai,skip,duplicate,high,reuters,1
2026-04-01,5947,リンナイ,Rinnai Corp,skip,duplicate,high,reuters,1
2026-04-01,5949,ユニプレス,ユニプレス,skip,duplicate,high,"kabutan,nikkei,tdnet",3
2026-04-01,5949,ユニプレス,Unipres,skip,duplicate,high,reuters,1
2026-04-01,5949,ユニプレス,Unipres Corp,skip,duplicate,high,reuters,1
2026-04-01,5950,日本パワーファスニング,日本パワーファスニング,skip,duplicate,high,"kabutan,nikkei",2
2026-04-01,5950,日本パワーファスニング,Japan Power Fastening,skip,duplicate,high,reuters,1
2026-04-01,5950,日本パワーファスニング,Japan Power Fastening Co Ltd,skip,duplicate,high,reuters,1
2026-04-01,5950,日本パワーファスニング,パワーファス,skip,duplicate,high,kabutan,1
2026-04-01,5950,日本パワーファスニング,日本パワーファス,add,new_candidate,medium,tdnet,3
2026-04-01,5951,ダイニチ工業,ダイニチ工業,skip,duplicate,high,"kabutan,nikkei",2
2026-04-01,5951,ダイニチ工業,Dainichi,skip,duplicate,high,reuters,1
2026-04-01,5951,ダイニチ工業,Dainichi Co Ltd,skip,duplicate,high,reuters,1
2026-04-01,5952,アマテイ,アマテイ,skip,duplicate,high,"kabutan,nikkei",2
2026-04-01,5952,アマテイ,Amatei,skip,duplicate,high,reuters,1
2026-04-01,5952,アマテイ,Amatei Inc,skip,duplicate,high,reuters,1
2026-04-01,5955,ワイズﾎｰﾙﾃﾞｨﾝｸﾞｽ,ワイズHD,skip,duplicate,high,"kabutan,tdnet",3
2026-04-01,5955,ワイズﾎｰﾙﾃﾞｨﾝｸﾞｽ,ワイズホールディングス,skip,duplicate,high,"kabutan,nikkei",2
2026-04-01,5955,ワイズﾎｰﾙﾃﾞｨﾝｸﾞｽ,Wise,skip,duplicate,high,reuters,1
2026-04-01,5955,ワイズﾎｰﾙﾃﾞｨﾝｸﾞｽ,Wise Holdings Co Ltd,skip,duplicate,high,reuters,1
2026-04-01,5956,トーソー,トーソー,skip,duplicate,high,"kabutan,nikkei",2
2026-04-01,5956,トーソー,Toso,skip,duplicate,high,reuters,1
2026-04-01,5956,トーソー,Toso Co Ltd,skip,duplicate,high,reuters,1
2026-04-01,5957,日東精工,日東精工,skip,duplicate,high,"kabutan,nikkei",2
2026-04-01,5957,日東精工,Nitto Seiko,skip,duplicate,high,reuters,1
2026-04-01,5957,日東精工,Nitto Seiko Co Ltd,skip,duplicate,high,reuters,1
2026-04-01,5957,日東精工,日東精,skip,duplicate,high,kabutan,1
2026-04-01,5958,三洋工業,三洋工,skip,duplicate,high,"kabutan,tdnet",3
2026-04-01,5958,三洋工業,三洋工業,skip,duplicate,high,"kabutan,nikkei",2
2026-04-01,5958,三洋工業,Sanyo Industries,skip,duplicate,high,reuters,1
2026-04-01,5958,三洋工業,Sanyo Industries Ltd,skip,duplicate,high,reuters,1
2026-04-01,5959,岡部,岡部,skip,duplicate,high,"kabutan,nikkei,tdnet",7
2026-04-01,5959,岡部,Okabe,skip,duplicate,high,reuters,1
2026-04-01,5959,岡部,Okabe Co Ltd,skip,duplicate,high,reuters,1
2026-04-01,5962,浅香工業,浅香工業,skip,duplicate,high,"kabutan,nikkei",2
2026-04-01,5962,浅香工業,Asaka Industrial,skip,duplicate,high,reuters,1
2026-04-01,5962,浅香工業,Asaka Industrial Co Ltd,skip,duplicate,high,reuters,1
2026-04-01,5962,浅香工業,浅香工,skip,duplicate,high,kabutan,1
2026-04-01,5965,フジマック,フジマック,skip,duplicate,high,"kabutan,nikkei,tdnet",4
2026-04-01,5965,フジマック,Fujimak,skip,duplicate,high,reuters,1
2026-04-01,5965,フジマック,Fujimak Corp,skip,duplicate,high,reuters,1
2026-04-01,5966,京都機械工具,京都機械工具,skip,duplicate,high,tdnet,5
2026-04-01,5966,京都機械工具,KTC,skip,duplicate,high,"kabutan,nikkei",2
2026-04-01,5966,京都機械工具,Kyoto Tool,skip,duplicate,high,reuters,1
2026-04-01,5966,京都機械工具,Kyoto Tool Co Ltd,skip,duplicate,high,reuters,1
2026-04-01,5967,TONE,TONE,skip,duplicate,high,"kabutan,nikkei,reuters",3
2026-04-01,5967,TONE,Tone Co Ltd,skip,duplicate,high,reuters,1
2026-04-01,5969,ロブテックス,ロブテックス,skip,duplicate,high,"kabutan,nikkei,tdnet",3
2026-04-01,5969,ロブテックス,Lobtex,skip,duplicate,high,reuters,1
2026-04-01,5969,ロブテックス,Lobtex Co Ltd,skip,duplicate,high,reuters,1
2026-04-01,5970,ジーテクト,ジーテクト,skip,duplicate,high,"kabutan,nikkei",2
2026-04-01,5970,ジーテクト,G-Tekt,skip,duplicate,high,reuters,1
2026-04-01,5970,ジーテクト,G-Tekt Corp,skip,duplicate,high,reuters,1
2026-04-01,5971,共和工業所,共和工業,skip,duplicate,high,"kabutan,tdnet",2
2026-04-01,5971,共和工業所,共和工業所,skip,duplicate,high,"kabutan,nikkei",2
2026-04-01,5971,共和工業所,Kyowakogyosyo,skip,duplicate,high,reuters,1
2026-04-01,5971,共和工業所,Kyowakogyosyo Co Ltd,skip,duplicate,high,reuters,1
2026-04-01,5973,トーアミ,トーアミ,skip,duplicate,high,"kabutan,nikkei",2
2026-04-01,5973,トーアミ,Toami,skip,duplicate,high,reuters,1
2026-04-01,5973,トーアミ,Toami Corp,skip,duplicate,high,reuters,1
2026-04-01,5974,中国工業,中国工業,skip,duplicate,high,"kabutan,nikkei",2
2026-04-01,5974,中国工業,ChugokuKogyo,skip,duplicate,high,reuters,1
2026-04-01,5974,中国工業,ChugokuKogyo Co Ltd,skip,duplicate,high,reuters,1
2026-04-01,5974,中国工業,中国工,skip,duplicate,high,kabutan,1
2026-04-01,5975,東プレ,東プレ,skip,duplicate,high,"kabutan,nikkei",2
2026-04-01,5975,東プレ,Topre,skip,duplicate,high,reuters,1
2026-04-01,5975,東プレ,Topre Corp,skip,duplicate,high,reuters,1
2026-04-01,5976,高周波熱錬,ネツレン,skip,duplicate,high,"kabutan,nikkei,tdnet",6
2026-04-01,5976,高周波熱錬,Neturen,skip,duplicate,high,reuters,1
2026-04-01,5976,高周波熱錬,Neturen Co Ltd,skip,duplicate,high,reuters,1
2026-04-01,5976,高周波熱錬,高周波熱錬,add,exists_in_base,high,kabutan,1
2026-04-01,5981,東京製綱,東京製綱,add,exists_in_base,high,"kabutan,nikkei",2
2026-04-01,5981,東京製綱,東製綱,skip,duplicate,high,tdnet,2
2026-04-01,5981,東京製綱,Tokyo Rope Mfg,skip,duplicate,high,reuters,1
2026-04-01,5981,東京製綱,Tokyo Rope Mfg Co Ltd,skip,duplicate,high,reuters,1
2026-04-01,5981,東京製綱,東京綱,add,new_candidate,medium,kabutan,1
2026-04-01,5982,マルゼン,マルゼン,add,exists_in_base,high,"kabutan,nikkei",2
2026-04-01,5982,マルゼン,Maruzen,skip,duplicate,high,reuters,1
2026-04-01,5982,マルゼン,Maruzen Co Ltd,skip,duplicate,high,reuters,1
2026-04-01,5983,イワブチ,イワブチ,skip,duplicate,high,"kabutan,nikkei,tdnet",3
2026-04-01,5983,イワブチ,Iwabuchi,skip,duplicate,high,reuters,1
2026-04-01,5983,イワブチ,Iwabuchi Corp,skip,duplicate,high,reuters,1
2026-04-01,5984,兼房,兼房,skip,duplicate,high,"kabutan,nikkei,tdnet",3
2026-04-01,5984,兼房,Kanefusa,skip,duplicate,high,reuters,1
2026-04-01,5984,兼房,Kanefusa Corp,skip,duplicate,high,reuters,1
2026-04-01,5985,サンコール,サンコール,skip,duplicate,high,"kabutan,nikkei,tdnet",3
2026-04-01,5985,サンコール,Suncall,skip,duplicate,high,reuters,1
2026-04-01,5985,サンコール,Suncall Corp,skip,duplicate,high,reuters,1
2026-04-01,5986,モリテック スチール,モリテック,skip,duplicate,high,"kabutan,tdnet",5
2026-04-01,5986,モリテック スチール,モリテック スチール,skip,duplicate,high,"kabutan,nikkei",2
2026-04-01,5986,モリテック スチール,Molitec Steel,skip,duplicate,high,reuters,1
2026-04-01,5986,モリテック スチール,Molitec Steel Co Ltd,skip,duplicate,high,reuters,1
2026-04-01,5987,オーネックス,オーネックス,skip,duplicate,high,"kabutan,nikkei",2
2026-04-01,5987,オーネックス,Onex,skip,duplicate,high,reuters,1
2026-04-01,5987,オーネックス,Onex Corp,skip,duplicate,high,reuters,1
2026-04-01,5988,パイオラックス,パイオラックス,skip,duplicate,high,"kabutan,nikkei,tdnet",5
2026-04-01,5988,パイオラックス,Piolax,skip,duplicate,high,reuters,1
2026-04-01,5988,パイオラックス,Piolax Inc,skip,duplicate,high,reuters,1
2026-04-01,5988,パイオラックス,パイオラック,skip,duplicate,high,kabutan,1
2026-04-01,5989,エイチワン,エイチワン,skip,duplicate,high,"kabutan,nikkei,tdnet",3
2026-04-01,5989,エイチワン,H-One,skip,duplicate,high,reuters,1
2026-04-01,5989,エイチワン,H-One Co Ltd,skip,duplicate,high,reuters,1
2026-04-01,5990,スーパーツール,スーパーツール,skip,duplicate,high,"kabutan,nikkei,tdnet",3
2026-04-01,5990,スーパーツール,Super Tool,skip,duplicate,high,reuters,1
2026-04-01,5990,スーパーツール,Super Tool Co Ltd,skip,duplicate,high,reuters,1
2026-04-01,5990,スーパーツール,スーパツール,skip,duplicate,high,kabutan,1
2026-04-01,5991,日本発條,ニッパツ,skip,duplicate,high,"kabutan,nikkei",2
2026-04-01,5991,日本発條,NHK Spring,skip,duplicate,high,reuters,1
2026-04-01,5991,日本発條,NHK Spring Co Ltd,skip,duplicate,high,reuters,1
2026-04-01,5992,中央発條,中央発条,skip,duplicate,high,"nikkei,tdnet",2
2026-04-01,5992,中央発條,Chuo Spring,skip,duplicate,high,reuters,1
2026-04-01,5992,中央発條,Chuo Spring Co Ltd,skip,duplicate,high,reuters,1
2026-04-01,5992,中央発條,中央発條,add,exists_in_base,high,kabutan,1
2026-04-01,5992,中央発條,中発条,skip,duplicate,high,kabutan,1
2026-04-01,5994,ファインシンター,ファインシンター,skip,duplicate,high,"kabutan,nikkei",2
2026-04-01,5994,ファインシンター,Fine Sinter,skip,duplicate,high,reuters,1
2026-04-01,5994,ファインシンター,Fine Sinter Co Ltd,skip,duplicate,high,reuters,1
2026-04-01,5994,ファインシンター,ファインシン,add,new_candidate,medium,kabutan,1
2026-04-01,5997,協立エアテック,協立エアテック,skip,duplicate,high,"kabutan,nikkei",2
2026-04-01,5997,協立エアテック,Kyoritsu Air Tech,skip,duplicate,high,reuters,1
2026-04-01,5997,協立エアテック,Kyoritsu Air Tech Inc,skip,duplicate,high,reuters,1
2026-04-01,5997,協立エアテック,協立エアテク,skip,duplicate,high,kabutan,1
2026-04-01,5998,アドバネクス,アドバネクス,skip,duplicate,high,"kabutan,nikkei,tdnet",3
2026-04-01,5998,アドバネクス,Advanex,skip,duplicate,high,reuters,1
2026-04-01,5998,アドバネクス,Advanex Inc,skip,duplicate,high,reuters,1
2026-04-01,6005,三浦工業,三浦工業,add,exists_in_base,high,"kabutan,nikkei",2
2026-04-01,6005,三浦工業,Miura,skip,duplicate,high,reuters,1
2026-04-01,6005,三浦工業,Miura Co Ltd,skip,duplicate,high,reuters,1
2026-04-01,6005,三浦工業,三浦工,skip,duplicate,high,kabutan,1
2026-04-01,6013,タクマ,タクマ,skip,duplicate,high,"kabutan,nikkei,tdnet",5
2026-04-01,6013,タクマ,Takuma,skip,duplicate,high,reuters,1
2026-04-01,6013,タクマ,Takuma Co Ltd,skip,duplicate,high,reuters,1
2026-04-01,6016,ジャパンエンジンｺｰﾎﾟﾚｰｼｮﾝ,ジャパンエンジンコーポレーション,skip,duplicate,high,"kabutan,nikkei",2
2026-04-01,6016,ジャパンエンジンｺｰﾎﾟﾚｰｼｮﾝ,Japan Engine,skip,duplicate,high,reuters,1
2026-04-01,6016,ジャパンエンジンｺｰﾎﾟﾚｰｼｮﾝ,Japan Engine Corp,skip,duplicate,high,reuters,1
2026-04-01,6016,ジャパンエンジンｺｰﾎﾟﾚｰｼｮﾝ,ジャパンエン,skip,duplicate,high,kabutan,1
2026-04-01,6018,阪神内燃機工業,阪神内燃機工業,skip,duplicate,high,"kabutan,nikkei,tdnet",4
2026-04-01,6018,阪神内燃機工業,Hanshin Diesel Works,skip,duplicate,high,reuters,1
2026-04-01,6018,阪神内燃機工業,Hanshin Diesel Works Ltd,skip,duplicate,high,reuters,1
2026-04-01,6018,阪神内燃機工業,阪神燃,skip,duplicate,high,kabutan,1
2026-04-01,6022,赤阪鐵工所,Akasaka Diesels,skip,duplicate,high,reuters,1
2026-04-01,6022,赤阪鐵工所,Akasaka Diesels Ltd,skip,duplicate,high,reuters,1
2026-04-01,6022,赤阪鐵工所,赤阪鐵工所,add,exists_in_base,high,kabutan,1
2026-04-01,6022,赤阪鐵工所,赤阪鉄,add,new_candidate,medium,kabutan,1
2026-04-01,6022,赤阪鐵工所,赤阪鉄工所,add,new_candidate,medium,nikkei,1
2026-04-01,6023,ダイハツインフィニアース,ダイハツインフィニアース,add,exists_in_base,high,"kabutan,nikkei",2
2026-04-01,6023,ダイハツインフィニアース,Daihatsu Infinearth MFG,skip,duplicate,high,reuters,1
2026-04-01,6023,ダイハツインフィニアース,Daihatsu Infinearth MFG Co Ltd,skip,duplicate,high,reuters,1
2026-04-01,6023,ダイハツインフィニアース,ダイハツインフィ,skip,duplicate,high,tdnet,1
2026-04-01,6023,ダイハツインフィニアース,ダイハツイン,add,new_candidate,medium,kabutan,1
2026-04-01,6027,弁護士ドットコム,弁護士ドットコム,skip,duplicate,high,"kabutan,nikkei,tdnet",3
2026-04-01,6027,弁護士ドットコム,Bengo4.com,skip,duplicate,high,reuters,1
2026-04-01,6027,弁護士ドットコム,Bengo4.com Inc,skip,duplicate,high,reuters,1
2026-04-01,6027,弁護士ドットコム,弁護士COM,add,new_candidate,medium,kabutan,1
2026-04-01,6029,アトラｸﾞﾙｰﾌﾟ,アトラG,skip,duplicate,high,"kabutan,tdnet",3
2026-04-01,6029,アトラｸﾞﾙｰﾌﾟ,アトラグループ,skip,duplicate,high,"kabutan,nikkei",2
2026-04-01,6029,アトラｸﾞﾙｰﾌﾟ,Artra,skip,duplicate,high,reuters,1
2026-04-01,6029,アトラｸﾞﾙｰﾌﾟ,Artra Group Corp,skip,duplicate,high,reuters,1
2026-04-01,6030,アドベンチャー,アドベンチャー,add,exists_in_base,high,"kabutan,nikkei,tdnet",5
2026-04-01,6030,アドベンチャー,Adventure,skip,duplicate,high,reuters,1
2026-04-01,6030,アドベンチャー,Adventure Inc,skip,duplicate,high,reuters,1
2026-04-01,6030,アドベンチャー,アドベンチャ,skip,duplicate,high,kabutan,1
2026-04-01,6031,ZETA,ZETA,skip,duplicate,high,"kabutan,nikkei,reuters,tdnet",7
2026-04-01,6031,ZETA,Zeta Inc,skip,duplicate,high,reuters,1
2026-04-01,6033,エクストリーム,エクストリーム,skip,duplicate,high,"kabutan,nikkei,tdnet",3
2026-04-01,6033,エクストリーム,Extreme,skip,duplicate,high,reuters,1
2026-04-01,6033,エクストリーム,Extreme Co Ltd,skip,duplicate,high,reuters,1
2026-04-01,6033,エクストリーム,エクストリム,skip,duplicate,high,kabutan,1
2026-04-01,6034,MRT,MRT,skip,duplicate,high,"kabutan,nikkei,reuters,tdnet",6
2026-04-01,6034,MRT,MRT Inc,skip,duplicate,high,reuters,1
2026-04-01,6035,アイ・アールジャパンﾎｰﾙﾃﾞｨﾝｸﾞｽ,IRJapan HD,skip,duplicate,high,tdnet,3
2026-04-01,6035,アイ・アールジャパンﾎｰﾙﾃﾞｨﾝｸﾞｽ,アイ・アールジャパンホールディングス,skip,duplicate,high,"kabutan,nikkei",2
2026-04-01,6035,アイ・アールジャパンﾎｰﾙﾃﾞｨﾝｸﾞｽ,IR Japan,skip,duplicate,high,reuters,1
2026-04-01,6035,アイ・アールジャパンﾎｰﾙﾃﾞｨﾝｸﾞｽ,IR Japan Holdings Ltd,skip,duplicate,high,reuters,1
2026-04-01,6035,アイ・アールジャパンﾎｰﾙﾃﾞｨﾝｸﾞｽ,IRジャパン,skip,duplicate,high,kabutan,1
2026-04-01,6036,KeePer技研,KeePer技研,skip,duplicate,high,"kabutan,nikkei,tdnet",4
2026-04-01,6036,KeePer技研,KeePer,skip,duplicate,high,kabutan,1
2026-04-01,6036,KeePer技研,KeePer Technical Laboratory,skip,duplicate,high,reuters,1
2026-04-01,6036,KeePer技研,KeePer Technical Laboratory Co Ltd,skip,duplicate,high,reuters,1
2026-04-01,6037,楽待,楽待,add,exists_in_base,high,"kabutan,nikkei,tdnet",6
2026-04-01,6037,楽待,Rakumachi,skip,duplicate,high,reuters,1
2026-04-01,6037,楽待,Rakumachi Inc,skip,duplicate,high,reuters,1
2026-04-01,6038,イード,イード,skip,duplicate,high,"kabutan,nikkei,tdnet",3
2026-04-01,6038,イード,IID,skip,duplicate,high,reuters,1
2026-04-01,6038,イード,IID Inc,skip,duplicate,high,reuters,1
2026-04-01,6039,日本動物高度医療センター,日本動物高度医療センター,add,exists_in_base,high,"kabutan,nikkei",2
2026-04-01,6039,日本動物高度医療センター,Japan Animal Referral Medical Center,skip,duplicate,high,reuters,1
2026-04-01,6039,日本動物高度医療センター,Japan Animal Referral Medical Center Co Ltd,skip,duplicate,high,reuters,1
2026-04-01,6039,日本動物高度医療センター,動物高度医療,skip,duplicate,high,kabutan,1
2026-04-01,6039,日本動物高度医療センター,日本動物高度医療,add,new_candidate,medium,tdnet,2
2026-04-01,6040,日本スキー場開発,日本スキー,skip,duplicate,high,"kabutan,tdnet",4
2026-04-01,6040,日本スキー場開発,日本スキー場開発,add,exists_in_base,high,"kabutan,nikkei",2
2026-04-01,6040,日本スキー場開発,Nippon Ski Resort Development,skip,duplicate,high,reuters,1
2026-04-01,6040,日本スキー場開発,Nippon Ski Resort Development Co Ltd,skip,duplicate,high,reuters,1
2026-04-01,6042,ニッキ,ニッキ,skip,duplicate,high,"kabutan,nikkei",2
2026-04-01,6042,ニッキ,Nikki,skip,duplicate,high,reuters,1
2026-04-01,6042,ニッキ,Nikki Co Ltd,skip,duplicate,high,reuters,1
2026-04-01,6044,三機サービス,三機サービス,skip,duplicate,high,"kabutan,nikkei",2
2026-04-01,6044,三機サービス,Sanki Service,skip,duplicate,high,reuters,1
2026-04-01,6044,三機サービス,Sanki Service Corp,skip,duplicate,high,reuters,1
2026-04-01,6045,レントラックス,レントラックス,skip,duplicate,high,"kabutan,nikkei,tdnet",5
2026-04-01,6045,レントラックス,Rentracks,skip,duplicate,high,reuters,1
2026-04-01,6045,レントラックス,Rentracks Co Ltd,skip,duplicate,high,reuters,1
2026-04-01,6045,レントラックス,レントラクス,skip,duplicate,high,kabutan,1
2026-04-01,6046,リンクバル,リンクバル,skip,duplicate,high,"kabutan,nikkei,tdnet",7
2026-04-01,6046,リンクバル,Linkbal,skip,duplicate,high,reuters,1
2026-04-01,6046,リンクバル,Linkbal Inc,skip,duplicate,high,reuters,1
2026-04-01,6047,Gunosy,Gunosy,skip,duplicate,high,"kabutan,nikkei,reuters",3
2026-04-01,6047,Gunosy,Gunosy Inc,skip,duplicate,high,reuters,1
2026-04-01,6049,イトクロ,イトクロ,skip,duplicate,high,"kabutan,nikkei,tdnet",4
2026-04-01,6049,イトクロ,Itokuro,skip,duplicate,high,reuters,1
2026-04-01,6049,イトクロ,Itokuro Inc,skip,duplicate,high,reuters,1
2026-04-01,6050,イー・ガーディアン,イー・ガーディアン,add,exists_in_base,high,"kabutan,nikkei",2
2026-04-01,6050,イー・ガーディアン,E-Guardian,skip,duplicate,high,reuters,1
2026-04-01,6050,イー・ガーディアン,E-Guardian Inc,skip,duplicate,high,reuters,1
2026-04-01,6050,イー・ガーディアン,イーガーディ,skip,duplicate,high,kabutan,1
2026-04-01,6054,リブセンス,リブセンス,skip,duplicate,high,"kabutan,nikkei,tdnet",3
2026-04-01,6054,リブセンス,Livesense,skip,duplicate,high,reuters,1
2026-04-01,6054,リブセンス,Livesense Inc,skip,duplicate,high,reuters,1
2026-04-01,6055,ジャパンマテリアル,Jマテリアル,skip,duplicate,high,"kabutan,tdnet",3
2026-04-01,6055,ジャパンマテリアル,ジャパンマテリアル,add,exists_in_base,high,"kabutan,nikkei",2
2026-04-01,6055,ジャパンマテリアル,Japan Material,skip,duplicate,high,reuters,1
2026-04-01,6055,ジャパンマテリアル,Japan Material Co Ltd,skip,duplicate,high,reuters,1
2026-04-01,6058,ベクトル,ベクトル,skip,duplicate,high,"kabutan,nikkei,tdnet",3
2026-04-01,6058,ベクトル,Vector,skip,duplicate,high,reuters,1
2026-04-01,6058,ベクトル,Vector Inc,skip,duplicate,high,reuters,1
2026-04-01,6059,ウチヤマﾎｰﾙﾃﾞｨﾝｸﾞｽ,ウチヤマHD,skip,duplicate,high,"kabutan,tdnet",7
2026-04-01,6059,ウチヤマﾎｰﾙﾃﾞｨﾝｸﾞｽ,ウチヤマホールディングス,skip,duplicate,high,"kabutan,nikkei",2
2026-04-01,6059,ウチヤマﾎｰﾙﾃﾞｨﾝｸﾞｽ,Uchiyama,skip,duplicate,high,reuters,1
2026-04-01,6059,ウチヤマﾎｰﾙﾃﾞｨﾝｸﾞｽ,Uchiyama Holdings Co Ltd,skip,duplicate,high,reuters,1
2026-04-01,6061,ユニバーサル園芸社,ユニバーサル園芸社,skip,duplicate,high,"kabutan,nikkei",2
2026-04-01,6061,ユニバーサル園芸社,Universal Engeisha,skip,duplicate,high,reuters,1
2026-04-01,6061,ユニバーサル園芸社,Universal Engeisha Co Ltd,skip,duplicate,high,reuters,1
2026-04-01,6061,ユニバーサル園芸社,ユニバー園芸,skip,duplicate,high,kabutan,1
2026-04-01,6062,チャーム・ケア・ｺｰﾎﾟﾚｰｼｮﾝ,チャームケア,skip,duplicate,high,"kabutan,tdnet",2
2026-04-01,6062,チャーム・ケア・ｺｰﾎﾟﾚｰｼｮﾝ,チャーム・ケア・コーポレーション,skip,duplicate,high,"kabutan,nikkei",2
2026-04-01,6062,チャーム・ケア・ｺｰﾎﾟﾚｰｼｮﾝ,Charm Care,skip,duplicate,high,reuters,1
2026-04-01,6062,チャーム・ケア・ｺｰﾎﾟﾚｰｼｮﾝ,Charm Care Corp,skip,duplicate,high,reuters,1
2026-04-01,6063,日本エマージェンシーアシスタンス,EAJ,skip,duplicate,high,"kabutan,tdnet",4
2026-04-01,6063,日本エマージェンシーアシスタンス,日本エマージェンシーアシスタンス,skip,duplicate,high,"kabutan,nikkei",2
2026-04-01,6063,日本エマージェンシーアシスタンス,Emergency Assistance Japan,skip,duplicate,high,reuters,1
2026-04-01,6063,日本エマージェンシーアシスタンス,Emergency Assistance Japan Co Ltd,skip,duplicate,high,reuters,1
2026-04-01,6069,トレンダーズ,トレンダーズ,add,exists_in_base,high,"kabutan,nikkei",2
2026-04-01,6069,トレンダーズ,Trenders,skip,duplicate,high,reuters,1
2026-04-01,6069,トレンダーズ,Trenders Inc,skip,duplicate,high,reuters,1
2026-04-01,6069,トレンダーズ,トレンダ,skip,duplicate,high,kabutan,1
2026-04-01,6070,キャリアリンク,キャリアリンク,add,exists_in_base,high,"kabutan,nikkei,tdnet",3
2026-04-01,6070,キャリアリンク,Careerlink,skip,duplicate,high,reuters,1
2026-04-01,6070,キャリアリンク,Careerlink Co Ltd,skip,duplicate,high,reuters,1
2026-04-01,6070,キャリアリンク,キャリアL,skip,duplicate,high,kabutan,1
2026-04-01,6071,IBJ,IBJ,skip,duplicate,high,"kabutan,nikkei,reuters,tdnet",7
2026-04-01,6071,IBJ,IBJ Inc,skip,duplicate,high,reuters,1
2026-04-01,6072,地盤ネットﾎｰﾙﾃﾞｨﾝｸﾞｽ,地盤ネットホールディングス,add,exists_in_base,high,"kabutan,nikkei",2
2026-04-01,6072,地盤ネットﾎｰﾙﾃﾞｨﾝｸﾞｽ,Jibannet,skip,duplicate,high,reuters,1
2026-04-01,6072,地盤ネットﾎｰﾙﾃﾞｨﾝｸﾞｽ,Jibannet Holdings Co Ltd,skip,duplicate,high,reuters,1
2026-04-01,6072,地盤ネットﾎｰﾙﾃﾞｨﾝｸﾞｽ,地盤ネットHD,skip,duplicate,high,tdnet,1
2026-04-01,6072,地盤ネットﾎｰﾙﾃﾞｨﾝｸﾞｽ,地盤HD,add,new_candidate,medium,kabutan,1
2026-04-01,6073,アサンテ,アサンテ,skip,duplicate,high,"kabutan,nikkei,tdnet",4
2026-04-01,6073,アサンテ,Asante,skip,duplicate,high,reuters,1
2026-04-01,6073,アサンテ,Asante Inc,skip,duplicate,high,reuters,1
2026-04-01,6074,ジェイエスエス,JSS,skip,duplicate,high,"kabutan,reuters",2
2026-04-01,6074,ジェイエスエス,ジェイエスエス,skip,duplicate,high,"kabutan,nikkei",2
2026-04-01,6074,ジェイエスエス,JSS Corp,skip,duplicate,high,reuters,1
2026-04-01,6078,バリューHR,バリューHR,skip,duplicate,high,"kabutan,nikkei,tdnet",5
2026-04-01,6078,バリューHR,Value HR,skip,duplicate,high,reuters,1
2026-04-01,6078,バリューHR,Value HR Co Ltd,skip,duplicate,high,reuters,1
2026-04-01,6080,M＆Aキャピタルパートナーズ,M&Aキャピタルパートナーズ,skip,duplicate,high,"kabutan,nikkei",2
2026-04-01,6080,M＆Aキャピタルパートナーズ,M&A Capital Partners,skip,duplicate,high,reuters,1
2026-04-01,6080,M＆Aキャピタルパートナーズ,M&A Capital Partners Co Ltd,skip,duplicate,high,reuters,1
2026-04-01,6080,M＆Aキャピタルパートナーズ,M&Aキャピ,skip,duplicate,high,kabutan,1
2026-04-01,6080,M＆Aキャピタルパートナーズ,M&Aキャピタル,skip,duplicate,high,tdnet,1
2026-04-01,6081,アライドアーキテクツ,アライドアーキテクツ,add,exists_in_base,high,"kabutan,nikkei",2
2026-04-01,6081,アライドアーキテクツ,Allied Architects,skip,duplicate,high,reuters,1
2026-04-01,6081,アライドアーキテクツ,Allied Architects Inc,skip,duplicate,high,reuters,1
2026-04-01,6081,アライドアーキテクツ,アライドアキ,skip,duplicate,high,kabutan,1
2026-04-01,6081,アライドアーキテクツ,アライドアーキ,add,new_candidate,medium,tdnet,10
2026-04-01,6082,ライドオンエクスプレスﾎｰﾙﾃﾞｨﾝｸﾞｽ,ライドオンエクスプレスホールディングス,skip,duplicate,high,"kabutan,nikkei",2
2026-04-01,6082,ライドオンエクスプレスﾎｰﾙﾃﾞｨﾝｸﾞｽ,Ride On Express,skip,duplicate,high,reuters,1
2026-04-01,6082,ライドオンエクスプレスﾎｰﾙﾃﾞｨﾝｸﾞｽ,Ride On Express Holdings Co Ltd,skip,duplicate,high,reuters,1
2026-04-01,6082,ライドオンエクスプレスﾎｰﾙﾃﾞｨﾝｸﾞｽ,ライドオンE,skip,duplicate,high,kabutan,1
2026-04-01,6082,ライドオンエクスプレスﾎｰﾙﾃﾞｨﾝｸﾞｽ,ライドオンEXHD,add,new_candidate,medium,tdnet,1
2026-04-01,6083,ERIﾎｰﾙﾃﾞｨﾝｸﾞｽ,ERIHD,skip,duplicate,high,"kabutan,tdnet",3
2026-04-01,6083,ERIﾎｰﾙﾃﾞｨﾝｸﾞｽ,ERIホールディングス,skip,duplicate,high,"kabutan,nikkei",2
2026-04-01,6083,ERIﾎｰﾙﾃﾞｨﾝｸﾞｽ,ERI,skip,duplicate,high,reuters,1
2026-04-01,6083,ERIﾎｰﾙﾃﾞｨﾝｸﾞｽ,ERI Holdings Co Ltd,skip,duplicate,high,reuters,1
2026-04-01,6085,アーキテクツ・スタジオ・ジャパン,アーキテクツ・スタジオ・ジャパン,add,exists_in_base,high,"kabutan,nikkei",2
2026-04-01,6085,アーキテクツ・スタジオ・ジャパン,Architects Studio Japan,skip,duplicate,high,reuters,1
2026-04-01,6085,アーキテクツ・スタジオ・ジャパン,Architects Studio Japan Inc,skip,duplicate,high,reuters,1
2026-04-01,6085,アーキテクツ・スタジオ・ジャパン,アーキテクツ,skip,duplicate,high,kabutan,1
2026-04-01,6085,アーキテクツ・スタジオ・ジャパン,アーキテクツSJ,add,new_candidate,medium,tdnet,6
2026-04-01,6086,シンメンテﾎｰﾙﾃﾞｨﾝｸﾞｽ,シンメンテホールディングス,skip,duplicate,high,"kabutan,nikkei",2
2026-04-01,6086,シンメンテﾎｰﾙﾃﾞｨﾝｸﾞｽ,Shin Maint,skip,duplicate,high,reuters,1
2026-04-01,6086,シンメンテﾎｰﾙﾃﾞｨﾝｸﾞｽ,Shin Maint Holdings Co Ltd,skip,duplicate,high,reuters,1
2026-04-01,6086,シンメンテﾎｰﾙﾃﾞｨﾝｸﾞｽ,シンメンテ,skip,duplicate,high,kabutan,1
2026-04-01,6086,シンメンテﾎｰﾙﾃﾞｨﾝｸﾞｽ,シンメンテHD,add,new_candidate,medium,tdnet,1
2026-04-01,6087,アビスト,アビスト,skip,duplicate,high,"kabutan,nikkei,tdnet",3
2026-04-01,6087,アビスト,Abist,skip,duplicate,high,reuters,1
2026-04-01,6087,アビスト,Abist Co Ltd,skip,duplicate,high,reuters,1
2026-04-01,6088,シグマクシス・ﾎｰﾙﾃﾞｨﾝｸﾞｽ,シグマクシスHD,skip,duplicate,high,tdnet,2
2026-04-01,6088,シグマクシス・ﾎｰﾙﾃﾞｨﾝｸﾞｽ,シグマクシス・ホールディングス,skip,duplicate,high,"kabutan,nikkei",2
2026-04-01,6088,シグマクシス・ﾎｰﾙﾃﾞｨﾝｸﾞｽ,SIGMAXYZ,skip,duplicate,high,reuters,1
2026-04-01,6088,シグマクシス・ﾎｰﾙﾃﾞｨﾝｸﾞｽ,SIGMAXYZ Holdings Inc,skip,duplicate,high,reuters,1
2026-04-01,6088,シグマクシス・ﾎｰﾙﾃﾞｨﾝｸﾞｽ,シグマクシス,skip,duplicate,high,kabutan,1
2026-04-01,6089,ウィルｸﾞﾙｰﾌﾟ,ウィルグループ,skip,duplicate,high,"kabutan,nikkei,tdnet",3
2026-04-01,6089,ウィルｸﾞﾙｰﾌﾟ,Will,skip,duplicate,high,reuters,1
2026-04-01,6089,ウィルｸﾞﾙｰﾌﾟ,Will Group Inc,skip,duplicate,high,reuters,1
2026-04-01,6089,ウィルｸﾞﾙｰﾌﾟ,ウィルG,skip,duplicate,high,kabutan,1
2026-04-01,6090,ヒューマン・メタボローム・テクノロジーズ,HMT,skip,duplicate,high,"kabutan,tdnet",2
2026-04-01,6090,ヒューマン・メタボローム・テクノロジーズ,ヒューマン・メタボローム・テクノロジーズ,skip,duplicate,high,"kabutan,nikkei",2
2026-04-01,6090,ヒューマン・メタボローム・テクノロジーズ,Human Metabolome Technologies,skip,duplicate,high,reuters,1
2026-04-01,6090,ヒューマン・メタボローム・テクノロジーズ,Human Metabolome Technologies Inc,skip,duplicate,high,reuters,1
2026-04-01,6091,ウエスコﾎｰﾙﾃﾞｨﾝｸﾞｽ,ウエスコHD,skip,duplicate,high,"kabutan,tdnet",4
2026-04-01,6091,ウエスコﾎｰﾙﾃﾞｨﾝｸﾞｽ,ウエスコホールディングス,skip,duplicate,high,"kabutan,nikkei",2
2026-04-01,6091,ウエスコﾎｰﾙﾃﾞｨﾝｸﾞｽ,Wesco,skip,duplicate,high,reuters,1
2026-04-01,6091,ウエスコﾎｰﾙﾃﾞｨﾝｸﾞｽ,Wesco Holdings Inc,skip,duplicate,high,reuters,1
2026-04-01,6092,エンバイオ・ﾎｰﾙﾃﾞｨﾝｸﾞｽ,エンバイオ・ホールディングス,skip,duplicate,high,"kabutan,nikkei",2
2026-04-01,6092,エンバイオ・ﾎｰﾙﾃﾞｨﾝｸﾞｽ,EnBio,skip,duplicate,high,reuters,1
2026-04-01,6092,エンバイオ・ﾎｰﾙﾃﾞｨﾝｸﾞｽ,EnBio Holdings Inc,skip,duplicate,high,reuters,1
2026-04-01,6092,エンバイオ・ﾎｰﾙﾃﾞｨﾝｸﾞｽ,エンバイオH,skip,duplicate,high,kabutan,1
2026-04-01,6093,エスクロー・エージェント・ジャパン,エスクロー・エージェント・ジャパン,add,exists_in_base,high,"kabutan,nikkei",2
2026-04-01,6093,エスクロー・エージェント・ジャパン,Escrow Agent Japan,skip,duplicate,high,reuters,1
2026-04-01,6093,エスクロー・エージェント・ジャパン,Escrow Agent Japan Inc,skip,duplicate,high,reuters,1
2026-04-01,6093,エスクロー・エージェント・ジャパン,エスクロAJ,skip,duplicate,high,kabutan,1
2026-04-01,6094,フリークアウト・ﾎｰﾙﾃﾞｨﾝｸﾞｽ,フリークアウト・ホールディングス,skip,duplicate,high,"kabutan,nikkei",2
2026-04-01,6094,フリークアウト・ﾎｰﾙﾃﾞｨﾝｸﾞｽ,FreakOut,skip,duplicate,high,reuters,1
2026-04-01,6094,フリークアウト・ﾎｰﾙﾃﾞｨﾝｸﾞｽ,FreakOut Holdings Inc,skip,duplicate,high,reuters,1
2026-04-01,6094,フリークアウト・ﾎｰﾙﾃﾞｨﾝｸﾞｽ,フリークHD,skip,duplicate,high,kabutan,1
2026-04-01,6094,フリークアウト・ﾎｰﾙﾃﾞｨﾝｸﾞｽ,フリークアウト,add,new_candidate,medium,tdnet,1
2026-04-01,6096,レアジョブ,レアジョブ,skip,duplicate,high,"kabutan,nikkei,tdnet",3
2026-04-01,6096,レアジョブ,RareJob,skip,duplicate,high,reuters,1
2026-04-01,6096,レアジョブ,RareJob Inc,skip,duplicate,high,reuters,1
2026-04-01,6098,リクルートﾎｰﾙﾃﾞｨﾝｸﾞｽ,リクルートHD,skip,duplicate,high,tdnet,4
2026-04-01,6098,リクルートﾎｰﾙﾃﾞｨﾝｸﾞｽ,リクルートホールディングス,skip,duplicate,high,"kabutan,nikkei",2
2026-04-01,6098,リクルートﾎｰﾙﾃﾞｨﾝｸﾞｽ,Recruit,skip,duplicate,high,reuters,1
2026-04-01,6098,リクルートﾎｰﾙﾃﾞｨﾝｸﾞｽ,Recruit Holdings Co Ltd,skip,duplicate,high,reuters,1
2026-04-01,6098,リクルートﾎｰﾙﾃﾞｨﾝｸﾞｽ,リクルート,skip,duplicate,high,kabutan,1
2026-04-01,6099,エラン,エラン,skip,duplicate,high,"kabutan,nikkei,tdnet",3
2026-04-01,6099,エラン,Elan,skip,duplicate,high,reuters,1
2026-04-01,6099,エラン,Elan Corp,skip,duplicate,high,reuters,1
2026-04-01,6101,ツガミ,ツガミ,skip,duplicate,high,"kabutan,nikkei,tdnet",3
2026-04-01,6101,ツガミ,Tsugami,skip,duplicate,high,reuters,1
2026-04-01,6101,ツガミ,Tsugami Corp,skip,duplicate,high,reuters,1
2026-04-01,6103,オークマ,オークマ,skip,duplicate,high,"kabutan,nikkei,tdnet",3
2026-04-01,6103,オークマ,Okuma,skip,duplicate,high,reuters,1
2026-04-01,6103,オークマ,Okuma Corp,skip,duplicate,high,reuters,1
2026-04-01,6104,芝浦機械,芝浦機械,skip,duplicate,high,"kabutan,nikkei",2
2026-04-01,6104,芝浦機械,Shibaura Machine,skip,duplicate,high,reuters,1
2026-04-01,6104,芝浦機械,Shibaura Machine Co Ltd,skip,duplicate,high,reuters,1
2026-04-01,6104,芝浦機械,芝浦機,skip,duplicate,high,kabutan,1
2026-04-01,6113,アマダ,アマダ,skip,duplicate,high,"kabutan,nikkei,tdnet",5
2026-04-01,6113,アマダ,Amada,skip,duplicate,high,reuters,1
2026-04-01,6113,アマダ,Amada Co Ltd,skip,duplicate,high,reuters,1
2026-04-01,6118,アイダエンジニアリング,アイダ,skip,duplicate,high,"kabutan,tdnet",2
2026-04-01,6118,アイダエンジニアリング,アイダエンジニアリング,add,exists_in_base,high,"kabutan,nikkei",2
2026-04-01,6118,アイダエンジニアリング,Aida Engineering,skip,duplicate,high,reuters,1
2026-04-01,6118,アイダエンジニアリング,Aida Engineering Ltd,skip,duplicate,high,reuters,1
2026-04-01,6125,岡本工作機械製作所,岡本工作機械製作所,add,exists_in_base,high,"kabutan,nikkei",2
2026-04-01,6125,岡本工作機械製作所,Okamoto Machine Tool Works,skip,duplicate,high,reuters,1
2026-04-01,6125,岡本工作機械製作所,Okamoto Machine Tool Works Ltd,skip,duplicate,high,reuters,1
2026-04-01,6125,岡本工作機械製作所,岡本工,skip,duplicate,high,kabutan,1
2026-04-01,6134,FUJI,FUJI,skip,duplicate,high,"kabutan,nikkei,tdnet",3
2026-04-01,6134,FUJI,Fuji Corp (Aichi),skip,duplicate,high,reuters,1
2026-04-01,6135,牧野フライス製作所,牧野フライス製作所,add,exists_in_base,high,"kabutan,nikkei",2
2026-04-01,6135,牧野フライス製作所,Makino Milling Machine,skip,duplicate,high,reuters,1
2026-04-01,6135,牧野フライス製作所,Makino Milling Machine Co Ltd,skip,duplicate,high,reuters,1
2026-04-01,6135,牧野フライス製作所,牧野フ,skip,duplicate,high,kabutan,1
2026-04-01,6136,オーエスジー,OSG,skip,duplicate,high,"kabutan,nikkei,reuters,tdnet",4
2026-04-01,6136,オーエスジー,OSG Corp,skip,duplicate,high,reuters,1
2026-04-01,6137,小池酸素工業,小池酸素工業,add,exists_in_base,high,"kabutan,nikkei",2
2026-04-01,6137,小池酸素工業,Koike Sanso Kogyo,skip,duplicate,high,reuters,1
2026-04-01,6137,小池酸素工業,Koike Sanso Kogyo Co Ltd,skip,duplicate,high,reuters,1
2026-04-01,6137,小池酸素工業,小池工,skip,duplicate,high,kabutan,1
2026-04-01,6138,ダイジェット工業,ダイジェット工業,skip,duplicate,high,"kabutan,nikkei",2
2026-04-01,6138,ダイジェット工業,Dijet Industrial,skip,duplicate,high,reuters,1
2026-04-01,6138,ダイジェット工業,Dijet Industrial Co Ltd,skip,duplicate,high,reuters,1
2026-04-01,6138,ダイジェット工業,ダイジェット,skip,duplicate,high,tdnet,1
2026-04-01,6138,ダイジェット工業,ダイジェト,skip,duplicate,high,kabutan,1
2026-04-01,6140,旭ダイヤモンド工業,旭ダイヤモンド工業,add,exists_in_base,high,"kabutan,nikkei",2
2026-04-01,6140,旭ダイヤモンド工業,Asahi Diamond Industrial,skip,duplicate,high,reuters,1
2026-04-01,6140,旭ダイヤモンド工業,Asahi Diamond Industrial Co Ltd,skip,duplicate,high,reuters,1
2026-04-01,6140,旭ダイヤモンド工業,旭ダイヤ,skip,duplicate,high,kabutan,1
2026-04-01,6141,DMG森精機,DMG森精機,skip,duplicate,high,"kabutan,nikkei,tdnet",4
2026-04-01,6141,DMG森精機,DMG Mori,skip,duplicate,high,reuters,1
2026-04-01,6141,DMG森精機,DMG Mori Co Ltd,skip,duplicate,high,reuters,1
2026-04-01,6143,ソディック,ソディック,skip,duplicate,high,"kabutan,nikkei,tdnet",5
2026-04-01,6143,ソディック,Sodick,skip,duplicate,high,reuters,1
2026-04-01,6143,ソディック,Sodick Co Ltd,skip,duplicate,high,reuters,1
2026-04-01,6144,西部電機,西部電機,skip,duplicate,high,"kabutan,nikkei",2
2026-04-01,6144,西部電機,Seibu Electric & Machinery,skip,duplicate,high,reuters,1
2026-04-01,6144,西部電機,Seibu Electric & Machinery Co Ltd,skip,duplicate,high,reuters,1
2026-04-01,6145,NITTOKU,NITTOKU,skip,duplicate,high,"kabutan,nikkei,reuters,tdnet",6
2026-04-01,6145,NITTOKU,NITTOK,skip,duplicate,high,kabutan,1
2026-04-01,6145,NITTOKU,Nittoku Co Ltd,skip,duplicate,high,reuters,1
2026-04-01,6146,ディスコ,ディスコ,skip,duplicate,high,"kabutan,nikkei",2
2026-04-01,6146,ディスコ,Disco,skip,duplicate,high,reuters,1
2026-04-01,6146,ディスコ,Disco Corp,skip,duplicate,high,reuters,1
2026-04-01,6147,ヤマザキ,ヤマザキ,skip,duplicate,high,"kabutan,nikkei,tdnet",3
2026-04-01,6147,ヤマザキ,Yamazaki,skip,duplicate,high,reuters,1
2026-04-01,6147,ヤマザキ,Yamazaki Co Ltd,skip,duplicate,high,reuters,1
2026-04-01,6149,小田原エンジニアリング,小田原エンジニアリング,add,exists_in_base,high,"kabutan,nikkei",2
2026-04-01,6149,小田原エンジニアリング,Odawara Engineering,skip,duplicate,high,reuters,1
2026-04-01,6149,小田原エンジニアリング,Odawara Engineering Co Ltd,skip,duplicate,high,reuters,1
2026-04-01,6149,小田原エンジニアリング,小田原エンジ,skip,duplicate,high,kabutan,1
2026-04-01,6150,タケダ機械,タケダ機械,skip,duplicate,high,"kabutan,nikkei",2
2026-04-01,6150,タケダ機械,Takeda Machinery,skip,duplicate,high,reuters,1
2026-04-01,6150,タケダ機械,Takeda Machinery Co Ltd,skip,duplicate,high,reuters,1
2026-04-01,6151,日東工器,日東工器,skip,duplicate,high,"kabutan,nikkei,tdnet",3
2026-04-01,6151,日東工器,Nitto Kohki,skip,duplicate,high,reuters,1
2026-04-01,6151,日東工器,Nitto Kohki Co Ltd,skip,duplicate,high,reuters,1
2026-04-01,6155,高松機械工業,高松機械工業,skip,duplicate,high,"kabutan,nikkei",2
2026-04-01,6155,高松機械工業,Takamatsu Machinery,skip,duplicate,high,reuters,1
2026-04-01,6155,高松機械工業,Takamatsu Machinery Co Ltd,skip,duplicate,high,reuters,1
2026-04-01,6155,高松機械工業,高松機械,skip,duplicate,high,kabutan,1
2026-04-01,6156,エーワン精密,エーワン精密,skip,duplicate,high,"kabutan,nikkei",2
2026-04-01,6156,エーワン精密,A-One Seimitsu,skip,duplicate,high,reuters,1
2026-04-01,6156,エーワン精密,A-One Seimitsu Inc,skip,duplicate,high,reuters,1
2026-04-01,6157,日進工具,日進工具,skip,duplicate,high,"kabutan,nikkei,tdnet",6
2026-04-01,6157,日進工具,NS Tool,skip,duplicate,high,reuters,1
2026-04-01,6157,日進工具,NS Tool Co Ltd,skip,duplicate,high,reuters,1
2026-04-01,6158,和井田製作所,和井田製作所,skip,duplicate,high,"kabutan,nikkei",2
2026-04-01,6158,和井田製作所,Waida MFG.,skip,duplicate,high,reuters,1
2026-04-01,6158,和井田製作所,Waida MFG. Co Ltd,skip,duplicate,high,reuters,1
2026-04-01,6158,和井田製作所,和井田,skip,duplicate,high,kabutan,1
2026-04-01,6159,ミクロン精密,ミクロン精密,skip,duplicate,high,"kabutan,nikkei",2
2026-04-01,6159,ミクロン精密,Micron Machinery,skip,duplicate,high,reuters,1
2026-04-01,6159,ミクロン精密,Micron Machinery Co Ltd,skip,duplicate,high,reuters,1
2026-04-01,6159,ミクロン精密,ミクロン,skip,duplicate,high,kabutan,1
2026-04-01,6161,エスティック,エスティック,skip,duplicate,high,"kabutan,nikkei",2
2026-04-01,6161,エスティック,Estic,skip,duplicate,high,reuters,1
2026-04-01,6161,エスティック,Estic Corp,skip,duplicate,high,reuters,1
2026-04-01,6165,パンチ工業,パンチ工業,add,exists_in_base,high,"kabutan,nikkei",2
2026-04-01,6165,パンチ工業,Punch Industry,skip,duplicate,high,reuters,1
2026-04-01,6165,パンチ工業,Punch Industry Co Ltd,skip,duplicate,high,reuters,1
2026-04-01,6165,パンチ工業,パンチ,skip,duplicate,high,kabutan,1
2026-04-01,6166,中村超硬,中村超硬,add,exists_in_base,high,"kabutan,nikkei,tdnet",10
2026-04-01,6166,中村超硬,Nakamura Choukou,skip,duplicate,high,reuters,1
2026-04-01,6166,中村超硬,Nakamura Choukou Co Ltd,skip,duplicate,high,reuters,1
2026-04-01,6167,冨士ダイス,冨士ダイス,add,exists_in_base,high,"kabutan,nikkei",2
2026-04-01,6167,冨士ダイス,Fuji Die,skip,duplicate,high,reuters,1
2026-04-01,6167,冨士ダイス,Fuji Die Co Ltd,skip,duplicate,high,reuters,1
2026-04-01,6171,土木管理総合試験所,土木管理総合試験所,skip,duplicate,high,"kabutan,nikkei",2
2026-04-01,6171,土木管理総合試験所,CE Management Integrated Laboratory,skip,duplicate,high,reuters,1
2026-04-01,6171,土木管理総合試験所,CE Management Integrated Laboratory Co Ltd,skip,duplicate,high,reuters,1
2026-04-01,6171,土木管理総合試験所,土木管理,skip,duplicate,high,kabutan,1
2026-04-01,6173,アクアライン,アクアライン,add,exists_in_base,high,"kabutan,nikkei,tdnet",7
2026-04-01,6173,アクアライン,Aqualine,skip,duplicate,high,reuters,1
2026-04-01,6173,アクアライン,Aqualine Ltd,skip,duplicate,high,reuters,1
2026-04-01,6176,ブランジスタ,ブランジスタ,skip,duplicate,high,"kabutan,nikkei,tdnet",4
2026-04-01,6176,ブランジスタ,Brangista,skip,duplicate,high,reuters,1
2026-04-01,6176,ブランジスタ,Brangista Inc,skip,duplicate,high,reuters,1
2026-04-01,6177,AppBank,AppBank,skip,duplicate,high,"kabutan,nikkei,reuters,tdnet",5
2026-04-01,6177,AppBank,AppBank Inc,skip,duplicate,high,reuters,1
2026-04-01,6177,AppBank,アップバンク,skip,duplicate,high,kabutan,1
2026-04-01,6178,日本郵政,日本郵政,skip,duplicate,high,"kabutan,nikkei,tdnet",8
2026-04-01,6178,日本郵政,Japan Post,skip,duplicate,high,reuters,1
2026-04-01,6178,日本郵政,Japan Post Holdings Co Ltd,skip,duplicate,high,reuters,1
2026-04-01,6180,GMOメディア,GMOメディア,skip,duplicate,high,"kabutan,nikkei,tdnet",3
2026-04-01,6180,GMOメディア,GMO Media,skip,duplicate,high,reuters,1
2026-04-01,6180,GMOメディア,GMO Media Inc,skip,duplicate,high,reuters,1
2026-04-01,6180,GMOメディア,GMOメディ,skip,duplicate,high,kabutan,1
2026-04-01,6181,タメニー,タメニー,skip,duplicate,high,"kabutan,nikkei,tdnet",5
2026-04-01,6181,タメニー,Tameny,skip,duplicate,high,reuters,1
2026-04-01,6181,タメニー,Tameny Inc,skip,duplicate,high,reuters,1
2026-04-01,6182,メタリアル,メタリアル,add,exists_in_base,high,"kabutan,nikkei,tdnet",4
2026-04-01,6182,メタリアル,MetaReal,skip,duplicate,high,reuters,1
2026-04-01,6182,メタリアル,MetaReal Corp,skip,duplicate,high,reuters,1
2026-04-01,6183,ベルシステム24ﾎｰﾙﾃﾞｨﾝｸﾞｽ,ベル24HD,skip,duplicate,high,"kabutan,tdnet",2
2026-04-01,6183,ベルシステム24ﾎｰﾙﾃﾞｨﾝｸﾞｽ,ベルシステム24ホールディングス,skip,duplicate,high,"kabutan,nikkei",2
2026-04-01,6183,ベルシステム24ﾎｰﾙﾃﾞｨﾝｸﾞｽ,Bellsystem24,skip,duplicate,high,reuters,1
2026-04-01,6183,ベルシステム24ﾎｰﾙﾃﾞｨﾝｸﾞｽ,Bellsystem24 Holdings Inc,skip,duplicate,high,reuters,1
2026-04-01,6184,鎌倉新書,鎌倉新書,add,exists_in_base,high,"kabutan,nikkei,tdnet",6
2026-04-01,6184,鎌倉新書,Kamakura Shinsho,skip,duplicate,high,reuters,1
2026-04-01,6184,鎌倉新書,Kamakura Shinsho Ltd,skip,duplicate,high,reuters,1
2026-04-01,6185,SMN,SMN,skip,duplicate,high,"kabutan,nikkei,reuters",3
2026-04-01,6185,SMN,SMN Corp,skip,duplicate,high,reuters,1
2026-04-01,6186,一蔵,一蔵,skip,duplicate,high,"kabutan,nikkei",2
2026-04-01,6186,一蔵,Ichikura,skip,duplicate,high,reuters,1
2026-04-01,6186,一蔵,Ichikura Co Ltd,skip,duplicate,high,reuters,1
2026-04-01,6189,グローバルキッズCOMPANY,グローバルキッズC,skip,duplicate,high,tdnet,3
2026-04-01,6189,グローバルキッズCOMPANY,グローバルキッズCOMPANY,skip,duplicate,high,"kabutan,nikkei",2
2026-04-01,6189,グローバルキッズCOMPANY,Global Kids Company,skip,duplicate,high,reuters,1
2026-04-01,6189,グローバルキッズCOMPANY,Global Kids Company Corp,skip,duplicate,high,reuters,1
2026-04-01,6189,グローバルキッズCOMPANY,Gキッズ,skip,duplicate,high,kabutan,1
2026-04-01,6190,フェニックスバイオ,フェニックスバイオ,add,exists_in_base,high,"kabutan,nikkei",2
2026-04-01,6190,フェニックスバイオ,PhoenixBio,skip,duplicate,high,reuters,1
2026-04-01,6190,フェニックスバイオ,PhoenixBio Co Ltd,skip,duplicate,high,reuters,1
2026-04-01,6190,フェニックスバイオ,フェニクスB,skip,duplicate,high,kabutan,1
2026-04-01,6191,エアトリ,エアトリ,add,exists_in_base,high,"kabutan,nikkei,tdnet",4
2026-04-01,6191,エアトリ,AirTrip,skip,duplicate,high,reuters,1
2026-04-01,6191,エアトリ,AirTrip Corp,skip,duplicate,high,reuters,1
2026-04-01,6193,バーチャレクス・ﾎｰﾙﾃﾞｨﾝｸﾞｽ,バーチャレクス・ホールディングス,skip,duplicate,high,"kabutan,nikkei",2
2026-04-01,6193,バーチャレクス・ﾎｰﾙﾃﾞｨﾝｸﾞｽ,Virtualex,skip,duplicate,high,reuters,1
2026-04-01,6193,バーチャレクス・ﾎｰﾙﾃﾞｨﾝｸﾞｽ,Virtualex Holdings Inc,skip,duplicate,high,reuters,1
2026-04-01,6193,バーチャレクス・ﾎｰﾙﾃﾞｨﾝｸﾞｽ,バーチャレク,skip,duplicate,high,kabutan,1
2026-04-01,6194,アトラエ,アトラエ,skip,duplicate,high,"kabutan,nikkei,tdnet",4
2026-04-01,6194,アトラエ,Atrae,skip,duplicate,high,reuters,1
2026-04-01,6194,アトラエ,Atrae Inc,skip,duplicate,high,reuters,1
2026-04-01,6195,ホープ,ホープ,skip,duplicate,high,"kabutan,nikkei,tdnet",4
2026-04-01,6195,ホープ,Hope,skip,duplicate,high,reuters,1
2026-04-01,6195,ホープ,Hope Inc,skip,duplicate,high,reuters,1
2026-04-01,6196,ストライク,ストライクグループ,add,new_candidate,high,"kabutan,nikkei",2
2026-04-01,6196,ストライク,Strike,skip,duplicate,high,reuters,1
2026-04-01,6196,ストライク,ストライク,skip,duplicate,high,tdnet,1
2026-04-01,6196,ストライク,Strike Group Co Ltd,add,new_candidate,medium,reuters,1
2026-04-01,6196,ストライク,ストライクG,add,new_candidate,medium,kabutan,1
2026-04-01,6197,ソラスト,ソラスト,skip,duplicate,high,"kabutan,nikkei,tdnet",7
2026-04-01,6197,ソラスト,Solasto,skip,duplicate,high,reuters,1
2026-04-01,6197,ソラスト,Solasto Corp,skip,duplicate,high,reuters,1
2026-04-01,6198,キャリア,キャリア,skip,duplicate,high,"kabutan,nikkei,tdnet",3
2026-04-01,6198,キャリア,Career,skip,duplicate,high,"kabutan,reuters",2
2026-04-01,6198,キャリア,Career Co Ltd,skip,duplicate,high,reuters,1
2026-04-01,6199,セラク,セラク,skip,duplicate,high,"kabutan,nikkei,tdnet",6
2026-04-01,6199,セラク,Seraku,skip,duplicate,high,reuters,1
2026-04-01,6199,セラク,Seraku Co Ltd,skip,duplicate,high,reuters,1
2026-04-01,6200,インソース,インソース,skip,duplicate,high,"kabutan,nikkei,tdnet",3
2026-04-01,6200,インソース,Insource,skip,duplicate,high,reuters,1
2026-04-01,6200,インソース,Insource Co Ltd,skip,duplicate,high,reuters,1
2026-04-01,6201,豊田自動織機,豊田織,skip,duplicate,high,"kabutan,tdnet",8
2026-04-01,6201,豊田自動織機,豊田自動織機,add,exists_in_base,high,"kabutan,nikkei",2
2026-04-01,6201,豊田自動織機,Toyota Industries,skip,duplicate,high,reuters,1
2026-04-01,6201,豊田自動織機,Toyota Industries Corp,skip,duplicate,high,reuters,1
2026-04-01,6203,豊和工業,豊和工業,add,exists_in_base,high,"kabutan,nikkei",2
2026-04-01,6203,豊和工業,Howa Machinery,skip,duplicate,high,reuters,1
2026-04-01,6203,豊和工業,Howa Machinery Ltd,skip,duplicate,high,reuters,1
2026-04-01,6203,豊和工業,豊和工,skip,duplicate,high,kabutan,1
2026-04-01,6208,石川製作所,石川製作所,add,exists_in_base,high,"kabutan,nikkei",2
2026-04-01,6208,石川製作所,Ishikawa Seisakusho,skip,duplicate,high,reuters,1
2026-04-01,6208,石川製作所,Ishikawa Seisakusho Ltd,skip,duplicate,high,reuters,1
2026-04-01,6208,石川製作所,石川製,skip,duplicate,high,kabutan,1
2026-04-01,6209,リケンNPR,リケンNPR,skip,duplicate,high,"kabutan,nikkei,tdnet",3
2026-04-01,6209,リケンNPR,NPR-Riken,skip,duplicate,high,reuters,1
2026-04-01,6209,リケンNPR,NPR-Riken Corp,skip,duplicate,high,reuters,1
2026-04-01,6210,TOYOイノベックス,TOYOイノベックス,skip,duplicate,high,"kabutan,tdnet",3
2026-04-01,6210,TOYOイノベックス,TOYOイノ,skip,duplicate,high,kabutan,1
2026-04-01,6210,TOYOイノベックス,6210.T,add,new_candidate,medium,reuters,1
2026-04-01,6217,津田駒工業,津田駒工業,add,exists_in_base,high,"kabutan,nikkei",2
2026-04-01,6217,津田駒工業,Tsudakoma,skip,duplicate,high,reuters,1
2026-04-01,6217,津田駒工業,Tsudakoma Corp,skip,duplicate,high,reuters,1
2026-04-01,6217,津田駒工業,津田駒,skip,duplicate,high,kabutan,1
2026-04-01,6218,エンシュウ,エンシュウ,skip,duplicate,high,"kabutan,nikkei,tdnet",3
2026-04-01,6218,エンシュウ,Enshu,skip,duplicate,high,reuters,1
2026-04-01,6218,エンシュウ,Enshu Ltd,skip,duplicate,high,reuters,1
2026-04-01,6222,島精機製作所,島精機,skip,duplicate,high,"kabutan,tdnet",2
2026-04-01,6222,島精機製作所,島精機製作所,add,exists_in_base,high,"kabutan,nikkei",2
2026-04-01,6222,島精機製作所,Shima Seiki Mfg.,skip,duplicate,high,reuters,1
2026-04-01,6222,島精機製作所,Shima Seiki Mfg. Ltd,skip,duplicate,high,reuters,1
2026-04-01,6223,西部技研,西部技研,skip,duplicate,high,"kabutan,nikkei,tdnet",4
2026-04-01,6223,西部技研,Seibu Giken,skip,duplicate,high,reuters,1
2026-04-01,6223,西部技研,Seibu Giken Co Ltd,skip,duplicate,high,reuters,1
2026-04-01,6224,JRC,JRC,skip,duplicate,high,"kabutan,nikkei,reuters",3
2026-04-01,6224,JRC,JRC Co Ltd,skip,duplicate,high,reuters,1
2026-04-01,6226,守谷輸送機工業,守谷輸送機工業,skip,duplicate,high,"kabutan,nikkei",2
2026-04-01,6226,守谷輸送機工業,Moriya Transportation Engineering and Manufacturing,skip,duplicate,high,reuters,1
2026-04-01,6226,守谷輸送機工業,守谷輸送機,skip,duplicate,high,kabutan,1
2026-04-01,6226,守谷輸送機工業,Moriya Transportation Engineering and Manufacturing Co Ltd,add,new_candidate,medium,reuters,1
2026-04-01,6227,AIメカテック,AIメカテック,skip,duplicate,high,"kabutan,nikkei",2
2026-04-01,6227,AIメカテック,Aimechatec,skip,duplicate,high,reuters,1
2026-04-01,6227,AIメカテック,Aimechatec Ltd,skip,duplicate,high,reuters,1
2026-04-01,6227,AIメカテック,AIメカ,skip,duplicate,high,kabutan,1
2026-04-01,6228,ジェイ・イー・ティ,ジェイ・イー・ティ,skip,duplicate,high,"kabutan,nikkei,tdnet",6
2026-04-01,6228,ジェイ・イー・ティ,JET,skip,duplicate,high,"kabutan,reuters",2
2026-04-01,6228,ジェイ・イー・ティ,JET Co Ltd,skip,duplicate,high,reuters,1
2026-04-01,6229,オーケーエム,オーケーエム,add,exists_in_base,high,"kabutan,nikkei",2
2026-04-01,6229,オーケーエム,Okumura Engineering,skip,duplicate,high,reuters,1
2026-04-01,6229,オーケーエム,Okumura Engineering Corp,skip,duplicate,high,reuters,1
2026-04-01,6230,SANEI,SANEI,skip,duplicate,high,"kabutan,nikkei,reuters,tdnet",4
2026-04-01,6230,SANEI,Sanei Ltd,skip,duplicate,high,reuters,1
2026-04-01,6231,木村工機,木村工機,skip,duplicate,high,"kabutan,nikkei,tdnet",4
2026-04-01,6231,木村工機,Kimura Kohki,skip,duplicate,high,reuters,1
2026-04-01,6231,木村工機,Kimura Kohki Co Ltd,skip,duplicate,high,reuters,1
2026-04-01,6232,ACSL,ACSL,skip,duplicate,high,"kabutan,nikkei,reuters,tdnet",9
2026-04-01,6232,ACSL,ACSL Ltd,skip,duplicate,high,reuters,1
2026-04-01,6233,KLASS,KLASS,skip,duplicate,high,"kabutan,nikkei,reuters",3
2026-04-01,6233,KLASS,KLASS Corp,skip,duplicate,high,reuters,1
2026-04-01,6235,オプトラン,オプトラン,skip,duplicate,high,"kabutan,nikkei,tdnet",6
2026-04-01,6235,オプトラン,Optorun,skip,duplicate,high,reuters,1
2026-04-01,6235,オプトラン,Optorun Co Ltd,skip,duplicate,high,reuters,1
2026-04-01,6237,イワキポンプ,イワキポンプ,skip,duplicate,high,"kabutan,nikkei",2
2026-04-01,6237,イワキポンプ,Iwaki,skip,duplicate,high,reuters,1
2026-04-01,6237,イワキポンプ,Iwaki Co Ltd,skip,duplicate,high,reuters,1
2026-04-01,6237,イワキポンプ,イワキ,skip,duplicate,high,kabutan,1
2026-04-01,6238,フリュー,フリュー,skip,duplicate,high,"kabutan,nikkei,tdnet",5
2026-04-01,6238,フリュー,FuRyu,skip,duplicate,high,reuters,1
2026-04-01,6238,フリュー,FuRyu Corp,skip,duplicate,high,reuters,1
2026-04-01,6239,ナガオカ,ナガオカ,skip,duplicate,high,"kabutan,nikkei,tdnet",3
2026-04-01,6239,ナガオカ,Nagaoka International,skip,duplicate,high,reuters,1
2026-04-01,6239,ナガオカ,Nagaoka International Corp,skip,duplicate,high,reuters,1
2026-04-01,6240,ヤマシンフィルタ,ヤマシンフィルタ,add,exists_in_base,high,"kabutan,nikkei",2
2026-04-01,6240,ヤマシンフィルタ,Yamashin-Filter,skip,duplicate,high,reuters,1
2026-04-01,6240,ヤマシンフィルタ,Yamashin-Filter Corp,skip,duplicate,high,reuters,1
2026-04-01,6240,ヤマシンフィルタ,ヤマシン―F,skip,duplicate,high,kabutan,1
2026-04-01,6245,ヒラノテクシード,ヒラノテクシード,skip,duplicate,high,"kabutan,nikkei,tdnet",3
2026-04-01,6245,ヒラノテクシード,Hirano Tecseed,skip,duplicate,high,reuters,1
2026-04-01,6245,ヒラノテクシード,Hirano Tecseed Co Ltd,skip,duplicate,high,reuters,1
2026-04-01,6245,ヒラノテクシード,ヒラノテク,skip,duplicate,high,kabutan,1
2026-04-01,6246,テクノスマート,テクノスマート,skip,duplicate,high,"kabutan,nikkei,tdnet",4
2026-04-01,6246,テクノスマート,Techno Smart,skip,duplicate,high,reuters,1
2026-04-01,6246,テクノスマート,Techno Smart Corp,skip,duplicate,high,reuters,1
2026-04-01,6246,テクノスマート,Tスマート,skip,duplicate,high,kabutan,1
2026-04-01,6247,日阪製作所,日阪製作所,add,exists_in_base,high,"kabutan,nikkei",2
2026-04-01,6247,日阪製作所,Hisaka Works,skip,duplicate,high,reuters,1
2026-04-01,6247,日阪製作所,Hisaka Works Ltd,skip,duplicate,high,reuters,1
2026-04-01,6247,日阪製作所,日阪製,skip,duplicate,high,kabutan,1
2026-04-01,6247,日阪製作所,日阪製作,skip,duplicate,high,tdnet,1
2026-04-01,6248,横田製作所,横田製作所,skip,duplicate,high,"kabutan,nikkei",2
2026-04-01,6248,横田製作所,Yokota Manufacturing,skip,duplicate,high,reuters,1
2026-04-01,6248,横田製作所,Yokota Manufacturing Co Ltd,skip,duplicate,high,reuters,1
2026-04-01,6248,横田製作所,横田製,skip,duplicate,high,kabutan,1
2026-04-01,6249,ゲームカードﾎｰﾙﾃﾞｨﾝｸﾞｽ,ゲームカードホールディングス,skip,duplicate,high,"kabutan,nikkei",2
2026-04-01,6249,ゲームカードﾎｰﾙﾃﾞｨﾝｸﾞｽ,Gamecard,skip,duplicate,high,reuters,1
2026-04-01,6249,ゲームカードﾎｰﾙﾃﾞｨﾝｸﾞｽ,Gamecard Holdings Inc,skip,duplicate,high,reuters,1
2026-04-01,6249,ゲームカードﾎｰﾙﾃﾞｨﾝｸﾞｽ,ゲームカード,skip,duplicate,high,kabutan,1
2026-04-01,6250,やまびこ,やまびこ,skip,duplicate,high,"kabutan,nikkei,tdnet",4
2026-04-01,6250,やまびこ,Yamabiko,skip,duplicate,high,reuters,1
2026-04-01,6250,やまびこ,Yamabiko Corp,skip,duplicate,high,reuters,1
2026-04-01,6254,野村マイクロ・サイエンス,野村マイクロ・サイエンス,add,exists_in_base,high,"kabutan,nikkei",2
2026-04-01,6254,野村マイクロ・サイエンス,Nomura Micro Science,skip,duplicate,high,reuters,1
2026-04-01,6254,野村マイクロ・サイエンス,Nomura Micro Science Co Ltd,skip,duplicate,high,reuters,1
2026-04-01,6254,野村マイクロ・サイエンス,野村マイクロ,skip,duplicate,high,kabutan,1
2026-04-01,6255,エヌ・ピー・シー,エヌ・ピー・シー,skip,duplicate,high,"kabutan,nikkei",3
2026-04-01,6255,エヌ・ピー・シー,NPC,skip,duplicate,high,reuters,1
2026-04-01,6255,エヌ・ピー・シー,NPC Inc,skip,duplicate,high,reuters,1
2026-04-01,6257,藤商事,藤商事,skip,duplicate,high,"kabutan,nikkei",2
2026-04-01,6257,藤商事,Fujishoji,skip,duplicate,high,reuters,1
2026-04-01,6257,藤商事,Fujishoji Co Ltd,skip,duplicate,high,reuters,1
2026-04-01,6258,平田機工,平田機工,add,exists_in_base,high,"kabutan,nikkei,tdnet",3
2026-04-01,6258,平田機工,Hirata,skip,duplicate,high,reuters,1
2026-04-01,6258,平田機工,Hirata Corp,skip,duplicate,high,reuters,1
2026-04-01,6262,PEGASUS,PEGASUS,skip,duplicate,high,"kabutan,nikkei,reuters,tdnet",5
2026-04-01,6262,PEGASUS,Pegasus Co Ltd,skip,duplicate,high,reuters,1
2026-04-01,6262,PEGASUS,ペガサス,skip,duplicate,high,kabutan,1
2026-04-01,6264,マルマエ,マルマエ,skip,duplicate,high,"kabutan,nikkei,tdnet",3
2026-04-01,6264,マルマエ,Marumae,skip,duplicate,high,reuters,1
2026-04-01,6264,マルマエ,Marumae Co Ltd,skip,duplicate,high,reuters,1
2026-04-01,6265,コンバム,コンバム,skip,duplicate,high,"kabutan,nikkei,tdnet",6
2026-04-01,6265,コンバム,Convum,skip,duplicate,high,reuters,1
2026-04-01,6265,コンバム,Convum Ltd,skip,duplicate,high,reuters,1
2026-04-01,6266,タツモ,タツモ,add,exists_in_base,high,"kabutan,nikkei,tdnet",3
2026-04-01,6266,タツモ,Tazmo,skip,duplicate,high,reuters,1
2026-04-01,6266,タツモ,Tazmo Co Ltd,skip,duplicate,high,reuters,1
2026-04-01,6267,ゼネラルパッカー,ゼネラルパッカー,skip,duplicate,high,"kabutan,nikkei",2
2026-04-01,6267,ゼネラルパッカー,General Packer,skip,duplicate,high,reuters,1
2026-04-01,6267,ゼネラルパッカー,General Packer Co Ltd,skip,duplicate,high,reuters,1
2026-04-01,6267,ゼネラルパッカー,ゼネパッカー,skip,duplicate,high,tdnet,1
2026-04-01,6267,ゼネラルパッカー,ゼネラルパ,skip,duplicate,high,kabutan,1
2026-04-01,6268,ナブテスコ,ナブテスコ,skip,duplicate,high,"kabutan,nikkei",2
2026-04-01,6268,ナブテスコ,Nabtesco,skip,duplicate,high,reuters,1
2026-04-01,6268,ナブテスコ,Nabtesco Corp,skip,duplicate,high,reuters,1
2026-04-01,6269,三井海洋開発,三井海洋開発,add,exists_in_base,high,"kabutan,nikkei",2
2026-04-01,6269,三井海洋開発,Modec,skip,duplicate,high,reuters,1
2026-04-01,6269,三井海洋開発,Modec Inc,skip,duplicate,high,reuters,1
2026-04-01,6269,三井海洋開発,三井海洋,skip,duplicate,high,kabutan,1
2026-04-01,6272,レオン自動機,レオン自動機,add,exists_in_base,high,"kabutan,nikkei",2
2026-04-01,6272,レオン自動機,Rheon Automatic Machinery,skip,duplicate,high,reuters,1
2026-04-01,6272,レオン自動機,Rheon Automatic Machinery Co Ltd,skip,duplicate,high,reuters,1
2026-04-01,6272,レオン自動機,レオン,skip,duplicate,high,kabutan,1
2026-04-01,6272,レオン自動機,レオン自機,skip,duplicate,high,tdnet,1
2026-04-01,6273,SMC,SMC,skip,duplicate,high,"kabutan,nikkei,reuters,tdnet",5
2026-04-01,6273,SMC,SMC Corp,skip,duplicate,high,reuters,1
2026-04-01,6276,シリウスビジョン,シリウスV,skip,duplicate,high,"kabutan,tdnet",2
2026-04-01,6276,シリウスビジョン,シリウスビジョン,add,exists_in_base,high,"kabutan,nikkei",2
2026-04-01,6276,シリウスビジョン,SiriusVision,skip,duplicate,high,reuters,1
2026-04-01,6276,シリウスビジョン,SiriusVision Co Ltd,skip,duplicate,high,reuters,1
2026-04-01,6277,ホソカワミクロン,ホソカワミクロン,skip,duplicate,high,"kabutan,nikkei",2
2026-04-01,6277,ホソカワミクロン,Hosokawa Micron,skip,duplicate,high,reuters,1
2026-04-01,6277,ホソカワミクロン,Hosokawa Micron Corp,skip,duplicate,high,reuters,1
2026-04-01,6277,ホソカワミクロン,ホソミクロン,skip,duplicate,high,kabutan,1
2026-04-01,6278,ユニオンツール,ユニオンツール,skip,duplicate,high,"kabutan,nikkei,tdnet",4
2026-04-01,6278,ユニオンツール,Union Tool,skip,duplicate,high,reuters,1
2026-04-01,6278,ユニオンツール,Union Tool Co,skip,duplicate,high,reuters,1
2026-04-01,6278,ユニオンツール,ユニオンツル,skip,duplicate,high,kabutan,1
2026-04-01,6279,瑞光,瑞光,skip,duplicate,high,"kabutan,nikkei,tdnet",4
2026-04-01,6279,瑞光,Zuiko,skip,duplicate,high,reuters,1
2026-04-01,6279,瑞光,Zuiko Corp,skip,duplicate,high,reuters,1
2026-04-01,6282,オイレス工業,オイレス工,skip,duplicate,high,tdnet,2
2026-04-01,6282,オイレス工業,オイレス工業,add,exists_in_base,high,"kabutan,nikkei",2
2026-04-01,6282,オイレス工業,Oiles,skip,duplicate,high,reuters,1
2026-04-01,6282,オイレス工業,Oiles Corp,skip,duplicate,high,reuters,1
2026-04-01,6282,オイレス工業,オイレス,skip,duplicate,high,kabutan,1
2026-04-01,6284,日精エー・エス・ビー機械,日精エー・エス・ビー機械,add,exists_in_base,high,"kabutan,nikkei",2
2026-04-01,6284,日精エー・エス・ビー機械,ASB機械,skip,duplicate,high,kabutan,1
2026-04-01,6284,日精エー・エス・ビー機械,Nissei ASB Machine,skip,duplicate,high,reuters,1
2026-04-01,6284,日精エー・エス・ビー機械,Nissei ASB Machine Co Ltd,skip,duplicate,high,reuters,1
2026-04-01,6286,靜甲,靜甲,skip,duplicate,high,"kabutan,tdnet",5
2026-04-01,6286,靜甲,静甲,skip,duplicate,high,"kabutan,nikkei",2
2026-04-01,6286,靜甲,Seiko,skip,duplicate,high,reuters,1
2026-04-01,6286,靜甲,Seiko Corp,skip,duplicate,high,reuters,1
2026-04-01,6287,サトー,サトー,add,exists_in_base,high,"kabutan,nikkei,tdnet",3
2026-04-01,6287,サトー,Sato,skip,duplicate,high,reuters,1
2026-04-01,6287,サトー,Sato Corp,skip,duplicate,high,reuters,1
2026-04-01,6289,技研製作所,技研製作所,add,exists_in_base,high,"kabutan,nikkei",2
2026-04-01,6289,技研製作所,Giken,skip,duplicate,high,reuters,1
2026-04-01,6289,技研製作所,Giken Ltd,skip,duplicate,high,reuters,1
2026-04-01,6289,技研製作所,技研製,skip,duplicate,high,kabutan,1
2026-04-01,6291,日本エアーテック,エアーテック,skip,duplicate,high,"kabutan,tdnet",3
2026-04-01,6291,日本エアーテック,日本エアーテック,add,exists_in_base,high,"kabutan,nikkei",2
2026-04-01,6291,日本エアーテック,Airtech Japan,skip,duplicate,high,reuters,1
2026-04-01,6291,日本エアーテック,Airtech Japan Ltd,skip,duplicate,high,reuters,1
2026-04-01,6292,カワタ,カワタ,skip,duplicate,high,"kabutan,nikkei",2
2026-04-01,6292,カワタ,Kawata Mfg.,skip,duplicate,high,reuters,1
2026-04-01,6292,カワタ,Kawata Mfg. Co Ltd,skip,duplicate,high,reuters,1
2026-04-01,6293,日精樹脂工業,日精樹脂,skip,duplicate,high,"kabutan,tdnet",4
2026-04-01,6293,日精樹脂工業,日精樹脂工業,add,exists_in_base,high,kabutan,1
2026-04-01,6293,日精樹脂工業,6293.T,add,new_candidate,medium,reuters,1
2026-04-01,6294,オカダアイヨン,オカダアイヨン,skip,duplicate,high,"kabutan,nikkei",2
2026-04-01,6294,オカダアイヨン,Okada Aiyon,skip,duplicate,high,reuters,1
2026-04-01,6294,オカダアイヨン,Okada Aiyon Corp,skip,duplicate,high,reuters,1
2026-04-01,6294,オカダアイヨン,オカアイヨン,skip,duplicate,high,kabutan,1
2026-04-01,6298,ワイエイシイﾎｰﾙﾃﾞｨﾝｸﾞｽ,ワイエイシイHD,skip,duplicate,high,tdnet,4
2026-04-01,6298,ワイエイシイﾎｰﾙﾃﾞｨﾝｸﾞｽ,ワイエイシイホールディングス,skip,duplicate,high,"kabutan,nikkei",2
2026-04-01,6298,ワイエイシイﾎｰﾙﾃﾞｨﾝｸﾞｽ,YAC,skip,duplicate,high,reuters,1
2026-04-01,6298,ワイエイシイﾎｰﾙﾃﾞｨﾝｸﾞｽ,YAC Holdings Co Ltd,skip,duplicate,high,reuters,1
2026-04-01,6298,ワイエイシイﾎｰﾙﾃﾞｨﾝｸﾞｽ,ワイエイシイ,skip,duplicate,high,kabutan,1
2026-04-01,6301,小松製作所,コマツ,skip,duplicate,high,"kabutan,nikkei",2
2026-04-01,6301,小松製作所,Komatsu,skip,duplicate,high,reuters,1
2026-04-01,6301,小松製作所,Komatsu Ltd,skip,duplicate,high,reuters,1
2026-04-01,6302,住友重機械工業,住友重,skip,duplicate,high,"kabutan,tdnet",4
2026-04-01,6302,住友重機械工業,住友重機械工業,add,exists_in_base,high,"kabutan,nikkei",2
2026-04-01,6302,住友重機械工業,Sumitomo Heavy Industries,skip,duplicate,high,reuters,1
2026-04-01,6302,住友重機械工業,Sumitomo Heavy Industries Ltd,skip,duplicate,high,reuters,1
2026-04-01,6305,日立建機,日立建機,skip,duplicate,high,"kabutan,nikkei,tdnet",3
2026-04-01,6305,日立建機,Hitachi Construction Machinery,skip,duplicate,high,reuters,1
2026-04-01,6305,日立建機,Hitachi Construction Machinery Co Ltd,skip,duplicate,high,reuters,1
2026-04-01,6306,日工,日工,add,exists_in_base,high,"kabutan,nikkei,tdnet",4
2026-04-01,6306,日工,Nikko,skip,duplicate,high,reuters,1
2026-04-01,6306,日工,Nikko Co Ltd,skip,duplicate,high,reuters,1
2026-04-01,6307,サンセイ,サンセイ,skip,duplicate,high,"kabutan,nikkei",2
2026-04-01,6307,サンセイ,Sansei,skip,duplicate,high,reuters,1
2026-04-01,6307,サンセイ,Sansei Co Ltd,skip,duplicate,high,reuters,1
2026-04-01,6309,巴工業,巴工業,skip,duplicate,high,"kabutan,nikkei,tdnet",4
2026-04-01,6309,巴工業,Tomoe Engineering,skip,duplicate,high,reuters,1
2026-04-01,6309,巴工業,Tomoe Engineering Co Ltd,skip,duplicate,high,reuters,1
2026-04-01,6310,井関農機,井関農機,add,exists_in_base,high,"kabutan,nikkei",2
2026-04-01,6310,井関農機,Iseki&Co Ltd,skip,duplicate,high,reuters,1
2026-04-01,6310,井関農機,井関農,skip,duplicate,high,kabutan,1
2026-04-01,6315,TOWA,TOWA,skip,duplicate,high,"kabutan,nikkei,reuters",3
2026-04-01,6315,TOWA,Towa Corp,skip,duplicate,high,reuters,1
2026-04-01,6316,丸山製作所,丸山製,skip,duplicate,high,"kabutan,tdnet",3
2026-04-01,6316,丸山製作所,丸山製作所,skip,duplicate,high,"kabutan,nikkei",2
2026-04-01,6316,丸山製作所,Maruyama MFG,skip,duplicate,high,reuters,1
2026-04-01,6316,丸山製作所,Maruyama MFG Co Inc,skip,duplicate,high,reuters,1
2026-04-01,6317,北川鉄工所,北川鉄工所,add,exists_in_base,high,"kabutan,nikkei",2
2026-04-01,6317,北川鉄工所,Kitagawa,skip,duplicate,high,reuters,1
2026-04-01,6317,北川鉄工所,Kitagawa Corp,skip,duplicate,high,reuters,1
2026-04-01,6317,北川鉄工所,北川鉄,skip,duplicate,high,kabutan,1
2026-04-01,6322,タクミナ,タクミナ,skip,duplicate,high,"kabutan,nikkei,tdnet",3
2026-04-01,6322,タクミナ,Tacmina,skip,duplicate,high,reuters,1
2026-04-01,6322,タクミナ,Tacmina Corp,skip,duplicate,high,reuters,1
2026-04-01,6323,ローツェ,ローツェ,add,exists_in_base,high,"kabutan,nikkei,tdnet",4
2026-04-01,6323,ローツェ,Rorze,skip,duplicate,high,reuters,1
2026-04-01,6323,ローツェ,Rorze Corp,skip,duplicate,high,reuters,1
2026-04-01,6324,ハーモニック・ドライブ・システムズ,ハーモニック,skip,duplicate,high,"kabutan,tdnet",2
2026-04-01,6324,ハーモニック・ドライブ・システムズ,ハーモニック・ドライブ・システムズ,add,exists_in_base,high,"kabutan,nikkei",2
2026-04-01,6324,ハーモニック・ドライブ・システムズ,Harmonic Drive Systems,skip,duplicate,high,reuters,1
2026-04-01,6324,ハーモニック・ドライブ・システムズ,Harmonic Drive Systems Inc,skip,duplicate,high,reuters,1
2026-04-01,6325,タカキタ,タカキタ,skip,duplicate,high,"kabutan,nikkei",2
2026-04-01,6325,タカキタ,Takakita,skip,duplicate,high,reuters,1
2026-04-01,6325,タカキタ,Takakita Co Ltd,skip,duplicate,high,reuters,1
2026-04-01,6326,クボタ,クボタ,skip,duplicate,high,"kabutan,nikkei",2
2026-04-01,6326,クボタ,Kubota,skip,duplicate,high,reuters,1
2026-04-01,6326,クボタ,Kubota Corp,skip,duplicate,high,reuters,1
2026-04-01,6327,北川精機,北川精機,skip,duplicate,high,"kabutan,nikkei,tdnet",3
2026-04-01,6327,北川精機,Kitagawa Seiki,skip,duplicate,high,reuters,1
2026-04-01,6327,北川精機,Kitagawa Seiki Co Ltd,skip,duplicate,high,reuters,1
2026-04-01,6328,荏原実業,荏原実業,skip,duplicate,high,"kabutan,nikkei,tdnet",4
2026-04-01,6328,荏原実業,Ebara Jitsugyo,skip,duplicate,high,reuters,1
2026-04-01,6328,荏原実業,Ebara Jitsugyo Co Ltd,skip,duplicate,high,reuters,1
2026-04-01,6330,東洋エンジニアリング,洋エンジ,skip,duplicate,high,tdnet,6
2026-04-01,6330,東洋エンジニアリング,東洋エンジニアリング,add,exists_in_base,high,"kabutan,nikkei",2
2026-04-01,6330,東洋エンジニアリング,Toyo Engineering,skip,duplicate,high,reuters,1
2026-04-01,6330,東洋エンジニアリング,Toyo Engineering Corp,skip,duplicate,high,reuters,1
2026-04-01,6330,東洋エンジニアリング,東洋エンジ,skip,duplicate,high,kabutan,1
2026-04-01,6331,三菱化工機,三菱化工機,add,exists_in_base,high,"kabutan,nikkei",2
2026-04-01,6331,三菱化工機,Mitsubishi Kakoki Kaisha,skip,duplicate,high,reuters,1
2026-04-01,6331,三菱化工機,Mitsubishi Kakoki Kaisha Ltd,skip,duplicate,high,reuters,1
2026-04-01,6331,三菱化工機,化工機,skip,duplicate,high,kabutan,1
2026-04-01,6332,月島ﾎｰﾙﾃﾞｨﾝｸﾞｽ,月島HD,skip,duplicate,high,"kabutan,tdnet",2
2026-04-01,6332,月島ﾎｰﾙﾃﾞｨﾝｸﾞｽ,月島ホールディングス,skip,duplicate,high,"kabutan,nikkei",2
2026-04-01,6332,月島ﾎｰﾙﾃﾞｨﾝｸﾞｽ,Tsukishima,skip,duplicate,high,reuters,1
2026-04-01,6332,月島ﾎｰﾙﾃﾞｨﾝｸﾞｽ,Tsukishima Holdings Co Ltd,skip,duplicate,high,reuters,1
2026-04-01,6333,帝国電機製作所,TEIKOKU,add,new_candidate,high,"kabutan,nikkei,reuters",3
2026-04-01,6333,帝国電機製作所,TEIKOK,add,new_candidate,medium,kabutan,1
2026-04-01,6333,帝国電機製作所,Teikoku Corp,add,new_candidate,medium,reuters,1
2026-04-01,6334,明治機械,明治機,skip,duplicate,high,"kabutan,tdnet",3
2026-04-01,6334,明治機械,明治機械,skip,duplicate,high,"kabutan,nikkei",2
2026-04-01,6334,明治機械,Meiji Machine,skip,duplicate,high,reuters,1
2026-04-01,6334,明治機械,Meiji Machine Co Ltd,skip,duplicate,high,reuters,1
2026-04-01,6335,東京機械製作所,東京機,skip,duplicate,high,"kabutan,tdnet",4
2026-04-01,6335,東京機械製作所,東京機械製作所,skip,duplicate,high,"kabutan,nikkei",2
2026-04-01,6335,東京機械製作所,Tokyo Kikai Seisakusho,skip,duplicate,high,reuters,1
2026-04-01,6335,東京機械製作所,Tokyo Kikai Seisakusho Ltd,skip,duplicate,high,reuters,1
2026-04-01,6336,石井表記,石井表記,skip,duplicate,high,"kabutan,nikkei,tdnet",9
2026-04-01,6336,石井表記,Ishii Hyoki,skip,duplicate,high,reuters,1
2026-04-01,6336,石井表記,Ishii Hyoki Co Ltd,skip,duplicate,high,reuters,1
2026-04-01,6337,テセック,テセック,skip,duplicate,high,"kabutan,nikkei",2
2026-04-01,6337,テセック,Tesec,skip,duplicate,high,reuters,1
2026-04-01,6337,テセック,Tesec Corp,skip,duplicate,high,reuters,1
2026-04-01,6338,タカトリ,タカトリ,add,exists_in_base,high,"kabutan,nikkei",2
2026-04-01,6338,タカトリ,Takatori,skip,duplicate,high,reuters,1
2026-04-01,6338,タカトリ,Takatori Corp,skip,duplicate,high,reuters,1
2026-04-01,6339,新東工業,新東工,skip,duplicate,high,"kabutan,tdnet",2
2026-04-01,6339,新東工業,新東工業,add,exists_in_base,high,"kabutan,nikkei",2
2026-04-01,6339,新東工業,Sintokogio,skip,duplicate,high,reuters,1
2026-04-01,6339,新東工業,Sintokogio Ltd,skip,duplicate,high,reuters,1
2026-04-01,6340,澁谷工業,Shibuya,skip,duplicate,high,reuters,1
2026-04-01,6340,澁谷工業,Shibuya Corp,skip,duplicate,high,reuters,1
2026-04-01,6340,澁谷工業,渋谷工,skip,duplicate,high,kabutan,1
2026-04-01,6340,澁谷工業,澁谷工業,add,exists_in_base,high,kabutan,1
2026-04-01,6340,澁谷工業,渋谷工業,add,new_candidate,medium,nikkei,1
2026-04-01,6342,太平製作所,太平製作所,skip,duplicate,high,"kabutan,nikkei,tdnet",4
2026-04-01,6342,太平製作所,Taihei Machinery Works,skip,duplicate,high,reuters,1
2026-04-01,6342,太平製作所,Taihei Machinery Works Ltd,skip,duplicate,high,reuters,1
2026-04-01,6342,太平製作所,太平製,skip,duplicate,high,kabutan,1
2026-04-01,6343,フリージア・マクロス,フリージア・マクロス,add,exists_in_base,high,"kabutan,nikkei",2
2026-04-01,6343,フリージア・マクロス,Freesia Macross,skip,duplicate,high,reuters,1
2026-04-01,6343,フリージア・マクロス,Freesia Macross Corp,skip,duplicate,high,reuters,1
2026-04-01,6343,フリージア・マクロス,フリージア,skip,duplicate,high,kabutan,1
2026-04-01,6345,アイチ ｺｰﾎﾟﾚｰｼｮﾝ,アイチコーポレーション,skip,duplicate,high,"kabutan,nikkei",2
2026-04-01,6345,アイチ ｺｰﾎﾟﾚｰｼｮﾝ,Aichi,skip,duplicate,high,reuters,1
2026-04-01,6345,アイチ ｺｰﾎﾟﾚｰｼｮﾝ,Aichi Corp,skip,duplicate,high,reuters,1
2026-04-01,6345,アイチ ｺｰﾎﾟﾚｰｼｮﾝ,アイチコーポ,skip,duplicate,high,kabutan,1
2026-04-01,6346,キクカワエンタープライズ,キクカワ,skip,duplicate,high,"kabutan,tdnet",3
2026-04-01,6346,キクカワエンタープライズ,キクカワエンタープライズ,skip,duplicate,high,"kabutan,nikkei",2
2026-04-01,6346,キクカワエンタープライズ,Kikukawa Enterprise,skip,duplicate,high,reuters,1
2026-04-01,6346,キクカワエンタープライズ,Kikukawa Enterprise Inc,skip,duplicate,high,reuters,1
2026-04-01,6347,プラコー,プラコー,add,exists_in_base,high,"kabutan,nikkei",2
2026-04-01,6347,プラコー,Placo,skip,duplicate,high,reuters,1
2026-04-01,6347,プラコー,Placo Co Ltd,skip,duplicate,high,reuters,1
2026-04-01,6349,小森ｺｰﾎﾟﾚｰｼｮﾝ,小森コーポレーション,skip,duplicate,high,"kabutan,nikkei",2
2026-04-01,6349,小森ｺｰﾎﾟﾚｰｼｮﾝ,Komori,skip,duplicate,high,reuters,1
2026-04-01,6349,小森ｺｰﾎﾟﾚｰｼｮﾝ,Komori Corp,skip,duplicate,high,reuters,1
2026-04-01,6349,小森ｺｰﾎﾟﾚｰｼｮﾝ,小森,skip,duplicate,high,kabutan,1
2026-04-01,6351,鶴見製作所,鶴見製,skip,duplicate,high,"kabutan,tdnet",4
2026-04-01,6351,鶴見製作所,鶴見製作所,add,exists_in_base,high,"kabutan,nikkei",2
2026-04-01,6351,鶴見製作所,Tsurumi Manufacturing,skip,duplicate,high,reuters,1
2026-04-01,6351,鶴見製作所,Tsurumi Manufacturing Co Ltd,skip,duplicate,high,reuters,1
2026-04-01,6356,日本ギア工業,日本ギア工業,add,exists_in_base,high,"kabutan,nikkei",2
2026-04-01,6356,日本ギア工業,Nippon Gear,skip,duplicate,high,reuters,1
2026-04-01,6356,日本ギア工業,Nippon Gear Co Ltd,skip,duplicate,high,reuters,1
2026-04-01,6356,日本ギア工業,日ギア,skip,duplicate,high,kabutan,1
2026-04-01,6357,三精テクノロジーズ,三精テクノロジーズ,add,exists_in_base,high,"kabutan,nikkei",2
2026-04-01,6357,三精テクノロジーズ,Sansei Technologies,skip,duplicate,high,reuters,1
2026-04-01,6357,三精テクノロジーズ,Sansei Technologies Inc,skip,duplicate,high,reuters,1
2026-04-01,6357,三精テクノロジーズ,三精テクノロ,skip,duplicate,high,kabutan,1
2026-04-01,6358,酒井重工業,酒井重,skip,duplicate,high,"kabutan,tdnet",4
2026-04-01,6358,酒井重工業,酒井重工業,add,exists_in_base,high,"kabutan,nikkei",2
2026-04-01,6358,酒井重工業,Sakai Heavy Industries,skip,duplicate,high,reuters,1
2026-04-01,6358,酒井重工業,Sakai Heavy Industries Ltd,skip,duplicate,high,reuters,1
2026-04-01,6360,東京自働機械製作所,東京自働機械製作所,skip,duplicate,high,"kabutan,nikkei",2
2026-04-01,6360,東京自働機械製作所,東自機,skip,duplicate,high,"kabutan,tdnet",2
2026-04-01,6360,東京自働機械製作所,Tokyo Automatic Machinery Works,skip,duplicate,high,reuters,1
2026-04-01,6360,東京自働機械製作所,Tokyo Automatic Machinery Works Ltd,skip,duplicate,high,reuters,1
2026-04-01,6361,荏原製作所,荏原,skip,duplicate,high,"kabutan,nikkei",2
2026-04-01,6361,荏原製作所,荏原製,skip,duplicate,high,tdnet,2
2026-04-01,6361,荏原製作所,Ebara,skip,duplicate,high,reuters,1
2026-04-01,6361,荏原製作所,Ebara Corp,skip,duplicate,high,reuters,1
2026-04-01,6361,荏原製作所,荏原製作所,add,exists_in_base,high,kabutan,1
2026-04-01,6363,酉島製作所,酉島製作所,add,exists_in_base,high,"kabutan,nikkei",2
2026-04-01,6363,酉島製作所,Torishima Pump Mfg,skip,duplicate,high,reuters,1
2026-04-01,6363,酉島製作所,Torishima Pump Mfg Co Ltd,skip,duplicate,high,reuters,1
2026-04-01,6363,酉島製作所,酉島,skip,duplicate,high,kabutan,1
2026-04-01,6363,酉島製作所,酉島製,add,new_candidate,medium,tdnet,1
2026-04-01,6364,AIRMAN,AIRMAN,skip,duplicate,high,"kabutan,nikkei,reuters,tdnet",7
2026-04-01,6364,AIRMAN,Airman Corp,skip,duplicate,high,reuters,1
2026-04-01,6365,電業社機械製作所,電業社機械製作所,skip,duplicate,high,"kabutan,nikkei",2
2026-04-01,6365,電業社機械製作所,DMW,skip,duplicate,high,reuters,1
2026-04-01,6365,電業社機械製作所,DMW Corp,skip,duplicate,high,reuters,1
2026-04-01,6365,電業社機械製作所,電業社,skip,duplicate,high,kabutan,1
2026-04-01,6366,千代田化工建設,千代田化工建設,add,exists_in_base,high,"kabutan,nikkei",2
2026-04-01,6366,千代田化工建設,Chiyoda,skip,duplicate,high,reuters,1
2026-04-01,6366,千代田化工建設,Chiyoda Corp,skip,duplicate,high,reuters,1
2026-04-01,6366,千代田化工建設,千代建,skip,duplicate,high,kabutan,1
2026-04-01,6367,ダイキン工業,ダイキン工業,add,exists_in_base,high,"kabutan,nikkei",2
2026-04-01,6367,ダイキン工業,Daikin Industries,skip,duplicate,high,reuters,1
2026-04-01,6367,ダイキン工業,Daikin Industries Ltd,skip,duplicate,high,reuters,1
2026-04-01,6367,ダイキン工業,ダイキン,skip,duplicate,high,kabutan,1
2026-04-01,6368,オルガノ,オルガノ,skip,duplicate,high,"kabutan,nikkei",2
2026-04-01,6368,オルガノ,Organo,skip,duplicate,high,reuters,1
2026-04-01,6368,オルガノ,Organo Corp,skip,duplicate,high,reuters,1
2026-04-01,6369,トーヨーカネツ,トーヨーカネツ,skip,duplicate,high,"kabutan,nikkei,tdnet",3
2026-04-01,6369,トーヨーカネツ,Toyo Kanetsu,skip,duplicate,high,reuters,1
2026-04-01,6369,トーヨーカネツ,Toyo Kanetsu KK,skip,duplicate,high,reuters,1
2026-04-01,6369,トーヨーカネツ,トヨカネツ,skip,duplicate,high,kabutan,1
2026-04-01,6370,栗田工業,栗田工,skip,duplicate,high,"kabutan,tdnet",2
2026-04-01,6370,栗田工業,栗田工業,add,exists_in_base,high,"kabutan,nikkei",2
2026-04-01,6370,栗田工業,Kurita Water Industries,skip,duplicate,high,reuters,1
2026-04-01,6370,栗田工業,Kurita Water Industries Ltd,skip,duplicate,high,reuters,1
2026-04-01,6371,椿本チエイン,椿本チエイン,skip,duplicate,high,"kabutan,nikkei",2
2026-04-01,6371,椿本チエイン,Tsubakimoto Chain,skip,duplicate,high,reuters,1
2026-04-01,6371,椿本チエイン,Tsubakimoto Chain Co,skip,duplicate,high,reuters,1
2026-04-01,6371,椿本チエイン,椿本チ,skip,duplicate,high,kabutan,1
2026-04-01,6376,日機装,日機装,skip,duplicate,high,"kabutan,nikkei,tdnet",4
2026-04-01,6376,日機装,Nikkiso,skip,duplicate,high,reuters,1
2026-04-01,6376,日機装,Nikkiso Co Ltd,skip,duplicate,high,reuters,1
2026-04-01,6378,木村化工機,木村化工機,add,exists_in_base,high,"kabutan,nikkei",2
2026-04-01,6378,木村化工機,Kimura Chemical Plants,skip,duplicate,high,reuters,1
2026-04-01,6378,木村化工機,Kimura Chemical Plants Co Ltd,skip,duplicate,high,reuters,1
2026-04-01,6378,木村化工機,木村化,skip,duplicate,high,kabutan,1
2026-04-01,6379,レイズネクスト,レイズネクスト,skip,duplicate,high,"kabutan,nikkei,tdnet",3
2026-04-01,6379,レイズネクスト,Raiznext,skip,duplicate,high,reuters,1
2026-04-01,6379,レイズネクスト,Raiznext Corp,skip,duplicate,high,reuters,1
2026-04-01,6379,レイズネクスト,レイズネク,skip,duplicate,high,kabutan,1
2026-04-01,6380,オリエンタルチエン工業,オリチエン工業,skip,duplicate,high,tdnet,3
2026-04-01,6380,オリエンタルチエン工業,オリエンタルチエン工業,add,exists_in_base,high,"kabutan,nikkei",2
2026-04-01,6380,オリエンタルチエン工業,Oriental Chain Mfg,skip,duplicate,high,reuters,1
2026-04-01,6380,オリエンタルチエン工業,Oriental Chain Mfg Co Ltd,skip,duplicate,high,reuters,1
2026-04-01,6380,オリエンタルチエン工業,オリチェン,skip,duplicate,high,kabutan,1
2026-04-01,6381,アネスト岩田,アネスト岩田,skip,duplicate,high,"kabutan,nikkei,tdnet",3
2026-04-01,6381,アネスト岩田,Anest Iwata,skip,duplicate,high,reuters,1
2026-04-01,6381,アネスト岩田,Anest Iwata Corp,skip,duplicate,high,reuters,1
2026-04-01,6382,トリニティ工業,トリニティ工業,add,exists_in_base,high,"kabutan,nikkei",2
2026-04-01,6382,トリニティ工業,Trinity Industrial,skip,duplicate,high,reuters,1
2026-04-01,6382,トリニティ工業,Trinity Industrial Corp,skip,duplicate,high,reuters,1
2026-04-01,6382,トリニティ工業,トリニ工,skip,duplicate,high,kabutan,1
2026-04-01,6383,ダイフク,ダイフク,skip,duplicate,high,"kabutan,nikkei",2
2026-04-01,6383,ダイフク,Daifuku,skip,duplicate,high,reuters,1
2026-04-01,6383,ダイフク,Daifuku Co Ltd,skip,duplicate,high,reuters,1
2026-04-01,6384,昭和真空,昭和真空,skip,duplicate,high,"kabutan,nikkei",2
2026-04-01,6384,昭和真空,Showa Shinku,skip,duplicate,high,reuters,1
2026-04-01,6384,昭和真空,Showa Shinku Co Ltd,skip,duplicate,high,reuters,1
2026-04-01,6387,サムコ,サムコ,add,exists_in_base,high,"kabutan,nikkei,tdnet",3
2026-04-01,6387,サムコ,Samco,skip,duplicate,high,reuters,1
2026-04-01,6387,サムコ,Samco Inc,skip,duplicate,high,reuters,1
2026-04-01,6390,加藤製作所,加藤製作所,add,exists_in_base,high,"kabutan,nikkei",2
2026-04-01,6390,加藤製作所,Kato Works,skip,duplicate,high,reuters,1
2026-04-01,6390,加藤製作所,Kato Works Co Ltd,skip,duplicate,high,reuters,1
2026-04-01,6390,加藤製作所,加藤製,skip,duplicate,high,kabutan,1
2026-04-01,6391,加地テック,加地テック,skip,duplicate,high,"kabutan,nikkei,tdnet",5
2026-04-01,6391,加地テック,Kaji Technology,skip,duplicate,high,reuters,1
2026-04-01,6391,加地テック,Kaji Technology Corp,skip,duplicate,high,reuters,1
2026-04-01,6392,ヤマダｺｰﾎﾟﾚｰｼｮﾝ,ヤマダコーポレーション,skip,duplicate,high,"kabutan,nikkei",2
2026-04-01,6392,ヤマダｺｰﾎﾟﾚｰｼｮﾝ,Yamada,skip,duplicate,high,reuters,1
2026-04-01,6392,ヤマダｺｰﾎﾟﾚｰｼｮﾝ,Yamada Corp,skip,duplicate,high,reuters,1
2026-04-01,6392,ヤマダｺｰﾎﾟﾚｰｼｮﾝ,ヤマダコーポ,skip,duplicate,high,kabutan,1
2026-04-01,6393,油研工業,油研工業,skip,duplicate,high,"kabutan,nikkei",2
2026-04-01,6393,油研工業,Yuken Kogyo,skip,duplicate,high,reuters,1
2026-04-01,6393,油研工業,Yuken Kogyo Co Ltd,skip,duplicate,high,reuters,1
2026-04-01,6393,油研工業,油研工,skip,duplicate,high,kabutan,1
2026-04-01,6395,タダノ,タダノ,skip,duplicate,high,"kabutan,nikkei,tdnet",4
2026-04-01,6395,タダノ,Tadano,skip,duplicate,high,reuters,1
2026-04-01,6395,タダノ,Tadano Ltd,skip,duplicate,high,reuters,1
2026-04-01,6396,宇野澤組鐵工所,Unozawa-gumi Iron Works,skip,duplicate,high,reuters,1
2026-04-01,6396,宇野澤組鐵工所,Unozawa-gumi Iron Works Ltd,skip,duplicate,high,reuters,1
2026-04-01,6396,宇野澤組鐵工所,宇野沢組鉄工所,skip,duplicate,high,nikkei,1
2026-04-01,6396,宇野澤組鐵工所,宇野澤組鐵工所,add,exists_in_base,high,kabutan,1
2026-04-01,6396,宇野澤組鐵工所,宇野鉄,skip,duplicate,high,kabutan,1
2026-04-01,6396,宇野澤組鐵工所,宇野沢鉄,add,new_candidate,medium,tdnet,1
2026-04-01,6400,不二精機,不二精機,skip,duplicate,high,"kabutan,nikkei",2
2026-04-01,6400,不二精機,Fuji Seiki,skip,duplicate,high,reuters,1
2026-04-01,6400,不二精機,Fuji Seiki Co Ltd,skip,duplicate,high,reuters,1
2026-04-01,6402,兼松エンジニアリング,兼松エンジニアリング,skip,duplicate,high,"kabutan,nikkei",2
2026-04-01,6402,兼松エンジニアリング,Kanematsu Engineering,skip,duplicate,high,reuters,1
2026-04-01,6402,兼松エンジニアリング,Kanematsu Engineering Co Ltd,skip,duplicate,high,reuters,1
2026-04-01,6402,兼松エンジニアリング,兼松エンジ,skip,duplicate,high,kabutan,1
2026-04-01,6403,水道機工,水道機工,skip,duplicate,high,"kabutan,nikkei,tdnet",5
2026-04-01,6403,水道機工,Suido Kiko Kaisha,skip,duplicate,high,reuters,1
2026-04-01,6403,水道機工,Suido Kiko Kaisha Ltd,skip,duplicate,high,reuters,1
2026-04-01,6403,水道機工,水道機,skip,duplicate,high,kabutan,1
2026-04-01,6405,鈴茂器工,鈴茂器工,skip,duplicate,high,"kabutan,nikkei,tdnet",5
2026-04-01,6405,鈴茂器工,Suzumo Machinery,skip,duplicate,high,reuters,1
2026-04-01,6405,鈴茂器工,Suzumo Machinery Co Ltd,skip,duplicate,high,reuters,1
2026-04-01,6406,フジテック,フジテック,skip,duplicate,high,"kabutan,tdnet",2
2026-04-01,6406,フジテック,6406.T,add,new_candidate,medium,reuters,1
2026-04-01,6407,CKD,CKD,skip,duplicate,high,"kabutan,nikkei,reuters,tdnet",5
2026-04-01,6407,CKD,CKD Corp,skip,duplicate,high,reuters,1
2026-04-01,6408,小倉クラッチ,小倉クラッチ,skip,duplicate,high,"kabutan,nikkei,tdnet",3
2026-04-01,6408,小倉クラッチ,Ogura Clutch,skip,duplicate,high,reuters,1
2026-04-01,6408,小倉クラッチ,Ogura Clutch Co Ltd,skip,duplicate,high,reuters,1
2026-04-01,6408,小倉クラッチ,クラッチ,skip,duplicate,high,kabutan,1
2026-04-01,6412,平和,平和,skip,duplicate,high,"kabutan,nikkei,tdnet",3
2026-04-01,6412,平和,Heiwa,skip,duplicate,high,reuters,1
2026-04-01,6412,平和,Heiwa Corp,skip,duplicate,high,reuters,1
2026-04-01,6413,理想科学工業,理想科学,skip,duplicate,high,"kabutan,tdnet",3
2026-04-01,6413,理想科学工業,理想科学工業,add,exists_in_base,high,"kabutan,nikkei",2
2026-04-01,6413,理想科学工業,Riso Kagaku,skip,duplicate,high,reuters,1
2026-04-01,6413,理想科学工業,Riso Kagaku Corp,skip,duplicate,high,reuters,1
2026-04-01,6417,SANKYO,SANKYO,skip,duplicate,high,"kabutan,nikkei,reuters,tdnet",4
2026-04-01,6417,SANKYO,Sankyo Co Ltd,skip,duplicate,high,reuters,1
2026-04-01,6418,日本金銭機械,日金銭,skip,duplicate,high,"kabutan,tdnet",3
2026-04-01,6418,日本金銭機械,日本金銭機械,add,exists_in_base,high,"kabutan,nikkei",2
2026-04-01,6418,日本金銭機械,Japan Cash Machine,skip,duplicate,high,reuters,1
2026-04-01,6418,日本金銭機械,Japan Cash Machine Co Ltd,skip,duplicate,high,reuters,1
2026-04-01,6419,マースｸﾞﾙｰﾌﾟﾎｰﾙﾃﾞｨﾝｸﾞｽ,マースグループホールディングス,skip,duplicate,high,"kabutan,nikkei",2
2026-04-01,6419,マースｸﾞﾙｰﾌﾟﾎｰﾙﾃﾞｨﾝｸﾞｽ,Mars,skip,duplicate,high,reuters,1
2026-04-01,6419,マースｸﾞﾙｰﾌﾟﾎｰﾙﾃﾞｨﾝｸﾞｽ,Mars Group Holdings Corp,skip,duplicate,high,reuters,1
2026-04-01,6419,マースｸﾞﾙｰﾌﾟﾎｰﾙﾃﾞｨﾝｸﾞｽ,マースGHD,skip,duplicate,high,kabutan,1
2026-04-01,6419,マースｸﾞﾙｰﾌﾟﾎｰﾙﾃﾞｨﾝｸﾞｽ,マースグループHD,skip,duplicate,high,tdnet,1
2026-04-01,6420,ガリレイ,ガリレイ,skip,duplicate,high,"kabutan,nikkei,tdnet",3
2026-04-01,6420,ガリレイ,Galilei,skip,duplicate,high,reuters,1
2026-04-01,6420,ガリレイ,Galilei Co Ltd,skip,duplicate,high,reuters,1
2026-04-01,6424,高見沢サイバネティックス,高見サイ,skip,duplicate,high,"kabutan,tdnet",5
2026-04-01,6424,高見沢サイバネティックス,高見沢サイバネティックス,skip,duplicate,high,"kabutan,nikkei",2
2026-04-01,6424,高見沢サイバネティックス,Takamisawa Cybernetics,skip,duplicate,high,reuters,1
2026-04-01,6424,高見沢サイバネティックス,Takamisawa Cybernetics Co Ltd,skip,duplicate,high,reuters,1
2026-04-01,6425,ユニバーサルエンターテインメント,ユニバーサル,skip,duplicate,high,"kabutan,tdnet",7
2026-04-01,6425,ユニバーサルエンターテインメント,ユニバーサルエンターテインメント,add,exists_in_base,high,"kabutan,nikkei",2
2026-04-01,6425,ユニバーサルエンターテインメント,Universal Entertainment,skip,duplicate,high,reuters,1
2026-04-01,6425,ユニバーサルエンターテインメント,Universal Entertainment Corp,skip,duplicate,high,reuters,1
2026-04-01,6428,オーイズミ,オーイズミ,skip,duplicate,high,"kabutan,nikkei",2
2026-04-01,6428,オーイズミ,Oizumi,skip,duplicate,high,reuters,1
2026-04-01,6428,オーイズミ,Oizumi Corp,skip,duplicate,high,reuters,1
2026-04-01,6430,ダイコク電機,ダイコク電,skip,duplicate,high,"kabutan,tdnet",5
2026-04-01,6430,ダイコク電機,ダイコク電機,add,exists_in_base,high,"kabutan,nikkei",2
2026-04-01,6430,ダイコク電機,Daikoku Denki,skip,duplicate,high,reuters,1
2026-04-01,6430,ダイコク電機,Daikoku Denki Co Ltd,skip,duplicate,high,reuters,1
2026-04-01,6432,竹内製作所,竹内製作所,add,exists_in_base,high,"kabutan,nikkei",2
2026-04-01,6432,竹内製作所,Takeuchi Mfg,skip,duplicate,high,reuters,1
2026-04-01,6432,竹内製作所,Takeuchi Mfg Co Ltd,skip,duplicate,high,reuters,1
2026-04-01,6433,ヒーハイスト,ヒーハイスト,add,exists_in_base,high,"kabutan,nikkei",2
2026-04-01,6433,ヒーハイスト,Hephaist,skip,duplicate,high,reuters,1
2026-04-01,6433,ヒーハイスト,Hephaist Co Ltd,skip,duplicate,high,reuters,1
2026-04-01,6436,アマノ,アマノ,skip,duplicate,high,"kabutan,nikkei,tdnet",3
2026-04-01,6436,アマノ,Amano,skip,duplicate,high,reuters,1
2026-04-01,6436,アマノ,Amano Corp,skip,duplicate,high,reuters,1
2026-04-01,6440,JUKI,JUKI,skip,duplicate,high,"kabutan,nikkei,reuters,tdnet",7
2026-04-01,6440,JUKI,Juki Corp,skip,duplicate,high,reuters,1
2026-04-01,6444,サンデン,サンデン,skip,duplicate,high,"kabutan,nikkei,tdnet",8
2026-04-01,6444,サンデン,Sanden,skip,duplicate,high,reuters,1
2026-04-01,6444,サンデン,Sanden Corp,skip,duplicate,high,reuters,1
2026-04-01,6445,ジャノメ,ジャノメ,skip,duplicate,high,"kabutan,nikkei,tdnet",4
2026-04-01,6445,ジャノメ,Janome,skip,duplicate,high,reuters,1
2026-04-01,6445,ジャノメ,Janome Corp,skip,duplicate,high,reuters,1
2026-04-01,6448,ブラザー工業,ブラザー,skip,duplicate,high,"kabutan,tdnet",5
2026-04-01,6448,ブラザー工業,ブラザー工業,add,exists_in_base,high,"kabutan,nikkei",2
2026-04-01,6448,ブラザー工業,Brother Industries,skip,duplicate,high,reuters,1
2026-04-01,6448,ブラザー工業,Brother Industries Ltd,skip,duplicate,high,reuters,1
2026-04-01,6454,マックス,マックス,skip,duplicate,high,"kabutan,nikkei,tdnet",12
2026-04-01,6454,マックス,Max,skip,duplicate,high,reuters,1
2026-04-01,6454,マックス,Max Co Ltd,skip,duplicate,high,reuters,1
2026-04-01,6455,モリタﾎｰﾙﾃﾞｨﾝｸﾞｽ,モリタホールディングス,skip,duplicate,high,"kabutan,nikkei",2
2026-04-01,6455,モリタﾎｰﾙﾃﾞｨﾝｸﾞｽ,Morita,skip,duplicate,high,reuters,1
2026-04-01,6455,モリタﾎｰﾙﾃﾞｨﾝｸﾞｽ,Morita Holdings Corp,skip,duplicate,high,reuters,1
2026-04-01,6455,モリタﾎｰﾙﾃﾞｨﾝｸﾞｽ,モリタHD,skip,duplicate,high,kabutan,1
2026-04-01,6457,グローリー,グローリー,skip,duplicate,high,"kabutan,nikkei,tdnet",6
2026-04-01,6457,グローリー,Glory,skip,duplicate,high,reuters,1
2026-04-01,6457,グローリー,Glory Ltd,skip,duplicate,high,reuters,1
2026-04-01,6458,新晃工業,新晃工業,skip,duplicate,high,"kabutan,nikkei,tdnet",6
2026-04-01,6458,新晃工業,Sinko Industries,skip,duplicate,high,reuters,1
2026-04-01,6458,新晃工業,Sinko Industries Ltd,skip,duplicate,high,reuters,1
2026-04-01,6458,新晃工業,新晃工,skip,duplicate,high,kabutan,1
2026-04-01,6459,大和冷機工業,大和冷機工業,add,exists_in_base,high,"kabutan,nikkei",2
2026-04-01,6459,大和冷機工業,Daiwa Industries,skip,duplicate,high,reuters,1
2026-04-01,6459,大和冷機工業,Daiwa Industries Ltd,skip,duplicate,high,reuters,1
2026-04-01,6459,大和冷機工業,大和冷,skip,duplicate,high,kabutan,1
2026-04-01,6459,大和冷機工業,大和冷機,skip,duplicate,high,tdnet,1
2026-04-01,6460,セガサミーﾎｰﾙﾃﾞｨﾝｸﾞｽ,セガサミーHD,skip,duplicate,high,tdnet,4
2026-04-01,6460,セガサミーﾎｰﾙﾃﾞｨﾝｸﾞｽ,セガサミーホールディングス,skip,duplicate,high,"kabutan,nikkei",2
2026-04-01,6460,セガサミーﾎｰﾙﾃﾞｨﾝｸﾞｽ,Sega Sammy,skip,duplicate,high,reuters,1
2026-04-01,6460,セガサミーﾎｰﾙﾃﾞｨﾝｸﾞｽ,Sega Sammy Holdings Inc,skip,duplicate,high,reuters,1
2026-04-01,6460,セガサミーﾎｰﾙﾃﾞｨﾝｸﾞｽ,セガサミー,skip,duplicate,high,kabutan,1
2026-04-01,6463,TPR,TPR,skip,duplicate,high,"kabutan,nikkei,reuters,tdnet",7
2026-04-01,6463,TPR,TPR Co Ltd,skip,duplicate,high,reuters,1
2026-04-01,6464,ツバキ・ナカシマ,ツバキ・ナカシマ,skip,duplicate,high,"kabutan,nikkei,tdnet",5
2026-04-01,6464,ツバキ・ナカシマ,Tsubaki Nakashima,skip,duplicate,high,reuters,1
2026-04-01,6464,ツバキ・ナカシマ,Tsubaki Nakashima Co Ltd,skip,duplicate,high,reuters,1
2026-04-01,6464,ツバキ・ナカシマ,ツバキナカ,skip,duplicate,high,kabutan,1
2026-04-01,6465,ホシザキ,ホシザキ,skip,duplicate,high,"kabutan,nikkei,tdnet",7
2026-04-01,6465,ホシザキ,Hoshizaki,skip,duplicate,high,reuters,1
2026-04-01,6465,ホシザキ,Hoshizaki Corp,skip,duplicate,high,reuters,1
2026-04-01,6466,TVE,TVE,skip,duplicate,high,"kabutan,nikkei,reuters",3
2026-04-01,6466,TVE,TVE Co Ltd,skip,duplicate,high,reuters,1
2026-04-01,6467,ニチダイ,ニチダイ,skip,duplicate,high,"kabutan,nikkei,tdnet",5
2026-04-01,6467,ニチダイ,Nichidai,skip,duplicate,high,reuters,1
2026-04-01,6467,ニチダイ,Nichidai Corp,skip,duplicate,high,reuters,1
2026-04-01,6469,放電精密加工研究所,放電精密加工研究所,add,exists_in_base,high,"kabutan,nikkei",2
2026-04-01,6469,放電精密加工研究所,Hoden Seimitsu Kako Kenkyusho,skip,duplicate,high,reuters,1
2026-04-01,6469,放電精密加工研究所,Hoden Seimitsu Kako Kenkyusho Co Ltd,skip,duplicate,high,reuters,1
2026-04-01,6469,放電精密加工研究所,放電精密,add,new_candidate,medium,kabutan,1
2026-04-01,6470,大豊工業,大豊工業,skip,duplicate,high,"kabutan,nikkei",2
2026-04-01,6470,大豊工業,Taiho Kogyo,skip,duplicate,high,reuters,1
2026-04-01,6470,大豊工業,Taiho Kogyo Co Ltd,skip,duplicate,high,reuters,1
2026-04-01,6471,日本精工,日本精工,skip,duplicate,high,"kabutan,nikkei,tdnet",5
2026-04-01,6471,日本精工,NSK,skip,duplicate,high,reuters,1
2026-04-01,6471,日本精工,NSK Ltd,skip,duplicate,high,reuters,1
2026-04-01,6471,日本精工,日精工,skip,duplicate,high,kabutan,1
2026-04-01,6472,NTN,NTN,skip,duplicate,high,"kabutan,nikkei,reuters,tdnet",5
2026-04-01,6472,NTN,NTN Corp,skip,duplicate,high,reuters,1
2026-04-01,6473,ジェイテクト,ジェイテクト,skip,duplicate,high,"kabutan,nikkei,tdnet",5
2026-04-01,6473,ジェイテクト,JTEKT,skip,duplicate,high,reuters,1
2026-04-01,6473,ジェイテクト,JTEKT Corp,skip,duplicate,high,reuters,1
2026-04-01,6474,不二越,不二越,skip,duplicate,high,"kabutan,nikkei,tdnet",5
2026-04-01,6474,不二越,Nachi-Fujikoshi,skip,duplicate,high,reuters,1
2026-04-01,6474,不二越,Nachi-Fujikoshi Corp,skip,duplicate,high,reuters,1
2026-04-01,6479,ミネベアミツミ,ミネベアミツミ,skip,duplicate,high,"kabutan,nikkei",2
2026-04-01,6479,ミネベアミツミ,Minebea Mitsumi,skip,duplicate,high,reuters,1
2026-04-01,6479,ミネベアミツミ,Minebea Mitsumi Inc,skip,duplicate,high,reuters,1
2026-04-01,6479,ミネベアミツミ,ミネベア,skip,duplicate,high,kabutan,1
2026-04-01,6480,日本トムソン,日本トムソン,add,exists_in_base,high,"kabutan,nikkei",2
2026-04-01,6480,日本トムソン,Nippon Thompson,skip,duplicate,high,reuters,1
2026-04-01,6480,日本トムソン,Nippon Thompson Co Ltd,skip,duplicate,high,reuters,1
2026-04-01,6480,日本トムソン,トムソン,skip,duplicate,high,kabutan,1
2026-04-01,6480,日本トムソン,日トムソン,skip,duplicate,high,tdnet,1
2026-04-01,6481,THK,THK,skip,duplicate,high,"kabutan,nikkei,reuters,tdnet",4
2026-04-01,6481,THK,THK Co Ltd,skip,duplicate,high,reuters,1
2026-04-01,6482,YUSHIN,YUSHIN,skip,duplicate,high,"kabutan,nikkei,reuters,tdnet",4
2026-04-01,6482,YUSHIN,Yushin Co,skip,duplicate,high,reuters,1
2026-04-01,6484,KVK,KVK,skip,duplicate,high,"kabutan,nikkei,reuters",3
2026-04-01,6484,KVK,KVK Corp,skip,duplicate,high,reuters,1
2026-04-01,6485,前澤給装工業,Maezawa Kyuso Industries,skip,duplicate,high,reuters,1
2026-04-01,6485,前澤給装工業,Maezawa Kyuso Industries Co Ltd,skip,duplicate,high,reuters,1
2026-04-01,6485,前澤給装工業,前沢給装,skip,duplicate,high,kabutan,1
2026-04-01,6485,前澤給装工業,前澤給装工業,add,exists_in_base,high,kabutan,1
2026-04-01,6485,前澤給装工業,前沢給装工業,add,new_candidate,medium,nikkei,1
2026-04-01,6486,イーグル工業,イーグル工業,add,exists_in_base,high,"kabutan,nikkei",2
2026-04-01,6486,イーグル工業,Eagle Industry,skip,duplicate,high,reuters,1
2026-04-01,6486,イーグル工業,Eagle Industry Co Ltd,skip,duplicate,high,reuters,1
2026-04-01,6486,イーグル工業,イーグル工,skip,duplicate,high,kabutan,1
2026-04-01,6488,ヨシタケ,ヨシタケ,skip,duplicate,high,"kabutan,nikkei",2
2026-04-01,6488,ヨシタケ,Yoshitake,skip,duplicate,high,reuters,1
2026-04-01,6488,ヨシタケ,Yoshitake Inc,skip,duplicate,high,reuters,1
2026-04-01,6489,前澤工業,前沢工業,add,new_candidate,high,"kabutan,nikkei",2
2026-04-01,6489,前澤工業,Maezawa Industries,skip,duplicate,high,reuters,1
2026-04-01,6489,前澤工業,Maezawa Industries Inc,skip,duplicate,high,reuters,1
2026-04-01,6489,前澤工業,前澤工業,add,exists_in_base,high,kabutan,1
2026-04-01,6490,PILLAR,PILLAR,skip,duplicate,high,"kabutan,nikkei,reuters,tdnet",4
2026-04-01,6490,PILLAR,PILLAR Corp,skip,duplicate,high,reuters,1
2026-04-01,6492,岡野バルブ製造,岡野バルブ製造,add,exists_in_base,high,"kabutan,nikkei",2
2026-04-01,6492,岡野バルブ製造,Okano Valve Mfg.,skip,duplicate,high,reuters,1
2026-04-01,6492,岡野バルブ製造,Okano Valve Mfg. Co Ltd,skip,duplicate,high,reuters,1
2026-04-01,6492,岡野バルブ製造,岡野バル,skip,duplicate,high,tdnet,1
2026-04-01,6492,岡野バルブ製造,岡野バ,add,new_candidate,medium,kabutan,1
2026-04-01,6493,NITTAN,NITTAN,skip,duplicate,high,"kabutan,nikkei,reuters,tdnet",6
2026-04-01,6493,NITTAN,Nittan Corp,skip,duplicate,high,reuters,1
2026-04-01,6494,NFKﾎｰﾙﾃﾞｨﾝｸﾞｽ,NFKホールディングス,add,exists_in_base,high,"kabutan,nikkei",2
2026-04-01,6494,NFKﾎｰﾙﾃﾞｨﾝｸﾞｽ,NFK,skip,duplicate,high,reuters,1
2026-04-01,6494,NFKﾎｰﾙﾃﾞｨﾝｸﾞｽ,NFK Holdings Co Ltd,skip,duplicate,high,reuters,1
2026-04-01,6494,NFKﾎｰﾙﾃﾞｨﾝｸﾞｽ,NFKHD,skip,duplicate,high,kabutan,1
2026-04-01,6495,宮入バルブ製作所,宮入バルブ製作所,add,exists_in_base,high,"kabutan,nikkei",2
2026-04-01,6495,宮入バルブ製作所,Miyairi Valve MFG,skip,duplicate,high,reuters,1
2026-04-01,6495,宮入バルブ製作所,Miyairi Valve MFG Co Ltd,skip,duplicate,high,reuters,1
2026-04-01,6495,宮入バルブ製作所,宮入バ,skip,duplicate,high,kabutan,1
2026-04-01,6496,中北製作所,中北製作所,add,exists_in_base,high,"kabutan,nikkei",2
2026-04-01,6496,中北製作所,Nakakita Seisakusho,skip,duplicate,high,reuters,1
2026-04-01,6496,中北製作所,Nakakita Seisakusho Co Ltd,skip,duplicate,high,reuters,1
2026-04-01,6496,中北製作所,中北製,skip,duplicate,high,kabutan,1
2026-04-01,6497,ハマイ,ハマイ,skip,duplicate,high,"kabutan,nikkei,tdnet",4
2026-04-01,6497,ハマイ,Hamai Industries,skip,duplicate,high,reuters,1
2026-04-01,6497,ハマイ,Hamai Industries Ltd,skip,duplicate,high,reuters,1
2026-04-01,6498,キッツ,キッツ,skip,duplicate,high,"kabutan,nikkei,tdnet",5
2026-04-01,6498,キッツ,Kitz,skip,duplicate,high,reuters,1
2026-04-01,6498,キッツ,Kitz Corp,skip,duplicate,high,reuters,1
2026-04-01,6501,日立製作所,日立,skip,duplicate,high,"kabutan,tdnet",6
2026-04-01,6501,日立製作所,日立製作所,add,exists_in_base,high,"kabutan,nikkei",2
2026-04-01,6501,日立製作所,Hitachi,skip,duplicate,high,reuters,1
2026-04-01,6501,日立製作所,Hitachi Ltd,skip,duplicate,high,reuters,1
2026-04-01,6503,三菱電機,三菱電,skip,duplicate,high,"kabutan,tdnet",5
2026-04-01,6503,三菱電機,三菱電機,add,exists_in_base,high,"kabutan,nikkei",2
2026-04-01,6503,三菱電機,Mitsubishi Electric,skip,duplicate,high,reuters,1
2026-04-01,6503,三菱電機,Mitsubishi Electric Corp,skip,duplicate,high,reuters,1
2026-04-01,6504,富士電機,富士電機,skip,duplicate,high,"kabutan,nikkei",2
2026-04-01,6504,富士電機,Fuji Electric,skip,duplicate,high,reuters,1
2026-04-01,6504,富士電機,Fuji Electric Co Ltd,skip,duplicate,high,reuters,1
2026-04-01,6505,東洋電機製造,東洋電機製造,add,exists_in_base,high,"kabutan,nikkei",2
2026-04-01,6505,東洋電機製造,Toyo Denki Seizo,skip,duplicate,high,reuters,1
2026-04-01,6505,東洋電機製造,Toyo Denki Seizo KK,skip,duplicate,high,reuters,1
2026-04-01,6505,東洋電機製造,東洋電,skip,duplicate,high,kabutan,1
2026-04-01,6506,安川電機,安川電機,add,exists_in_base,high,"kabutan,nikkei",2
2026-04-01,6506,安川電機,Yaskawa Electric,skip,duplicate,high,reuters,1
2026-04-01,6506,安川電機,Yaskawa Electric Corp,skip,duplicate,high,reuters,1
2026-04-01,6506,安川電機,安川電,skip,duplicate,high,kabutan,1
2026-04-01,6507,シンフォニアテクノロジー,シンフォニア テクノロジー,add,exists_in_base,high,"kabutan,nikkei",2
2026-04-01,6507,シンフォニアテクノロジー,Sinfonia Technology,skip,duplicate,high,reuters,1
2026-04-01,6507,シンフォニアテクノロジー,Sinfonia Technology Co Ltd,skip,duplicate,high,reuters,1
2026-04-01,6507,シンフォニアテクノロジー,シンフォニア,skip,duplicate,high,kabutan,1
2026-04-01,6508,明電舎,明電舎,skip,duplicate,high,"kabutan,nikkei,tdnet",5
2026-04-01,6508,明電舎,Meidensha,skip,duplicate,high,reuters,1
2026-04-01,6508,明電舎,Meidensha Corp,skip,duplicate,high,reuters,1
2026-04-01,6513,オリジン,オリジン,skip,duplicate,high,"kabutan,nikkei,tdnet",6
2026-04-01,6513,オリジン,Origin,skip,duplicate,high,reuters,1
2026-04-01,6513,オリジン,Origin Co Ltd,skip,duplicate,high,reuters,1
2026-04-01,6516,山洋電気,山洋電気,skip,duplicate,high,"kabutan,nikkei,tdnet",3
2026-04-01,6516,山洋電気,Sanyo Denki,skip,duplicate,high,reuters,1
2026-04-01,6516,山洋電気,Sanyo Denki Co Ltd,skip,duplicate,high,reuters,1
2026-04-01,6516,山洋電気,山洋電,skip,duplicate,high,kabutan,1
2026-04-01,6517,デンヨー,デンヨー,skip,duplicate,high,"kabutan,nikkei",2
2026-04-01,6517,デンヨー,Denyo,skip,duplicate,high,reuters,1
2026-04-01,6517,デンヨー,Denyo Co Ltd,skip,duplicate,high,reuters,1
2026-04-01,6518,三相電機,三相電機,skip,duplicate,high,"kabutan,nikkei",2
2026-04-01,6518,三相電機,Sanso Electric,skip,duplicate,high,reuters,1
2026-04-01,6518,三相電機,Sanso Electric Co Ltd,skip,duplicate,high,reuters,1
2026-04-01,6521,オキサイド,オキサイド,add,exists_in_base,high,"kabutan,nikkei,tdnet",4
2026-04-01,6521,オキサイド,Oxide,skip,duplicate,high,reuters,1
2026-04-01,6521,オキサイド,Oxide Corp,skip,duplicate,high,reuters,1
2026-04-01,6522,アスタリスク,アスタリスク,skip,duplicate,high,"kabutan,nikkei,tdnet",3
2026-04-01,6522,アスタリスク,Asterisk,skip,duplicate,high,reuters,1
2026-04-01,6522,アスタリスク,Asterisk Inc,skip,duplicate,high,reuters,1
2026-04-01,6523,PHCﾎｰﾙﾃﾞｨﾝｸﾞｽ,PHCHD,skip,duplicate,high,"kabutan,tdnet",2
2026-04-01,6523,PHCﾎｰﾙﾃﾞｨﾝｸﾞｽ,PHCホールディングス,skip,duplicate,high,"kabutan,nikkei",2
2026-04-01,6523,PHCﾎｰﾙﾃﾞｨﾝｸﾞｽ,PHC,skip,duplicate,high,reuters,1
2026-04-01,6523,PHCﾎｰﾙﾃﾞｨﾝｸﾞｽ,PHC Holdings Corp,skip,duplicate,high,reuters,1
2026-04-01,6524,湖北工業,湖北工業,skip,duplicate,high,"kabutan,nikkei,tdnet",5
2026-04-01,6524,湖北工業,Kohoku Kogyo,skip,duplicate,high,reuters,1
2026-04-01,6524,湖北工業,Kohoku Kogyo Co Ltd,skip,duplicate,high,reuters,1
2026-04-01,6525,KOKUSAI ELECTRIC,KOKUSAI ELECTRIC,skip,duplicate,high,"kabutan,nikkei,reuters",3
2026-04-01,6525,KOKUSAI ELECTRIC,Kokusai Electric Corp,skip,duplicate,high,reuters,1
2026-04-01,6525,KOKUSAI ELECTRIC,コクサイエレ,skip,duplicate,high,kabutan,1
2026-04-01,6526,ソシオネクスト,ソシオネクスト,skip,duplicate,high,"kabutan,nikkei",2
2026-04-01,6526,ソシオネクスト,Socionext,skip,duplicate,high,reuters,1
2026-04-01,6526,ソシオネクスト,Socionext Inc,skip,duplicate,high,reuters,1
2026-04-01,6526,ソシオネクスト,ソシオネクス,skip,duplicate,high,kabutan,1
2026-04-01,6532,ベイカレント,ベイカレント,skip,duplicate,high,"kabutan,nikkei,tdnet",5
2026-04-01,6532,ベイカレント,BayCurrent,skip,duplicate,high,reuters,1
2026-04-01,6532,ベイカレント,BayCurrent Inc,skip,duplicate,high,reuters,1
2026-04-01,6533,Orchestra Holdings,オーケストラHD,skip,duplicate,high,tdnet,6
2026-04-01,6533,Orchestra Holdings,Orchestra Holdings,skip,duplicate,high,"kabutan,nikkei",2
2026-04-01,6533,Orchestra Holdings,Orchestra,skip,duplicate,high,reuters,1
2026-04-01,6533,Orchestra Holdings,Orchestra Holdings Inc,skip,duplicate,high,reuters,1
2026-04-01,6533,Orchestra Holdings,オーケストラ,skip,duplicate,high,kabutan,1
2026-04-01,6535,アイモバイル,アイモバイル,skip,duplicate,high,"kabutan,nikkei,tdnet",4
2026-04-01,6535,アイモバイル,i-mobile,skip,duplicate,high,reuters,1
2026-04-01,6535,アイモバイル,i-mobile Co Ltd,skip,duplicate,high,reuters,1
2026-04-01,6537,WASHハウス,WASHハウス,skip,duplicate,high,"kabutan,nikkei,tdnet",4
2026-04-01,6537,WASHハウス,Washhouse,skip,duplicate,high,reuters,1
2026-04-01,6537,WASHハウス,Washhouse Co Ltd,skip,duplicate,high,reuters,1
2026-04-01,6537,WASHハウス,WASHハウ,skip,duplicate,high,kabutan,1
2026-04-01,6538,ディスラプターズ,ディスラプターズ,add,exists_in_base,high,"kabutan,nikkei",2
2026-04-01,6538,ディスラプターズ,Disruptors,skip,duplicate,high,reuters,1
2026-04-01,6538,ディスラプターズ,Disruptors Inc,skip,duplicate,high,reuters,1
2026-04-01,6538,ディスラプターズ,ディスラプタ,skip,duplicate,high,kabutan,1
2026-04-01,6539,MS－Japan,MS-Japan,skip,duplicate,high,"kabutan,nikkei",2
2026-04-01,6539,MS－Japan,Matching Service Japan,skip,duplicate,high,reuters,1
2026-04-01,6539,MS－Japan,Matching Service Japan Co Ltd,skip,duplicate,high,reuters,1
2026-04-01,6539,MS－Japan,MSジャパン,skip,duplicate,high,kabutan,1
2026-04-01,6540,船場,船場,add,exists_in_base,high,"kabutan,nikkei,tdnet",3
2026-04-01,6540,船場,Semba,skip,duplicate,high,reuters,1
2026-04-01,6540,船場,Semba Corp,skip,duplicate,high,reuters,1
2026-04-01,6543,日宣,日宣,skip,duplicate,high,"kabutan,nikkei,tdnet",3
2026-04-01,6543,日宣,Nissen,skip,duplicate,high,reuters,1
2026-04-01,6543,日宣,Nissen Inc,skip,duplicate,high,reuters,1
2026-04-01,6544,ジャパンエレベーターサービスﾎｰﾙﾃﾞｨﾝｸﾞｽ,ジャパンエレベーターサービスホールディングス,skip,duplicate,high,"kabutan,nikkei",2
2026-04-01,6544,ジャパンエレベーターサービスﾎｰﾙﾃﾞｨﾝｸﾞｽ,Japan Elevator Service,skip,duplicate,high,reuters,1
2026-04-01,6544,ジャパンエレベーターサービスﾎｰﾙﾃﾞｨﾝｸﾞｽ,Japan Elevator Service Holdings Co Ltd,skip,duplicate,high,reuters,1
2026-04-01,6544,ジャパンエレベーターサービスﾎｰﾙﾃﾞｨﾝｸﾞｽ,Jエレベータ,skip,duplicate,high,kabutan,1
2026-04-01,6545,インターネットインフィニティー,IIF,skip,duplicate,high,"kabutan,tdnet",3
2026-04-01,6545,インターネットインフィニティー,インターネットインフィニティー,skip,duplicate,high,"kabutan,nikkei",2
2026-04-01,6545,インターネットインフィニティー,Internet Infinity,skip,duplicate,high,reuters,1
2026-04-01,6545,インターネットインフィニティー,Internet Infinity Inc,skip,duplicate,high,reuters,1
2026-04-01,6546,フルテック,フルテック,skip,duplicate,high,"kabutan,nikkei,tdnet",10
2026-04-01,6546,フルテック,Fulltech,skip,duplicate,high,reuters,1
2026-04-01,6546,フルテック,Fulltech Co Ltd,skip,duplicate,high,reuters,1
2026-04-01,6547,グリーンズ,グリーンズ,add,exists_in_base,high,"kabutan,nikkei,tdnet",5
2026-04-01,6547,グリーンズ,Greens,skip,duplicate,high,reuters,1
2026-04-01,6547,グリーンズ,Greens Co Ltd,skip,duplicate,high,reuters,1
2026-04-01,6548,旅工房,旅工房,skip,duplicate,high,"kabutan,nikkei,tdnet",5
2026-04-01,6548,旅工房,Tabikobo,skip,duplicate,high,reuters,1
2026-04-01,6548,旅工房,Tabikobo Co Ltd,skip,duplicate,high,reuters,1
2026-04-01,6549,ディーエムソリューションズ,ディーエムソリューションズ,skip,duplicate,high,"kabutan,nikkei",2
2026-04-01,6549,ディーエムソリューションズ,DM Solutions,skip,duplicate,high,reuters,1
2026-04-01,6549,ディーエムソリューションズ,DM Solutions Co Ltd,skip,duplicate,high,reuters,1
2026-04-01,6549,ディーエムソリューションズ,DMソリュ,skip,duplicate,high,kabutan,1
2026-04-01,6549,ディーエムソリューションズ,ディーエムソリュ,skip,duplicate,high,tdnet,1
2026-04-01,6551,ツナグｸﾞﾙｰﾌﾟ・ﾎｰﾙﾃﾞｨﾝｸﾞｽ,ツナグGHD,skip,duplicate,high,"kabutan,tdnet",2
2026-04-01,6551,ツナグｸﾞﾙｰﾌﾟ・ﾎｰﾙﾃﾞｨﾝｸﾞｽ,ツナググループ・ホールディングス,skip,duplicate,high,"kabutan,nikkei",2
2026-04-01,6551,ツナグｸﾞﾙｰﾌﾟ・ﾎｰﾙﾃﾞｨﾝｸﾞｽ,Tsunagu,skip,duplicate,high,reuters,1
2026-04-01,6551,ツナグｸﾞﾙｰﾌﾟ・ﾎｰﾙﾃﾞｨﾝｸﾞｽ,Tsunagu Group Holdings Inc,skip,duplicate,high,reuters,1
2026-04-01,6552,GameWith,GameWith,skip,duplicate,high,"kabutan,nikkei,reuters",3
2026-04-01,6552,GameWith,GameWith Inc,skip,duplicate,high,reuters,1
2026-04-01,6552,GameWith,ゲームウィズ,skip,duplicate,high,kabutan,1
2026-04-01,6554,エスユーエス,エスユーエス,add,exists_in_base,high,"kabutan,nikkei",2
2026-04-01,6554,エスユーエス,SUS,skip,duplicate,high,reuters,1
2026-04-01,6554,エスユーエス,SUS Co Ltd,skip,duplicate,high,reuters,1
2026-04-01,6555,MS＆Consulting,MS&Consulting,skip,duplicate,high,"kabutan,nikkei,reuters",3
2026-04-01,6555,MS＆Consulting,Ms&Consulting Co Ltd,skip,duplicate,high,reuters,1
2026-04-01,6555,MS＆Consulting,MSコンサル,skip,duplicate,high,kabutan,1
2026-04-01,6557,AIAIｸﾞﾙｰﾌﾟ,AIAI,skip,duplicate,high,"kabutan,reuters,tdnet",7
2026-04-01,6557,AIAIｸﾞﾙｰﾌﾟ,AIAIグループ,skip,duplicate,high,"kabutan,nikkei",2
2026-04-01,6557,AIAIｸﾞﾙｰﾌﾟ,AIAI Group Corp,skip,duplicate,high,reuters,1
2026-04-01,6558,クックビズ,クックビズ,skip,duplicate,high,"kabutan,nikkei,tdnet",6
2026-04-01,6558,クックビズ,Cookbiz,skip,duplicate,high,reuters,1
2026-04-01,6558,クックビズ,Cookbiz Co Ltd,skip,duplicate,high,reuters,1
2026-04-01,6560,エル・ティー・エス,LTS,skip,duplicate,high,"kabutan,reuters,tdnet",8
2026-04-01,6560,エル・ティー・エス,エル・ティー・エス,skip,duplicate,high,"kabutan,nikkei",2
2026-04-01,6560,エル・ティー・エス,LTS Inc,skip,duplicate,high,reuters,1
2026-04-01,6561,HANATOUR JAPAN,HANATOUR JAPAN,skip,duplicate,high,"kabutan,nikkei,reuters",3
2026-04-01,6561,HANATOUR JAPAN,Hanatour Japan Co Ltd,skip,duplicate,high,reuters,1
2026-04-01,6561,HANATOUR JAPAN,ハナツアーJ,skip,duplicate,high,kabutan,1
2026-04-01,6561,HANATOUR JAPAN,HANATOUR,add,new_candidate,medium,tdnet,3
2026-04-01,6562,ジーニー,ジーニー,add,exists_in_base,high,"kabutan,nikkei,tdnet",3
2026-04-01,6562,ジーニー,Geniee,skip,duplicate,high,reuters,1
2026-04-01,6562,ジーニー,Geniee Inc,skip,duplicate,high,reuters,1
2026-04-01,6563,みらいワークス,みらいワークス,skip,duplicate,high,"kabutan,nikkei",2
2026-04-01,6563,みらいワークス,Mirai Works,skip,duplicate,high,reuters,1
2026-04-01,6563,みらいワークス,Mirai Works Inc,skip,duplicate,high,reuters,1
2026-04-01,6563,みらいワークス,みらいWKS,skip,duplicate,high,kabutan,1
2026-04-01,6564,ミダックﾎｰﾙﾃﾞｨﾝｸﾞｽ,ミダックHD,skip,duplicate,high,"kabutan,tdnet",4
2026-04-01,6564,ミダックﾎｰﾙﾃﾞｨﾝｸﾞｽ,ミダックホールディングス,skip,duplicate,high,"kabutan,nikkei",2
2026-04-01,6564,ミダックﾎｰﾙﾃﾞｨﾝｸﾞｽ,Midac,skip,duplicate,high,reuters,1
2026-04-01,6564,ミダックﾎｰﾙﾃﾞｨﾝｸﾞｽ,Midac Holdings Co Ltd,skip,duplicate,high,reuters,1
2026-04-01,6565,ABホテル,ABホテル,skip,duplicate,high,"kabutan,nikkei,tdnet",5
2026-04-01,6565,ABホテル,ABhotel,skip,duplicate,high,reuters,1
2026-04-01,6565,ABホテル,ABhotel Co Ltd,skip,duplicate,high,reuters,1
2026-04-01,6566,要興業,要興業,skip,duplicate,high,"kabutan,nikkei",2
2026-04-01,6566,要興業,Kaname Kogyo,skip,duplicate,high,reuters,1
2026-04-01,6566,要興業,Kaname Kogyo Co Ltd,skip,duplicate,high,reuters,1
2026-04-01,6568,神戸天然物化学,神戸天然物化学,skip,duplicate,high,"kabutan,nikkei,tdnet",3
2026-04-01,6568,神戸天然物化学,KNC Laboratories,skip,duplicate,high,reuters,1
2026-04-01,6568,神戸天然物化学,KNC Laboratories Co Ltd,skip,duplicate,high,reuters,1
2026-04-01,6568,神戸天然物化学,神戸天然物化,skip,duplicate,high,kabutan,1
2026-04-01,6570,共和ｺｰﾎﾟﾚｰｼｮﾝ,共和コーポレーション,skip,duplicate,high,"kabutan,nikkei",2
2026-04-01,6570,共和ｺｰﾎﾟﾚｰｼｮﾝ,Kyowa,skip,duplicate,high,reuters,1
2026-04-01,6570,共和ｺｰﾎﾟﾚｰｼｮﾝ,Kyowa Corp,skip,duplicate,high,reuters,1
2026-04-01,6570,共和ｺｰﾎﾟﾚｰｼｮﾝ,共和コーポ,skip,duplicate,high,kabutan,1
2026-04-01,6571,キュービーネットﾎｰﾙﾃﾞｨﾝｸﾞｽ,キュービーネットホールディングス,skip,duplicate,high,"kabutan,nikkei",2
2026-04-01,6571,キュービーネットﾎｰﾙﾃﾞｨﾝｸﾞｽ,QB Net,skip,duplicate,high,reuters,1
2026-04-01,6571,キュービーネットﾎｰﾙﾃﾞｨﾝｸﾞｽ,QB Net Holdings Co Ltd,skip,duplicate,high,reuters,1
2026-04-01,6571,キュービーネットﾎｰﾙﾃﾞｨﾝｸﾞｽ,QBNHD,skip,duplicate,high,kabutan,1
2026-04-01,6571,キュービーネットﾎｰﾙﾃﾞｨﾝｸﾞｽ,キュービーネットHD,skip,duplicate,high,tdnet,1
2026-04-01,6572,オープンｸﾞﾙｰﾌﾟ,オープングループ,skip,duplicate,high,"kabutan,nikkei",2
2026-04-01,6572,オープンｸﾞﾙｰﾌﾟ,Open,skip,duplicate,high,reuters,1
2026-04-01,6572,オープンｸﾞﾙｰﾌﾟ,Open Group Inc,skip,duplicate,high,reuters,1
2026-04-01,6572,オープンｸﾞﾙｰﾌﾟ,オープンG,skip,duplicate,high,kabutan,1
2026-04-01,6573,CRAVIA,CRAVIA,skip,duplicate,high,"kabutan,nikkei,reuters,tdnet",14
2026-04-01,6573,CRAVIA,Cravia Inc,skip,duplicate,high,reuters,1
2026-04-01,6574,コンヴァノ,コンヴァノ,add,exists_in_base,high,"kabutan,nikkei,tdnet",7
2026-04-01,6574,コンヴァノ,Convano,skip,duplicate,high,reuters,1
2026-04-01,6574,コンヴァノ,Convano Inc,skip,duplicate,high,reuters,1
2026-04-01,6577,ベストワンドットコム,ベストワンドットコム,skip,duplicate,high,"kabutan,nikkei",2
2026-04-01,6577,ベストワンドットコム,Bestone.Com,skip,duplicate,high,reuters,1
2026-04-01,6577,ベストワンドットコム,Bestone.Com Co Ltd,skip,duplicate,high,reuters,1
2026-04-01,6577,ベストワンドットコム,ベストワン,skip,duplicate,high,kabutan,1
2026-04-01,6577,ベストワンドットコム,ベストワンドット,add,new_candidate,medium,tdnet,3
2026-04-01,6578,コレックﾎｰﾙﾃﾞｨﾝｸﾞｽ,コレックHD,skip,duplicate,high,"kabutan,tdnet",3
2026-04-01,6578,コレックﾎｰﾙﾃﾞｨﾝｸﾞｽ,コレックホールディングス,skip,duplicate,high,"kabutan,nikkei",2
2026-04-01,6578,コレックﾎｰﾙﾃﾞｨﾝｸﾞｽ,Correc,skip,duplicate,high,reuters,1
2026-04-01,6578,コレックﾎｰﾙﾃﾞｨﾝｸﾞｽ,Correc Holdings Inc,skip,duplicate,high,reuters,1
2026-04-01,6579,ログリー,ログリー,skip,duplicate,high,"kabutan,nikkei",2
2026-04-01,6579,ログリー,LOGLY,skip,duplicate,high,reuters,1
2026-04-01,6579,ログリー,LOGLY Inc,skip,duplicate,high,reuters,1
2026-04-01,6580,ライトアップ,ライトアップ,add,exists_in_base,high,"kabutan,nikkei,tdnet",3
2026-04-01,6580,ライトアップ,Writeup,skip,duplicate,high,reuters,1
2026-04-01,6580,ライトアップ,Writeup Co Ltd,skip,duplicate,high,reuters,1
2026-04-01,6584,三櫻工業,三桜工,skip,duplicate,high,"kabutan,tdnet",3
2026-04-01,6584,三櫻工業,Sanoh Industrial,skip,duplicate,high,reuters,1
2026-04-01,6584,三櫻工業,Sanoh Industrial Co Ltd,skip,duplicate,high,reuters,1
2026-04-01,6584,三櫻工業,三櫻工業,add,exists_in_base,high,kabutan,1
2026-04-01,6584,三櫻工業,三桜工業,add,new_candidate,medium,nikkei,1
2026-04-01,6586,マキタ,マキタ,skip,duplicate,high,"kabutan,nikkei,tdnet",5
2026-04-01,6586,マキタ,Makita,skip,duplicate,high,reuters,1
2026-04-01,6586,マキタ,Makita Corp,skip,duplicate,high,reuters,1
2026-04-01,6588,東芝テック,東芝テック,skip,duplicate,high,"kabutan,nikkei",2
2026-04-01,6588,東芝テック,Toshiba Tec,skip,duplicate,high,reuters,1
2026-04-01,6588,東芝テック,Toshiba Tec Corp,skip,duplicate,high,reuters,1
2026-04-01,6590,芝浦メカトロニクス,芝浦メカトロニクス,add,exists_in_base,high,"kabutan,nikkei",2
2026-04-01,6590,芝浦メカトロニクス,Shibaura Mechatronics,skip,duplicate,high,reuters,1
2026-04-01,6590,芝浦メカトロニクス,Shibaura Mechatronics Corp,skip,duplicate,high,reuters,1
2026-04-01,6590,芝浦メカトロニクス,芝浦,skip,duplicate,high,kabutan,1
2026-04-01,6592,マブチモーター,マブチモーター,skip,duplicate,high,"kabutan,nikkei,tdnet",4
2026-04-01,6592,マブチモーター,Mabuchi Motor,skip,duplicate,high,reuters,1
2026-04-01,6592,マブチモーター,Mabuchi Motor Co Ltd,skip,duplicate,high,reuters,1
2026-04-01,6592,マブチモーター,マブチ,skip,duplicate,high,kabutan,1
2026-04-01,6594,ニデック,ニデック,skip,duplicate,high,"kabutan,nikkei,tdnet",10
2026-04-01,6594,ニデック,Nidec,skip,duplicate,high,reuters,1
2026-04-01,6594,ニデック,Nidec Corp,skip,duplicate,high,reuters,1
2026-04-01,6597,HPCシステムズ,HPCシステムズ,skip,duplicate,high,"kabutan,nikkei,tdnet",3
2026-04-01,6597,HPCシステムズ,HPC Systems,skip,duplicate,high,reuters,1
2026-04-01,6597,HPCシステムズ,HPC Systems Inc,skip,duplicate,high,reuters,1
2026-04-01,6597,HPCシステムズ,HPCシス,skip,duplicate,high,kabutan,1
2026-04-01,6599,エブレン,エブレン,skip,duplicate,high,"kabutan,nikkei",2
2026-04-01,6599,エブレン,Ebrains,skip,duplicate,high,reuters,1
2026-04-01,6599,エブレン,Ebrains Inc,skip,duplicate,high,reuters,1
2026-04-01,6612,バルミューダ,バルミューダ,skip,duplicate,high,"kabutan,nikkei,tdnet",5
2026-04-01,6612,バルミューダ,Balmuda,skip,duplicate,high,reuters,1
2026-04-01,6612,バルミューダ,Balmuda Inc,skip,duplicate,high,reuters,1
2026-04-01,6613,QDレーザ,QDレーザ,skip,duplicate,high,"kabutan,nikkei,tdnet",4
2026-04-01,6613,QDレーザ,QD Laser,skip,duplicate,high,reuters,1
2026-04-01,6613,QDレーザ,QD Laser Inc,skip,duplicate,high,reuters,1
2026-04-01,6614,シキノハイテック,シキノハイテック,skip,duplicate,high,"kabutan,nikkei",2
2026-04-01,6614,シキノハイテック,Shikino High Tech,skip,duplicate,high,reuters,1
2026-04-01,6614,シキノハイテック,Shikino High Tech Co Ltd,skip,duplicate,high,reuters,1
2026-04-01,6614,シキノハイテック,シキノHT,skip,duplicate,high,kabutan,1
2026-04-01,6615,ユー・エム・シー・エレクトロニクス,UMCエレ,skip,duplicate,high,"kabutan,tdnet",3
2026-04-01,6615,ユー・エム・シー・エレクトロニクス,ユー・エム・シー・エレクトロニクス,add,exists_in_base,high,"kabutan,nikkei",2
2026-04-01,6615,ユー・エム・シー・エレクトロニクス,UMC Electronics,skip,duplicate,high,reuters,1
2026-04-01,6615,ユー・エム・シー・エレクトロニクス,UMC Electronics Co Ltd,skip,duplicate,high,reuters,1
2026-04-01,6616,トレックス・セミコンダクター,トレックス・セミコンダクター,add,exists_in_base,high,"kabutan,nikkei",2
2026-04-01,6616,トレックス・セミコンダクター,TOREX,skip,duplicate,high,kabutan,1
2026-04-01,6616,トレックス・セミコンダクター,Torex Semiconductor,skip,duplicate,high,reuters,1
2026-04-01,6616,トレックス・セミコンダクター,Torex Semiconductor Ltd,skip,duplicate,high,reuters,1
2026-04-01,6616,トレックス・セミコンダクター,トレックスセミ,skip,duplicate,high,tdnet,1
2026-04-01,6617,東光高岳,東光高岳,skip,duplicate,high,"kabutan,nikkei",2
2026-04-01,6617,東光高岳,Takaoka Toko,skip,duplicate,high,reuters,1
2026-04-01,6617,東光高岳,Takaoka Toko Co Ltd,skip,duplicate,high,reuters,1
2026-04-01,6619,ダブル・スコープ,WSCOPE,skip,duplicate,high,"kabutan,reuters,tdnet",8
2026-04-01,6619,ダブル・スコープ,ダブル・スコープ,add,exists_in_base,high,"kabutan,nikkei",2
2026-04-01,6619,ダブル・スコープ,W-Scope Corp,skip,duplicate,high,reuters,1
2026-04-01,6620,宮越ﾎｰﾙﾃﾞｨﾝｸﾞｽ,宮越HD,skip,duplicate,high,"kabutan,tdnet",2
2026-04-01,6620,宮越ﾎｰﾙﾃﾞｨﾝｸﾞｽ,宮越ホールディングス,skip,duplicate,high,"kabutan,nikkei",2
2026-04-01,6620,宮越ﾎｰﾙﾃﾞｨﾝｸﾞｽ,Miyakoshi,skip,duplicate,high,reuters,1
2026-04-01,6620,宮越ﾎｰﾙﾃﾞｨﾝｸﾞｽ,Miyakoshi Holdings Inc,skip,duplicate,high,reuters,1
2026-04-01,6622,ダイヘン,ダイヘン,skip,duplicate,high,"kabutan,nikkei,tdnet",5
2026-04-01,6622,ダイヘン,Daihen,skip,duplicate,high,reuters,1
2026-04-01,6622,ダイヘン,Daihen Corp,skip,duplicate,high,reuters,1
2026-04-01,6625,JALCOﾎｰﾙﾃﾞｨﾝｸﾞｽ,JALCO HD,skip,duplicate,high,tdnet,6
2026-04-01,6625,JALCOﾎｰﾙﾃﾞｨﾝｸﾞｽ,JALCO,skip,duplicate,high,"kabutan,reuters",2
2026-04-01,6625,JALCOﾎｰﾙﾃﾞｨﾝｸﾞｽ,JALCOホールディングス,skip,duplicate,high,"kabutan,nikkei",2
2026-04-01,6625,JALCOﾎｰﾙﾃﾞｨﾝｸﾞｽ,Jalco Holdings Inc,skip,duplicate,high,reuters,1
2026-04-01,6626,SEMITEC,SEMITEC,skip,duplicate,high,"kabutan,nikkei,reuters,tdnet",5
2026-04-01,6626,SEMITEC,Semitec Corp,skip,duplicate,high,reuters,1
2026-04-01,6626,SEMITEC,SEMTEC,skip,duplicate,high,kabutan,1
2026-04-01,6627,テラプローブ,テラプローブ,skip,duplicate,high,"kabutan,nikkei,tdnet",4
2026-04-01,6627,テラプローブ,Tera Probe,skip,duplicate,high,reuters,1
2026-04-01,6627,テラプローブ,Tera Probe Inc,skip,duplicate,high,reuters,1
2026-04-01,6629,テクノホライゾン,テクノホライゾン,add,exists_in_base,high,"kabutan,nikkei,tdnet",3
2026-04-01,6629,テクノホライゾン,Techno Horizon,skip,duplicate,high,reuters,1
2026-04-01,6629,テクノホライゾン,Techno Horizon Co Ltd,skip,duplicate,high,reuters,1
2026-04-01,6629,テクノホライゾン,Tホライゾン,skip,duplicate,high,kabutan,1
2026-04-01,6630,ヤーマン,ヤーマン,skip,duplicate,high,"kabutan,nikkei,tdnet",4
2026-04-01,6630,ヤーマン,Ya-Man,skip,duplicate,high,reuters,1
2026-04-01,6630,ヤーマン,Ya-Man Ltd,skip,duplicate,high,reuters,1
2026-04-01,6632,JVCケンウッド,JVCKW,skip,duplicate,high,tdnet,4
2026-04-01,6632,JVCケンウッド,JVCケンウッド,skip,duplicate,high,"kabutan,nikkei",2
2026-04-01,6632,JVCケンウッド,JVCKENWOOD,skip,duplicate,high,reuters,1
2026-04-01,6632,JVCケンウッド,JVCKENWOOD Corp,skip,duplicate,high,reuters,1
2026-04-01,6632,JVCケンウッド,JVCケンウ,skip,duplicate,high,kabutan,1
2026-04-01,6633,CGSﾎｰﾙﾃﾞｨﾝｸﾞｽ,CGSホールディングス,skip,duplicate,high,"kabutan,nikkei",2
2026-04-01,6633,CGSﾎｰﾙﾃﾞｨﾝｸﾞｽ,CGS,skip,duplicate,high,reuters,1
2026-04-01,6633,CGSﾎｰﾙﾃﾞｨﾝｸﾞｽ,CGS Holdings Inc,skip,duplicate,high,reuters,1
2026-04-01,6633,CGSﾎｰﾙﾃﾞｨﾝｸﾞｽ,CGSHD,skip,duplicate,high,kabutan,1
2026-04-01,6634,ネクスｸﾞﾙｰﾌﾟ,JNグループ,skip,duplicate,high,"kabutan,nikkei,tdnet",4
2026-04-01,6634,ネクスｸﾞﾙｰﾌﾟ,ネクスG,skip,duplicate,high,tdnet,2
2026-04-01,6634,ネクスｸﾞﾙｰﾌﾟ,JN Group Inc,skip,duplicate,high,reuters,1
2026-04-01,6635,大日光・エンジニアリング,大日光,skip,duplicate,high,"kabutan,tdnet",4
2026-04-01,6635,大日光・エンジニアリング,大日光・エンジニアリング,skip,duplicate,high,"kabutan,nikkei",2
2026-04-01,6635,大日光・エンジニアリング,Di-Nikko Engineering,skip,duplicate,high,reuters,1
2026-04-01,6635,大日光・エンジニアリング,Di-Nikko Engineering Co Ltd,skip,duplicate,high,reuters,1
2026-04-01,6637,寺崎電気産業,寺崎電気産業,add,exists_in_base,high,"kabutan,nikkei",2
2026-04-01,6637,寺崎電気産業,Terasaki Electric,skip,duplicate,high,reuters,1
2026-04-01,6637,寺崎電気産業,Terasaki Electric Co Ltd,skip,duplicate,high,reuters,1
2026-04-01,6637,寺崎電気産業,寺崎電気,skip,duplicate,high,kabutan,1
2026-04-01,6638,ミマキエンジニアリング,ミマキエンジニアリング,add,exists_in_base,high,"kabutan,nikkei",2
2026-04-01,6638,ミマキエンジニアリング,Mimaki Engineering,skip,duplicate,high,reuters,1
2026-04-01,6638,ミマキエンジニアリング,Mimaki Engineering Co Ltd,skip,duplicate,high,reuters,1
2026-04-01,6638,ミマキエンジニアリング,ミマキエンジ,skip,duplicate,high,kabutan,1
2026-04-01,6643,戸上電機製作所,戸上電,skip,duplicate,high,"kabutan,tdnet",2
2026-04-01,6643,戸上電機製作所,戸上電機製作所,add,exists_in_base,high,"kabutan,nikkei",2
2026-04-01,6643,戸上電機製作所,Togami Electric Mfg,skip,duplicate,high,reuters,1
2026-04-01,6643,戸上電機製作所,Togami Electric Mfg Co Ltd,skip,duplicate,high,reuters,1
2026-04-01,6644,大崎電気工業,大崎電,skip,duplicate,high,"kabutan,tdnet",5
2026-04-01,6644,大崎電気工業,大崎電気工業,add,exists_in_base,high,"kabutan,nikkei",2
2026-04-01,6644,大崎電気工業,Osaki Electric,skip,duplicate,high,reuters,1
2026-04-01,6644,大崎電気工業,Osaki Electric Co Ltd,skip,duplicate,high,reuters,1
2026-04-01,6645,オムロン,オムロン,skip,duplicate,high,"kabutan,nikkei,tdnet",3
2026-04-01,6645,オムロン,Omron,skip,duplicate,high,reuters,1
2026-04-01,6645,オムロン,Omron Corp,skip,duplicate,high,reuters,1
2026-04-01,6647,森尾電機,森尾電機,skip,duplicate,high,"kabutan,nikkei",2
2026-04-01,6647,森尾電機,Morio Denki,skip,duplicate,high,reuters,1
2026-04-01,6647,森尾電機,Morio Denki Co Ltd,skip,duplicate,high,reuters,1
2026-04-01,6647,森尾電機,森尾電,skip,duplicate,high,kabutan,1
2026-04-01,6648,かわでん,かわでん,skip,duplicate,high,"kabutan,nikkei,tdnet",3
2026-04-01,6648,かわでん,Kawaden,skip,duplicate,high,reuters,1
2026-04-01,6648,かわでん,Kawaden Corp,skip,duplicate,high,reuters,1
2026-04-01,6651,日東工業,日東工,skip,duplicate,high,"kabutan,tdnet",2
2026-04-01,6651,日東工業,日東工業,add,exists_in_base,high,"kabutan,nikkei",2
2026-04-01,6651,日東工業,Nitto Kogyo,skip,duplicate,high,reuters,1
2026-04-01,6651,日東工業,Nitto Kogyo Corp,skip,duplicate,high,reuters,1
2026-04-01,6652,IDEC,IDEC,skip,duplicate,high,"kabutan,nikkei,reuters",3
2026-04-01,6652,IDEC,IDEC Corp,skip,duplicate,high,reuters,1
2026-04-01,6653,正興電機製作所,正興電機製作所,skip,duplicate,high,"kabutan,nikkei,tdnet",3
2026-04-01,6653,正興電機製作所,Seiko Electric,skip,duplicate,high,reuters,1
2026-04-01,6653,正興電機製作所,Seiko Electric Co Ltd,skip,duplicate,high,reuters,1
2026-04-01,6653,正興電機製作所,正興電,skip,duplicate,high,kabutan,1
2026-04-01,6654,不二電機工業,不二電機工業,skip,duplicate,high,"kabutan,nikkei,tdnet",5
2026-04-01,6654,不二電機工業,Fuji Electric Industry,skip,duplicate,high,reuters,1
2026-04-01,6654,不二電機工業,Fuji Electric Industry Co Ltd,skip,duplicate,high,reuters,1
2026-04-01,6654,不二電機工業,不二電機,skip,duplicate,high,kabutan,1
2026-04-01,6656,インスペック,Inspec,skip,duplicate,high,"reuters,tdnet",3
2026-04-01,6656,インスペック,インスペック,skip,duplicate,high,"kabutan,nikkei",2
2026-04-01,6656,インスペック,Inspec Inc,skip,duplicate,high,reuters,1
2026-04-01,6658,シライ電子工業,シライ電子,skip,duplicate,high,"kabutan,tdnet",3
2026-04-01,6658,シライ電子工業,シライ電子工業,add,exists_in_base,high,"kabutan,nikkei",2
2026-04-01,6658,シライ電子工業,Shirai Electronics Industrial,skip,duplicate,high,reuters,1
2026-04-01,6658,シライ電子工業,Shirai Electronics Industrial Co Ltd,skip,duplicate,high,reuters,1
2026-04-01,6659,メディアリンクス,メディアリンクス,skip,duplicate,high,"kabutan,nikkei,tdnet",5
2026-04-01,6659,メディアリンクス,Media Links,skip,duplicate,high,reuters,1
2026-04-01,6659,メディアリンクス,Media Links Co Ltd,skip,duplicate,high,reuters,1
2026-04-01,6659,メディアリンクス,メディアL,skip,duplicate,high,kabutan,1
2026-04-01,6662,ユビテック,ユビテック,skip,duplicate,high,"kabutan,nikkei",2
2026-04-01,6662,ユビテック,Ubiteq,skip,duplicate,high,reuters,1
2026-04-01,6662,ユビテック,Ubiteq Inc,skip,duplicate,high,reuters,1
2026-04-01,6663,太洋テクノレックス,太洋テクノレックス,skip,duplicate,high,"kabutan,nikkei,tdnet",5
2026-04-01,6663,太洋テクノレックス,Taiyo Technolex,skip,duplicate,high,reuters,1
2026-04-01,6663,太洋テクノレックス,Taiyo Technolex Co Ltd,skip,duplicate,high,reuters,1
2026-04-01,6663,太洋テクノレックス,太洋テクノ,skip,duplicate,high,kabutan,1
2026-04-01,6664,オプトエレクトロニクス,オプトエレクト,skip,duplicate,high,tdnet,3
2026-04-01,6664,オプトエレクトロニクス,オプトエレクトロニクス,skip,duplicate,high,"kabutan,nikkei",2
2026-04-01,6664,オプトエレクトロニクス,OptoElectronics,skip,duplicate,high,reuters,1
2026-04-01,6664,オプトエレクトロニクス,OptoElectronics Co Ltd,skip,duplicate,high,reuters,1
2026-04-01,6664,オプトエレクトロニクス,オプトエレ,skip,duplicate,high,kabutan,1
2026-04-01,6666,リバーエレテック,リバーエレテック,add,exists_in_base,high,"kabutan,nikkei",2
2026-04-01,6666,リバーエレテック,River Eletec,skip,duplicate,high,reuters,1
2026-04-01,6666,リバーエレテック,River Eletec Corp,skip,duplicate,high,reuters,1
2026-04-01,6666,リバーエレテック,リバーエレク,skip,duplicate,high,kabutan,1
2026-04-01,6668,アドテック プラズマ テクノロジー,アドテック プラズマ テクノロジー,add,exists_in_base,high,"kabutan,nikkei",2
2026-04-01,6668,アドテック プラズマ テクノロジー,Adtec Plasma Technology,skip,duplicate,high,reuters,1
2026-04-01,6668,アドテック プラズマ テクノロジー,Adtec Plasma Technology Co Ltd,skip,duplicate,high,reuters,1
2026-04-01,6668,アドテック プラズマ テクノロジー,ADプラズマ,skip,duplicate,high,kabutan,1
2026-04-01,6670,MCJ,MCJ,skip,duplicate,high,"kabutan,nikkei,reuters,tdnet",10
2026-04-01,6670,MCJ,MCJ Co Ltd,skip,duplicate,high,reuters,1
2026-04-01,6674,ジーエス・ユアサ ｺｰﾎﾟﾚｰｼｮﾝ,ジーエス・ユアサ コーポレーション,skip,duplicate,high,"kabutan,nikkei",2
2026-04-01,6674,ジーエス・ユアサ ｺｰﾎﾟﾚｰｼｮﾝ,GS Yuasa,skip,duplicate,high,reuters,1
2026-04-01,6674,ジーエス・ユアサ ｺｰﾎﾟﾚｰｼｮﾝ,GS Yuasa Corp,skip,duplicate,high,reuters,1
2026-04-01,6674,ジーエス・ユアサ ｺｰﾎﾟﾚｰｼｮﾝ,GSユアサ,skip,duplicate,high,kabutan,1
2026-04-01,6675,サクサ,サクサ,skip,duplicate,high,"kabutan,nikkei,tdnet",8
2026-04-01,6675,サクサ,Saxa,skip,duplicate,high,reuters,1
2026-04-01,6675,サクサ,Saxa Inc,skip,duplicate,high,reuters,1
2026-04-01,6676,BUFFALO,バッファロー,skip,duplicate,high,"kabutan,nikkei",2
2026-04-01,6676,BUFFALO,BUF,skip,duplicate,high,kabutan,1
2026-04-01,6676,BUFFALO,BUFFALO,skip,duplicate,high,tdnet,1
2026-04-01,6676,BUFFALO,Buffalo Inc(Nagoya),skip,duplicate,high,reuters,1
2026-04-01,6677,エスケーエレクトロニクス,エスケーエレクトロニクス,add,exists_in_base,high,"kabutan,nikkei",2
2026-04-01,6677,エスケーエレクトロニクス,SK-Electronics,skip,duplicate,high,reuters,1
2026-04-01,6677,エスケーエレクトロニクス,SK-Electronics Co Ltd,skip,duplicate,high,reuters,1
2026-04-01,6677,エスケーエレクトロニクス,エスケーエレ,skip,duplicate,high,kabutan,1
2026-04-01,6678,テクノメディカ,テクノメディカ,skip,duplicate,high,"kabutan,nikkei",2
2026-04-01,6678,テクノメディカ,Techno Medica,skip,duplicate,high,reuters,1
2026-04-01,6678,テクノメディカ,Techno Medica Co Ltd,skip,duplicate,high,reuters,1
2026-04-01,6678,テクノメディカ,テクノメデカ,add,new_candidate,medium,kabutan,1
2026-04-01,6694,ズーム,ズーム,skip,duplicate,high,"kabutan,nikkei,tdnet",4
2026-04-01,6694,ズーム,Zoom,skip,duplicate,high,reuters,1
2026-04-01,6694,ズーム,Zoom Corp,skip,duplicate,high,reuters,1
2026-04-01,6696,トラース・オン・プロダクト,トラースOP,skip,duplicate,high,"kabutan,tdnet",6
2026-04-01,6696,トラース・オン・プロダクト,トラース・オン・プロダクト,skip,duplicate,high,"kabutan,nikkei",2
2026-04-01,6696,トラース・オン・プロダクト,TRaaS On Product,skip,duplicate,high,reuters,1
2026-04-01,6696,トラース・オン・プロダクト,TRaaS On Product Inc,skip,duplicate,high,reuters,1
2026-04-01,6699,ダイヤモンドエレクトリックﾎｰﾙﾃﾞｨﾝｸﾞｽ,ダイヤHD,skip,duplicate,high,"kabutan,tdnet",7
2026-04-01,6699,ダイヤモンドエレクトリックﾎｰﾙﾃﾞｨﾝｸﾞｽ,ダイヤモンドエレクトリックホールディングス,skip,duplicate,high,"kabutan,nikkei",2
2026-04-01,6699,ダイヤモンドエレクトリックﾎｰﾙﾃﾞｨﾝｸﾞｽ,Diamond Electric,skip,duplicate,high,reuters,1
2026-04-01,6699,ダイヤモンドエレクトリックﾎｰﾙﾃﾞｨﾝｸﾞｽ,Diamond Electric Holdings Co Ltd,skip,duplicate,high,reuters,1
2026-04-01,6701,日本電気,NEC,skip,duplicate,high,"kabutan,nikkei,reuters,tdnet",5
2026-04-01,6701,日本電気,NEC Corp,skip,duplicate,high,reuters,1
2026-04-01,6702,富士通,富士通,skip,duplicate,high,"kabutan,nikkei,tdnet",6
2026-04-01,6702,富士通,Fujitsu,skip,duplicate,high,reuters,1
2026-04-01,6702,富士通,Fujitsu Ltd,skip,duplicate,high,reuters,1
2026-04-01,6703,沖電気工業,OKI,skip,duplicate,high,"kabutan,nikkei,tdnet",6
2026-04-01,6703,沖電気工業,Oki Electric Industry,skip,duplicate,high,reuters,1
2026-04-01,6703,沖電気工業,Oki Electric Industry Co Ltd,skip,duplicate,high,reuters,1
2026-04-01,6703,沖電気工業,沖電気工業,add,exists_in_base,high,kabutan,1
2026-04-01,6706,電気興業,電気興,skip,duplicate,high,"kabutan,tdnet",3
2026-04-01,6706,電気興業,電気興業,add,exists_in_base,high,"kabutan,nikkei",2
2026-04-01,6706,電気興業,DKK,skip,duplicate,high,reuters,1
2026-04-01,6706,電気興業,DKK Co Ltd,skip,duplicate,high,reuters,1
2026-04-01,6707,サンケン電気,サンケン電気,add,exists_in_base,high,"kabutan,nikkei",2
2026-04-01,6707,サンケン電気,Sanken Electric,skip,duplicate,high,reuters,1
2026-04-01,6707,サンケン電気,Sanken Electric Co Ltd,skip,duplicate,high,reuters,1
2026-04-01,6707,サンケン電気,サンケン,skip,duplicate,high,kabutan,1
2026-04-01,6718,アイホン,アイホン,skip,duplicate,high,"kabutan,nikkei",2
2026-04-01,6718,アイホン,Aiphone,skip,duplicate,high,reuters,1
2026-04-01,6718,アイホン,Aiphone Co Ltd,skip,duplicate,high,reuters,1
2026-04-01,6721,ウインテスト,ウインテスト,skip,duplicate,high,"kabutan,nikkei,tdnet",5
2026-04-01,6721,ウインテスト,Wintest,skip,duplicate,high,reuters,1
2026-04-01,6721,ウインテスト,Wintest Corp,skip,duplicate,high,reuters,1
2026-04-01,6723,ルネサスエレクトロニクス,ルネサスエレクトロニクス,add,exists_in_base,high,"kabutan,nikkei",2
2026-04-01,6723,ルネサスエレクトロニクス,Renesas Electronics,skip,duplicate,high,reuters,1
2026-04-01,6723,ルネサスエレクトロニクス,Renesas Electronics Corp,skip,duplicate,high,reuters,1
2026-04-01,6723,ルネサスエレクトロニクス,ルネサス,skip,duplicate,high,kabutan,1
2026-04-01,6724,セイコーエプソン,エプソン,skip,duplicate,high,"kabutan,tdnet",3
2026-04-01,6724,セイコーエプソン,セイコーエプソン,add,exists_in_base,high,"kabutan,nikkei",2
2026-04-01,6724,セイコーエプソン,Seiko Epson,skip,duplicate,high,reuters,1
2026-04-01,6724,セイコーエプソン,Seiko Epson Corp,skip,duplicate,high,reuters,1
2026-04-01,6727,ワコム,ワコム,skip,duplicate,high,"kabutan,nikkei,tdnet",3
2026-04-01,6727,ワコム,Wacom,skip,duplicate,high,reuters,1
2026-04-01,6727,ワコム,Wacom Co Ltd,skip,duplicate,high,reuters,1
2026-04-01,6728,アルバック,アルバック,skip,duplicate,high,"kabutan,nikkei",2
2026-04-01,6728,アルバック,Ulvac,skip,duplicate,high,reuters,1
2026-04-01,6728,アルバック,Ulvac Inc,skip,duplicate,high,reuters,1
2026-04-01,6730,アクセル,アクセル,skip,duplicate,high,"kabutan,nikkei,tdnet",3
2026-04-01,6730,アクセル,Axell,skip,duplicate,high,reuters,1
2026-04-01,6730,アクセル,Axell Corp,skip,duplicate,high,reuters,1
2026-04-01,6731,ピクセラ,ピクセラ,skip,duplicate,high,"kabutan,nikkei,tdnet",9
2026-04-01,6731,ピクセラ,Pixela,skip,duplicate,high,reuters,1
2026-04-01,6731,ピクセラ,Pixela Corp,skip,duplicate,high,reuters,1
2026-04-01,6734,ニューテック,ニューテック,skip,duplicate,high,"kabutan,tdnet",2
2026-04-01,6734,ニューテック,6734.T,add,new_candidate,medium,reuters,1
2026-04-01,6736,サン電子,サン電子,skip,duplicate,high,"kabutan,nikkei",2
2026-04-01,6736,サン電子,Sun,skip,duplicate,high,reuters,1
2026-04-01,6736,サン電子,Sun Corp,skip,duplicate,high,reuters,1
2026-04-01,6737,EIZO,EIZO,skip,duplicate,high,"kabutan,nikkei,reuters,tdnet",8
2026-04-01,6737,EIZO,Eizo Corp,skip,duplicate,high,reuters,1
2026-04-01,6740,ジャパンディスプレイ,ジャパンディスプレイ,add,exists_in_base,high,"kabutan,nikkei",2
2026-04-01,6740,ジャパンディスプレイ,Japan Display,skip,duplicate,high,reuters,1
2026-04-01,6740,ジャパンディスプレイ,Japan Display Inc,skip,duplicate,high,reuters,1
2026-04-01,6740,ジャパンディスプレイ,Jディスプレ,skip,duplicate,high,kabutan,1
2026-04-01,6740,ジャパンディスプレイ,JDI,review,new_candidate,low,tdnet,2
2026-04-01,6741,日本信号,日本信号,add,exists_in_base,high,"kabutan,nikkei",2
2026-04-01,6741,日本信号,Nippon Signal,skip,duplicate,high,reuters,1
2026-04-01,6741,日本信号,Nippon Signal Co Ltd,skip,duplicate,high,reuters,1
2026-04-01,6742,京三製作所,京三製作所,add,exists_in_base,high,"kabutan,nikkei",2
2026-04-01,6742,京三製作所,Kyosan Electric Manufacturing,skip,duplicate,high,reuters,1
2026-04-01,6742,京三製作所,Kyosan Electric Manufacturing Co Ltd,skip,duplicate,high,reuters,1
2026-04-01,6742,京三製作所,京三,skip,duplicate,high,kabutan,1
2026-04-01,6742,京三製作所,京三製,add,new_candidate,medium,tdnet,2
2026-04-01,6743,大同信号,大同信号,skip,duplicate,high,"kabutan,nikkei",2
2026-04-01,6743,大同信号,Daido Signal,skip,duplicate,high,reuters,1
2026-04-01,6743,大同信号,Daido Signal Co Ltd,skip,duplicate,high,reuters,1
2026-04-01,6743,大同信号,大同信,skip,duplicate,high,kabutan,1
2026-04-01,6744,能美防災,能美防災,add,exists_in_base,high,"kabutan,nikkei,tdnet",3
2026-04-01,6744,能美防災,Nohmi Bosai,skip,duplicate,high,reuters,1
2026-04-01,6744,能美防災,Nohmi Bosai Ltd,skip,duplicate,high,reuters,1
2026-04-01,6745,ホーチキ,ホーチキ,skip,duplicate,high,"kabutan,nikkei,tdnet",3
2026-04-01,6745,ホーチキ,Hochiki,skip,duplicate,high,reuters,1
2026-04-01,6745,ホーチキ,Hochiki Corp,skip,duplicate,high,reuters,1
2026-04-01,6748,星和電機,星和電機,skip,duplicate,high,"kabutan,nikkei,tdnet",5
2026-04-01,6748,星和電機,Seiwa Electric Mfg,skip,duplicate,high,reuters,1
2026-04-01,6748,星和電機,Seiwa Electric Mfg Co Ltd,skip,duplicate,high,reuters,1
2026-04-01,6748,星和電機,星和電,skip,duplicate,high,kabutan,1
2026-04-01,6750,エレコム,エレコム,add,exists_in_base,high,"kabutan,nikkei",2
2026-04-01,6750,エレコム,Elecom,skip,duplicate,high,reuters,1
2026-04-01,6750,エレコム,Elecom Co Ltd,skip,duplicate,high,reuters,1
2026-04-01,6752,パナソニック ﾎｰﾙﾃﾞｨﾝｸﾞｽ,パナソニック ホールディングス,skip,duplicate,high,"kabutan,nikkei",2
2026-04-01,6752,パナソニック ﾎｰﾙﾃﾞｨﾝｸﾞｽ,パナソニックHD,skip,duplicate,high,tdnet,2
2026-04-01,6752,パナソニック ﾎｰﾙﾃﾞｨﾝｸﾞｽ,Panasonic,skip,duplicate,high,reuters,1
2026-04-01,6752,パナソニック ﾎｰﾙﾃﾞｨﾝｸﾞｽ,Panasonic Holdings Corp,skip,duplicate,high,reuters,1
2026-04-01,6752,パナソニック ﾎｰﾙﾃﾞｨﾝｸﾞｽ,パナHD,skip,duplicate,high,kabutan,1
2026-04-01,6753,シャープ,シャープ,skip,duplicate,high,"kabutan,nikkei,tdnet",6
2026-04-01,6753,シャープ,Sharp,skip,duplicate,high,reuters,1
2026-04-01,6753,シャープ,Sharp Corp,skip,duplicate,high,reuters,1
2026-04-01,6754,アンリツ,アンリツ,skip,duplicate,high,"kabutan,nikkei,tdnet",3
2026-04-01,6754,アンリツ,Anritsu,skip,duplicate,high,reuters,1
2026-04-01,6754,アンリツ,Anritsu Corp,skip,duplicate,high,reuters,1
2026-04-01,6757,OSGｺｰﾎﾟﾚｰｼｮﾝ,OSGコーポ,skip,duplicate,high,"kabutan,tdnet",3
2026-04-01,6757,OSGｺｰﾎﾟﾚｰｼｮﾝ,OSGコーポレーション,skip,duplicate,high,"kabutan,nikkei",2
2026-04-01,6757,OSGｺｰﾎﾟﾚｰｼｮﾝ,OSG,skip,duplicate,high,reuters,1
2026-04-01,6757,OSGｺｰﾎﾟﾚｰｼｮﾝ,OSG Corporation Co Ltd,skip,duplicate,high,reuters,1
2026-04-01,6758,ソニーｸﾞﾙｰﾌﾟ,ソニーグループ,skip,duplicate,high,"kabutan,nikkei,tdnet",8
2026-04-01,6758,ソニーｸﾞﾙｰﾌﾟ,Sony,skip,duplicate,high,reuters,1
2026-04-01,6758,ソニーｸﾞﾙｰﾌﾟ,Sony Group Corp,skip,duplicate,high,reuters,1
2026-04-01,6758,ソニーｸﾞﾙｰﾌﾟ,ソニーG,skip,duplicate,high,kabutan,1
2026-04-01,6762,TDK,TDK,skip,duplicate,high,"kabutan,nikkei,reuters",3
2026-04-01,6762,TDK,TDK Corp,skip,duplicate,high,reuters,1
2026-04-01,6763,帝国通信工業,帝国通信工業,add,exists_in_base,high,"kabutan,nikkei",2
2026-04-01,6763,帝国通信工業,帝通工,skip,duplicate,high,"kabutan,tdnet",2
2026-04-01,6763,帝国通信工業,Teikoku Tsushin Kogyo,skip,duplicate,high,reuters,1
2026-04-01,6763,帝国通信工業,Teikoku Tsushin Kogyo Co Ltd,skip,duplicate,high,reuters,1
2026-04-01,6768,タムラ製作所,タムラ製作所,add,exists_in_base,high,"kabutan,nikkei",2
2026-04-01,6768,タムラ製作所,Tamura,skip,duplicate,high,reuters,1
2026-04-01,6768,タムラ製作所,Tamura Corp,skip,duplicate,high,reuters,1
2026-04-01,6768,タムラ製作所,タムラ,skip,duplicate,high,kabutan,1
2026-04-01,6768,タムラ製作所,タムラ製,skip,duplicate,high,tdnet,1
2026-04-01,6769,ザインエレクトロニクス,ザイン,skip,duplicate,high,"kabutan,tdnet",2
2026-04-01,6769,ザインエレクトロニクス,ザインエレクトロニクス,skip,duplicate,high,"kabutan,nikkei",2
2026-04-01,6769,ザインエレクトロニクス,Thine Electronics,skip,duplicate,high,reuters,1
2026-04-01,6769,ザインエレクトロニクス,Thine Electronics Inc,skip,duplicate,high,reuters,1
2026-04-01,6770,アルプスアルパイン,アルプスアルパイン,skip,duplicate,high,"kabutan,nikkei",2
2026-04-01,6770,アルプスアルパイン,Alps Alpine,skip,duplicate,high,reuters,1
2026-04-01,6770,アルプスアルパイン,Alps Alpine Co Ltd,skip,duplicate,high,reuters,1
2026-04-01,6770,アルプスアルパイン,アルプスアル,skip,duplicate,high,kabutan,1
2026-04-01,6771,池上通信機,池上通,skip,duplicate,high,"kabutan,tdnet",3
2026-04-01,6771,池上通信機,池上通信機,skip,duplicate,high,"kabutan,nikkei",2
2026-04-01,6771,池上通信機,Ikegami Tsushinki,skip,duplicate,high,reuters,1
2026-04-01,6771,池上通信機,Ikegami Tsushinki Co Ltd,skip,duplicate,high,reuters,1
2026-04-01,6772,東京コスモス電機,東京コスモス電機,skip,duplicate,high,"kabutan,nikkei",2
2026-04-01,6772,東京コスモス電機,Tokyo Cosmos Electric,skip,duplicate,high,reuters,1
2026-04-01,6772,東京コスモス電機,Tokyo Cosmos Electric Co Ltd,skip,duplicate,high,reuters,1
2026-04-01,6772,東京コスモス電機,コスモス,skip,duplicate,high,kabutan,1
2026-04-01,6772,東京コスモス電機,コスモス電,skip,duplicate,high,tdnet,1
2026-04-01,6775,TBｸﾞﾙｰﾌﾟ,TBグループ,skip,duplicate,high,"kabutan,nikkei",2
2026-04-01,6775,TBｸﾞﾙｰﾌﾟ,TB Group Inc,skip,duplicate,high,reuters,1
2026-04-01,6776,天昇電気工業,天昇電気工業,skip,duplicate,high,"kabutan,nikkei",2
2026-04-01,6776,天昇電気工業,Tensho Electric Industries,skip,duplicate,high,reuters,1
2026-04-01,6776,天昇電気工業,Tensho Electric Industries Co Ltd,skip,duplicate,high,reuters,1
2026-04-01,6776,天昇電気工業,天昇電,skip,duplicate,high,kabutan,1
2026-04-01,6777,santec Holdings,santec,skip,duplicate,high,"kabutan,reuters",2
2026-04-01,6777,santec Holdings,santec Holdings,skip,duplicate,high,"kabutan,nikkei",2
2026-04-01,6777,santec Holdings,Santec Holdings Corp,skip,duplicate,high,reuters,1
2026-04-01,6777,santec Holdings,santecHD,skip,duplicate,high,tdnet,1
2026-04-01,6778,アルチザネットワークス,アルチザ,skip,duplicate,high,"kabutan,tdnet",2
2026-04-01,6778,アルチザネットワークス,アルチザネットワークス,skip,duplicate,high,"kabutan,nikkei",2
2026-04-01,6778,アルチザネットワークス,Artiza Networks,skip,duplicate,high,reuters,1
2026-04-01,6778,アルチザネットワークス,Artiza Networks Inc,skip,duplicate,high,reuters,1
2026-04-01,6779,日本電波工業,日本電波工業,add,exists_in_base,high,"kabutan,nikkei",2
2026-04-01,6779,日本電波工業,日電波,skip,duplicate,high,"kabutan,tdnet",2
2026-04-01,6779,日本電波工業,Nihon Dempa Kogyo,skip,duplicate,high,reuters,1
2026-04-01,6779,日本電波工業,Nihon Dempa Kogyo Co Ltd,skip,duplicate,high,reuters,1
2026-04-01,6785,鈴木,鈴木,skip,duplicate,high,"kabutan,nikkei,tdnet",3
2026-04-01,6785,鈴木,Suzuki,skip,duplicate,high,reuters,1
2026-04-01,6785,鈴木,Suzuki Co Ltd,skip,duplicate,high,reuters,1
2026-04-01,6786,RVH,RVH,skip,duplicate,high,"kabutan,nikkei,reuters",3
2026-04-01,6786,RVH,RVH Inc,skip,duplicate,high,reuters,1
2026-04-01,6787,メイコー,メイコー,skip,duplicate,high,"kabutan,nikkei,tdnet",4
2026-04-01,6787,メイコー,Meiko Electronics,skip,duplicate,high,reuters,1
2026-04-01,6787,メイコー,Meiko Electronics Co Ltd,skip,duplicate,high,reuters,1
2026-04-01,6788,日本トリム,日本トリム,add,exists_in_base,high,"kabutan,nikkei,tdnet",3
2026-04-01,6788,日本トリム,Nihon Trim,skip,duplicate,high,reuters,1
2026-04-01,6788,日本トリム,Nihon Trim Co Ltd,skip,duplicate,high,reuters,1
2026-04-01,6794,フォスター電機,フォスター電,skip,duplicate,high,tdnet,3
2026-04-01,6794,フォスター電機,フォスター電機,add,exists_in_base,high,"kabutan,nikkei",2
2026-04-01,6794,フォスター電機,Foster Electric,skip,duplicate,high,reuters,1
2026-04-01,6794,フォスター電機,Foster Electric Co Ltd,skip,duplicate,high,reuters,1
2026-04-01,6794,フォスター電機,フォスター,skip,duplicate,high,kabutan,1
2026-04-01,6797,名古屋電機工業,名古屋電機工業,skip,duplicate,high,"kabutan,nikkei,tdnet",3
2026-04-01,6797,名古屋電機工業,Nagoya Electric Works,skip,duplicate,high,reuters,1
2026-04-01,6797,名古屋電機工業,Nagoya Electric Works Co Ltd,skip,duplicate,high,reuters,1
2026-04-01,6797,名古屋電機工業,名古屋電機,skip,duplicate,high,kabutan,1
2026-04-01,6798,SMK,SMK,skip,duplicate,high,"kabutan,nikkei,reuters",3
2026-04-01,6798,SMK,SMK Corp,skip,duplicate,high,reuters,1
2026-04-01,6800,ヨコオ,ヨコオ,add,exists_in_base,high,"kabutan,nikkei,tdnet",3
2026-04-01,6800,ヨコオ,Yokowo,skip,duplicate,high,reuters,1
2026-04-01,6800,ヨコオ,Yokowo Co Ltd,skip,duplicate,high,reuters,1
2026-04-01,6803,ティアック,ティアック,skip,duplicate,high,"kabutan,nikkei,tdnet",3
2026-04-01,6803,ティアック,Teac,skip,duplicate,high,reuters,1
2026-04-01,6803,ティアック,Teac Corp,skip,duplicate,high,reuters,1
2026-04-01,6804,ホシデン,ホシデン,skip,duplicate,high,"kabutan,nikkei",2
2026-04-01,6804,ホシデン,Hosiden,skip,duplicate,high,reuters,1
2026-04-01,6804,ホシデン,Hosiden Corp,skip,duplicate,high,reuters,1
2026-04-01,6806,ヒロセ電機,ヒロセ電,skip,duplicate,high,"kabutan,tdnet",4
2026-04-01,6806,ヒロセ電機,ヒロセ電機,add,exists_in_base,high,"kabutan,nikkei",2
2026-04-01,6806,ヒロセ電機,Hirose Electric,skip,duplicate,high,reuters,1
2026-04-01,6806,ヒロセ電機,Hirose Electric Co Ltd,skip,duplicate,high,reuters,1
2026-04-01,6807,日本航空電子工業,日本航空電子工業,add,exists_in_base,high,"kabutan,nikkei",2
2026-04-01,6807,日本航空電子工業,航空電子,skip,duplicate,high,"kabutan,tdnet",2
2026-04-01,6807,日本航空電子工業,Japan Aviation Electronics Industry,skip,duplicate,high,reuters,1
2026-04-01,6807,日本航空電子工業,Japan Aviation Electronics Industry Ltd,skip,duplicate,high,reuters,1
2026-04-01,6809,TOA,TOA,skip,duplicate,high,"kabutan,nikkei,tdnet",4
2026-04-01,6809,TOA,TOA Corp (Hyogo),skip,duplicate,high,reuters,1
2026-04-01,6810,マクセル,マクセル,skip,duplicate,high,"kabutan,nikkei,tdnet",6
2026-04-01,6810,マクセル,Maxell,skip,duplicate,high,reuters,1
2026-04-01,6810,マクセル,Maxell Ltd,skip,duplicate,high,reuters,1
2026-04-01,6814,古野電気,古野電気,skip,duplicate,high,"kabutan,nikkei,tdnet",3
2026-04-01,6814,古野電気,Furuno Electric,skip,duplicate,high,reuters,1
2026-04-01,6814,古野電気,Furuno Electric Co Ltd,skip,duplicate,high,reuters,1
2026-04-01,6814,古野電気,古野電,skip,duplicate,high,kabutan,1
2026-04-01,6817,スミダｺｰﾎﾟﾚｰｼｮﾝ,スミダ,skip,duplicate,high,tdnet,3
2026-04-01,6817,スミダｺｰﾎﾟﾚｰｼｮﾝ,スミダコーポレーション,skip,duplicate,high,"kabutan,nikkei",2
2026-04-01,6817,スミダｺｰﾎﾟﾚｰｼｮﾝ,Sumida,skip,duplicate,high,reuters,1
2026-04-01,6817,スミダｺｰﾎﾟﾚｰｼｮﾝ,Sumida Corp,skip,duplicate,high,reuters,1
2026-04-01,6817,スミダｺｰﾎﾟﾚｰｼｮﾝ,スミダコーポ,skip,duplicate,high,kabutan,1
2026-04-01,6819,伊豆シャボテンリゾート,伊豆シャボテンリゾート,skip,duplicate,high,"kabutan,nikkei",2
2026-04-01,6819,伊豆シャボテンリゾート,Izu Shaboten Resort,skip,duplicate,high,reuters,1
2026-04-01,6819,伊豆シャボテンリゾート,Izu Shaboten Resort Co Ltd,skip,duplicate,high,reuters,1
2026-04-01,6819,伊豆シャボテンリゾート,伊豆シャボ,skip,duplicate,high,kabutan,1
2026-04-01,6820,アイコム,アイコム,skip,duplicate,high,"kabutan,nikkei",2
2026-04-01,6820,アイコム,Icom,skip,duplicate,high,reuters,1
2026-04-01,6820,アイコム,Icom Inc,skip,duplicate,high,reuters,1
2026-04-01,6822,大井電気,大井電気,skip,duplicate,high,"kabutan,nikkei,tdnet",3
2026-04-01,6822,大井電気,Oi Electric,skip,duplicate,high,reuters,1
2026-04-01,6822,大井電気,Oi Electric Co Ltd,skip,duplicate,high,reuters,1
2026-04-01,6823,リオン,リオン,skip,duplicate,high,"kabutan,nikkei",2
2026-04-01,6823,リオン,Rion,skip,duplicate,high,reuters,1
2026-04-01,6823,リオン,Rion Co Ltd,skip,duplicate,high,reuters,1
2026-04-01,6824,新コスモス電機,新コスモス,skip,duplicate,high,"kabutan,tdnet",2
2026-04-01,6824,新コスモス電機,新コスモス電機,add,exists_in_base,high,"kabutan,nikkei",2
2026-04-01,6824,新コスモス電機,New Cosmos Electric,skip,duplicate,high,reuters,1
2026-04-01,6824,新コスモス電機,New Cosmos Electric Co Ltd,skip,duplicate,high,reuters,1
2026-04-01,6832,アオイ電子,アオイ電子,skip,duplicate,high,"kabutan,nikkei",2
2026-04-01,6832,アオイ電子,Aoi Electronics,skip,duplicate,high,reuters,1
2026-04-01,6832,アオイ電子,Aoi Electronics Co Ltd,skip,duplicate,high,reuters,1
2026-04-01,6834,精工技研,精工技研,skip,duplicate,high,"kabutan,nikkei,tdnet",3
2026-04-01,6834,精工技研,Seikoh Giken,skip,duplicate,high,reuters,1
2026-04-01,6834,精工技研,Seikoh Giken Co Ltd,skip,duplicate,high,reuters,1
2026-04-01,6835,アライドテレシスﾎｰﾙﾃﾞｨﾝｸﾞｽ,アライドHD,skip,duplicate,high,"kabutan,tdnet",4
2026-04-01,6835,アライドテレシスﾎｰﾙﾃﾞｨﾝｸﾞｽ,アライドテレシスホールディングス,skip,duplicate,high,"kabutan,nikkei",2
2026-04-01,6835,アライドテレシスﾎｰﾙﾃﾞｨﾝｸﾞｽ,Allied Telesis,skip,duplicate,high,reuters,1
2026-04-01,6835,アライドテレシスﾎｰﾙﾃﾞｨﾝｸﾞｽ,Allied Telesis Holdings KK,skip,duplicate,high,reuters,1
2026-04-01,6836,ぷらっとホーム,ぷらっとホーム,add,exists_in_base,high,"kabutan,nikkei",2
2026-04-01,6836,ぷらっとホーム,Plat'Home,skip,duplicate,high,reuters,1
2026-04-01,6836,ぷらっとホーム,Plat'Home Co Ltd,skip,duplicate,high,reuters,1
2026-04-01,6836,ぷらっとホーム,ぷらっと,skip,duplicate,high,kabutan,1
2026-04-01,6836,ぷらっとホーム,プラット,skip,duplicate,high,tdnet,1
2026-04-01,6837,京写,京写,skip,duplicate,high,"kabutan,nikkei,tdnet",5
2026-04-01,6837,京写,Kyosha,skip,duplicate,high,reuters,1
2026-04-01,6837,京写,Kyosha Co Ltd,skip,duplicate,high,reuters,1
2026-04-01,6838,多摩川ﾎｰﾙﾃﾞｨﾝｸﾞｽ,多摩川HD,skip,duplicate,high,"kabutan,tdnet",13
2026-04-01,6838,多摩川ﾎｰﾙﾃﾞｨﾝｸﾞｽ,多摩川ホールディングス,skip,duplicate,high,"kabutan,nikkei",2
2026-04-01,6838,多摩川ﾎｰﾙﾃﾞｨﾝｸﾞｽ,Tamagawa,skip,duplicate,high,reuters,1
2026-04-01,6838,多摩川ﾎｰﾙﾃﾞｨﾝｸﾞｽ,Tamagawa Holdings Co Ltd,skip,duplicate,high,reuters,1
2026-04-01,6840,AKIBAﾎｰﾙﾃﾞｨﾝｸﾞｽ,AKIBA,skip,duplicate,high,"kabutan,reuters",2
2026-04-01,6840,AKIBAﾎｰﾙﾃﾞｨﾝｸﾞｽ,AKIBAホールディングス,skip,duplicate,high,"kabutan,nikkei",2
2026-04-01,6840,AKIBAﾎｰﾙﾃﾞｨﾝｸﾞｽ,Akiba Holdings Co Ltd,skip,duplicate,high,reuters,1
2026-04-01,6841,横河電機,横河電,skip,duplicate,high,"kabutan,tdnet",3
2026-04-01,6841,横河電機,横河電機,add,exists_in_base,high,"kabutan,nikkei",2
2026-04-01,6841,横河電機,Yokogawa Electric,skip,duplicate,high,reuters,1
2026-04-01,6841,横河電機,Yokogawa Electric Corp,skip,duplicate,high,reuters,1
2026-04-01,6844,新電元工業,新電元,skip,duplicate,high,"kabutan,tdnet",4
2026-04-01,6844,新電元工業,新電元工業,add,exists_in_base,high,"kabutan,nikkei",2
2026-04-01,6844,新電元工業,Shindengen Electric Manufacturing,skip,duplicate,high,reuters,1
2026-04-01,6844,新電元工業,Shindengen Electric Manufacturing Co Ltd,skip,duplicate,high,reuters,1
2026-04-01,6845,アズビル,アズビル,skip,duplicate,high,"kabutan,nikkei,tdnet",3
2026-04-01,6845,アズビル,Azbil,skip,duplicate,high,reuters,1
2026-04-01,6845,アズビル,Azbil Corp,skip,duplicate,high,reuters,1
2026-04-01,6848,東亜ディーケーケー,東亜ディーケーケー,skip,duplicate,high,"kabutan,nikkei",2
2026-04-01,6848,東亜ディーケーケー,DKK-Toa,skip,duplicate,high,reuters,1
2026-04-01,6848,東亜ディーケーケー,DKK-Toa Corp,skip,duplicate,high,reuters,1
2026-04-01,6848,東亜ディーケーケー,東亜DKK,skip,duplicate,high,kabutan,1
2026-04-01,6849,日本光電工業,日本光電,skip,duplicate,high,"kabutan,nikkei,tdnet",5
2026-04-01,6849,日本光電工業,Nihon Kohden,skip,duplicate,high,reuters,1
2026-04-01,6849,日本光電工業,Nihon Kohden Corp,skip,duplicate,high,reuters,1
2026-04-01,6849,日本光電工業,日本光電工業,add,exists_in_base,high,kabutan,1
2026-04-01,6850,チノー,チノー,skip,duplicate,high,"kabutan,nikkei,tdnet",3
2026-04-01,6850,チノー,Chino,skip,duplicate,high,reuters,1
2026-04-01,6850,チノー,Chino Corp,skip,duplicate,high,reuters,1
2026-04-01,6853,共和電業,共和電,skip,duplicate,high,"kabutan,tdnet",4
2026-04-01,6853,共和電業,共和電業,add,exists_in_base,high,"kabutan,nikkei",2
2026-04-01,6853,共和電業,Kyowa Electronic Instruments,skip,duplicate,high,reuters,1
2026-04-01,6853,共和電業,Kyowa Electronic Instruments Co Ltd,skip,duplicate,high,reuters,1
2026-04-01,6855,日本電子材料,電子材料,skip,duplicate,high,"kabutan,tdnet",5
2026-04-01,6855,日本電子材料,日本電子材料,add,exists_in_base,high,"kabutan,nikkei",2
2026-04-01,6855,日本電子材料,Japan Electronic Materials,skip,duplicate,high,reuters,1
2026-04-01,6855,日本電子材料,Japan Electronic Materials Corp,skip,duplicate,high,reuters,1
2026-04-01,6856,堀場製作所,堀場製,skip,duplicate,high,"kabutan,tdnet",2
2026-04-01,6856,堀場製作所,堀場製作所,add,exists_in_base,high,"kabutan,nikkei",2
2026-04-01,6856,堀場製作所,Horiba,skip,duplicate,high,reuters,1
2026-04-01,6856,堀場製作所,Horiba Ltd,skip,duplicate,high,reuters,1
2026-04-01,6857,アドバンテスト,アドバンテス,skip,duplicate,high,tdnet,9
2026-04-01,6857,アドバンテスト,アドバンテスト,add,exists_in_base,high,"kabutan,nikkei",2
2026-04-01,6857,アドバンテスト,Advantest,skip,duplicate,high,reuters,1
2026-04-01,6857,アドバンテスト,Advantest Corp,skip,duplicate,high,reuters,1
2026-04-01,6857,アドバンテスト,アドテスト,skip,duplicate,high,kabutan,1
2026-04-01,6858,小野測器,小野測器,skip,duplicate,high,"kabutan,nikkei,tdnet",6
2026-04-01,6858,小野測器,Ono Sokki,skip,duplicate,high,reuters,1
2026-04-01,6858,小野測器,Ono Sokki Co Ltd,skip,duplicate,high,reuters,1
2026-04-01,6859,エスペック,エスペック,skip,duplicate,high,"kabutan,nikkei,tdnet",3
2026-04-01,6859,エスペック,Espec,skip,duplicate,high,reuters,1
2026-04-01,6859,エスペック,Espec Corp,skip,duplicate,high,reuters,1
2026-04-01,6861,キーエンス,キーエンス,skip,duplicate,high,"kabutan,nikkei",2
2026-04-01,6861,キーエンス,Keyence,skip,duplicate,high,reuters,1
2026-04-01,6861,キーエンス,Keyence Corp,skip,duplicate,high,reuters,1
2026-04-01,6862,ミナトﾎｰﾙﾃﾞｨﾝｸﾞｽ,ミナトHD,skip,duplicate,high,"kabutan,tdnet",6
2026-04-01,6862,ミナトﾎｰﾙﾃﾞｨﾝｸﾞｽ,ミナトホールディングス,add,exists_in_base,high,"kabutan,nikkei",2
2026-04-01,6862,ミナトﾎｰﾙﾃﾞｨﾝｸﾞｽ,Minato,skip,duplicate,high,reuters,1
2026-04-01,6862,ミナトﾎｰﾙﾃﾞｨﾝｸﾞｽ,Minato Holdings Inc,skip,duplicate,high,reuters,1
2026-04-01,6863,ニレコ,ニレコ,skip,duplicate,high,"kabutan,nikkei,tdnet",3
2026-04-01,6863,ニレコ,Nireco,skip,duplicate,high,reuters,1
2026-04-01,6863,ニレコ,Nireco Corp,skip,duplicate,high,reuters,1
2026-04-01,6864,エヌエフﾎｰﾙﾃﾞｨﾝｸﾞｽ,エヌエフHD,skip,duplicate,high,"kabutan,tdnet",2
2026-04-01,6864,エヌエフﾎｰﾙﾃﾞｨﾝｸﾞｽ,エヌエフホールディングス,skip,duplicate,high,"kabutan,nikkei",2
2026-04-01,6864,エヌエフﾎｰﾙﾃﾞｨﾝｸﾞｽ,NF Holdings Corp,skip,duplicate,high,reuters,1
2026-04-01,6866,日置電機,日置電,skip,duplicate,high,tdnet,4
2026-04-01,6866,日置電機,HIOKI,skip,duplicate,high,"kabutan,nikkei",2
2026-04-01,6866,日置電機,Hioki EE,skip,duplicate,high,reuters,1
2026-04-01,6866,日置電機,Hioki EE Corp,skip,duplicate,high,reuters,1
2026-04-01,6867,リーダー電子,リーダー電子,skip,duplicate,high,"kabutan,nikkei",2
2026-04-01,6867,リーダー電子,リーダ電子,skip,duplicate,high,tdnet,2
2026-04-01,6867,リーダー電子,Leader Electronics,skip,duplicate,high,reuters,1
2026-04-01,6867,リーダー電子,Leader Electronics Corp,skip,duplicate,high,reuters,1
2026-04-01,6869,シスメックス,シスメックス,skip,duplicate,high,"kabutan,nikkei,tdnet",3
2026-04-01,6869,シスメックス,Sysmex,skip,duplicate,high,reuters,1
2026-04-01,6869,シスメックス,Sysmex Corp,skip,duplicate,high,reuters,1
2026-04-01,6870,日本フェンオール,日本フェンオール,skip,duplicate,high,"kabutan,nikkei,tdnet",6
2026-04-01,6870,日本フェンオール,Fenwal Controls of Japan,skip,duplicate,high,reuters,1
2026-04-01,6870,日本フェンオール,Fenwal Controls of Japan Ltd,skip,duplicate,high,reuters,1
2026-04-01,6870,日本フェンオール,フェンオール,skip,duplicate,high,kabutan,1
2026-04-01,6871,日本マイクロニクス,日本マイクロニクス,add,exists_in_base,high,"kabutan,nikkei",2
2026-04-01,6871,日本マイクロニクス,Micronics Japan,skip,duplicate,high,reuters,1
2026-04-01,6871,日本マイクロニクス,Micronics Japan Co Ltd,skip,duplicate,high,reuters,1
2026-04-01,6871,日本マイクロニクス,日マイクロニクス,add,new_candidate,medium,tdnet,2
2026-04-01,6871,日本マイクロニクス,日本マイクロ,add,new_candidate,medium,kabutan,1
2026-04-01,6874,協立電機,協立電機,skip,duplicate,high,"kabutan,nikkei",2
2026-04-01,6874,協立電機,Kyoritsu Electric,skip,duplicate,high,reuters,1
2026-04-01,6874,協立電機,Kyoritsu Electric Corp,skip,duplicate,high,reuters,1
2026-04-01,6875,メガチップス,メガチップス,skip,duplicate,high,"kabutan,nikkei,tdnet",3
2026-04-01,6875,メガチップス,MegaChips,skip,duplicate,high,reuters,1
2026-04-01,6875,メガチップス,MegaChips Corp,skip,duplicate,high,reuters,1
2026-04-01,6877,OBARA GROUP,OBARAG,skip,duplicate,high,"kabutan,tdnet",3
2026-04-01,6877,OBARA GROUP,OBARA GROUP,skip,duplicate,high,"kabutan,nikkei",2
2026-04-01,6877,OBARA GROUP,Obara,skip,duplicate,high,reuters,1
2026-04-01,6877,OBARA GROUP,Obara Group Inc,skip,duplicate,high,reuters,1
2026-04-01,6882,三社電機製作所,三社電機製作所,skip,duplicate,high,"kabutan,nikkei,tdnet",3
2026-04-01,6882,三社電機製作所,Sansha Electric Manufacturing,skip,duplicate,high,reuters,1
2026-04-01,6882,三社電機製作所,Sansha Electric Manufacturing Co Ltd,skip,duplicate,high,reuters,1
2026-04-01,6882,三社電機製作所,三社電機,skip,duplicate,high,kabutan,1
2026-04-01,6888,アクモス,アクモス,skip,duplicate,high,"kabutan,nikkei,tdnet",3
2026-04-01,6888,アクモス,Acmos,skip,duplicate,high,reuters,1
2026-04-01,6888,アクモス,Acmos Inc,skip,duplicate,high,reuters,1
2026-04-01,6890,フェローテック,フェローテック,skip,duplicate,high,"kabutan,nikkei,tdnet",4
2026-04-01,6890,フェローテック,Ferrotec,skip,duplicate,high,reuters,1
2026-04-01,6890,フェローテック,Ferrotec Corp,skip,duplicate,high,reuters,1
2026-04-01,6890,フェローテック,フェローテク,skip,duplicate,high,kabutan,1
2026-04-01,6894,パルステック工業,パルステック工業,skip,duplicate,high,"kabutan,nikkei",2
2026-04-01,6894,パルステック工業,Pulstec Industrial,skip,duplicate,high,reuters,1
2026-04-01,6894,パルステック工業,Pulstec Industrial Co Ltd,skip,duplicate,high,reuters,1
2026-04-01,6894,パルステック工業,パルステック,skip,duplicate,high,kabutan,1
2026-04-01,6897,ツインバード,ツインバード,skip,duplicate,high,"kabutan,nikkei",2
2026-04-01,6897,ツインバード,Twinbird,skip,duplicate,high,reuters,1
2026-04-01,6897,ツインバード,Twinbird Corp,skip,duplicate,high,reuters,1
2026-04-01,6898,トミタ電機,トミタ電機,skip,duplicate,high,"kabutan,nikkei,tdnet",4
2026-04-01,6898,トミタ電機,Tomita Electric,skip,duplicate,high,reuters,1
2026-04-01,6898,トミタ電機,Tomita Electric Co Ltd,skip,duplicate,high,reuters,1
2026-04-01,6899,ASTI,ASTI,skip,duplicate,high,"kabutan,nikkei,reuters",3
2026-04-01,6899,ASTI,Asti Corp,skip,duplicate,high,reuters,1
2026-04-01,6901,澤藤電機,沢藤電,skip,duplicate,high,"kabutan,tdnet",4
2026-04-01,6901,澤藤電機,Sawafuji Electric,skip,duplicate,high,reuters,1
2026-04-01,6901,澤藤電機,Sawafuji Electric Co Ltd,skip,duplicate,high,reuters,1
2026-04-01,6901,澤藤電機,澤藤電機,add,exists_in_base,high,kabutan,1
2026-04-01,6901,澤藤電機,沢藤電機,add,new_candidate,medium,nikkei,1
2026-04-01,6902,デンソー,デンソー,skip,duplicate,high,"kabutan,nikkei,tdnet",6
2026-04-01,6902,デンソー,Denso,skip,duplicate,high,reuters,1
2026-04-01,6902,デンソー,Denso Corp,skip,duplicate,high,reuters,1
2026-04-01,6904,原田工業,原田工業,skip,duplicate,high,"kabutan,nikkei,tdnet",3
2026-04-01,6904,原田工業,Harada Industry,skip,duplicate,high,reuters,1
2026-04-01,6904,原田工業,Harada Industry Co Ltd,skip,duplicate,high,reuters,1
2026-04-01,6905,コーセル,コーセル,add,exists_in_base,high,"kabutan,nikkei,tdnet",5
2026-04-01,6905,コーセル,Cosel,skip,duplicate,high,reuters,1
2026-04-01,6905,コーセル,Cosel Co Ltd,skip,duplicate,high,reuters,1
2026-04-01,6907,ジオマテック,ジオマテック,skip,duplicate,high,"kabutan,nikkei",2
2026-04-01,6907,ジオマテック,Geomatec,skip,duplicate,high,reuters,1
2026-04-01,6907,ジオマテック,Geomatec Co Ltd,skip,duplicate,high,reuters,1
2026-04-01,6908,イリソ電子工業,イリソ電子工業,skip,duplicate,high,"kabutan,nikkei,tdnet",3
2026-04-01,6908,イリソ電子工業,Iriso Electronics,skip,duplicate,high,reuters,1
2026-04-01,6908,イリソ電子工業,Iriso Electronics Co Ltd,skip,duplicate,high,reuters,1
2026-04-01,6908,イリソ電子工業,イリソ電子,skip,duplicate,high,kabutan,1
2026-04-01,6912,菊水ﾎｰﾙﾃﾞｨﾝｸﾞｽ,菊水HD,skip,duplicate,high,"kabutan,tdnet",2
2026-04-01,6912,菊水ﾎｰﾙﾃﾞｨﾝｸﾞｽ,菊水ホールディングス,skip,duplicate,high,"kabutan,nikkei",2
2026-04-01,6912,菊水ﾎｰﾙﾃﾞｨﾝｸﾞｽ,Kikusui,skip,duplicate,high,reuters,1
2026-04-01,6912,菊水ﾎｰﾙﾃﾞｨﾝｸﾞｽ,Kikusui Holdings Corp,skip,duplicate,high,reuters,1
2026-04-01,6914,オプテックスｸﾞﾙｰﾌﾟ,オプテックスグループ,skip,duplicate,high,"kabutan,nikkei",2
2026-04-01,6914,オプテックスｸﾞﾙｰﾌﾟ,Optex,skip,duplicate,high,reuters,1
2026-04-01,6914,オプテックスｸﾞﾙｰﾌﾟ,Optex Group Co Ltd,skip,duplicate,high,reuters,1
2026-04-01,6914,オプテックスｸﾞﾙｰﾌﾟ,オプテクスG,skip,duplicate,high,kabutan,1
2026-04-01,6915,千代田インテグレ,千代田インテグレ,add,exists_in_base,high,"kabutan,nikkei",2
2026-04-01,6915,千代田インテグレ,Chiyoda Integre,skip,duplicate,high,reuters,1
2026-04-01,6915,千代田インテグレ,Chiyoda Integre Co Ltd,skip,duplicate,high,reuters,1
2026-04-01,6915,千代田インテグレ,千代インテ,skip,duplicate,high,tdnet,1
2026-04-01,6915,千代田インテグレ,千代田インテ,skip,duplicate,high,kabutan,1
2026-04-01,6918,アバールデータ,アバール,skip,duplicate,high,"kabutan,tdnet",3
2026-04-01,6918,アバールデータ,アバールデータ,add,exists_in_base,high,"kabutan,nikkei",2
2026-04-01,6918,アバールデータ,Aval Data,skip,duplicate,high,reuters,1
2026-04-01,6918,アバールデータ,Aval Data Corp,skip,duplicate,high,reuters,1
2026-04-01,6919,ケル,ケル,skip,duplicate,high,"kabutan,nikkei",2
2026-04-01,6919,ケル,Kel,skip,duplicate,high,reuters,1
2026-04-01,6919,ケル,Kel Corp,skip,duplicate,high,reuters,1
2026-04-01,6920,レーザーテック,レーザーテック,skip,duplicate,high,"kabutan,nikkei",2
2026-04-01,6920,レーザーテック,Lasertec,skip,duplicate,high,reuters,1
2026-04-01,6920,レーザーテック,Lasertec Corp,skip,duplicate,high,reuters,1
2026-04-01,6920,レーザーテック,レーザーテク,skip,duplicate,high,kabutan,1
2026-04-01,6923,スタンレー電気,スタンレー電,skip,duplicate,high,tdnet,3
2026-04-01,6923,スタンレー電気,スタンレー電気,add,exists_in_base,high,"kabutan,nikkei",2
2026-04-01,6923,スタンレー電気,Stanley Electric,skip,duplicate,high,reuters,1
2026-04-01,6923,スタンレー電気,Stanley Electric Co Ltd,skip,duplicate,high,reuters,1
2026-04-01,6923,スタンレー電気,スタンレー,skip,duplicate,high,kabutan,1
2026-04-01,6925,ウシオ電機,ウシオ電,skip,duplicate,high,"kabutan,tdnet",8
2026-04-01,6925,ウシオ電機,ウシオ電機,add,exists_in_base,high,"kabutan,nikkei",2
2026-04-01,6925,ウシオ電機,Ushio,skip,duplicate,high,reuters,1
2026-04-01,6925,ウシオ電機,Ushio Inc,skip,duplicate,high,reuters,1
2026-04-01,6926,岡谷電機産業,OKAYA,skip,duplicate,high,"kabutan,tdnet",2
2026-04-01,6926,岡谷電機産業,岡谷電機産業,skip,duplicate,high,"kabutan,nikkei",2
2026-04-01,6926,岡谷電機産業,Okaya Electric Industries,skip,duplicate,high,reuters,1
2026-04-01,6926,岡谷電機産業,Okaya Electric Industries Co Ltd,skip,duplicate,high,reuters,1
2026-04-01,6927,ヘリオス テクノ ホールディング,ヘリオス テクノ ホールディング,add,exists_in_base,high,"kabutan,nikkei",2
2026-04-01,6927,ヘリオス テクノ ホールディング,Helios Techno Holding,skip,duplicate,high,reuters,1
2026-04-01,6927,ヘリオス テクノ ホールディング,Helios Techno Holding Co Ltd,skip,duplicate,high,reuters,1
2026-04-01,6927,ヘリオス テクノ ホールディング,ヘリオスTH,skip,duplicate,high,kabutan,1
2026-04-01,6927,ヘリオス テクノ ホールディング,ヘリオステクノH,skip,duplicate,high,tdnet,1
2026-04-01,6928,エノモト,エノモト,skip,duplicate,high,"kabutan,nikkei,tdnet",3
2026-04-01,6928,エノモト,Enomoto,skip,duplicate,high,reuters,1
2026-04-01,6928,エノモト,Enomoto Co Ltd,skip,duplicate,high,reuters,1
2026-04-01,6929,日本セラミック,日セラミック,skip,duplicate,high,tdnet,3
2026-04-01,6929,日本セラミック,日本セラミック,add,exists_in_base,high,"kabutan,nikkei",2
2026-04-01,6929,日本セラミック,Nippon Ceramic,skip,duplicate,high,reuters,1
2026-04-01,6929,日本セラミック,Nippon Ceramic Co Ltd,skip,duplicate,high,reuters,1
2026-04-01,6929,日本セラミック,日セラ,skip,duplicate,high,kabutan,1
2026-04-01,6932,遠藤照明,遠藤照明,skip,duplicate,high,"kabutan,nikkei",2
2026-04-01,6932,遠藤照明,Endo Lighting,skip,duplicate,high,reuters,1
2026-04-01,6932,遠藤照明,Endo Lighting Corp,skip,duplicate,high,reuters,1
2026-04-01,6941,山一電機,山一電機,skip,duplicate,high,"kabutan,nikkei,tdnet",4
2026-04-01,6941,山一電機,Yamaichi Electronics,skip,duplicate,high,reuters,1
2026-04-01,6941,山一電機,Yamaichi Electronics Co Ltd,skip,duplicate,high,reuters,1
2026-04-01,6942,ソフィアﾎｰﾙﾃﾞｨﾝｸﾞｽ,ソフィアホールディングス,skip,duplicate,high,"kabutan,nikkei",2
2026-04-01,6942,ソフィアﾎｰﾙﾃﾞｨﾝｸﾞｽ,Sophia,skip,duplicate,high,reuters,1
2026-04-01,6942,ソフィアﾎｰﾙﾃﾞｨﾝｸﾞｽ,Sophia Holdings Co Ltd,skip,duplicate,high,reuters,1
2026-04-01,6942,ソフィアﾎｰﾙﾃﾞｨﾝｸﾞｽ,ソフィア,skip,duplicate,high,kabutan,1
2026-04-01,6942,ソフィアﾎｰﾙﾃﾞｨﾝｸﾞｽ,ソフィアHD,skip,duplicate,high,tdnet,1
2026-04-01,6943,NKKスイッチズ,NKKスイッチズ,skip,duplicate,high,"kabutan,nikkei",2
2026-04-01,6943,NKKスイッチズ,NKK,skip,duplicate,high,kabutan,1
2026-04-01,6943,NKKスイッチズ,NKK Switches,skip,duplicate,high,reuters,1
2026-04-01,6943,NKKスイッチズ,NKK Switches Co Ltd,skip,duplicate,high,reuters,1
2026-04-01,6946,日本アビオニクス,日本アビオニクス,add,exists_in_base,high,"kabutan,nikkei",2
2026-04-01,6946,日本アビオニクス,Nippon Avionics,skip,duplicate,high,reuters,1
2026-04-01,6946,日本アビオニクス,Nippon Avionics Co Ltd,skip,duplicate,high,reuters,1
2026-04-01,6946,日本アビオニクス,日アビオ,skip,duplicate,high,tdnet,1
2026-04-01,6946,日本アビオニクス,日本アビオ,skip,duplicate,high,kabutan,1
2026-04-01,6947,図研,図研,skip,duplicate,high,"kabutan,nikkei",2
2026-04-01,6947,図研,Zuken,skip,duplicate,high,reuters,1
2026-04-01,6947,図研,Zuken Inc,skip,duplicate,high,reuters,1
2026-04-01,6951,日本電子,日本電子,add,exists_in_base,high,"kabutan,nikkei",2
2026-04-01,6951,日本電子,日電子,skip,duplicate,high,"kabutan,tdnet",2
2026-04-01,6951,日本電子,JEOL,skip,duplicate,high,reuters,1
2026-04-01,6951,日本電子,JEOL Ltd,skip,duplicate,high,reuters,1
2026-04-01,6952,カシオ計算機,カシオ計,skip,duplicate,high,tdnet,2
2026-04-01,6952,カシオ計算機,カシオ計算機,add,exists_in_base,high,"kabutan,nikkei",2
2026-04-01,6952,カシオ計算機,Casio Computer,skip,duplicate,high,reuters,1
2026-04-01,6952,カシオ計算機,Casio Computer Co Ltd,skip,duplicate,high,reuters,1
2026-04-01,6952,カシオ計算機,カシオ,skip,duplicate,high,kabutan,1
2026-04-01,6954,ファナック,ファナック,add,exists_in_base,high,"kabutan,nikkei",2
2026-04-01,6954,ファナック,Fanuc,skip,duplicate,high,reuters,1
2026-04-01,6954,ファナック,Fanuc Corp,skip,duplicate,high,reuters,1
2026-04-01,6955,FDK,FDK,skip,duplicate,high,"kabutan,nikkei,reuters,tdnet",4
2026-04-01,6955,FDK,FDK Corp,skip,duplicate,high,reuters,1
2026-04-01,6958,日本シイエムケイ,日本CMK,skip,duplicate,high,"kabutan,nikkei",2
2026-04-01,6958,日本シイエムケイ,CMK,skip,duplicate,high,reuters,1
2026-04-01,6958,日本シイエムケイ,CMK Corp,skip,duplicate,high,reuters,1
2026-04-01,6960,フクダ電子,フクダ電子,skip,duplicate,high,"kabutan,nikkei,tdnet",3
2026-04-01,6960,フクダ電子,Fukuda Denshi,skip,duplicate,high,reuters,1
2026-04-01,6960,フクダ電子,Fukuda Denshi Co Ltd,skip,duplicate,high,reuters,1
2026-04-01,6960,フクダ電子,フクダ電,skip,duplicate,high,kabutan,1
2026-04-01,6961,エンプラス,エンプラス,skip,duplicate,high,"kabutan,nikkei,tdnet",3
2026-04-01,6961,エンプラス,Enplas,skip,duplicate,high,reuters,1
2026-04-01,6961,エンプラス,Enplas Corp,skip,duplicate,high,reuters,1
2026-04-01,6962,大真空,大真空,skip,duplicate,high,"kabutan,nikkei",2
2026-04-01,6962,大真空,Daishinku,skip,duplicate,high,reuters,1
2026-04-01,6962,大真空,Daishinku Corp,skip,duplicate,high,reuters,1
2026-04-01,6963,ローム,ローム,skip,duplicate,high,"kabutan,nikkei,tdnet",8
2026-04-01,6963,ローム,Rohm,skip,duplicate,high,reuters,1
2026-04-01,6963,ローム,Rohm Co Ltd,skip,duplicate,high,reuters,1
2026-04-01,6964,サンコー,サンコー,skip,duplicate,high,"kabutan,nikkei",2
2026-04-01,6964,サンコー,Sanko,skip,duplicate,high,reuters,1
2026-04-01,6964,サンコー,Sanko Co Ltd,skip,duplicate,high,reuters,1
2026-04-01,6965,浜松ホトニクス,浜松ホトニク,skip,duplicate,high,tdnet,2
2026-04-01,6965,浜松ホトニクス,浜松ホトニクス,add,exists_in_base,high,"kabutan,nikkei",2
2026-04-01,6965,浜松ホトニクス,Hamamatsu Photonics,skip,duplicate,high,reuters,1
2026-04-01,6965,浜松ホトニクス,Hamamatsu Photonics KK,skip,duplicate,high,reuters,1
2026-04-01,6965,浜松ホトニクス,ホトニクス,skip,duplicate,high,kabutan,1
2026-04-01,6966,三井ハイテック,三井ハイテク,skip,duplicate,high,"kabutan,tdnet",6
2026-04-01,6966,三井ハイテック,三井ハイテック,add,exists_in_base,high,"kabutan,nikkei",2
2026-04-01,6966,三井ハイテック,Mitsui High-tec,skip,duplicate,high,reuters,1
2026-04-01,6966,三井ハイテック,Mitsui High-tec Inc,skip,duplicate,high,reuters,1
2026-04-01,6969,松尾電機,松尾電機,skip,duplicate,high,"kabutan,nikkei,tdnet",3
2026-04-01,6969,松尾電機,Matsuo Electric,skip,duplicate,high,reuters,1
2026-04-01,6969,松尾電機,Matsuo Electric Co Ltd,skip,duplicate,high,reuters,1
2026-04-01,6969,松尾電機,松尾電,skip,duplicate,high,kabutan,1
2026-04-01,6971,京セラ,京セラ,skip,duplicate,high,"kabutan,nikkei,tdnet",5
2026-04-01,6971,京セラ,Kyocera,skip,duplicate,high,reuters,1
2026-04-01,6971,京セラ,Kyocera Corp,skip,duplicate,high,reuters,1
2026-04-01,6976,太陽誘電,太陽誘電,skip,duplicate,high,"kabutan,nikkei,tdnet",3
2026-04-01,6976,太陽誘電,Taiyo Yuden,skip,duplicate,high,reuters,1
2026-04-01,6976,太陽誘電,Taiyo Yuden Co Ltd,skip,duplicate,high,reuters,1
2026-04-01,6977,日本抵抗器製作所,日抵抗器,skip,duplicate,high,tdnet,2
2026-04-01,6977,日本抵抗器製作所,日本抵抗器製作所,add,exists_in_base,high,"kabutan,nikkei",2
2026-04-01,6977,日本抵抗器製作所,Japan Resistor Mfg.,skip,duplicate,high,reuters,1
2026-04-01,6977,日本抵抗器製作所,Japan Resistor Mfg. Co Ltd,skip,duplicate,high,reuters,1
2026-04-01,6977,日本抵抗器製作所,抵抗器,skip,duplicate,high,kabutan,1
2026-04-01,6981,村田製作所,村田製,skip,duplicate,high,"kabutan,tdnet",4
2026-04-01,6981,村田製作所,村田製作所,add,exists_in_base,high,"kabutan,nikkei",2
2026-04-01,6981,村田製作所,Murata Manufacturing,skip,duplicate,high,reuters,1
2026-04-01,6981,村田製作所,Murata Manufacturing Co Ltd,skip,duplicate,high,reuters,1
2026-04-01,6982,リード,リード,skip,duplicate,high,"kabutan,nikkei",2
2026-04-01,6982,リード,Lead,skip,duplicate,high,reuters,1
2026-04-01,6982,リード,Lead Co Inc,skip,duplicate,high,reuters,1
2026-04-01,6986,双葉電子工業,双葉電子工業,add,exists_in_base,high,"kabutan,nikkei",2
2026-04-01,6986,双葉電子工業,Futaba,skip,duplicate,high,reuters,1
2026-04-01,6986,双葉電子工業,Futaba Corp,skip,duplicate,high,reuters,1
2026-04-01,6986,双葉電子工業,双葉電,skip,duplicate,high,kabutan,1
2026-04-01,6986,双葉電子工業,双葉電子,add,new_candidate,medium,tdnet,1
2026-04-01,6988,日東電工,日東電,skip,duplicate,high,"kabutan,tdnet",4
2026-04-01,6988,日東電工,日東電工,add,exists_in_base,high,"kabutan,nikkei",2
2026-04-01,6988,日東電工,Nitto Denko,skip,duplicate,high,reuters,1
2026-04-01,6988,日東電工,Nitto Denko Corp,skip,duplicate,high,reuters,1
2026-04-01,6989,北陸電気工業,北陸電気工業,add,exists_in_base,high,"kabutan,nikkei",2
2026-04-01,6989,北陸電気工業,Hokuriku Electric Industry,skip,duplicate,high,reuters,1
2026-04-01,6989,北陸電気工業,Hokuriku Electric Industry Co Ltd,skip,duplicate,high,reuters,1
2026-04-01,6989,北陸電気工業,北電工,skip,duplicate,high,kabutan,1
2026-04-01,6989,北陸電気工業,北電工業,skip,duplicate,high,tdnet,1
2026-04-01,6993,大黒屋ﾎｰﾙﾃﾞｨﾝｸﾞｽ,大黒屋,skip,duplicate,high,"kabutan,tdnet",6
2026-04-01,6993,大黒屋ﾎｰﾙﾃﾞｨﾝｸﾞｽ,大黒屋ホールディングス,skip,duplicate,high,"kabutan,nikkei",2
2026-04-01,6993,大黒屋ﾎｰﾙﾃﾞｨﾝｸﾞｽ,Daikokuya,skip,duplicate,high,reuters,1
2026-04-01,6993,大黒屋ﾎｰﾙﾃﾞｨﾝｸﾞｽ,Daikokuya Holdings Co Ltd,skip,duplicate,high,reuters,1
2026-04-01,6994,指月電機製作所,指月電機製作所,add,exists_in_base,high,"kabutan,nikkei",2
2026-04-01,6994,指月電機製作所,Shizuki Electric,skip,duplicate,high,reuters,1
2026-04-01,6994,指月電機製作所,Shizuki Electric Co Inc,skip,duplicate,high,reuters,1
2026-04-01,6994,指月電機製作所,指月電,skip,duplicate,high,kabutan,1
2026-04-01,6995,東海理化電機製作所,Tokai Rika,skip,duplicate,high,reuters,1
2026-04-01,6995,東海理化電機製作所,Tokai Rika Co Ltd,skip,duplicate,high,reuters,1
2026-04-01,6995,東海理化電機製作所,東海理,skip,duplicate,high,kabutan,1
2026-04-01,6995,東海理化電機製作所,東海理化電機製作所,add,exists_in_base,high,kabutan,1
2026-04-01,6995,東海理化電機製作所,東海理化,add,new_candidate,medium,nikkei,1
2026-04-01,6996,ニチコン,ニチコン,skip,duplicate,high,"kabutan,nikkei",2
2026-04-01,6996,ニチコン,Nichicon,skip,duplicate,high,reuters,1
2026-04-01,6996,ニチコン,Nichicon Corp,skip,duplicate,high,reuters,1
2026-04-01,6997,日本ケミコン,日ケミコン,skip,duplicate,high,"kabutan,tdnet",5
2026-04-01,6997,日本ケミコン,日本ケミコン,add,exists_in_base,high,"kabutan,nikkei",2
2026-04-01,6997,日本ケミコン,Nippon Chemi-Con,skip,duplicate,high,reuters,1
2026-04-01,6997,日本ケミコン,Nippon Chemi-Con Corp,skip,duplicate,high,reuters,1
2026-04-01,6998,日本タングステン,日本タングステン,add,exists_in_base,high,"kabutan,nikkei",2
2026-04-01,6998,日本タングステン,Nippon Tungsten,skip,duplicate,high,reuters,1
2026-04-01,6998,日本タングステン,Nippon Tungsten Co Ltd,skip,duplicate,high,reuters,1
2026-04-01,6998,日本タングステン,タングス,skip,duplicate,high,kabutan,1
2026-04-01,6999,KOA,KOA,skip,duplicate,high,"kabutan,nikkei,reuters,tdnet",4
2026-04-01,6999,KOA,KOA Corp,skip,duplicate,high,reuters,1
2026-04-01,7003,三井E＆S,三井E&S,skip,duplicate,high,"kabutan,nikkei,tdnet",3
2026-04-01,7003,三井E＆S,Mitsui E&S,skip,duplicate,high,reuters,1
2026-04-01,7003,三井E＆S,Mitsui E&S Co Ltd,skip,duplicate,high,reuters,1
2026-04-01,7004,カナデビア,カナデビア,skip,duplicate,high,"kabutan,nikkei,tdnet",4
2026-04-01,7004,カナデビア,Kanadevia,skip,duplicate,high,reuters,1
2026-04-01,7004,カナデビア,Kanadevia Corp,skip,duplicate,high,reuters,1
2026-04-01,7011,三菱重工業,三菱重,skip,duplicate,high,"kabutan,tdnet",3
2026-04-01,7011,三菱重工業,三菱重工業,add,exists_in_base,high,"kabutan,nikkei",2
2026-04-01,7011,三菱重工業,Mitsubishi Heavy Industries,skip,duplicate,high,reuters,1
2026-04-01,7011,三菱重工業,Mitsubishi Heavy Industries Ltd,skip,duplicate,high,reuters,1
2026-04-01,7012,川崎重工業,川崎重工業,add,exists_in_base,high,"kabutan,nikkei",2
2026-04-01,7012,川崎重工業,Kawasaki Heavy Industries,skip,duplicate,high,reuters,1
2026-04-01,7012,川崎重工業,Kawasaki Heavy Industries Ltd,skip,duplicate,high,reuters,1
2026-04-01,7012,川崎重工業,川崎重,skip,duplicate,high,tdnet,1
2026-04-01,7012,川崎重工業,川重,skip,duplicate,high,kabutan,1
2026-04-01,7013,IHI,IHI,skip,duplicate,high,"kabutan,nikkei,reuters,tdnet",6
2026-04-01,7013,IHI,IHI Corp,skip,duplicate,high,reuters,1
2026-04-01,7014,名村造船所,名村造船所,add,exists_in_base,high,"kabutan,nikkei",2
2026-04-01,7014,名村造船所,Namura Shipbuilding,skip,duplicate,high,reuters,1
2026-04-01,7014,名村造船所,Namura Shipbuilding Co Ltd,skip,duplicate,high,reuters,1
2026-04-01,7014,名村造船所,名村造,skip,duplicate,high,kabutan,1
2026-04-01,7014,名村造船所,名村造船,skip,duplicate,high,tdnet,1
2026-04-01,7018,内海造船,内海造船,add,exists_in_base,high,"kabutan,nikkei",2
2026-04-01,7018,内海造船,Naikai Zosen,skip,duplicate,high,reuters,1
2026-04-01,7018,内海造船,Naikai Zosen Corp,skip,duplicate,high,reuters,1
2026-04-01,7018,内海造船,内海造,skip,duplicate,high,kabutan,1
2026-04-01,7021,ニッチツ,ニッチツ,skip,duplicate,high,"kabutan,nikkei,tdnet",3
2026-04-01,7021,ニッチツ,Nitchitsu,skip,duplicate,high,reuters,1
2026-04-01,7021,ニッチツ,Nitchitsu Co Ltd,skip,duplicate,high,reuters,1
2026-04-01,7022,サノヤスﾎｰﾙﾃﾞｨﾝｸﾞｽ,サノヤスHD,skip,duplicate,high,"kabutan,tdnet",3
2026-04-01,7022,サノヤスﾎｰﾙﾃﾞｨﾝｸﾞｽ,サノヤスホールディングス,skip,duplicate,high,"kabutan,nikkei",2
2026-04-01,7022,サノヤスﾎｰﾙﾃﾞｨﾝｸﾞｽ,Sanoyas,skip,duplicate,high,reuters,1
2026-04-01,7022,サノヤスﾎｰﾙﾃﾞｨﾝｸﾞｽ,Sanoyas Holdings Corp,skip,duplicate,high,reuters,1
2026-04-01,7030,スプリックス,スプリックス,add,exists_in_base,high,"kabutan,nikkei",2
2026-04-01,7030,スプリックス,Sprix,skip,duplicate,high,reuters,1
2026-04-01,7030,スプリックス,Sprix Inc,skip,duplicate,high,reuters,1
2026-04-01,7031,インバウンドテック,インバウンドテック,add,exists_in_base,high,"kabutan,nikkei",2
2026-04-01,7031,インバウンドテック,Inbound Tech,skip,duplicate,high,reuters,1
2026-04-01,7031,インバウンドテック,Inbound Tech Inc,skip,duplicate,high,reuters,1
2026-04-01,7031,インバウンドテック,インバウT,skip,duplicate,high,kabutan,1
2026-04-01,7033,マネジメントソリューションズ,MSOL,skip,duplicate,high,"kabutan,tdnet",4
2026-04-01,7033,マネジメントソリューションズ,マネジメントソリューションズ,add,exists_in_base,high,"kabutan,nikkei",2
2026-04-01,7033,マネジメントソリューションズ,Management Solutions,skip,duplicate,high,reuters,1
2026-04-01,7033,マネジメントソリューションズ,Management Solutions Co Ltd,skip,duplicate,high,reuters,1
2026-04-01,7034,プロレド・パートナーズ,プロレド・パートナーズ,skip,duplicate,high,"kabutan,nikkei,tdnet",5
2026-04-01,7034,プロレド・パートナーズ,Prored Partners,skip,duplicate,high,reuters,1
2026-04-01,7034,プロレド・パートナーズ,Prored Partners Co Ltd,skip,duplicate,high,reuters,1
2026-04-01,7034,プロレド・パートナーズ,プロレド,skip,duplicate,high,kabutan,1
2026-04-01,7035,and factory,and factory,skip,duplicate,high,"kabutan,nikkei,reuters",3
2026-04-01,7035,and factory,And Factory Inc,skip,duplicate,high,reuters,1
2026-04-01,7035,and factory,アンファク,skip,duplicate,high,kabutan,1
2026-04-01,7036,イーエムネットジャパン,イーエムネットジャパン,add,exists_in_base,high,"kabutan,nikkei",2
2026-04-01,7036,イーエムネットジャパン,eMnet Japan,skip,duplicate,high,reuters,1
2026-04-01,7036,イーエムネットジャパン,eMnet Japan Co Ltd,skip,duplicate,high,reuters,1
2026-04-01,7036,イーエムネットジャパン,EMネットJ,skip,duplicate,high,kabutan,1
2026-04-01,7036,イーエムネットジャパン,イーエムネットJ,add,new_candidate,medium,tdnet,16
2026-04-01,7037,テノ．ﾎｰﾙﾃﾞｨﾝｸﾞｽ,テノ.,skip,duplicate,high,tdnet,2
2026-04-01,7037,テノ．ﾎｰﾙﾃﾞｨﾝｸﾞｽ,テノ.ホールディングス,skip,duplicate,high,"kabutan,nikkei",2
2026-04-01,7037,テノ．ﾎｰﾙﾃﾞｨﾝｸﾞｽ,teno.Holdings Co Ltd,skip,duplicate,high,reuters,1
2026-04-01,7037,テノ．ﾎｰﾙﾃﾞｨﾝｸﾞｽ,テノ.HD,skip,duplicate,high,kabutan,1
2026-04-01,7038,フロンティア・マネジメント,フロンティア・マネジメント,add,exists_in_base,high,"kabutan,nikkei",2
2026-04-01,7038,フロンティア・マネジメント,Frontier Management,skip,duplicate,high,reuters,1
2026-04-01,7038,フロンティア・マネジメント,Frontier Management Inc,skip,duplicate,high,reuters,1
2026-04-01,7038,フロンティア・マネジメント,フロンティM,skip,duplicate,high,kabutan,1
2026-04-01,7038,フロンティア・マネジメント,フロンティアM,skip,duplicate,high,tdnet,1
2026-04-01,7039,ブリッジｲﾝﾀｰﾅｼｮﾅﾙｸﾞﾙｰﾌﾟ,ブリッジインターナショナルグループ,skip,duplicate,high,"kabutan,nikkei",2
2026-04-01,7039,ブリッジｲﾝﾀｰﾅｼｮﾅﾙｸﾞﾙｰﾌﾟ,Bridge International,skip,duplicate,high,reuters,1
2026-04-01,7039,ブリッジｲﾝﾀｰﾅｼｮﾅﾙｸﾞﾙｰﾌﾟ,Bridge International Group Corp,skip,duplicate,high,reuters,1
2026-04-01,7039,ブリッジｲﾝﾀｰﾅｼｮﾅﾙｸﾞﾙｰﾌﾟ,ブリッジ-G,skip,duplicate,high,kabutan,1
2026-04-01,7039,ブリッジｲﾝﾀｰﾅｼｮﾅﾙｸﾞﾙｰﾌﾟ,ブリッジグループ,add,new_candidate,medium,tdnet,4
2026-04-01,7040,サン・ライフホールディング,サン・ライフホールディング,add,exists_in_base,high,"kabutan,nikkei",2
2026-04-01,7040,サン・ライフホールディング,Sun Life Holding,skip,duplicate,high,reuters,1
2026-04-01,7040,サン・ライフホールディング,Sun Life Holding Co Ltd,skip,duplicate,high,reuters,1
2026-04-01,7040,サン・ライフホールディング,サンライフH,skip,duplicate,high,kabutan,1
2026-04-01,7040,サン・ライフホールディング,サン・ライフHD,skip,duplicate,high,tdnet,1
2026-04-01,7041,CRGﾎｰﾙﾃﾞｨﾝｸﾞｽ,CRGHD,skip,duplicate,high,"kabutan,tdnet",2
2026-04-01,7041,CRGﾎｰﾙﾃﾞｨﾝｸﾞｽ,CRGホールディングス,skip,duplicate,high,"kabutan,nikkei",2
2026-04-01,7041,CRGﾎｰﾙﾃﾞｨﾝｸﾞｽ,CRG,skip,duplicate,high,reuters,1
2026-04-01,7041,CRGﾎｰﾙﾃﾞｨﾝｸﾞｽ,CRG Holdings Co Ltd,skip,duplicate,high,reuters,1
2026-04-01,7042,アクセスｸﾞﾙｰﾌﾟ・ﾎｰﾙﾃﾞｨﾝｸﾞｽ,アクセスグループ,skip,duplicate,high,tdnet,5
2026-04-01,7042,アクセスｸﾞﾙｰﾌﾟ・ﾎｰﾙﾃﾞｨﾝｸﾞｽ,アクセスグループ・ホールディングス,skip,duplicate,high,"kabutan,nikkei",2
2026-04-01,7042,アクセスｸﾞﾙｰﾌﾟ・ﾎｰﾙﾃﾞｨﾝｸﾞｽ,Access,skip,duplicate,high,reuters,1
2026-04-01,7042,アクセスｸﾞﾙｰﾌﾟ・ﾎｰﾙﾃﾞｨﾝｸﾞｽ,Access Group Holdings Co Ltd,skip,duplicate,high,reuters,1
2026-04-01,7042,アクセスｸﾞﾙｰﾌﾟ・ﾎｰﾙﾃﾞｨﾝｸﾞｽ,アクセスHD,skip,duplicate,high,kabutan,1
2026-04-01,7043,アルー,アルー,add,exists_in_base,high,"kabutan,nikkei,tdnet",6
2026-04-01,7043,アルー,Alue,skip,duplicate,high,reuters,1
2026-04-01,7043,アルー,Alue Co Ltd,skip,duplicate,high,reuters,1
2026-04-01,7044,ピアラ,ピアラ,skip,duplicate,high,"kabutan,nikkei,tdnet",8
2026-04-01,7044,ピアラ,Piala,skip,duplicate,high,reuters,1
2026-04-01,7044,ピアラ,Piala Inc,skip,duplicate,high,reuters,1
2026-04-01,7046,TDSE,TDSE,skip,duplicate,high,"kabutan,nikkei,reuters,tdnet",5
2026-04-01,7046,TDSE,TDSE Inc,skip,duplicate,high,reuters,1
2026-04-01,7047,ポート,ポート,add,exists_in_base,high,"kabutan,nikkei,tdnet",5
2026-04-01,7047,ポート,Port,skip,duplicate,high,reuters,1
2026-04-01,7047,ポート,Port Inc,skip,duplicate,high,reuters,1
2026-04-01,7048,ベルトラ,ベルトラ,add,exists_in_base,high,"kabutan,nikkei,tdnet",3
2026-04-01,7048,ベルトラ,Veltra,skip,duplicate,high,reuters,1
2026-04-01,7048,ベルトラ,Veltra Corp,skip,duplicate,high,reuters,1
2026-04-01,7049,識学,識学,add,exists_in_base,high,"kabutan,nikkei,tdnet",3
2026-04-01,7049,識学,Shikigaku,skip,duplicate,high,reuters,1
2026-04-01,7049,識学,Shikigaku Co Ltd,skip,duplicate,high,reuters,1
2026-04-01,7050,フロンティアｲﾝﾀｰﾅｼｮﾅﾙ,フロンティアインターナショナル,skip,duplicate,high,"kabutan,nikkei",2
2026-04-01,7050,フロンティアｲﾝﾀｰﾅｼｮﾅﾙ,Frontier International,skip,duplicate,high,reuters,1
2026-04-01,7050,フロンティアｲﾝﾀｰﾅｼｮﾅﾙ,Frontier International Inc,skip,duplicate,high,reuters,1
2026-04-01,7050,フロンティアｲﾝﾀｰﾅｼｮﾅﾙ,Fインタ,skip,duplicate,high,kabutan,1
2026-04-01,7050,フロンティアｲﾝﾀｰﾅｼｮﾅﾙ,フロンティアI,add,new_candidate,medium,tdnet,3
2026-04-01,7057,エヌ・シー・エヌ,エヌ・シー・エヌ,skip,duplicate,high,"kabutan,nikkei,tdnet",5
2026-04-01,7057,エヌ・シー・エヌ,New Constructor's Network,skip,duplicate,high,reuters,1
2026-04-01,7057,エヌ・シー・エヌ,New Constructor's Network Co Ltd,skip,duplicate,high,reuters,1
2026-04-01,7058,共栄セキュリティーサービス,共栄セキュリティーサービス,add,exists_in_base,high,"kabutan,nikkei",2
2026-04-01,7058,共栄セキュリティーサービス,Kyoei Security Service,skip,duplicate,high,reuters,1
2026-04-01,7058,共栄セキュリティーサービス,Kyoei Security Service Co Ltd,skip,duplicate,high,reuters,1
2026-04-01,7058,共栄セキュリティーサービス,共栄セキュリ,skip,duplicate,high,kabutan,1
2026-04-01,7059,コプロ・ﾎｰﾙﾃﾞｨﾝｸﾞｽ,コプロHD,skip,duplicate,high,"kabutan,tdnet",2
2026-04-01,7059,コプロ・ﾎｰﾙﾃﾞｨﾝｸﾞｽ,コプロ・ホールディングス,skip,duplicate,high,"kabutan,nikkei",2
2026-04-01,7059,コプロ・ﾎｰﾙﾃﾞｨﾝｸﾞｽ,Copro-Holdings Co Ltd,skip,duplicate,high,reuters,1
2026-04-01,7060,ギークス,ギークス,add,exists_in_base,high,"kabutan,nikkei",2
2026-04-01,7060,ギークス,Geechs,skip,duplicate,high,reuters,1
2026-04-01,7060,ギークス,Geechs Inc,skip,duplicate,high,reuters,1
2026-04-01,7061,日本ホスピスﾎｰﾙﾃﾞｨﾝｸﾞｽ,日本ホスピス,skip,duplicate,high,"kabutan,tdnet",2
2026-04-01,7061,日本ホスピスﾎｰﾙﾃﾞｨﾝｸﾞｽ,日本ホスピスホールディングス,skip,duplicate,high,"kabutan,nikkei",2
2026-04-01,7061,日本ホスピスﾎｰﾙﾃﾞｨﾝｸﾞｽ,Japan Hospice,skip,duplicate,high,reuters,1
2026-04-01,7061,日本ホスピスﾎｰﾙﾃﾞｨﾝｸﾞｽ,Japan Hospice Holdings Inc,skip,duplicate,high,reuters,1
2026-04-01,7062,フレアス,フレアス,add,exists_in_base,high,"kabutan,nikkei,tdnet",5
2026-04-01,7062,フレアス,Fureasu,skip,duplicate,high,reuters,1
2026-04-01,7062,フレアス,Fureasu Co Ltd,skip,duplicate,high,reuters,1
2026-04-01,7063,Birdman,Birdman,skip,duplicate,high,"kabutan,nikkei,reuters,tdnet",15
2026-04-01,7063,Birdman,Birdman Inc,skip,duplicate,high,reuters,1
2026-04-01,7063,Birdman,バードマン,skip,duplicate,high,kabutan,1
2026-04-01,7064,ハウテレビジョン,ハウテレビジョン,add,exists_in_base,high,"kabutan,nikkei,tdnet",6
2026-04-01,7064,ハウテレビジョン,Howtelevision,skip,duplicate,high,reuters,1
2026-04-01,7064,ハウテレビジョン,Howtelevision Inc,skip,duplicate,high,reuters,1
2026-04-01,7064,ハウテレビジョン,ハウテレ,skip,duplicate,high,kabutan,1
2026-04-01,7065,ユーピーアール,ユーピーアール,add,exists_in_base,high,"kabutan,nikkei,tdnet",3
2026-04-01,7065,ユーピーアール,upr,skip,duplicate,high,"kabutan,reuters",2
2026-04-01,7065,ユーピーアール,UPR Corp,skip,duplicate,high,reuters,1
2026-04-01,7066,ピアズ,ピアズ,add,exists_in_base,high,"kabutan,nikkei,tdnet",5
2026-04-01,7066,ピアズ,Peers,skip,duplicate,high,reuters,1
2026-04-01,7066,ピアズ,Peers Co Ltd,skip,duplicate,high,reuters,1
2026-04-01,7067,ブランディングテクノロジー,ブランディングテクノロジー,add,exists_in_base,high,"kabutan,nikkei",2
2026-04-01,7067,ブランディングテクノロジー,Branding Technology,skip,duplicate,high,reuters,1
2026-04-01,7067,ブランディングテクノロジー,Branding Technology Inc,skip,duplicate,high,reuters,1
2026-04-01,7067,ブランディングテクノロジー,ブランドT,skip,duplicate,high,kabutan,1
2026-04-01,7067,ブランディングテクノロジー,ブランディング,add,new_candidate,medium,tdnet,1
2026-04-01,7068,フィードフォースｸﾞﾙｰﾌﾟ,FフォースG,skip,duplicate,high,"kabutan,tdnet",4
2026-04-01,7068,フィードフォースｸﾞﾙｰﾌﾟ,フィードフォースグループ,skip,duplicate,high,"kabutan,nikkei",2
2026-04-01,7068,フィードフォースｸﾞﾙｰﾌﾟ,Feedforce,skip,duplicate,high,reuters,1
2026-04-01,7068,フィードフォースｸﾞﾙｰﾌﾟ,Feedforce Group Inc,skip,duplicate,high,reuters,1
2026-04-01,7069,サイバー・バズ,サイバー・バズ,skip,duplicate,high,"kabutan,nikkei",3
2026-04-01,7069,サイバー・バズ,CyberBuzz,skip,duplicate,high,reuters,1
2026-04-01,7069,サイバー・バズ,CyberBuzz Inc,skip,duplicate,high,reuters,1
2026-04-01,7071,アンビスﾎｰﾙﾃﾞｨﾝｸﾞｽ,アンビスホールディングス,skip,duplicate,high,"kabutan,nikkei",2
2026-04-01,7071,アンビスﾎｰﾙﾃﾞｨﾝｸﾞｽ,Amvis,skip,duplicate,high,reuters,1
2026-04-01,7071,アンビスﾎｰﾙﾃﾞｨﾝｸﾞｽ,Amvis Holdings Inc,skip,duplicate,high,reuters,1
2026-04-01,7071,アンビスﾎｰﾙﾃﾞｨﾝｸﾞｽ,アンビス,skip,duplicate,high,tdnet,1
2026-04-01,7071,アンビスﾎｰﾙﾃﾞｨﾝｸﾞｽ,アンビスHD,skip,duplicate,high,kabutan,1
2026-04-01,7072,インティメート・マージャー,インティメート・マージャー,add,exists_in_base,high,"kabutan,nikkei",2
2026-04-01,7072,インティメート・マージャー,Intimate Merger,skip,duplicate,high,reuters,1
2026-04-01,7072,インティメート・マージャー,Intimate Merger Inc,skip,duplicate,high,reuters,1
2026-04-01,7072,インティメート・マージャー,インテM,skip,duplicate,high,kabutan,1
2026-04-01,7073,ジェイック,ジェイック,add,exists_in_base,high,"kabutan,nikkei,tdnet",7
2026-04-01,7073,ジェイック,Jaic,skip,duplicate,high,reuters,1
2026-04-01,7073,ジェイック,Jaic Co Ltd,skip,duplicate,high,reuters,1
2026-04-01,7074,トゥエンティーフォーセブンﾎｰﾙﾃﾞｨﾝｸﾞｽ,247HD,skip,duplicate,high,"kabutan,tdnet",5
2026-04-01,7074,トゥエンティーフォーセブンﾎｰﾙﾃﾞｨﾝｸﾞｽ,トゥエンティーフォーセブンホールディングス,skip,duplicate,high,"kabutan,nikkei",2
2026-04-01,7074,トゥエンティーフォーセブンﾎｰﾙﾃﾞｨﾝｸﾞｽ,Twenty-four seven,skip,duplicate,high,reuters,1
2026-04-01,7074,トゥエンティーフォーセブンﾎｰﾙﾃﾞｨﾝｸﾞｽ,Twenty-four seven Holdings Inc,skip,duplicate,high,reuters,1
2026-04-01,7075,QLSﾎｰﾙﾃﾞｨﾝｸﾞｽ,QLS,skip,duplicate,high,"reuters,tdnet",3
2026-04-01,7075,QLSﾎｰﾙﾃﾞｨﾝｸﾞｽ,QLSホールディングス,skip,duplicate,high,"kabutan,nikkei",2
2026-04-01,7075,QLSﾎｰﾙﾃﾞｨﾝｸﾞｽ,QLS Holdings Co Ltd,skip,duplicate,high,reuters,1
2026-04-01,7075,QLSﾎｰﾙﾃﾞｨﾝｸﾞｽ,QLSHD,skip,duplicate,high,kabutan,1
2026-04-01,7077,ALiNKインターネット,ALiNKインターネット,skip,duplicate,high,"kabutan,nikkei",2
2026-04-01,7077,ALiNKインターネット,ALiNK,skip,duplicate,high,kabutan,1
2026-04-01,7077,ALiNKインターネット,ALiNK Internet,skip,duplicate,high,reuters,1
2026-04-01,7077,ALiNKインターネット,ALiNK Internet Inc,skip,duplicate,high,reuters,1
2026-04-01,7078,INCLUSIVE Holdings,INCHD,skip,duplicate,high,"kabutan,tdnet",2
2026-04-01,7078,INCLUSIVE Holdings,INCLUSIVE Holdings,skip,duplicate,high,"kabutan,nikkei",2
2026-04-01,7078,INCLUSIVE Holdings,Inclusive,skip,duplicate,high,reuters,1
2026-04-01,7078,INCLUSIVE Holdings,Inclusive Holdings Inc,skip,duplicate,high,reuters,1
2026-04-01,7079,WDBココ,WDBココ,skip,duplicate,high,"kabutan,nikkei",2
2026-04-01,7079,WDBココ,WDB coco,skip,duplicate,high,reuters,1
2026-04-01,7079,WDBココ,WDB coco Co Ltd,skip,duplicate,high,reuters,1
2026-04-01,7080,スポーツフィールド,スポーツフィールド,add,exists_in_base,high,"kabutan,nikkei",2
2026-04-01,7080,スポーツフィールド,Sportsfield,skip,duplicate,high,reuters,1
2026-04-01,7080,スポーツフィールド,Sportsfield Co Ltd,skip,duplicate,high,reuters,1
2026-04-01,7080,スポーツフィールド,スポーツF,skip,duplicate,high,kabutan,1
2026-04-01,7080,スポーツフィールド,スポーツフィール,add,new_candidate,medium,tdnet,2
2026-04-01,7081,コーユーレンティア,レンティア,skip,duplicate,high,"kabutan,tdnet",3
2026-04-01,7081,コーユーレンティア,コーユーレンティア,add,exists_in_base,high,"kabutan,nikkei",2
2026-04-01,7081,コーユーレンティア,Koyou Rentia,skip,duplicate,high,reuters,1
2026-04-01,7081,コーユーレンティア,Koyou Rentia Co Ltd,skip,duplicate,high,reuters,1
2026-04-01,7082,ジモティー,ジモティー,add,exists_in_base,high,"kabutan,nikkei",2
2026-04-01,7082,ジモティー,Jimoty,skip,duplicate,high,reuters,1
2026-04-01,7082,ジモティー,Jimoty Inc,skip,duplicate,high,reuters,1
2026-04-01,7083,AHCｸﾞﾙｰﾌﾟ,AHCグループ,skip,duplicate,high,"kabutan,nikkei,tdnet",6
2026-04-01,7083,AHCｸﾞﾙｰﾌﾟ,AHC,skip,duplicate,high,"kabutan,reuters",2
2026-04-01,7083,AHCｸﾞﾙｰﾌﾟ,AHC Group Inc,skip,duplicate,high,reuters,1
2026-04-01,7084,Smile Holdings,Smile Holdings,skip,duplicate,high,"kabutan,nikkei",2
2026-04-01,7084,Smile Holdings,Smile,skip,duplicate,high,reuters,1
2026-04-01,7084,Smile Holdings,Smile Holdings Inc,skip,duplicate,high,reuters,1
2026-04-01,7084,Smile Holdings,スマイルHD,skip,duplicate,high,kabutan,1
2026-04-01,7084,Smile Holdings,SmileHD,add,new_candidate,medium,tdnet,4
2026-04-01,7085,カーブスﾎｰﾙﾃﾞｨﾝｸﾞｽ,カーブスホールディングス,skip,duplicate,high,"kabutan,nikkei",2
2026-04-01,7085,カーブスﾎｰﾙﾃﾞｨﾝｸﾞｽ,Curves,skip,duplicate,high,reuters,1
2026-04-01,7085,カーブスﾎｰﾙﾃﾞｨﾝｸﾞｽ,Curves Holdings Co Ltd,skip,duplicate,high,reuters,1
2026-04-01,7085,カーブスﾎｰﾙﾃﾞｨﾝｸﾞｽ,カーブスHD,skip,duplicate,high,kabutan,1
2026-04-01,7087,ウイルテック,ウイルテック,skip,duplicate,high,"kabutan,nikkei,tdnet",4
2026-04-01,7087,ウイルテック,Willtec,skip,duplicate,high,reuters,1
2026-04-01,7087,ウイルテック,Willtec Co Ltd,skip,duplicate,high,reuters,1
2026-04-01,7088,フォーラムエンジニアリング,フォーラムエンジニア,skip,duplicate,high,tdnet,3
2026-04-01,7088,フォーラムエンジニアリング,フォーラムエンジニアリング,add,exists_in_base,high,"kabutan,nikkei",2
2026-04-01,7088,フォーラムエンジニアリング,Forum Engineering,skip,duplicate,high,reuters,1
2026-04-01,7088,フォーラムエンジニアリング,Forum Engineering Inc,skip,duplicate,high,reuters,1
2026-04-01,7088,フォーラムエンジニアリング,フォーラムE,skip,duplicate,high,kabutan,1
2026-04-01,7089,フォースタートアップス,フォースタ,skip,duplicate,high,"kabutan,tdnet",2
2026-04-01,7089,フォースタートアップス,フォースタートアップス,add,exists_in_base,high,"kabutan,nikkei",2
2026-04-01,7089,フォースタートアップス,For Startups,skip,duplicate,high,reuters,1
2026-04-01,7089,フォースタートアップス,For Startups Inc,skip,duplicate,high,reuters,1
2026-04-01,7090,リグア,リグア,add,exists_in_base,high,"kabutan,nikkei",2
2026-04-01,7090,リグア,Ligua,skip,duplicate,high,reuters,1
2026-04-01,7090,リグア,Ligua Inc,skip,duplicate,high,reuters,1
2026-04-01,7091,リビングプラットフォーム,リビングプラットフォーム,add,exists_in_base,high,"kabutan,nikkei",2
2026-04-01,7091,リビングプラットフォーム,Living Platform,skip,duplicate,high,reuters,1
2026-04-01,7091,リビングプラットフォーム,Living Platform Ltd,skip,duplicate,high,reuters,1
2026-04-01,7091,リビングプラットフォーム,リビングPF,skip,duplicate,high,kabutan,1
2026-04-01,7091,リビングプラットフォーム,LPF,review,new_candidate,low,tdnet,2
2026-04-01,7092,Fast Fitness Japan,Fast Fitness Japan,skip,duplicate,high,"kabutan,nikkei,reuters",3
2026-04-01,7092,Fast Fitness Japan,FFJ,skip,duplicate,high,"kabutan,tdnet",2
2026-04-01,7092,Fast Fitness Japan,Fast Fitness Japan Inc,skip,duplicate,high,reuters,1
2026-04-01,7093,アディッシュ,アディッシュ,add,exists_in_base,high,"kabutan,nikkei,tdnet",8
2026-04-01,7093,アディッシュ,Adish,skip,duplicate,high,reuters,1
2026-04-01,7093,アディッシュ,Adish Co Ltd,skip,duplicate,high,reuters,1
2026-04-01,7094,NexTone,NexTone,skip,duplicate,high,"kabutan,nikkei,reuters,tdnet",6
2026-04-01,7094,NexTone,NexTone Inc,skip,duplicate,high,reuters,1
2026-04-01,7094,NexTone,ネクストーン,skip,duplicate,high,kabutan,1
2026-04-01,7095,Macbee Planet,Macbee Planet,skip,duplicate,high,"kabutan,nikkei,reuters",3
2026-04-01,7095,Macbee Planet,Macbee Planet Inc,skip,duplicate,high,reuters,1
2026-04-01,7095,Macbee Planet,マクビープラ,skip,duplicate,high,kabutan,1
2026-04-01,7095,Macbee Planet,MacbeeP,add,new_candidate,medium,tdnet,3
2026-04-01,7096,ステムセル研究所,ステムセル研究所,add,exists_in_base,high,"kabutan,nikkei",2
2026-04-01,7096,ステムセル研究所,StemCell Institute,skip,duplicate,high,reuters,1
2026-04-01,7096,ステムセル研究所,StemCell Institute Inc,skip,duplicate,high,reuters,1
2026-04-01,7096,ステムセル研究所,ステムセル研,skip,duplicate,high,kabutan,1
2026-04-01,7097,さくらさくプラス,さくらさく,skip,duplicate,high,"kabutan,tdnet",5
2026-04-01,7097,さくらさくプラス,さくらさくプラス,add,exists_in_base,high,"kabutan,nikkei",2
2026-04-01,7097,さくらさくプラス,Sakurasaku Plus,skip,duplicate,high,reuters,1
2026-04-01,7097,さくらさくプラス,Sakurasaku Plus Co Ltd,skip,duplicate,high,reuters,1
2026-04-01,7102,日本車輌製造,Nippon Sharyo,skip,duplicate,high,reuters,1
2026-04-01,7102,日本車輌製造,Nippon Sharyo Ltd,skip,duplicate,high,reuters,1
2026-04-01,7102,日本車輌製造,日本車輌製造,add,exists_in_base,high,kabutan,1
2026-04-01,7102,日本車輌製造,日車両,skip,duplicate,high,kabutan,1
2026-04-01,7102,日本車輌製造,日本車両製造,add,new_candidate,medium,nikkei,1
2026-04-01,7105,三菱ロジスネクスト,三菱ロジスネクスト,skip,duplicate,high,"kabutan,nikkei,tdnet",5
2026-04-01,7105,三菱ロジスネクスト,Mitsubishi Logisnext,skip,duplicate,high,reuters,1
2026-04-01,7105,三菱ロジスネクスト,Mitsubishi Logisnext Co Ltd,skip,duplicate,high,reuters,1
2026-04-01,7105,三菱ロジスネクスト,ロジスネクス,skip,duplicate,high,kabutan,1
2026-04-01,7110,クラシコム,クラシコム,add,exists_in_base,high,"kabutan,nikkei,tdnet",4
2026-04-01,7110,クラシコム,Kurashicom,skip,duplicate,high,reuters,1
2026-04-01,7110,クラシコム,Kurashicom Inc,skip,duplicate,high,reuters,1
2026-04-01,7111,INEST,INEST,skip,duplicate,high,"kabutan,nikkei,reuters,tdnet",4
2026-04-01,7111,INEST,Inest Inc,skip,duplicate,high,reuters,1
2026-04-01,7112,キューブ,キューブ,add,exists_in_base,high,"kabutan,nikkei,tdnet",7
2026-04-01,7112,キューブ,Cube Co Ltd (Minato),skip,duplicate,high,reuters,1
2026-04-01,7114,フーディソン,フーディソン,add,exists_in_base,high,"kabutan,nikkei,tdnet",3
2026-04-01,7114,フーディソン,Foodison,skip,duplicate,high,reuters,1
2026-04-01,7114,フーディソン,Foodison Inc,skip,duplicate,high,reuters,1
2026-04-01,7115,アルファパーチェス,アルファパーチェス,skip,duplicate,high,"kabutan,nikkei,tdnet",4
2026-04-01,7115,アルファパーチェス,AlphaPurchase,skip,duplicate,high,reuters,1
2026-04-01,7115,アルファパーチェス,AlphaPurchase Corp,skip,duplicate,high,reuters,1
2026-04-01,7115,アルファパーチェス,Aパーチェス,skip,duplicate,high,kabutan,1
2026-04-01,7116,ダイワ通信,ダイワ通信,skip,duplicate,high,"kabutan,tdnet",3
2026-04-01,7116,ダイワ通信,7116.T,add,new_candidate,medium,reuters,1
2026-04-01,7119,ハルメクﾎｰﾙﾃﾞｨﾝｸﾞｽ,ハルメクホールディングス,skip,duplicate,high,"kabutan,nikkei",2
2026-04-01,7119,ハルメクﾎｰﾙﾃﾞｨﾝｸﾞｽ,Halmek,skip,duplicate,high,reuters,1
2026-04-01,7119,ハルメクﾎｰﾙﾃﾞｨﾝｸﾞｽ,Halmek Holdings Co Ltd,skip,duplicate,high,reuters,1
2026-04-01,7119,ハルメクﾎｰﾙﾃﾞｨﾝｸﾞｽ,ハルメク,skip,duplicate,high,kabutan,1
2026-04-01,7120,SHINKO,SHINKO,skip,duplicate,high,"kabutan,nikkei,reuters,tdnet",4
2026-04-01,7120,SHINKO,SHINKO Inc,skip,duplicate,high,reuters,1
2026-04-01,7122,近畿車輛,近畿車輌,skip,duplicate,high,tdnet,2
2026-04-01,7122,近畿車輛,Kinki Sharyo,skip,duplicate,high,reuters,1
2026-04-01,7122,近畿車輛,Kinki Sharyo Co Ltd,skip,duplicate,high,reuters,1
2026-04-01,7122,近畿車輛,近畿車,skip,duplicate,high,kabutan,1
2026-04-01,7122,近畿車輛,近畿車輛,add,exists_in_base,high,kabutan,1
2026-04-01,7122,近畿車輛,近畿車両,add,new_candidate,medium,nikkei,1
2026-04-01,7126,グローバルスタイル,グローバルスタイル,add,exists_in_base,high,"kabutan,nikkei,tdnet",4
2026-04-01,7126,グローバルスタイル,Global Style,skip,duplicate,high,reuters,1
2026-04-01,7126,グローバルスタイル,Global Style Co Ltd,skip,duplicate,high,reuters,1
2026-04-01,7126,グローバルスタイル,グローバルS,skip,duplicate,high,kabutan,1
2026-04-01,7127,一家ﾎｰﾙﾃﾞｨﾝｸﾞｽ,一家ホールディングス,skip,duplicate,high,"kabutan,nikkei,tdnet",3
2026-04-01,7127,一家ﾎｰﾙﾃﾞｨﾝｸﾞｽ,Ikka,skip,duplicate,high,reuters,1
2026-04-01,7127,一家ﾎｰﾙﾃﾞｨﾝｸﾞｽ,Ikka Holdings Co Ltd,skip,duplicate,high,reuters,1
2026-04-01,7127,一家ﾎｰﾙﾃﾞｨﾝｸﾞｽ,一家HD,skip,duplicate,high,kabutan,1
2026-04-01,7128,ユニソルﾎｰﾙﾃﾞｨﾝｸﾞｽ,ユニソルホールディングス,skip,duplicate,high,"kabutan,nikkei",2
2026-04-01,7128,ユニソルﾎｰﾙﾃﾞｨﾝｸﾞｽ,Unisol,skip,duplicate,high,reuters,1
2026-04-01,7128,ユニソルﾎｰﾙﾃﾞｨﾝｸﾞｽ,Unisol Holdings Corp,skip,duplicate,high,reuters,1
2026-04-01,7128,ユニソルﾎｰﾙﾃﾞｨﾝｸﾞｽ,ユニソルHD,skip,duplicate,high,kabutan,1
2026-04-01,7129,ミアヘルサﾎｰﾙﾃﾞｨﾝｸﾞｽ,ミアヘルサホールディングス,skip,duplicate,high,"kabutan,nikkei",2
2026-04-01,7129,ミアヘルサﾎｰﾙﾃﾞｨﾝｸﾞｽ,Miahelsa,skip,duplicate,high,reuters,1
2026-04-01,7129,ミアヘルサﾎｰﾙﾃﾞｨﾝｸﾞｽ,Miahelsa Holdings Corp,skip,duplicate,high,reuters,1
2026-04-01,7129,ミアヘルサﾎｰﾙﾃﾞｨﾝｸﾞｽ,ミアヘルサ,skip,duplicate,high,kabutan,1
2026-04-01,7130,ヤマエｸﾞﾙｰﾌﾟﾎｰﾙﾃﾞｨﾝｸﾞｽ,ヤマエグループHD,skip,duplicate,high,tdnet,2
2026-04-01,7130,ヤマエｸﾞﾙｰﾌﾟﾎｰﾙﾃﾞｨﾝｸﾞｽ,ヤマエグループホールディングス,skip,duplicate,high,"kabutan,nikkei",2
2026-04-01,7130,ヤマエｸﾞﾙｰﾌﾟﾎｰﾙﾃﾞｨﾝｸﾞｽ,Yamae,skip,duplicate,high,reuters,1
2026-04-01,7130,ヤマエｸﾞﾙｰﾌﾟﾎｰﾙﾃﾞｨﾝｸﾞｽ,Yamae Group Holdings Co Ltd,skip,duplicate,high,reuters,1
2026-04-01,7130,ヤマエｸﾞﾙｰﾌﾟﾎｰﾙﾃﾞｨﾝｸﾞｽ,ヤマエGHD,skip,duplicate,high,kabutan,1
2026-04-01,7131,のむら産業,のむら産業,add,exists_in_base,high,"kabutan,nikkei,tdnet",5
2026-04-01,7131,のむら産業,Nomura,skip,duplicate,high,reuters,1
2026-04-01,7131,のむら産業,Nomura Corp,skip,duplicate,high,reuters,1
2026-04-01,7133,HYUGA PRIMARY CARE,HYUGA PRIMARY CARE,skip,duplicate,high,"kabutan,nikkei,reuters",3
2026-04-01,7133,HYUGA PRIMARY CARE,Hyuga Primary Care Co Ltd,skip,duplicate,high,reuters,1
2026-04-01,7133,HYUGA PRIMARY CARE,ヒュウガプラ,skip,duplicate,high,kabutan,1
2026-04-01,7133,HYUGA PRIMARY CARE,ヒュウガプライマ,add,new_candidate,medium,tdnet,2
2026-04-01,7134,アップガレージｸﾞﾙｰﾌﾟ,アップガレージグループ,skip,duplicate,high,"kabutan,nikkei",2
2026-04-01,7134,アップガレージｸﾞﾙｰﾌﾟ,Up Garage,skip,duplicate,high,reuters,1
2026-04-01,7134,アップガレージｸﾞﾙｰﾌﾟ,Up Garage Group Co Ltd,skip,duplicate,high,reuters,1
2026-04-01,7134,アップガレージｸﾞﾙｰﾌﾟ,アップガレG,skip,duplicate,high,kabutan,1
2026-04-01,7134,アップガレージｸﾞﾙｰﾌﾟ,アップガレージG,skip,duplicate,high,tdnet,1
2026-04-01,7135,ジャパンクラフトﾎｰﾙﾃﾞｨﾝｸﾞｽ,ジャパンクラフトHD,skip,duplicate,high,tdnet,2
2026-04-01,7135,ジャパンクラフトﾎｰﾙﾃﾞｨﾝｸﾞｽ,ジャパンクラフトホールディングス,skip,duplicate,high,"kabutan,nikkei",2
2026-04-01,7135,ジャパンクラフトﾎｰﾙﾃﾞｨﾝｸﾞｽ,Japan Craft,skip,duplicate,high,reuters,1
2026-04-01,7135,ジャパンクラフトﾎｰﾙﾃﾞｨﾝｸﾞｽ,Japan Craft Holdings Co Ltd,skip,duplicate,high,reuters,1
2026-04-01,7135,ジャパンクラフトﾎｰﾙﾃﾞｨﾝｸﾞｽ,Jクラフト,skip,duplicate,high,kabutan,1
2026-04-01,7138,TORICO,TORICO,skip,duplicate,high,"kabutan,nikkei,reuters,tdnet",14
2026-04-01,7138,TORICO,Torico Co Ltd,skip,duplicate,high,reuters,1
2026-04-01,7140,ペットゴー,ペットゴー,add,exists_in_base,high,"kabutan,nikkei",2
2026-04-01,7140,ペットゴー,Petgo,skip,duplicate,high,reuters,1
2026-04-01,7140,ペットゴー,Petgo Corp,skip,duplicate,high,reuters,1
2026-04-01,7148,FPG,FPG,skip,duplicate,high,"kabutan,nikkei,tdnet",6
2026-04-01,7148,FPG,Financial Partners,skip,duplicate,high,reuters,1
2026-04-01,7148,FPG,Financial Partners Group Co Ltd,skip,duplicate,high,reuters,1
2026-04-01,7150,島根銀行,島根銀行,skip,duplicate,high,"kabutan,nikkei,tdnet",3
2026-04-01,7150,島根銀行,Shimane Bank,skip,duplicate,high,reuters,1
2026-04-01,7150,島根銀行,Shimane Bank Ltd,skip,duplicate,high,reuters,1
2026-04-01,7157,ライフネット生命保険,ライフネット生命,skip,duplicate,high,tdnet,2
2026-04-01,7157,ライフネット生命保険,ライフネット生命保険,add,exists_in_base,high,"kabutan,nikkei",2
2026-04-01,7157,ライフネット生命保険,Lifenet Insurance,skip,duplicate,high,reuters,1
2026-04-01,7157,ライフネット生命保険,Lifenet Insurance Co,skip,duplicate,high,reuters,1
2026-04-01,7157,ライフネット生命保険,ライフネット,skip,duplicate,high,kabutan,1
2026-04-01,7161,じもとﾎｰﾙﾃﾞｨﾝｸﾞｽ,じもとHD,skip,duplicate,high,"kabutan,tdnet",3
2026-04-01,7161,じもとﾎｰﾙﾃﾞｨﾝｸﾞｽ,じもとホールディングス,skip,duplicate,high,"kabutan,nikkei",2
2026-04-01,7161,じもとﾎｰﾙﾃﾞｨﾝｸﾞｽ,Jimoto,skip,duplicate,high,reuters,1
2026-04-01,7161,じもとﾎｰﾙﾃﾞｨﾝｸﾞｽ,Jimoto Holdings Inc,skip,duplicate,high,reuters,1
2026-04-01,7162,アストマックス,アストマックス,skip,duplicate,high,"kabutan,nikkei,tdnet",5
2026-04-01,7162,アストマックス,Astmax,skip,duplicate,high,reuters,1
2026-04-01,7162,アストマックス,Astmax Co Ltd,skip,duplicate,high,reuters,1
2026-04-01,7162,アストマックス,アストマクス,skip,duplicate,high,kabutan,1
2026-04-01,7164,全国保証,全国保証,skip,duplicate,high,"kabutan,nikkei,tdnet",6
2026-04-01,7164,全国保証,Zenkoku Hosho,skip,duplicate,high,reuters,1
2026-04-01,7164,全国保証,Zenkoku Hosho Co Ltd,skip,duplicate,high,reuters,1
2026-04-01,7167,めぶきフィナンシャルｸﾞﾙｰﾌﾟ,めぶきFG,skip,duplicate,high,"kabutan,tdnet",3
2026-04-01,7167,めぶきフィナンシャルｸﾞﾙｰﾌﾟ,めぶきフィナンシャルグループ,skip,duplicate,high,"kabutan,nikkei",2
2026-04-01,7167,めぶきフィナンシャルｸﾞﾙｰﾌﾟ,Mebuki Financial,skip,duplicate,high,reuters,1
2026-04-01,7167,めぶきフィナンシャルｸﾞﾙｰﾌﾟ,Mebuki Financial Group Inc,skip,duplicate,high,reuters,1
2026-04-01,7172,ジャパンインベストメントアドバイザー,JIA,skip,duplicate,high,"kabutan,tdnet",2
2026-04-01,7172,ジャパンインベストメントアドバイザー,ジャパンインベストメントアドバイザー,add,exists_in_base,high,"kabutan,nikkei",2
2026-04-01,7172,ジャパンインベストメントアドバイザー,Japan Investment Adviser,skip,duplicate,high,reuters,1
2026-04-01,7172,ジャパンインベストメントアドバイザー,Japan Investment Adviser Co Ltd,skip,duplicate,high,reuters,1
2026-04-01,7173,東京きらぼしフィナンシャルｸﾞﾙｰﾌﾟ,東京きらぼしFG,skip,duplicate,high,tdnet,11
2026-04-01,7173,東京きらぼしフィナンシャルｸﾞﾙｰﾌﾟ,東京きらぼしフィナンシャルグループ,skip,duplicate,high,"kabutan,nikkei",2
2026-04-01,7173,東京きらぼしフィナンシャルｸﾞﾙｰﾌﾟ,Tokyo Kiraboshi Financial,skip,duplicate,high,reuters,1
2026-04-01,7173,東京きらぼしフィナンシャルｸﾞﾙｰﾌﾟ,Tokyo Kiraboshi Financial Group Inc,skip,duplicate,high,reuters,1
2026-04-01,7173,東京きらぼしフィナンシャルｸﾞﾙｰﾌﾟ,東京きらぼし,skip,duplicate,high,kabutan,1
2026-04-01,7175,今村証券,今村証券,skip,duplicate,high,"kabutan,nikkei,tdnet",5
2026-04-01,7175,今村証券,Imamura Securities,skip,duplicate,high,reuters,1
2026-04-01,7175,今村証券,Imamura Securities Co Ltd,skip,duplicate,high,reuters,1
2026-04-01,7177,GMOフィナンシャルﾎｰﾙﾃﾞｨﾝｸﾞｽ,GMOFHD,skip,duplicate,high,tdnet,6
2026-04-01,7177,GMOフィナンシャルﾎｰﾙﾃﾞｨﾝｸﾞｽ,GMOフィナンシャルホールディングス,skip,duplicate,high,"kabutan,nikkei",2
2026-04-01,7177,GMOフィナンシャルﾎｰﾙﾃﾞｨﾝｸﾞｽ,GMO Financial,skip,duplicate,high,reuters,1
2026-04-01,7177,GMOフィナンシャルﾎｰﾙﾃﾞｨﾝｸﾞｽ,GMO Financial Holdings Inc,skip,duplicate,high,reuters,1
2026-04-01,7177,GMOフィナンシャルﾎｰﾙﾃﾞｨﾝｸﾞｽ,GMO-FH,skip,duplicate,high,kabutan,1
2026-04-01,7180,九州フィナンシャルｸﾞﾙｰﾌﾟ,九州FG,skip,duplicate,high,"kabutan,tdnet",5
2026-04-01,7180,九州フィナンシャルｸﾞﾙｰﾌﾟ,九州フィナンシャルグループ,skip,duplicate,high,"kabutan,nikkei",2
2026-04-01,7180,九州フィナンシャルｸﾞﾙｰﾌﾟ,Kyushu Financial,skip,duplicate,high,reuters,1
2026-04-01,7180,九州フィナンシャルｸﾞﾙｰﾌﾟ,Kyushu Financial Group Inc,skip,duplicate,high,reuters,1
2026-04-01,7181,かんぽ生命保険,かんぽ生命保険,skip,duplicate,high,"kabutan,nikkei,tdnet",4
2026-04-01,7181,かんぽ生命保険,Japan Post Insurance,skip,duplicate,high,reuters,1
2026-04-01,7181,かんぽ生命保険,Japan Post Insurance Co Ltd,skip,duplicate,high,reuters,1
2026-04-01,7181,かんぽ生命保険,かんぽ生命,skip,duplicate,high,kabutan,1
2026-04-01,7182,ゆうちょ銀行,ゆうちょ銀行,skip,duplicate,high,"kabutan,nikkei,tdnet",3
2026-04-01,7182,ゆうちょ銀行,Japan Post Bank,skip,duplicate,high,reuters,1
2026-04-01,7182,ゆうちょ銀行,Japan Post Bank Co Ltd,skip,duplicate,high,reuters,1
2026-04-01,7182,ゆうちょ銀行,ゆうちょ銀,skip,duplicate,high,kabutan,1
2026-04-01,7183,あんしん保証,あんしん保証,skip,duplicate,high,"kabutan,nikkei,tdnet",3
2026-04-01,7183,あんしん保証,Anshin Guarantor Service,skip,duplicate,high,reuters,1
2026-04-01,7183,あんしん保証,Anshin Guarantor Service Co Ltd,skip,duplicate,high,reuters,1
2026-04-01,7184,富山第一銀行,富山第一銀行,skip,duplicate,high,"kabutan,nikkei,tdnet",3
2026-04-01,7184,富山第一銀行,First Bank of Toyama,skip,duplicate,high,reuters,1
2026-04-01,7184,富山第一銀行,First Bank of Toyama Ltd,skip,duplicate,high,reuters,1
2026-04-01,7184,富山第一銀行,富山第一銀,skip,duplicate,high,kabutan,1
2026-04-01,7185,ヒロセ通商,ヒロセ通商,skip,duplicate,high,"kabutan,nikkei,tdnet",3
2026-04-01,7185,ヒロセ通商,Hirose Tusyo,skip,duplicate,high,reuters,1
2026-04-01,7185,ヒロセ通商,Hirose Tusyo Inc,skip,duplicate,high,reuters,1
2026-04-01,7186,横浜フィナンシャルｸﾞﾙｰﾌﾟ,横浜FG,skip,duplicate,high,"kabutan,tdnet",4
2026-04-01,7186,横浜フィナンシャルｸﾞﾙｰﾌﾟ,横浜フィナンシャルグループ,skip,duplicate,high,"kabutan,nikkei",2
2026-04-01,7186,横浜フィナンシャルｸﾞﾙｰﾌﾟ,Yokohama Financial,skip,duplicate,high,reuters,1
2026-04-01,7186,横浜フィナンシャルｸﾞﾙｰﾌﾟ,Yokohama Financial Group Inc,skip,duplicate,high,reuters,1
2026-04-01,7187,ジェイリース,ジェイリース,skip,duplicate,high,"kabutan,nikkei",2
2026-04-01,7187,ジェイリース,J-Lease,skip,duplicate,high,reuters,1
2026-04-01,7187,ジェイリース,J-Lease Co Ltd,skip,duplicate,high,reuters,1
2026-04-01,7189,西日本フィナンシャルﾎｰﾙﾃﾞｨﾝｸﾞｽ,西日本FH,skip,duplicate,high,"kabutan,tdnet",5
2026-04-01,7189,西日本フィナンシャルﾎｰﾙﾃﾞｨﾝｸﾞｽ,西日本フィナンシャルホールディングス,skip,duplicate,high,"kabutan,nikkei",2
2026-04-01,7189,西日本フィナンシャルﾎｰﾙﾃﾞｨﾝｸﾞｽ,Nishi-Nippon Financial,skip,duplicate,high,reuters,1
2026-04-01,7189,西日本フィナンシャルﾎｰﾙﾃﾞｨﾝｸﾞｽ,Nishi-Nippon Financial Holdings Inc,skip,duplicate,high,reuters,1
2026-04-01,7191,イントラスト,イントラスト,skip,duplicate,high,"kabutan,nikkei,tdnet",3
2026-04-01,7191,イントラスト,Entrust,skip,duplicate,high,reuters,1
2026-04-01,7191,イントラスト,Entrust Inc,skip,duplicate,high,reuters,1
2026-04-01,7192,日本モーゲージサービス,日本モーゲージサービス,add,exists_in_base,high,"kabutan,nikkei",2
2026-04-01,7192,日本モーゲージサービス,Mortgage Service Japan,skip,duplicate,high,reuters,1
2026-04-01,7192,日本モーゲージサービス,Mortgage Service Japan Ltd,skip,duplicate,high,reuters,1
2026-04-01,7192,日本モーゲージサービス,日本モゲジS,skip,duplicate,high,kabutan,1
2026-04-01,7196,Casa,Casa,skip,duplicate,high,"kabutan,nikkei,reuters,tdnet",7
2026-04-01,7196,Casa,Casa Inc,skip,duplicate,high,reuters,1
2026-04-01,7198,SBIアルヒ,SBIアルヒ,skip,duplicate,high,"kabutan,nikkei,tdnet",3
2026-04-01,7198,SBIアルヒ,SBI Aruhi,skip,duplicate,high,reuters,1
2026-04-01,7198,SBIアルヒ,SBI Aruhi Corp,skip,duplicate,high,reuters,1
2026-04-01,7199,プレミアｸﾞﾙｰﾌﾟ,プレミアグループ,skip,duplicate,high,"kabutan,nikkei,tdnet",5
2026-04-01,7199,プレミアｸﾞﾙｰﾌﾟ,Premium,skip,duplicate,high,reuters,1
2026-04-01,7199,プレミアｸﾞﾙｰﾌﾟ,Premium Group Co Ltd,skip,duplicate,high,reuters,1
2026-04-01,7199,プレミアｸﾞﾙｰﾌﾟ,プレミアG,add,new_candidate,medium,kabutan,1
2026-04-01,7201,日産自動車,日産自,skip,duplicate,high,"kabutan,tdnet",3
2026-04-01,7201,日産自動車,日産自動車,add,exists_in_base,high,"kabutan,nikkei",2
2026-04-01,7201,日産自動車,Nissan Motor,skip,duplicate,high,reuters,1
2026-04-01,7201,日産自動車,Nissan Motor Co Ltd,skip,duplicate,high,reuters,1
2026-04-01,7202,いすゞ自動車,いすゞ自動車,add,exists_in_base,high,"kabutan,nikkei",2
2026-04-01,7202,いすゞ自動車,Isuzu Motors,skip,duplicate,high,reuters,1
2026-04-01,7202,いすゞ自動車,Isuzu Motors Ltd,skip,duplicate,high,reuters,1
2026-04-01,7202,いすゞ自動車,いすゞ,skip,duplicate,high,kabutan,1
2026-04-01,7202,いすゞ自動車,いすゞ自,skip,duplicate,high,tdnet,1
2026-04-01,7203,トヨタ自動車,トヨタ自,skip,duplicate,high,tdnet,4
2026-04-01,7203,トヨタ自動車,トヨタ自動車,add,exists_in_base,high,"kabutan,nikkei",2
2026-04-01,7203,トヨタ自動車,Toyota Motor,skip,duplicate,high,reuters,1
2026-04-01,7203,トヨタ自動車,Toyota Motor Corp,skip,duplicate,high,reuters,1
2026-04-01,7203,トヨタ自動車,トヨタ,skip,duplicate,high,kabutan,1
2026-04-01,7205,日野自動車,日野自,skip,duplicate,high,"kabutan,tdnet",7
2026-04-01,7205,日野自動車,日野自動車,add,exists_in_base,high,kabutan,1
2026-04-01,7205,日野自動車,7205.T,add,new_candidate,medium,reuters,1
2026-04-01,7208,カネミツ,カネミツ,add,exists_in_base,high,"kabutan,nikkei,tdnet",4
2026-04-01,7208,カネミツ,Kanemitsu,skip,duplicate,high,reuters,1
2026-04-01,7208,カネミツ,Kanemitsu Corp,skip,duplicate,high,reuters,1
2026-04-01,7211,三菱自動車工業,三菱自,skip,duplicate,high,"kabutan,tdnet",3
2026-04-01,7211,三菱自動車工業,Mitsubishi Motors,skip,duplicate,high,reuters,1
2026-04-01,7211,三菱自動車工業,Mitsubishi Motors Corp,skip,duplicate,high,reuters,1
2026-04-01,7211,三菱自動車工業,三菱自動車工業,add,exists_in_base,high,kabutan,1
2026-04-01,7211,三菱自動車工業,三菱自動車,add,new_candidate,medium,nikkei,1
2026-04-01,7212,エフテック,エフテック,skip,duplicate,high,"kabutan,nikkei",2
2026-04-01,7212,エフテック,F-Tech,skip,duplicate,high,reuters,1
2026-04-01,7212,エフテック,F-Tech Inc,skip,duplicate,high,reuters,1
2026-04-01,7213,レシップﾎｰﾙﾃﾞｨﾝｸﾞｽ,レシップHD,skip,duplicate,high,"kabutan,tdnet",2
2026-04-01,7213,レシップﾎｰﾙﾃﾞｨﾝｸﾞｽ,レシップホールディングス,skip,duplicate,high,"kabutan,nikkei",2
2026-04-01,7213,レシップﾎｰﾙﾃﾞｨﾝｸﾞｽ,Lecip,skip,duplicate,high,reuters,1
2026-04-01,7213,レシップﾎｰﾙﾃﾞｨﾝｸﾞｽ,Lecip Holdings Corp,skip,duplicate,high,reuters,1
2026-04-01,7214,GMB,GMB,skip,duplicate,high,"kabutan,nikkei,reuters,tdnet",4
2026-04-01,7214,GMB,GMB Corp,skip,duplicate,high,reuters,1
2026-04-01,7215,ファルテック,ファルテック,skip,duplicate,high,"kabutan,nikkei,tdnet",5
2026-04-01,7215,ファルテック,Faltec,skip,duplicate,high,reuters,1
2026-04-01,7215,ファルテック,Faltec Co Ltd,skip,duplicate,high,reuters,1
2026-04-01,7217,テイン,テイン,skip,duplicate,high,"kabutan,nikkei,tdnet",5
2026-04-01,7217,テイン,Tein,skip,duplicate,high,reuters,1
2026-04-01,7217,テイン,Tein Inc,skip,duplicate,high,reuters,1
2026-04-01,7218,田中精密工業,田中精密,skip,duplicate,high,"kabutan,tdnet",2
2026-04-01,7218,田中精密工業,田中精密工業,add,exists_in_base,high,"kabutan,nikkei",2
2026-04-01,7218,田中精密工業,Tanaka Seimitsu Kogyo,skip,duplicate,high,reuters,1
2026-04-01,7218,田中精密工業,Tanaka Seimitsu Kogyo Co Ltd,skip,duplicate,high,reuters,1
2026-04-01,7219,エッチ・ケー・エス,HKS,skip,duplicate,high,"kabutan,reuters",2
2026-04-01,7219,エッチ・ケー・エス,エッチ・ケー・エス,add,exists_in_base,high,"kabutan,nikkei",2
2026-04-01,7219,エッチ・ケー・エス,HKS Co Ltd,skip,duplicate,high,reuters,1
2026-04-01,7220,武蔵精密工業,武蔵精密,skip,duplicate,high,"kabutan,tdnet",2
2026-04-01,7220,武蔵精密工業,武蔵精密工業,add,exists_in_base,high,"kabutan,nikkei",2
2026-04-01,7220,武蔵精密工業,Musashi Seimitsu Industry,skip,duplicate,high,reuters,1
2026-04-01,7220,武蔵精密工業,Musashi Seimitsu Industry Co Ltd,skip,duplicate,high,reuters,1
2026-04-01,7222,日産車体,日産車体,skip,duplicate,high,"kabutan,nikkei,tdnet",3
2026-04-01,7222,日産車体,Nissan Shatai,skip,duplicate,high,reuters,1
2026-04-01,7222,日産車体,Nissan Shatai Co Ltd,skip,duplicate,high,reuters,1
2026-04-01,7224,新明和工業,新明和工業,add,exists_in_base,high,"kabutan,nikkei",2
2026-04-01,7224,新明和工業,ShinMaywa Industries,skip,duplicate,high,reuters,1
2026-04-01,7224,新明和工業,ShinMaywa Industries Ltd,skip,duplicate,high,reuters,1
2026-04-01,7224,新明和工業,新明和,skip,duplicate,high,kabutan,1
2026-04-01,7226,極東開発工業,極東開,skip,duplicate,high,tdnet,3
2026-04-01,7226,極東開発工業,極東開発工業,add,exists_in_base,high,"kabutan,nikkei",2
2026-04-01,7226,極東開発工業,Kyokuto Kaihatsu Kogyo,skip,duplicate,high,reuters,1
2026-04-01,7226,極東開発工業,Kyokuto Kaihatsu Kogyo Co Ltd,skip,duplicate,high,reuters,1
2026-04-01,7226,極東開発工業,極東開発,skip,duplicate,high,kabutan,1
2026-04-01,7228,デイトナ,デイトナ,add,exists_in_base,high,"kabutan,nikkei,tdnet",3
2026-04-01,7228,デイトナ,Daytona,skip,duplicate,high,reuters,1
2026-04-01,7228,デイトナ,Daytona Corp,skip,duplicate,high,reuters,1
2026-04-01,7229,ユタカ技研,ユタカ技研,skip,duplicate,high,"kabutan,nikkei,tdnet",5
2026-04-01,7229,ユタカ技研,Yutaka Giken,skip,duplicate,high,reuters,1
2026-04-01,7229,ユタカ技研,Yutaka Giken Co Ltd,skip,duplicate,high,reuters,1
2026-04-01,7231,トピー工業,トピー工,skip,duplicate,high,tdnet,3
2026-04-01,7231,トピー工業,トピー工業,add,exists_in_base,high,"kabutan,nikkei",2
2026-04-01,7231,トピー工業,Topy Industries,skip,duplicate,high,reuters,1
2026-04-01,7231,トピー工業,Topy Industries Ltd,skip,duplicate,high,reuters,1
2026-04-01,7231,トピー工業,トピー,skip,duplicate,high,kabutan,1
2026-04-01,7235,東京ラヂエーター製造,東京ラヂエーター製造,add,exists_in_base,high,"kabutan,nikkei",2
2026-04-01,7235,東京ラヂエーター製造,Tokyo Radiator Mfg,skip,duplicate,high,reuters,1
2026-04-01,7235,東京ラヂエーター製造,Tokyo Radiator Mfg Co Ltd,skip,duplicate,high,reuters,1
2026-04-01,7235,東京ラヂエーター製造,東ラヂ,skip,duplicate,high,kabutan,1
2026-04-01,7235,東京ラヂエーター製造,東ラヂエタ,skip,duplicate,high,tdnet,1
2026-04-01,7236,ティラド,ティラド,skip,duplicate,high,"kabutan,nikkei",2
2026-04-01,7236,ティラド,T.RAD,skip,duplicate,high,reuters,1
2026-04-01,7236,ティラド,T.RAD Co Ltd,skip,duplicate,high,reuters,1
2026-04-01,7238,曙ブレーキ工業,曙ブレーキ工業,add,exists_in_base,high,"kabutan,nikkei",2
2026-04-01,7238,曙ブレーキ工業,Akebono Brake Industry,skip,duplicate,high,reuters,1
2026-04-01,7238,曙ブレーキ工業,Akebono Brake Industry Co Ltd,skip,duplicate,high,reuters,1
2026-04-01,7238,曙ブレーキ工業,ブレーキ,skip,duplicate,high,kabutan,1
2026-04-01,7238,曙ブレーキ工業,曙ブレーキ,skip,duplicate,high,tdnet,1
2026-04-01,7239,タチエス,タチエス,add,exists_in_base,high,"kabutan,nikkei",2
2026-04-01,7239,タチエス,Tachi-S,skip,duplicate,high,reuters,1
2026-04-01,7239,タチエス,Tachi-S Co Ltd,skip,duplicate,high,reuters,1
2026-04-01,7240,NOK,NOK,skip,duplicate,high,"kabutan,nikkei,reuters",3
2026-04-01,7240,NOK,NOK Corp,skip,duplicate,high,reuters,1
2026-04-01,7241,フタバ産業,フタバ産,skip,duplicate,high,tdnet,3
2026-04-01,7241,フタバ産業,フタバ産業,add,exists_in_base,high,"kabutan,nikkei",2
2026-04-01,7241,フタバ産業,Futaba Industrial,skip,duplicate,high,reuters,1
2026-04-01,7241,フタバ産業,Futaba Industrial Co Ltd,skip,duplicate,high,reuters,1
2026-04-01,7241,フタバ産業,フタバ,skip,duplicate,high,kabutan,1
2026-04-01,7242,カヤバ,カヤバ,skip,duplicate,high,"kabutan,nikkei,tdnet",3
2026-04-01,7242,カヤバ,KYB,skip,duplicate,high,reuters,1
2026-04-01,7242,カヤバ,KYB Corp,skip,duplicate,high,reuters,1
2026-04-01,7244,市光工業,市光工,skip,duplicate,high,"kabutan,tdnet",4
2026-04-01,7244,市光工業,市光工業,add,exists_in_base,high,"kabutan,nikkei",2
2026-04-01,7244,市光工業,Ichikoh Industries,skip,duplicate,high,reuters,1
2026-04-01,7244,市光工業,Ichikoh Industries Ltd,skip,duplicate,high,reuters,1
2026-04-01,7245,大同メタル工業,大同メタル工業,add,exists_in_base,high,"kabutan,nikkei",2
2026-04-01,7245,大同メタル工業,Daido Metal,skip,duplicate,high,reuters,1
2026-04-01,7245,大同メタル工業,Daido Metal Co Ltd,skip,duplicate,high,reuters,1
2026-04-01,7245,大同メタル工業,大同メタル,add,new_candidate,medium,tdnet,7
2026-04-01,7245,大同メタル工業,大同メ,add,new_candidate,medium,kabutan,1
2026-04-01,7246,プレス工業,プレス工,skip,duplicate,high,"kabutan,tdnet",2
2026-04-01,7246,プレス工業,プレス工業,add,exists_in_base,high,"kabutan,nikkei",2
2026-04-01,7246,プレス工業,Press Kogyo,skip,duplicate,high,reuters,1
2026-04-01,7246,プレス工業,Press Kogyo Co Ltd,skip,duplicate,high,reuters,1
2026-04-01,7247,ミクニ,ミクニ,skip,duplicate,high,"kabutan,nikkei,tdnet",3
2026-04-01,7247,ミクニ,Mikuni,skip,duplicate,high,reuters,1
2026-04-01,7247,ミクニ,Mikuni Corp,skip,duplicate,high,reuters,1
2026-04-01,7250,太平洋工業,太平洋工,skip,duplicate,high,"kabutan,tdnet",4
2026-04-01,7250,太平洋工業,太平洋工業,add,exists_in_base,high,"kabutan,nikkei",2
2026-04-01,7250,太平洋工業,Pacific Industrial,skip,duplicate,high,reuters,1
2026-04-01,7250,太平洋工業,Pacific Industrial Co Ltd,skip,duplicate,high,reuters,1
2026-04-01,7254,ユニバンス,ユニバンス,add,exists_in_base,high,"kabutan,nikkei",2
2026-04-01,7254,ユニバンス,Univance,skip,duplicate,high,reuters,1
2026-04-01,7254,ユニバンス,Univance Corp,skip,duplicate,high,reuters,1
2026-04-01,7255,桜井製作所,桜井製作,skip,duplicate,high,tdnet,2
2026-04-01,7255,桜井製作所,桜井製作所,add,exists_in_base,high,"kabutan,nikkei",2
2026-04-01,7255,桜井製作所,Sakurai,skip,duplicate,high,reuters,1
2026-04-01,7255,桜井製作所,Sakurai Ltd,skip,duplicate,high,reuters,1
2026-04-01,7255,桜井製作所,桜井製,skip,duplicate,high,kabutan,1
2026-04-01,7256,河西工業,河西工,skip,duplicate,high,"kabutan,tdnet",3
2026-04-01,7256,河西工業,河西工業,add,exists_in_base,high,"kabutan,nikkei",2
2026-04-01,7256,河西工業,"Kasai Kogyo Co.,",skip,duplicate,high,reuters,1
2026-04-01,7256,河西工業,"Kasai Kogyo Co., Ltd",skip,duplicate,high,reuters,1
2026-04-01,7259,アイシン,アイシン,skip,duplicate,high,"kabutan,nikkei,tdnet",6
2026-04-01,7259,アイシン,Aisin,skip,duplicate,high,reuters,1
2026-04-01,7259,アイシン,Aisin Corp,skip,duplicate,high,reuters,1
2026-04-01,7261,マツダ,マツダ,add,exists_in_base,high,"kabutan,nikkei",2
2026-04-01,7261,マツダ,Mazda Motor,skip,duplicate,high,reuters,1
2026-04-01,7261,マツダ,Mazda Motor Corp,skip,duplicate,high,reuters,1
2026-04-01,7264,ムロｺｰﾎﾟﾚｰｼｮﾝ,MURO,skip,duplicate,high,"kabutan,reuters,tdnet",3
2026-04-01,7264,ムロｺｰﾎﾟﾚｰｼｮﾝ,ムロコーポレーション,skip,duplicate,high,"kabutan,nikkei",2
2026-04-01,7264,ムロｺｰﾎﾟﾚｰｼｮﾝ,Muro Corp,skip,duplicate,high,reuters,1
2026-04-01,7265,エイケン工業,エイケン工業,skip,duplicate,high,"kabutan,nikkei,tdnet",3
2026-04-01,7265,エイケン工業,Eiken Industries,skip,duplicate,high,reuters,1
2026-04-01,7265,エイケン工業,Eiken Industries Co Ltd,skip,duplicate,high,reuters,1
2026-04-01,7266,今仙電機製作所,今仙電機,skip,duplicate,high,"kabutan,tdnet",3
2026-04-01,7266,今仙電機製作所,今仙電機製作所,add,exists_in_base,high,"kabutan,nikkei",2
2026-04-01,7266,今仙電機製作所,Imasen Electric Industrial,skip,duplicate,high,reuters,1
2026-04-01,7266,今仙電機製作所,Imasen Electric Industrial Co Ltd,skip,duplicate,high,reuters,1
2026-04-01,7267,本田技研工業,ホンダ,skip,duplicate,high,"kabutan,nikkei,tdnet",5
2026-04-01,7267,本田技研工業,Honda Motor,skip,duplicate,high,reuters,1
2026-04-01,7267,本田技研工業,Honda Motor Co Ltd,skip,duplicate,high,reuters,1
2026-04-01,7269,スズキ,スズキ,skip,duplicate,high,"kabutan,nikkei",2
2026-04-01,7269,スズキ,Suzuki Motor,skip,duplicate,high,reuters,1
2026-04-01,7269,スズキ,Suzuki Motor Corp,skip,duplicate,high,reuters,1
2026-04-01,7270,SUBARU,SUBARU,skip,duplicate,high,"kabutan,nikkei,reuters",3
2026-04-01,7270,SUBARU,Subaru Corp,skip,duplicate,high,reuters,1
2026-04-01,7271,安永,安永,add,exists_in_base,high,"kabutan,nikkei,tdnet",3
2026-04-01,7271,安永,Yasunaga,skip,duplicate,high,reuters,1
2026-04-01,7271,安永,Yasunaga Corp,skip,duplicate,high,reuters,1
2026-04-01,7272,ヤマハ発動機,ヤマハ発,skip,duplicate,high,"kabutan,tdnet",2
2026-04-01,7272,ヤマハ発動機,ヤマハ発動機,add,exists_in_base,high,"kabutan,nikkei",2
2026-04-01,7272,ヤマハ発動機,Yamaha Motor,skip,duplicate,high,reuters,1
2026-04-01,7272,ヤマハ発動機,Yamaha Motor Co Ltd,skip,duplicate,high,reuters,1
2026-04-01,7273,イクヨ,イクヨ,skip,duplicate,high,"kabutan,nikkei,tdnet",9
2026-04-01,7273,イクヨ,Ikuyo,skip,duplicate,high,reuters,1
2026-04-01,7273,イクヨ,Ikuyo Co Ltd,skip,duplicate,high,reuters,1
2026-04-01,7276,小糸製作所,小糸製,skip,duplicate,high,"kabutan,tdnet",5
2026-04-01,7276,小糸製作所,小糸製作所,add,exists_in_base,high,"kabutan,nikkei",2
2026-04-01,7276,小糸製作所,Koito Manufacturing,skip,duplicate,high,reuters,1
2026-04-01,7276,小糸製作所,Koito Manufacturing Co Ltd,skip,duplicate,high,reuters,1
2026-04-01,7277,TBK,TBK,skip,duplicate,high,"kabutan,nikkei,reuters,tdnet",4
2026-04-01,7277,TBK,TBK Co Ltd,skip,duplicate,high,reuters,1
2026-04-01,7278,エクセディ,エクセディ,skip,duplicate,high,"kabutan,nikkei",2
2026-04-01,7278,エクセディ,Exedy,skip,duplicate,high,reuters,1
2026-04-01,7278,エクセディ,Exedy Corp,skip,duplicate,high,reuters,1
2026-04-01,7279,ハイレックスｺｰﾎﾟﾚｰｼｮﾝ,ハイレックス,skip,duplicate,high,"kabutan,tdnet",7
2026-04-01,7279,ハイレックスｺｰﾎﾟﾚｰｼｮﾝ,ハイレックスコーポレーション,skip,duplicate,high,"kabutan,nikkei",2
2026-04-01,7279,ハイレックスｺｰﾎﾟﾚｰｼｮﾝ,Hi-Lex,skip,duplicate,high,reuters,1
2026-04-01,7279,ハイレックスｺｰﾎﾟﾚｰｼｮﾝ,Hi-Lex Corp,skip,duplicate,high,reuters,1
2026-04-01,7280,ミツバ,ミツバ,add,exists_in_base,high,"kabutan,nikkei",2
2026-04-01,7280,ミツバ,Mitsuba,skip,duplicate,high,reuters,1
2026-04-01,7280,ミツバ,Mitsuba Corp,skip,duplicate,high,reuters,1
2026-04-01,7282,豊田合成,豊田合成,add,exists_in_base,high,"kabutan,nikkei",2
2026-04-01,7282,豊田合成,Toyoda Gosei,skip,duplicate,high,reuters,1
2026-04-01,7282,豊田合成,Toyoda Gosei Co Ltd,skip,duplicate,high,reuters,1
2026-04-01,7282,豊田合成,豊田合,skip,duplicate,high,kabutan,1
2026-04-01,7283,愛三工業,愛三工,skip,duplicate,high,"kabutan,tdnet",4
2026-04-01,7283,愛三工業,愛三工業,add,exists_in_base,high,"kabutan,nikkei",2
2026-04-01,7283,愛三工業,Aisan Industry,skip,duplicate,high,reuters,1
2026-04-01,7283,愛三工業,Aisan Industry Co Ltd,skip,duplicate,high,reuters,1
2026-04-01,7284,盟和産業,盟和産業,add,exists_in_base,high,"kabutan,nikkei",2
2026-04-01,7284,盟和産業,Meiwa Industry,skip,duplicate,high,reuters,1
2026-04-01,7284,盟和産業,Meiwa Industry Co Ltd,skip,duplicate,high,reuters,1
2026-04-01,7284,盟和産業,盟和産,skip,duplicate,high,kabutan,1
2026-04-01,7287,日本精機,日本精機,skip,duplicate,high,"kabutan,nikkei,tdnet",3
2026-04-01,7287,日本精機,Nippon Seiki,skip,duplicate,high,reuters,1
2026-04-01,7287,日本精機,Nippon Seiki Co Ltd,skip,duplicate,high,reuters,1
2026-04-01,7287,日本精機,日精機,skip,duplicate,high,kabutan,1
2026-04-01,7291,日本プラスト,日本プラスト,add,exists_in_base,high,"kabutan,nikkei,tdnet",3
2026-04-01,7291,日本プラスト,Nihon Plast,skip,duplicate,high,reuters,1
2026-04-01,7291,日本プラスト,Nihon Plast Co Ltd,skip,duplicate,high,reuters,1
2026-04-01,7292,村上開明堂,村上開明堂,add,exists_in_base,high,"kabutan,nikkei",2
2026-04-01,7292,村上開明堂,Murakami,skip,duplicate,high,reuters,1
2026-04-01,7292,村上開明堂,Murakami Corp,skip,duplicate,high,reuters,1
2026-04-01,7292,村上開明堂,村上開明,skip,duplicate,high,kabutan,1
2026-04-01,7294,ヨロズ,ヨロズ,skip,duplicate,high,"kabutan,nikkei,tdnet",3
2026-04-01,7294,ヨロズ,Yorozu,skip,duplicate,high,reuters,1
2026-04-01,7294,ヨロズ,Yorozu Corp,skip,duplicate,high,reuters,1
2026-04-01,7296,エフ・シー・シー,FCC,skip,duplicate,high,"kabutan,reuters",2
2026-04-01,7296,エフ・シー・シー,エフ・シー・シー,add,exists_in_base,high,"kabutan,nikkei",2
2026-04-01,7296,エフ・シー・シー,F.C.C. Co Ltd,skip,duplicate,high,reuters,1
2026-04-01,7297,カーメイト,カーメイト,skip,duplicate,high,"kabutan,nikkei",2
2026-04-01,7297,カーメイト,Car Mate Mfg,skip,duplicate,high,reuters,1
2026-04-01,7297,カーメイト,Car Mate Mfg Co Ltd,skip,duplicate,high,reuters,1
2026-04-01,7299,フジオーゼックス,フジオーゼ,skip,duplicate,high,"kabutan,tdnet",2
2026-04-01,7299,フジオーゼックス,フジオーゼックス,add,exists_in_base,high,"kabutan,nikkei",2
2026-04-01,7299,フジオーゼックス,Fuji Oozx,skip,duplicate,high,reuters,1
2026-04-01,7299,フジオーゼックス,Fuji Oozx Inc,skip,duplicate,high,reuters,1
2026-04-01,7305,新家工業,新家工業,add,exists_in_base,high,"kabutan,nikkei",2
2026-04-01,7305,新家工業,Araya Industrial,skip,duplicate,high,reuters,1
2026-04-01,7305,新家工業,Araya Industrial Co Ltd,skip,duplicate,high,reuters,1
2026-04-01,7305,新家工業,新家工,skip,duplicate,high,kabutan,1
2026-04-01,7309,シマノ,シマノ,skip,duplicate,high,"kabutan,nikkei,tdnet",7
2026-04-01,7309,シマノ,Shimano,skip,duplicate,high,reuters,1
2026-04-01,7309,シマノ,Shimano Inc,skip,duplicate,high,reuters,1
2026-04-01,7313,テイ・エス テック,TSテック,skip,duplicate,high,"kabutan,tdnet",5
2026-04-01,7313,テイ・エス テック,テイ・エス テック,add,exists_in_base,high,"kabutan,nikkei",2
2026-04-01,7313,テイ・エス テック,TS Tech,skip,duplicate,high,reuters,1
2026-04-01,7313,テイ・エス テック,TS Tech Co Ltd,skip,duplicate,high,reuters,1
2026-04-01,7314,小田原機器,小田原機,skip,duplicate,high,tdnet,3
2026-04-01,7314,小田原機器,小田原機器,add,exists_in_base,high,"kabutan,nikkei",2
2026-04-01,7314,小田原機器,Odawara Auto-Machine Mfg,skip,duplicate,high,reuters,1
2026-04-01,7314,小田原機器,Odawara Auto-Machine Mfg Co Ltd,skip,duplicate,high,reuters,1
2026-04-01,7317,松屋アールアンドディ,松屋アールアンドディ,add,exists_in_base,high,"kabutan,nikkei",2
2026-04-01,7317,松屋アールアンドディ,Matsuya R&D,skip,duplicate,high,reuters,1
2026-04-01,7317,松屋アールアンドディ,Matsuya R&D Co Ltd,skip,duplicate,high,reuters,1
2026-04-01,7317,松屋アールアンドディ,松屋R&D,skip,duplicate,high,kabutan,1
2026-04-01,7318,セレンディップ・ﾎｰﾙﾃﾞｨﾝｸﾞｽ,セレンディップ・ホールディングス,add,exists_in_base,high,"kabutan,nikkei",2
2026-04-01,7318,セレンディップ・ﾎｰﾙﾃﾞｨﾝｸﾞｽ,SERENDIP,skip,duplicate,high,reuters,1
2026-04-01,7318,セレンディップ・ﾎｰﾙﾃﾞｨﾝｸﾞｽ,SERENDIP HOLDINGS Co Ltd,skip,duplicate,high,reuters,1
2026-04-01,7318,セレンディップ・ﾎｰﾙﾃﾞｨﾝｸﾞｽ,セレンHD,add,new_candidate,medium,kabutan,1
2026-04-01,7318,セレンディップ・ﾎｰﾙﾃﾞｨﾝｸﾞｽ,セレンディップ,add,new_candidate,medium,tdnet,1
2026-04-01,7320,Solvvy,Solvvy,skip,duplicate,high,"kabutan,nikkei,reuters,tdnet",5
2026-04-01,7320,Solvvy,Solvvy Inc,skip,duplicate,high,reuters,1
2026-04-01,7322,三十三フィナンシャルｸﾞﾙｰﾌﾟ,三十三フィナンシャルグループ,skip,duplicate,high,"kabutan,nikkei",2
2026-04-01,7322,三十三フィナンシャルｸﾞﾙｰﾌﾟ,San Ju San Financial,skip,duplicate,high,reuters,1
2026-04-01,7322,三十三フィナンシャルｸﾞﾙｰﾌﾟ,San Ju San Financial Group Inc,skip,duplicate,high,reuters,1
2026-04-01,7322,三十三フィナンシャルｸﾞﾙｰﾌﾟ,三十三FG,skip,duplicate,high,kabutan,1
2026-04-01,7325,アイリックｺｰﾎﾟﾚｰｼｮﾝ,アイリックコーポレーション,skip,duplicate,high,"kabutan,nikkei",2
2026-04-01,7325,アイリックｺｰﾎﾟﾚｰｼｮﾝ,IRRC,skip,duplicate,high,reuters,1
2026-04-01,7325,アイリックｺｰﾎﾟﾚｰｼｮﾝ,IRRC Corp,skip,duplicate,high,reuters,1
2026-04-01,7325,アイリックｺｰﾎﾟﾚｰｼｮﾝ,アイリック,skip,duplicate,high,kabutan,1
2026-04-01,7326,SBIインシュアランスｸﾞﾙｰﾌﾟ,SBIインシュアランスグループ,skip,duplicate,high,"kabutan,nikkei",2
2026-04-01,7326,SBIインシュアランスｸﾞﾙｰﾌﾟ,SBI Insurance,skip,duplicate,high,reuters,1
2026-04-01,7326,SBIインシュアランスｸﾞﾙｰﾌﾟ,SBI Insurance Group Co Ltd,skip,duplicate,high,reuters,1
2026-04-01,7326,SBIインシュアランスｸﾞﾙｰﾌﾟ,SBIIG,skip,duplicate,high,kabutan,1
2026-04-01,7326,SBIインシュアランスｸﾞﾙｰﾌﾟ,SBIインシュ,add,new_candidate,medium,tdnet,2
2026-04-01,7327,第四北越フィナンシャルｸﾞﾙｰﾌﾟ,第四北越FG,skip,duplicate,high,"kabutan,tdnet",3
2026-04-01,7327,第四北越フィナンシャルｸﾞﾙｰﾌﾟ,第四北越フィナンシャルグループ,skip,duplicate,high,"kabutan,nikkei",2
2026-04-01,7327,第四北越フィナンシャルｸﾞﾙｰﾌﾟ,Daishi Hokuetsu Financial,skip,duplicate,high,reuters,1
2026-04-01,7327,第四北越フィナンシャルｸﾞﾙｰﾌﾟ,Daishi Hokuetsu Financial Group Inc,skip,duplicate,high,reuters,1
2026-04-01,7337,ひろぎんﾎｰﾙﾃﾞｨﾝｸﾞｽ,ひろぎんHD,skip,duplicate,high,"kabutan,tdnet",5
2026-04-01,7337,ひろぎんﾎｰﾙﾃﾞｨﾝｸﾞｽ,ひろぎんホールディングス,skip,duplicate,high,"kabutan,nikkei",2
2026-04-01,7337,ひろぎんﾎｰﾙﾃﾞｨﾝｸﾞｽ,Hirogin,skip,duplicate,high,reuters,1
2026-04-01,7337,ひろぎんﾎｰﾙﾃﾞｨﾝｸﾞｽ,Hirogin Holdings Inc,skip,duplicate,high,reuters,1
2026-04-01,7343,ブロードマインド,ブロードマインド,add,exists_in_base,high,"kabutan,nikkei",2
2026-04-01,7343,ブロードマインド,Broad-Minded,skip,duplicate,high,reuters,1
2026-04-01,7343,ブロードマインド,Broad-Minded Co Ltd,skip,duplicate,high,reuters,1
2026-04-01,7343,ブロードマインド,Bマインド,skip,duplicate,high,kabutan,1
2026-04-01,7345,アイ・パートナーズフィナンシャル,アイ・パートナーズフィナンシャル,add,exists_in_base,high,"kabutan,nikkei",2
2026-04-01,7345,アイ・パートナーズフィナンシャル,Ai Partners Financial,skip,duplicate,high,reuters,1
2026-04-01,7345,アイ・パートナーズフィナンシャル,Ai Partners Financial Inc,skip,duplicate,high,reuters,1
2026-04-01,7345,アイ・パートナーズフィナンシャル,AIPF,skip,duplicate,high,kabutan,1
2026-04-01,7347,マーキュリアﾎｰﾙﾃﾞｨﾝｸﾞｽ,マーキュリアHD,skip,duplicate,high,tdnet,3
2026-04-01,7347,マーキュリアﾎｰﾙﾃﾞｨﾝｸﾞｽ,マーキュリアホールディングス,add,exists_in_base,high,"kabutan,nikkei",2
2026-04-01,7347,マーキュリアﾎｰﾙﾃﾞｨﾝｸﾞｽ,Mercuria,skip,duplicate,high,reuters,1
2026-04-01,7347,マーキュリアﾎｰﾙﾃﾞｨﾝｸﾞｽ,Mercuria Holdings Co Ltd,skip,duplicate,high,reuters,1
2026-04-01,7347,マーキュリアﾎｰﾙﾃﾞｨﾝｸﾞｽ,マーキュリア,add,new_candidate,medium,kabutan,1
2026-04-01,7350,おきなわフィナンシャルｸﾞﾙｰﾌﾟ,おきなわFG,skip,duplicate,high,"kabutan,tdnet",2
2026-04-01,7350,おきなわフィナンシャルｸﾞﾙｰﾌﾟ,おきなわフィナンシャルグループ,add,exists_in_base,high,"kabutan,nikkei",2
2026-04-01,7350,おきなわフィナンシャルｸﾞﾙｰﾌﾟ,Okinawa Financial,skip,duplicate,high,reuters,1
2026-04-01,7350,おきなわフィナンシャルｸﾞﾙｰﾌﾟ,Okinawa Financial Group Inc,skip,duplicate,high,reuters,1
2026-04-01,7351,グッドパッチ,グッドパッチ,add,exists_in_base,high,"kabutan,nikkei,tdnet",3
2026-04-01,7351,グッドパッチ,Goodpatch,skip,duplicate,high,reuters,1
2026-04-01,7351,グッドパッチ,Goodpatch Inc,skip,duplicate,high,reuters,1
2026-04-01,7352,TWOSTONE＆Sons,TWOSTONE&Sons,skip,duplicate,high,"kabutan,nikkei,reuters",3
2026-04-01,7352,TWOSTONE＆Sons,TWOSTONE&Sons Inc,skip,duplicate,high,reuters,1
2026-04-01,7352,TWOSTONE＆Sons,TWOST,review,new_candidate,low,kabutan,1
2026-04-01,7353,KIYOラーニング,KIYOラーニング,skip,duplicate,high,"kabutan,nikkei",2
2026-04-01,7353,KIYOラーニング,KIYO Learning,skip,duplicate,high,reuters,1
2026-04-01,7353,KIYOラーニング,KIYO Learning Co Ltd,skip,duplicate,high,reuters,1
2026-04-01,7353,KIYOラーニング,Kラーニング,skip,duplicate,high,kabutan,1
2026-04-01,7353,KIYOラーニング,KIYO,review,new_candidate,low,tdnet,3
2026-04-01,7354,ダイレクトマーケティングミックス,DmMiX,skip,duplicate,high,tdnet,4
2026-04-01,7354,ダイレクトマーケティングミックス,ダイレクトマーケティングミックス,add,exists_in_base,high,"kabutan,nikkei",2
2026-04-01,7354,ダイレクトマーケティングミックス,Direct Marketing MiX,skip,duplicate,high,reuters,1
2026-04-01,7354,ダイレクトマーケティングミックス,Direct Marketing MiX Inc,skip,duplicate,high,reuters,1
2026-04-01,7354,ダイレクトマーケティングミックス,Dmミックス,skip,duplicate,high,kabutan,1
2026-04-01,7356,Retty,Retty,skip,duplicate,high,"kabutan,nikkei,reuters,tdnet",5
2026-04-01,7356,Retty,Retty Inc,skip,duplicate,high,reuters,1
2026-04-01,7356,Retty,レッティ,skip,duplicate,high,kabutan,1
2026-04-01,7357,ジオコード,ジオコード,add,exists_in_base,high,"kabutan,nikkei",2
2026-04-01,7357,ジオコード,Geocode,skip,duplicate,high,reuters,1
2026-04-01,7357,ジオコード,Geocode Co Ltd,skip,duplicate,high,reuters,1
2026-04-01,7358,ポピンズ,ポピンズ,skip,duplicate,high,"kabutan,nikkei,tdnet",5
2026-04-01,7358,ポピンズ,Poppins,skip,duplicate,high,reuters,1
2026-04-01,7358,ポピンズ,Poppins Corp,skip,duplicate,high,reuters,1
2026-04-01,7359,東京通信ｸﾞﾙｰﾌﾟ,東京通信G,skip,duplicate,high,"kabutan,tdnet",3
2026-04-01,7359,東京通信ｸﾞﾙｰﾌﾟ,東京通信グループ,skip,duplicate,high,"kabutan,nikkei",2
2026-04-01,7359,東京通信ｸﾞﾙｰﾌﾟ,Tokyo Communications,skip,duplicate,high,reuters,1
2026-04-01,7359,東京通信ｸﾞﾙｰﾌﾟ,Tokyo Communications Group Inc,skip,duplicate,high,reuters,1
2026-04-01,7360,オンデック,オンデック,add,exists_in_base,high,"kabutan,nikkei",2
2026-04-01,7360,オンデック,Ondeck,skip,duplicate,high,reuters,1
2026-04-01,7360,オンデック,Ondeck Co Ltd,skip,duplicate,high,reuters,1
2026-04-01,7361,ヒューマンクリエイションﾎｰﾙﾃﾞｨﾝｸﾞｽ,ヒューマンクリエイションホールディングス,skip,duplicate,high,"kabutan,nikkei",2
2026-04-01,7361,ヒューマンクリエイションﾎｰﾙﾃﾞｨﾝｸﾞｽ,HCH,skip,duplicate,high,kabutan,1
2026-04-01,7361,ヒューマンクリエイションﾎｰﾙﾃﾞｨﾝｸﾞｽ,Human Creation,skip,duplicate,high,reuters,1
2026-04-01,7361,ヒューマンクリエイションﾎｰﾙﾃﾞｨﾝｸﾞｽ,Human Creation Holdings Inc,skip,duplicate,high,reuters,1
2026-04-01,7362,T．S．I,T.S.I,skip,duplicate,high,"kabutan,nikkei,tdnet",5
2026-04-01,7362,T．S．I,Terminalcare Support Institute,skip,duplicate,high,reuters,1
2026-04-01,7362,T．S．I,Terminalcare Support Institute Inc,skip,duplicate,high,reuters,1
2026-04-01,7363,ベビーカレンダー,ベビーカレンダー,add,exists_in_base,high,"kabutan,nikkei,tdnet",8
2026-04-01,7363,ベビーカレンダー,Baby Calendar,skip,duplicate,high,reuters,1
2026-04-01,7363,ベビーカレンダー,Baby Calendar Inc,skip,duplicate,high,reuters,1
2026-04-01,7363,ベビーカレンダー,ベビカレ,skip,duplicate,high,kabutan,1
2026-04-01,7366,LITALICO,LITALICO,skip,duplicate,high,"kabutan,nikkei,reuters,tdnet",5
2026-04-01,7366,LITALICO,Litalico Inc,skip,duplicate,high,reuters,1
2026-04-01,7366,LITALICO,りたりこ,skip,duplicate,high,kabutan,1
2026-04-01,7367,セルム,セルム,skip,duplicate,high,"kabutan,nikkei,tdnet",3
2026-04-01,7367,セルム,CELM,skip,duplicate,high,reuters,1
2026-04-01,7367,セルム,CELM Inc,skip,duplicate,high,reuters,1
2026-04-01,7368,表示灯,表示灯,skip,duplicate,high,"kabutan,nikkei",2
2026-04-01,7368,表示灯,Hyojito,skip,duplicate,high,reuters,1
2026-04-01,7368,表示灯,Hyojito Co Ltd,skip,duplicate,high,reuters,1
2026-04-01,7369,メイホーﾎｰﾙﾃﾞｨﾝｸﾞｽ,メイホーホールディングス,skip,duplicate,high,"kabutan,nikkei",2
2026-04-01,7369,メイホーﾎｰﾙﾃﾞｨﾝｸﾞｽ,Meiho,skip,duplicate,high,reuters,1
2026-04-01,7369,メイホーﾎｰﾙﾃﾞｨﾝｸﾞｽ,Meiho Holdings Inc,skip,duplicate,high,reuters,1
2026-04-01,7369,メイホーﾎｰﾙﾃﾞｨﾝｸﾞｽ,メイホーHD,skip,duplicate,high,kabutan,1
2026-04-01,7370,Enjin,Enjin,skip,duplicate,high,"kabutan,nikkei,reuters,tdnet",6
2026-04-01,7370,Enjin,Enjin Co Ltd,skip,duplicate,high,reuters,1
2026-04-01,7371,Zenken,Zenken,skip,duplicate,high,"kabutan,nikkei,reuters,tdnet",4
2026-04-01,7371,Zenken,Zenken Corp,skip,duplicate,high,reuters,1
2026-04-01,7372,デコルテ・ﾎｰﾙﾃﾞｨﾝｸﾞｽ,デコルテHD,skip,duplicate,high,"kabutan,tdnet",2
2026-04-01,7372,デコルテ・ﾎｰﾙﾃﾞｨﾝｸﾞｽ,デコルテ・ホールディングス,skip,duplicate,high,"kabutan,nikkei",2
2026-04-01,7372,デコルテ・ﾎｰﾙﾃﾞｨﾝｸﾞｽ,Decollte,skip,duplicate,high,reuters,1
2026-04-01,7372,デコルテ・ﾎｰﾙﾃﾞｨﾝｸﾞｽ,Decollte Holdings Corp,skip,duplicate,high,reuters,1
2026-04-01,7373,アイドマ・ﾎｰﾙﾃﾞｨﾝｸﾞｽ,アイドマ・ホールディングス,skip,duplicate,high,"kabutan,nikkei",2
2026-04-01,7373,アイドマ・ﾎｰﾙﾃﾞｨﾝｸﾞｽ,Aidma,skip,duplicate,high,reuters,1
2026-04-01,7373,アイドマ・ﾎｰﾙﾃﾞｨﾝｸﾞｽ,Aidma Holdings Inc,skip,duplicate,high,reuters,1
2026-04-01,7373,アイドマ・ﾎｰﾙﾃﾞｨﾝｸﾞｽ,アイドマHD,skip,duplicate,high,kabutan,1
2026-04-01,7374,コンフィデンス・インターワークス,コンフィデンス・インターワークス,add,exists_in_base,high,"kabutan,nikkei",2
2026-04-01,7374,コンフィデンス・インターワークス,Interworks Confidence,skip,duplicate,high,reuters,1
2026-04-01,7374,コンフィデンス・インターワークス,Interworks Confidence Inc,skip,duplicate,high,reuters,1
2026-04-01,7374,コンフィデンス・インターワークス,コンフインタ,skip,duplicate,high,kabutan,1
2026-04-01,7375,リファインバースｸﾞﾙｰﾌﾟ,リファインバースグループ,skip,duplicate,high,"kabutan,nikkei",2
2026-04-01,7375,リファインバースｸﾞﾙｰﾌﾟ,Refinverse,skip,duplicate,high,reuters,1
2026-04-01,7375,リファインバースｸﾞﾙｰﾌﾟ,Refinverse Group Inc,skip,duplicate,high,reuters,1
2026-04-01,7375,リファインバースｸﾞﾙｰﾌﾟ,リファバスG,skip,duplicate,high,kabutan,1
2026-04-01,7375,リファインバースｸﾞﾙｰﾌﾟ,リファインバスG,add,new_candidate,medium,tdnet,5
2026-04-01,7376,BCC,BCC,skip,duplicate,high,"kabutan,nikkei,reuters",3
2026-04-01,7376,BCC,BCC Co Ltd,skip,duplicate,high,reuters,1
2026-04-01,7377,DNﾎｰﾙﾃﾞｨﾝｸﾞｽ,DNホールディングス,skip,duplicate,high,"kabutan,nikkei,tdnet",6
2026-04-01,7377,DNﾎｰﾙﾃﾞｨﾝｸﾞｽ,DN Holdings Co Ltd,skip,duplicate,high,reuters,1
2026-04-01,7377,DNﾎｰﾙﾃﾞｨﾝｸﾞｽ,DNHD,skip,duplicate,high,kabutan,1
2026-04-01,7378,アシロ,アシロ,add,exists_in_base,high,"kabutan,nikkei,tdnet",7
2026-04-01,7378,アシロ,Asiro,skip,duplicate,high,reuters,1
2026-04-01,7378,アシロ,Asiro Inc,skip,duplicate,high,reuters,1
2026-04-01,7380,十六フィナンシャルｸﾞﾙｰﾌﾟ,十六FG,skip,duplicate,high,"kabutan,tdnet",3
2026-04-01,7380,十六フィナンシャルｸﾞﾙｰﾌﾟ,十六フィナンシャルグループ,add,exists_in_base,high,"kabutan,nikkei",2
2026-04-01,7380,十六フィナンシャルｸﾞﾙｰﾌﾟ,Juroku Financial,skip,duplicate,high,reuters,1
2026-04-01,7380,十六フィナンシャルｸﾞﾙｰﾌﾟ,Juroku Financial Group Inc,skip,duplicate,high,reuters,1
2026-04-01,7381,CCIｸﾞﾙｰﾌﾟ,CCIグループ,skip,duplicate,high,"kabutan,nikkei,tdnet",5
2026-04-01,7381,CCIｸﾞﾙｰﾌﾟ,CCI,skip,duplicate,high,reuters,1
2026-04-01,7381,CCIｸﾞﾙｰﾌﾟ,CCI Group Inc,skip,duplicate,high,reuters,1
2026-04-01,7381,CCIｸﾞﾙｰﾌﾟ,CCIG,skip,duplicate,high,kabutan,1
2026-04-01,7383,ネットプロテクションズﾎｰﾙﾃﾞｨﾝｸﾞｽ,ネットプロHD,skip,duplicate,high,tdnet,2
2026-04-01,7383,ネットプロテクションズﾎｰﾙﾃﾞｨﾝｸﾞｽ,ネットプロテクションズホールディングス,skip,duplicate,high,"kabutan,nikkei",2
2026-04-01,7383,ネットプロテクションズﾎｰﾙﾃﾞｨﾝｸﾞｽ,Net Protections,skip,duplicate,high,reuters,1
2026-04-01,7383,ネットプロテクションズﾎｰﾙﾃﾞｨﾝｸﾞｽ,Net Protections Holdings Inc,skip,duplicate,high,reuters,1
2026-04-01,7383,ネットプロテクションズﾎｰﾙﾃﾞｨﾝｸﾞｽ,ネットプロ,skip,duplicate,high,kabutan,1
2026-04-01,7384,プロクレアﾎｰﾙﾃﾞｨﾝｸﾞｽ,プロクレアホールディングス,add,exists_in_base,high,"kabutan,nikkei",2
2026-04-01,7384,プロクレアﾎｰﾙﾃﾞｨﾝｸﾞｽ,Procrea,skip,duplicate,high,reuters,1
2026-04-01,7384,プロクレアﾎｰﾙﾃﾞｨﾝｸﾞｽ,Procrea Holdings Inc,skip,duplicate,high,reuters,1
2026-04-01,7384,プロクレアﾎｰﾙﾃﾞｨﾝｸﾞｽ,プロクレアHD,skip,duplicate,high,tdnet,1
2026-04-01,7384,プロクレアﾎｰﾙﾃﾞｨﾝｸﾞｽ,プロクレHD,add,new_candidate,medium,kabutan,1
2026-04-01,7388,FPパートナー,FPパートナー,skip,duplicate,high,"kabutan,nikkei,tdnet",8
2026-04-01,7388,FPパートナー,FP Partner,skip,duplicate,high,reuters,1
2026-04-01,7388,FPパートナー,FP Partner Inc,skip,duplicate,high,reuters,1
2026-04-01,7388,FPパートナー,FPパートナ,skip,duplicate,high,kabutan,1
2026-04-01,7389,あいちフィナンシャルｸﾞﾙｰﾌﾟ,あいちFG,skip,duplicate,high,"kabutan,tdnet",4
2026-04-01,7389,あいちフィナンシャルｸﾞﾙｰﾌﾟ,あいちフィナンシャルグループ,skip,duplicate,high,"kabutan,nikkei",2
2026-04-01,7389,あいちフィナンシャルｸﾞﾙｰﾌﾟ,Aichi Financial,skip,duplicate,high,reuters,1
2026-04-01,7389,あいちフィナンシャルｸﾞﾙｰﾌﾟ,Aichi Financial Group Inc,skip,duplicate,high,reuters,1
2026-04-01,7399,ナンシン,ナンシン,skip,duplicate,high,"kabutan,nikkei",2
2026-04-01,7399,ナンシン,Nansin,skip,duplicate,high,reuters,1
2026-04-01,7399,ナンシン,Nansin Co Ltd,skip,duplicate,high,reuters,1
2026-04-01,7409,AeroEdge,AeroEdge,skip,duplicate,high,"kabutan,nikkei,reuters",3
2026-04-01,7409,AeroEdge,AeroEdge Co Ltd,skip,duplicate,high,reuters,1
2026-04-01,7409,AeroEdge,エアロエッジ,skip,duplicate,high,kabutan,1
2026-04-01,7412,アトム,アトム,skip,duplicate,high,"kabutan,nikkei",2
2026-04-01,7412,アトム,Atom,skip,duplicate,high,reuters,1
2026-04-01,7412,アトム,Atom Corp,skip,duplicate,high,reuters,1
2026-04-01,7413,創健社,創健社,add,exists_in_base,high,"kabutan,nikkei,tdnet",4
2026-04-01,7413,創健社,Sokensha,skip,duplicate,high,reuters,1
2026-04-01,7413,創健社,Sokensha Co Ltd,skip,duplicate,high,reuters,1
2026-04-01,7414,小野建,小野建,skip,duplicate,high,"kabutan,nikkei",2
2026-04-01,7414,小野建,Onoken,skip,duplicate,high,reuters,1
2026-04-01,7414,小野建,Onoken Co Ltd,skip,duplicate,high,reuters,1
2026-04-01,7416,はるやまﾎｰﾙﾃﾞｨﾝｸﾞｽ,はるやまHD,add,new_candidate,high,"kabutan,tdnet",2
2026-04-01,7416,はるやまﾎｰﾙﾃﾞｨﾝｸﾞｽ,はるやまホールディングス,add,exists_in_base,high,"kabutan,nikkei",2
2026-04-01,7416,はるやまﾎｰﾙﾃﾞｨﾝｸﾞｽ,Haruyama,skip,duplicate,high,reuters,1
2026-04-01,7416,はるやまﾎｰﾙﾃﾞｨﾝｸﾞｽ,Haruyama Holdings Inc,skip,duplicate,high,reuters,1
2026-04-01,7417,南陽,南陽,skip,duplicate,high,"kabutan,nikkei,tdnet",4
2026-04-01,7417,南陽,Nanyo,skip,duplicate,high,reuters,1
2026-04-01,7417,南陽,Nanyo Corp,skip,duplicate,high,reuters,1
2026-04-01,7419,ノジマ,ノジマ,skip,duplicate,high,"kabutan,nikkei,tdnet",4
2026-04-01,7419,ノジマ,Nojima,skip,duplicate,high,reuters,1
2026-04-01,7419,ノジマ,Nojima Corp,skip,duplicate,high,reuters,1
2026-04-01,7420,佐鳥電機,佐鳥電機,skip,duplicate,high,"kabutan,tdnet",5
2026-04-01,7420,佐鳥電機,7420.T,add,new_candidate,medium,reuters,1
2026-04-01,7421,カッパ・クリエイト,カッパ・クリエイト,skip,duplicate,high,"kabutan,nikkei",2
2026-04-01,7421,カッパ・クリエイト,Kappa Create,skip,duplicate,high,reuters,1
2026-04-01,7421,カッパ・クリエイト,Kappa Create Co Ltd,skip,duplicate,high,reuters,1
2026-04-01,7421,カッパ・クリエイト,カッパクリエ,skip,duplicate,high,kabutan,1
2026-04-01,7422,東邦レマック,東邦レマック,skip,duplicate,high,"kabutan,nikkei,tdnet",5
2026-04-01,7422,東邦レマック,Toho Lamac,skip,duplicate,high,reuters,1
2026-04-01,7422,東邦レマック,Toho Lamac Co Ltd,skip,duplicate,high,reuters,1
2026-04-01,7425,初穂商事,初穂商事,skip,duplicate,high,"kabutan,nikkei,tdnet",3
2026-04-01,7425,初穂商事,Hatsuho Shouji,skip,duplicate,high,reuters,1
2026-04-01,7425,初穂商事,Hatsuho Shouji Co Ltd,skip,duplicate,high,reuters,1
2026-04-01,7426,山大,山大,add,exists_in_base,high,"kabutan,nikkei,tdnet",3
2026-04-01,7426,山大,Yamadai,skip,duplicate,high,reuters,1
2026-04-01,7426,山大,Yamadai Corp,skip,duplicate,high,reuters,1
2026-04-01,7427,エコートレーディング,エコーTD,skip,duplicate,high,"kabutan,tdnet",2
2026-04-01,7427,エコートレーディング,エコートレーディング,add,exists_in_base,high,"kabutan,nikkei",2
2026-04-01,7427,エコートレーディング,Echo Trading,skip,duplicate,high,reuters,1
2026-04-01,7427,エコートレーディング,Echo Trading Co Ltd,skip,duplicate,high,reuters,1
2026-04-01,7433,伯東,伯東,skip,duplicate,high,"kabutan,nikkei,tdnet",4
2026-04-01,7433,伯東,Hakuto,skip,duplicate,high,reuters,1
2026-04-01,7433,伯東,Hakuto Co Ltd,skip,duplicate,high,reuters,1
2026-04-01,7434,オータケ,オータケ,add,exists_in_base,high,"kabutan,nikkei",2
2026-04-01,7434,オータケ,Otake,skip,duplicate,high,reuters,1
2026-04-01,7434,オータケ,Otake Corp,skip,duplicate,high,reuters,1
2026-04-01,7435,ナ・デックス,ナ・デックス,skip,duplicate,high,"kabutan,nikkei,tdnet",7
2026-04-01,7435,ナ・デックス,Nadex,skip,duplicate,high,reuters,1
2026-04-01,7435,ナ・デックス,Nadex Co Ltd,skip,duplicate,high,reuters,1
2026-04-01,7438,コンドーテック,コンドーテック,add,exists_in_base,high,"kabutan,nikkei",2
2026-04-01,7438,コンドーテック,Kondotec,skip,duplicate,high,reuters,1
2026-04-01,7438,コンドーテック,Kondotec Inc,skip,duplicate,high,reuters,1
2026-04-01,7438,コンドーテック,コンドー,skip,duplicate,high,kabutan,1
2026-04-01,7442,中山福,中山福,skip,duplicate,high,"kabutan,nikkei",2
2026-04-01,7442,中山福,Nakayamafuku,skip,duplicate,high,reuters,1
2026-04-01,7442,中山福,Nakayamafuku Co Ltd,skip,duplicate,high,reuters,1
2026-04-01,7443,横浜魚類,横浜魚類,skip,duplicate,high,"kabutan,nikkei",2
2026-04-01,7443,横浜魚類,Yokohama Gyorui,skip,duplicate,high,reuters,1
2026-04-01,7443,横浜魚類,Yokohama Gyorui Co Ltd,skip,duplicate,high,reuters,1
2026-04-01,7444,ハリマ共和物産,ハリマ共和物産,skip,duplicate,high,"kabutan,nikkei",2
2026-04-01,7444,ハリマ共和物産,Harima-Kyowa,skip,duplicate,high,reuters,1
2026-04-01,7444,ハリマ共和物産,Harima-Kyowa Co Ltd,skip,duplicate,high,reuters,1
2026-04-01,7444,ハリマ共和物産,ハリマ共和,skip,duplicate,high,kabutan,1
2026-04-01,7446,東北化学薬品,東北化学薬品,add,exists_in_base,high,"kabutan,nikkei",2
2026-04-01,7446,東北化学薬品,Tohoku Chemical,skip,duplicate,high,reuters,1
2026-04-01,7446,東北化学薬品,Tohoku Chemical Co Ltd,skip,duplicate,high,reuters,1
2026-04-01,7446,東北化学薬品,東北化学,skip,duplicate,high,kabutan,1
2026-04-01,7447,ナガイレーベン,ナガイレーベン,add,exists_in_base,high,"kabutan,nikkei",2
2026-04-01,7447,ナガイレーベン,Nagaileben,skip,duplicate,high,reuters,1
2026-04-01,7447,ナガイレーベン,Nagaileben Co Ltd,skip,duplicate,high,reuters,1
2026-04-01,7447,ナガイレーベン,ナガイレーベ,skip,duplicate,high,kabutan,1
2026-04-01,7450,サンデー,サンデー,skip,duplicate,high,"kabutan,tdnet",4
2026-04-01,7450,サンデー,7450.T,add,new_candidate,medium,reuters,1
2026-04-01,7453,良品計画,良品計画,skip,duplicate,high,"kabutan,nikkei,tdnet",3
2026-04-01,7453,良品計画,Ryohin Keikaku,skip,duplicate,high,reuters,1
2026-04-01,7453,良品計画,Ryohin Keikaku Co Ltd,skip,duplicate,high,reuters,1
2026-04-01,7455,パリミキﾎｰﾙﾃﾞｨﾝｸﾞｽ,パリミキHD,skip,duplicate,high,"kabutan,tdnet",3
2026-04-01,7455,パリミキﾎｰﾙﾃﾞｨﾝｸﾞｽ,パリミキホールディングス,skip,duplicate,high,kabutan,1
2026-04-01,7455,パリミキﾎｰﾙﾃﾞｨﾝｸﾞｽ,7455.T,add,new_candidate,medium,reuters,1
2026-04-01,7456,松田産業,松田産業,add,exists_in_base,high,"kabutan,nikkei",2
2026-04-01,7456,松田産業,Matsuda Sangyo,skip,duplicate,high,reuters,1
2026-04-01,7456,松田産業,Matsuda Sangyo Co Ltd,skip,duplicate,high,reuters,1
2026-04-01,7458,第一興商,第一興商,skip,duplicate,high,"kabutan,nikkei,tdnet",3
2026-04-01,7458,第一興商,Daiichikosho,skip,duplicate,high,reuters,1
2026-04-01,7458,第一興商,Daiichikosho Co Ltd,skip,duplicate,high,reuters,1
2026-04-01,7459,メディパルﾎｰﾙﾃﾞｨﾝｸﾞｽ,メディパルホールディングス,skip,duplicate,high,"kabutan,nikkei",2
2026-04-01,7459,メディパルﾎｰﾙﾃﾞｨﾝｸﾞｽ,Medipal,skip,duplicate,high,reuters,1
2026-04-01,7459,メディパルﾎｰﾙﾃﾞｨﾝｸﾞｽ,Medipal Holdings Corp,skip,duplicate,high,reuters,1
2026-04-01,7459,メディパルﾎｰﾙﾃﾞｨﾝｸﾞｽ,メディパル,skip,duplicate,high,kabutan,1
2026-04-01,7460,ヤギ,ヤギ,skip,duplicate,high,"kabutan,nikkei",2
2026-04-01,7460,ヤギ,Yagi &,skip,duplicate,high,reuters,1
2026-04-01,7460,ヤギ,Yagi & Co Ltd,skip,duplicate,high,reuters,1
2026-04-01,7461,キムラ,キムラ,add,exists_in_base,high,"kabutan,nikkei,tdnet",3
2026-04-01,7461,キムラ,Kimura,skip,duplicate,high,reuters,1
2026-04-01,7461,キムラ,Kimura Co Ltd,skip,duplicate,high,reuters,1
2026-04-01,7462,CAPITA,CAPITA,skip,duplicate,high,"kabutan,nikkei,reuters,tdnet",4
2026-04-01,7462,CAPITA,Capita Inc,skip,duplicate,high,reuters,1
2026-04-01,7463,アドヴァンｸﾞﾙｰﾌﾟ,アドヴァングループ,skip,duplicate,high,"kabutan,nikkei,tdnet",4
2026-04-01,7463,アドヴァンｸﾞﾙｰﾌﾟ,Advan,skip,duplicate,high,reuters,1
2026-04-01,7463,アドヴァンｸﾞﾙｰﾌﾟ,Advan Group Co Ltd,skip,duplicate,high,reuters,1
2026-04-01,7463,アドヴァンｸﾞﾙｰﾌﾟ,アドヴァンG,skip,duplicate,high,kabutan,1
2026-04-01,7464,セフテック,セフテック,skip,duplicate,high,"kabutan,nikkei,tdnet",3
2026-04-01,7464,セフテック,Saftec,skip,duplicate,high,reuters,1
2026-04-01,7464,セフテック,Saftec Co Ltd,skip,duplicate,high,reuters,1
2026-04-01,7466,SPK,SPK,skip,duplicate,high,"kabutan,nikkei,reuters,tdnet",4
2026-04-01,7466,SPK,SPK Corp,skip,duplicate,high,reuters,1
2026-04-01,7467,萩原電気ﾎｰﾙﾃﾞｨﾝｸﾞｽ,萩原電気HD,skip,duplicate,high,"kabutan,tdnet",4
2026-04-01,7467,萩原電気ﾎｰﾙﾃﾞｨﾝｸﾞｽ,萩原電気ホールディングス,skip,duplicate,high,kabutan,1
2026-04-01,7467,萩原電気ﾎｰﾙﾃﾞｨﾝｸﾞｽ,7467.T,add,new_candidate,medium,reuters,1
2026-04-01,7472,鳥羽洋行,鳥羽洋行,skip,duplicate,high,"kabutan,nikkei,tdnet",3
2026-04-01,7472,鳥羽洋行,Toba,skip,duplicate,high,reuters,1
2026-04-01,7472,鳥羽洋行,Toba Inc,skip,duplicate,high,reuters,1
2026-04-01,7475,アルビス,アルビス,skip,duplicate,high,"kabutan,nikkei",2
2026-04-01,7475,アルビス,Albis,skip,duplicate,high,reuters,1
2026-04-01,7475,アルビス,Albis Co Ltd,skip,duplicate,high,reuters,1
2026-04-01,7476,アズワン,アズワン,skip,duplicate,high,"kabutan,nikkei,tdnet",5
2026-04-01,7476,アズワン,As One,skip,duplicate,high,reuters,1
2026-04-01,7476,アズワン,As One Corp,skip,duplicate,high,reuters,1
2026-04-01,7477,ムラキ,ムラキ,skip,duplicate,high,"kabutan,nikkei,tdnet",3
2026-04-01,7477,ムラキ,Muraki,skip,duplicate,high,reuters,1
2026-04-01,7477,ムラキ,Muraki Corp,skip,duplicate,high,reuters,1
2026-04-01,7480,スズデン,スズデン,skip,duplicate,high,"kabutan,nikkei,tdnet",4
2026-04-01,7480,スズデン,Suzuden,skip,duplicate,high,reuters,1
2026-04-01,7480,スズデン,Suzuden Corp,skip,duplicate,high,reuters,1
2026-04-01,7481,尾家産業,尾家産業,add,exists_in_base,high,"kabutan,nikkei",2
2026-04-01,7481,尾家産業,Oie Sangyo,skip,duplicate,high,reuters,1
2026-04-01,7481,尾家産業,Oie Sangyo Co Ltd,skip,duplicate,high,reuters,1
2026-04-01,7481,尾家産業,尾家産,skip,duplicate,high,kabutan,1
2026-04-01,7482,シモジマ,シモジマ,skip,duplicate,high,"kabutan,nikkei,tdnet",6
2026-04-01,7482,シモジマ,Shimojima,skip,duplicate,high,reuters,1
2026-04-01,7482,シモジマ,Shimojima Co Ltd,skip,duplicate,high,reuters,1
2026-04-01,7483,ドウシシャ,ドウシシャ,skip,duplicate,high,"kabutan,nikkei,tdnet",3
2026-04-01,7483,ドウシシャ,Doshisha,skip,duplicate,high,reuters,1
2026-04-01,7483,ドウシシャ,Doshisha Co Ltd,skip,duplicate,high,reuters,1
2026-04-01,7486,サンリン,サンリン,skip,duplicate,high,"kabutan,nikkei,tdnet",4
2026-04-01,7486,サンリン,Sanrin,skip,duplicate,high,reuters,1
2026-04-01,7486,サンリン,Sanrin Co Ltd,skip,duplicate,high,reuters,1
2026-04-01,7487,小津産業,小津産業,add,exists_in_base,high,"kabutan,nikkei",2
2026-04-01,7487,小津産業,Ozu,skip,duplicate,high,reuters,1
2026-04-01,7487,小津産業,Ozu Corp,skip,duplicate,high,reuters,1
2026-04-01,7490,日新商事,日新商,skip,duplicate,high,"kabutan,tdnet",3
2026-04-01,7490,日新商事,日新商事,add,exists_in_base,high,"kabutan,nikkei",2
2026-04-01,7490,日新商事,Nissin Shoji,skip,duplicate,high,reuters,1
2026-04-01,7490,日新商事,Nissin Shoji Co Ltd,skip,duplicate,high,reuters,1
2026-04-01,7494,コナカ,コナカ,skip,duplicate,high,"kabutan,nikkei",2
2026-04-01,7494,コナカ,Konaka,skip,duplicate,high,reuters,1
2026-04-01,7494,コナカ,Konaka Co Ltd,skip,duplicate,high,reuters,1
2026-04-01,7500,西川計測,西川計測,skip,duplicate,high,"kabutan,nikkei,tdnet",3
2026-04-01,7500,西川計測,Nishikawa Keisoku,skip,duplicate,high,reuters,1
2026-04-01,7500,西川計測,Nishikawa Keisoku Co Ltd,skip,duplicate,high,reuters,1
2026-04-01,7501,ティムコ,ティムコ,skip,duplicate,high,"kabutan,nikkei",2
2026-04-01,7501,ティムコ,Tiemco,skip,duplicate,high,reuters,1
2026-04-01,7501,ティムコ,Tiemco Ltd,skip,duplicate,high,reuters,1
2026-04-01,7502,プラザﾎｰﾙﾃﾞｨﾝｸﾞｽ,プラザHD,skip,duplicate,high,"kabutan,tdnet",2
2026-04-01,7502,プラザﾎｰﾙﾃﾞｨﾝｸﾞｽ,プラザホールディングス,skip,duplicate,high,"kabutan,nikkei",2
2026-04-01,7502,プラザﾎｰﾙﾃﾞｨﾝｸﾞｽ,Plaza,skip,duplicate,high,reuters,1
2026-04-01,7502,プラザﾎｰﾙﾃﾞｨﾝｸﾞｽ,Plaza Holdings Co Ltd,skip,duplicate,high,reuters,1
2026-04-01,7504,高速,高速,skip,duplicate,high,"kabutan,nikkei",2
2026-04-01,7504,高速,7504.T,add,new_candidate,medium,reuters,1
2026-04-01,7505,扶桑電通,扶桑電通,add,exists_in_base,high,"kabutan,nikkei",2
2026-04-01,7505,扶桑電通,Fuso Dentsu,skip,duplicate,high,reuters,1
2026-04-01,7505,扶桑電通,Fuso Dentsu Co Ltd,skip,duplicate,high,reuters,1
2026-04-01,7506,ハウス オブ ローゼ,ハウスローゼ,skip,duplicate,high,"kabutan,tdnet",4
2026-04-01,7506,ハウス オブ ローゼ,ハウス オブ ローゼ,add,exists_in_base,high,"kabutan,nikkei",2
2026-04-01,7506,ハウス オブ ローゼ,House of Rose,skip,duplicate,high,reuters,1
2026-04-01,7506,ハウス オブ ローゼ,House of Rose Co Ltd,skip,duplicate,high,reuters,1
2026-04-01,7508,G‐7ﾎｰﾙﾃﾞｨﾝｸﾞｽ,GセブンHD,skip,duplicate,high,"kabutan,tdnet",4
2026-04-01,7508,G‐7ﾎｰﾙﾃﾞｨﾝｸﾞｽ,G-7ホールディングス,skip,duplicate,high,"kabutan,nikkei",2
2026-04-01,7508,G‐7ﾎｰﾙﾃﾞｨﾝｸﾞｽ,G-7,skip,duplicate,high,reuters,1
2026-04-01,7508,G‐7ﾎｰﾙﾃﾞｨﾝｸﾞｽ,G-7 Holdings Inc,skip,duplicate,high,reuters,1
2026-04-01,7509,アイエーｸﾞﾙｰﾌﾟ,アイエーグループ,skip,duplicate,high,"kabutan,nikkei",2
2026-04-01,7509,アイエーｸﾞﾙｰﾌﾟ,I.A,skip,duplicate,high,reuters,1
2026-04-01,7509,アイエーｸﾞﾙｰﾌﾟ,I.A Group Corp,skip,duplicate,high,reuters,1
2026-04-01,7509,アイエーｸﾞﾙｰﾌﾟ,アイエーG,skip,duplicate,high,kabutan,1
2026-04-01,7510,たけびし,たけびし,skip,duplicate,high,"kabutan,nikkei,tdnet",3
2026-04-01,7510,たけびし,Takebishi,skip,duplicate,high,reuters,1
2026-04-01,7510,たけびし,Takebishi Corp,skip,duplicate,high,reuters,1
2026-04-01,7512,イオン北海道,イオン北海道,add,exists_in_base,high,"kabutan,nikkei",2
2026-04-01,7512,イオン北海道,Aeon Hokkaido,skip,duplicate,high,reuters,1
2026-04-01,7512,イオン北海道,Aeon Hokkaido Corp,skip,duplicate,high,reuters,1
2026-04-01,7513,コジマ,コジマ,add,exists_in_base,high,"kabutan,nikkei",2
2026-04-01,7513,コジマ,Kojima,skip,duplicate,high,reuters,1
2026-04-01,7513,コジマ,Kojima Co Ltd,skip,duplicate,high,reuters,1
2026-04-01,7514,ヒマラヤ,ヒマラヤ,add,exists_in_base,high,"kabutan,nikkei,tdnet",3
2026-04-01,7514,ヒマラヤ,Himaraya,skip,duplicate,high,reuters,1
2026-04-01,7514,ヒマラヤ,Himaraya Co Ltd,skip,duplicate,high,reuters,1
2026-04-01,7515,マルヨシセンター,マルヨシセンター,add,exists_in_base,high,"kabutan,nikkei",2
2026-04-01,7515,マルヨシセンター,Maruyoshi Center,skip,duplicate,high,reuters,1
2026-04-01,7515,マルヨシセンター,Maruyoshi Center Inc,skip,duplicate,high,reuters,1
2026-04-01,7515,マルヨシセンター,マルヨシ,skip,duplicate,high,kabutan,1
2026-04-01,7516,コーナン商事,コーナン商,skip,duplicate,high,tdnet,3
2026-04-01,7516,コーナン商事,コーナン商事,add,exists_in_base,high,"kabutan,nikkei",2
2026-04-01,7516,コーナン商事,Kohnan Shoji,skip,duplicate,high,reuters,1
2026-04-01,7516,コーナン商事,Kohnan Shoji Co Ltd,skip,duplicate,high,reuters,1
2026-04-01,7516,コーナン商事,コーナン,skip,duplicate,high,kabutan,1
2026-04-01,7520,エコス,エコス,add,exists_in_base,high,"kabutan,nikkei,tdnet",3
2026-04-01,7520,エコス,Eco's,skip,duplicate,high,reuters,1
2026-04-01,7520,エコス,Eco's Co Ltd,skip,duplicate,high,reuters,1
2026-04-01,7521,ムサシ,ムサシ,skip,duplicate,high,"kabutan,nikkei",2
2026-04-01,7521,ムサシ,Musashi,skip,duplicate,high,reuters,1
2026-04-01,7521,ムサシ,Musashi Co Ltd,skip,duplicate,high,reuters,1
2026-04-01,7522,ワタミ,ワタミ,add,exists_in_base,high,"kabutan,nikkei,tdnet",3
2026-04-01,7522,ワタミ,Watami,skip,duplicate,high,reuters,1
2026-04-01,7522,ワタミ,Watami Co Ltd,skip,duplicate,high,reuters,1
2026-04-01,7523,アールビバン,アールビバン,add,exists_in_base,high,"kabutan,nikkei,tdnet",3
2026-04-01,7523,アールビバン,Art Vivant,skip,duplicate,high,reuters,1
2026-04-01,7523,アールビバン,Art Vivant Co Ltd,skip,duplicate,high,reuters,1
2026-04-01,7524,マルシェ,マルシェ,skip,duplicate,high,"kabutan,nikkei,tdnet",4
2026-04-01,7524,マルシェ,Marche,skip,duplicate,high,reuters,1
2026-04-01,7524,マルシェ,Marche Corp,skip,duplicate,high,reuters,1
2026-04-01,7525,リックス,リックス,add,exists_in_base,high,"kabutan,nikkei,tdnet",5
2026-04-01,7525,リックス,RIX,skip,duplicate,high,reuters,1
2026-04-01,7525,リックス,RIX Corp,skip,duplicate,high,reuters,1
2026-04-01,7527,システムソフト,システムソフト,skip,duplicate,high,"kabutan,nikkei",2
2026-04-01,7527,システムソフト,Systemsoft,skip,duplicate,high,reuters,1
2026-04-01,7527,システムソフト,Systemsoft Corp,skip,duplicate,high,reuters,1
2026-04-01,7527,システムソフト,システムソフ,skip,duplicate,high,kabutan,1
2026-04-01,7531,清和中央ﾎｰﾙﾃﾞｨﾝｸﾞｽ,清和中央ホールディングス,skip,duplicate,high,"kabutan,nikkei",2
2026-04-01,7531,清和中央ﾎｰﾙﾃﾞｨﾝｸﾞｽ,Seiwa Chuo,skip,duplicate,high,reuters,1
2026-04-01,7531,清和中央ﾎｰﾙﾃﾞｨﾝｸﾞｽ,Seiwa Chuo Holdings Corp,skip,duplicate,high,reuters,1
2026-04-01,7531,清和中央ﾎｰﾙﾃﾞｨﾝｸﾞｽ,清和中央HD,skip,duplicate,high,kabutan,1
2026-04-01,7531,清和中央ﾎｰﾙﾃﾞｨﾝｸﾞｽ,清和中央,add,new_candidate,medium,tdnet,1
2026-04-01,7532,パン・パシフィック・ｲﾝﾀｰﾅｼｮﾅﾙﾎｰﾙﾃﾞｨﾝｸﾞｽ,パンパシフィックHD,skip,duplicate,high,tdnet,4
2026-04-01,7532,パン・パシフィック・ｲﾝﾀｰﾅｼｮﾅﾙﾎｰﾙﾃﾞｨﾝｸﾞｽ,パン・パシフィック・インターナショナルホールディングス,skip,duplicate,high,"kabutan,nikkei",2
2026-04-01,7532,パン・パシフィック・ｲﾝﾀｰﾅｼｮﾅﾙﾎｰﾙﾃﾞｨﾝｸﾞｽ,Pan Pacific International,skip,duplicate,high,reuters,1
2026-04-01,7532,パン・パシフィック・ｲﾝﾀｰﾅｼｮﾅﾙﾎｰﾙﾃﾞｨﾝｸﾞｽ,Pan Pacific International Holdings Corp,skip,duplicate,high,reuters,1
2026-04-01,7532,パン・パシフィック・ｲﾝﾀｰﾅｼｮﾅﾙﾎｰﾙﾃﾞｨﾝｸﾞｽ,パンパシHD,skip,duplicate,high,kabutan,1
2026-04-01,7537,丸文,丸文,skip,duplicate,high,"kabutan,nikkei,tdnet",3
2026-04-01,7537,丸文,Marubun,skip,duplicate,high,reuters,1
2026-04-01,7537,丸文,Marubun Corp,skip,duplicate,high,reuters,1
2026-04-01,7538,大水,大水,skip,duplicate,high,"kabutan,nikkei,tdnet",3
2026-04-01,7538,大水,Daisui,skip,duplicate,high,reuters,1
2026-04-01,7538,大水,Daisui Co Ltd,skip,duplicate,high,reuters,1
2026-04-01,7539,アイナボﾎｰﾙﾃﾞｨﾝｸﾞｽ,アイナボHD,skip,duplicate,high,"kabutan,tdnet",3
2026-04-01,7539,アイナボﾎｰﾙﾃﾞｨﾝｸﾞｽ,アイナボホールディングス,skip,duplicate,high,"kabutan,nikkei",2
2026-04-01,7539,アイナボﾎｰﾙﾃﾞｨﾝｸﾞｽ,Ainavo,skip,duplicate,high,reuters,1
2026-04-01,7539,アイナボﾎｰﾙﾃﾞｨﾝｸﾞｽ,Ainavo Holdings Co Ltd,skip,duplicate,high,reuters,1
2026-04-01,7544,スリーエフ,スリーエフ,skip,duplicate,high,"kabutan,nikkei",2
2026-04-01,7544,スリーエフ,Three F,skip,duplicate,high,reuters,1
2026-04-01,7544,スリーエフ,Three F Co Ltd,skip,duplicate,high,reuters,1
2026-04-01,7545,西松屋チェーン,西松屋チェ,skip,duplicate,high,"kabutan,tdnet",3
2026-04-01,7545,西松屋チェーン,西松屋チェーン,add,exists_in_base,high,"kabutan,nikkei",2
2026-04-01,7545,西松屋チェーン,Nishimatsuya Chain,skip,duplicate,high,reuters,1
2026-04-01,7545,西松屋チェーン,Nishimatsuya Chain Co Ltd,skip,duplicate,high,reuters,1
2026-04-01,7550,ゼンショーﾎｰﾙﾃﾞｨﾝｸﾞｽ,ゼンショーホールディングス,skip,duplicate,high,"kabutan,nikkei",2
2026-04-01,7550,ゼンショーﾎｰﾙﾃﾞｨﾝｸﾞｽ,Zensho,skip,duplicate,high,reuters,1
2026-04-01,7550,ゼンショーﾎｰﾙﾃﾞｨﾝｸﾞｽ,Zensho Holdings Co Ltd,skip,duplicate,high,reuters,1
2026-04-01,7550,ゼンショーﾎｰﾙﾃﾞｨﾝｸﾞｽ,ゼンショHD,skip,duplicate,high,kabutan,1
2026-04-01,7550,ゼンショーﾎｰﾙﾃﾞｨﾝｸﾞｽ,ゼンショーHD,add,new_candidate,medium,tdnet,1
2026-04-01,7551,ウェッズ,ウェッズ,skip,duplicate,high,"kabutan,nikkei",2
2026-04-01,7551,ウェッズ,Weds,skip,duplicate,high,reuters,1
2026-04-01,7551,ウェッズ,Weds Co Ltd,skip,duplicate,high,reuters,1
2026-04-01,7552,ハピネット,ハピネット,skip,duplicate,high,"kabutan,nikkei,tdnet",4
2026-04-01,7552,ハピネット,Happinet,skip,duplicate,high,reuters,1
2026-04-01,7552,ハピネット,Happinet Corp,skip,duplicate,high,reuters,1
2026-04-01,7554,幸楽苑,幸楽苑,skip,duplicate,high,"kabutan,nikkei,tdnet",3
2026-04-01,7554,幸楽苑,Kourakuen,skip,duplicate,high,reuters,1
2026-04-01,7554,幸楽苑,Kourakuen Corp,skip,duplicate,high,reuters,1
2026-04-01,7555,大田花き,大田花き,add,exists_in_base,high,"kabutan,nikkei,tdnet",3
2026-04-01,7555,大田花き,Ota Floriculture Auction,skip,duplicate,high,reuters,1
2026-04-01,7555,大田花き,Ota Floriculture Auction Co Ltd,skip,duplicate,high,reuters,1
2026-04-01,7561,ハークスレイ,ハークスレイ,add,exists_in_base,high,"kabutan,nikkei",2
2026-04-01,7561,ハークスレイ,Hurxley,skip,duplicate,high,reuters,1
2026-04-01,7561,ハークスレイ,Hurxley Corp,skip,duplicate,high,reuters,1
2026-04-01,7562,安楽亭,安楽亭,skip,duplicate,high,"kabutan,nikkei,tdnet",4
2026-04-01,7562,安楽亭,Anrakutei,skip,duplicate,high,reuters,1
2026-04-01,7562,安楽亭,Anrakutei Co Ltd,skip,duplicate,high,reuters,1
2026-04-01,7564,ワークマン,ワークマン,skip,duplicate,high,"kabutan,nikkei,tdnet",5
2026-04-01,7564,ワークマン,Workman,skip,duplicate,high,reuters,1
2026-04-01,7564,ワークマン,Workman Co Ltd,skip,duplicate,high,reuters,1
2026-04-01,7565,萬世電機,万世電機,skip,duplicate,high,"kabutan,nikkei",2
2026-04-01,7565,萬世電機,萬世電機,skip,duplicate,high,"kabutan,tdnet",2
2026-04-01,7565,萬世電機,Mansei,skip,duplicate,high,reuters,1
2026-04-01,7565,萬世電機,Mansei Corp,skip,duplicate,high,reuters,1
2026-04-01,7567,栄電子,栄電子,add,exists_in_base,high,"kabutan,nikkei,tdnet",3
2026-04-01,7567,栄電子,Sakae Electronics,skip,duplicate,high,reuters,1
2026-04-01,7567,栄電子,Sakae Electronics Corp,skip,duplicate,high,reuters,1
2026-04-01,7570,橋本総業ﾎｰﾙﾃﾞｨﾝｸﾞｽ,橋本総業HD,skip,duplicate,high,"kabutan,tdnet",2
2026-04-01,7570,橋本総業ﾎｰﾙﾃﾞｨﾝｸﾞｽ,橋本総業ホールディングス,skip,duplicate,high,"kabutan,nikkei",2
2026-04-01,7570,橋本総業ﾎｰﾙﾃﾞｨﾝｸﾞｽ,Hashimoto Sogyo,skip,duplicate,high,reuters,1
2026-04-01,7570,橋本総業ﾎｰﾙﾃﾞｨﾝｸﾞｽ,Hashimoto Sogyo Holdings Co Ltd,skip,duplicate,high,reuters,1
2026-04-01,7571,ヤマノﾎｰﾙﾃﾞｨﾝｸﾞｽ,ヤマノHD,skip,duplicate,high,"kabutan,tdnet",2
2026-04-01,7571,ヤマノﾎｰﾙﾃﾞｨﾝｸﾞｽ,ヤマノホールディングス,skip,duplicate,high,"kabutan,nikkei",2
2026-04-01,7571,ヤマノﾎｰﾙﾃﾞｨﾝｸﾞｽ,Yamano,skip,duplicate,high,reuters,1
2026-04-01,7571,ヤマノﾎｰﾙﾃﾞｨﾝｸﾞｽ,Yamano Holdings Corp,skip,duplicate,high,reuters,1
2026-04-01,7575,日本ライフライン,日本ライフライン,skip,duplicate,high,"kabutan,nikkei",2
2026-04-01,7575,日本ライフライン,Japan Lifeline,skip,duplicate,high,reuters,1
2026-04-01,7575,日本ライフライン,Japan Lifeline Co Ltd,skip,duplicate,high,reuters,1
2026-04-01,7575,日本ライフライン,日本ライフL,skip,duplicate,high,kabutan,1
2026-04-01,7578,ニチリョク,ニチリョク,skip,duplicate,high,"kabutan,nikkei,tdnet",7
2026-04-01,7578,ニチリョク,Nichiryoku,skip,duplicate,high,reuters,1
2026-04-01,7578,ニチリョク,Nichiryoku Co Ltd,skip,duplicate,high,reuters,1
2026-04-01,7581,サイゼリヤ,サイゼリヤ,skip,duplicate,high,"kabutan,nikkei",2
2026-04-01,7581,サイゼリヤ,Saizeriya,skip,duplicate,high,reuters,1
2026-04-01,7581,サイゼリヤ,Saizeriya Co Ltd,skip,duplicate,high,reuters,1
2026-04-01,7585,かんなん丸,かんなん丸,add,exists_in_base,high,"kabutan,nikkei",2
2026-04-01,7585,かんなん丸,Kan-Nanmaru,skip,duplicate,high,reuters,1
2026-04-01,7585,かんなん丸,Kan-Nanmaru Corp,skip,duplicate,high,reuters,1
2026-04-01,7585,かんなん丸,かんなん,skip,duplicate,high,tdnet,1
2026-04-01,7590,タカショー,タカショー,skip,duplicate,high,"kabutan,nikkei,tdnet",6
2026-04-01,7590,タカショー,Takasho,skip,duplicate,high,reuters,1
2026-04-01,7590,タカショー,Takasho Co Ltd,skip,duplicate,high,reuters,1
2026-04-01,7593,VTﾎｰﾙﾃﾞｨﾝｸﾞｽ,VTホールディングス,skip,duplicate,high,"kabutan,nikkei",2
2026-04-01,7593,VTﾎｰﾙﾃﾞｨﾝｸﾞｽ,VT Holdings Co Ltd,skip,duplicate,high,reuters,1
2026-04-01,7593,VTﾎｰﾙﾃﾞｨﾝｸﾞｽ,VTHD,skip,duplicate,high,kabutan,1
2026-04-01,7595,アルゴグラフィックス,アルゴグラフ,skip,duplicate,high,"kabutan,tdnet",2
2026-04-01,7595,アルゴグラフィックス,アルゴグラフィックス,add,exists_in_base,high,"kabutan,nikkei",2
2026-04-01,7595,アルゴグラフィックス,Argo Graphics,skip,duplicate,high,reuters,1
2026-04-01,7595,アルゴグラフィックス,Argo Graphics Inc,skip,duplicate,high,reuters,1
2026-04-01,7596,魚力,魚力,skip,duplicate,high,"kabutan,nikkei,tdnet",3
2026-04-01,7596,魚力,Uoriki,skip,duplicate,high,reuters,1
2026-04-01,7596,魚力,Uoriki Co Ltd,skip,duplicate,high,reuters,1
2026-04-01,7599,IDOM,IDOM,skip,duplicate,high,"kabutan,nikkei,reuters",3
2026-04-01,7599,IDOM,IDOM Inc,skip,duplicate,high,reuters,1
2026-04-01,7600,日本エム・ディ・エム,日本エム・ディ・エム,add,exists_in_base,high,"kabutan,nikkei",2
2026-04-01,7600,日本エム・ディ・エム,Japan Medical Dynamic Marketing,skip,duplicate,high,reuters,1
2026-04-01,7600,日本エム・ディ・エム,Japan Medical Dynamic Marketing Inc,skip,duplicate,high,reuters,1
2026-04-01,7600,日本エム・ディ・エム,日本MDM,skip,duplicate,high,kabutan,1
2026-04-01,7600,日本エム・ディ・エム,MDM,review,new_candidate,low,tdnet,3
2026-04-01,7601,ポプラ,ポプラ,skip,duplicate,high,"kabutan,nikkei,tdnet",3
2026-04-01,7601,ポプラ,Poplar,skip,duplicate,high,reuters,1
2026-04-01,7601,ポプラ,Poplar Co Ltd,skip,duplicate,high,reuters,1
2026-04-01,7602,レダックス,レダックス,skip,duplicate,high,"kabutan,nikkei,tdnet",6
2026-04-01,7602,レダックス,Ledax,skip,duplicate,high,reuters,1
2026-04-01,7602,レダックス,Ledax Co Ltd,skip,duplicate,high,reuters,1
2026-04-01,7603,ジーイエット,ジーイエット,skip,duplicate,high,"kabutan,nikkei,tdnet",8
2026-04-01,7603,ジーイエット,Gyet,skip,duplicate,high,reuters,1
2026-04-01,7603,ジーイエット,Gyet Co Ltd,skip,duplicate,high,reuters,1
2026-04-01,7604,梅の花ｸﾞﾙｰﾌﾟ,梅の花グループ,skip,duplicate,high,"kabutan,nikkei,tdnet",5
2026-04-01,7604,梅の花ｸﾞﾙｰﾌﾟ,Umenohana,skip,duplicate,high,reuters,1
2026-04-01,7604,梅の花ｸﾞﾙｰﾌﾟ,Umenohana Group Co Ltd,skip,duplicate,high,reuters,1
2026-04-01,7604,梅の花ｸﾞﾙｰﾌﾟ,梅の花G,skip,duplicate,high,kabutan,1
2026-04-01,7606,ユナイテッドアローズ,Uアローズ,skip,duplicate,high,"kabutan,tdnet",7
2026-04-01,7606,ユナイテッドアローズ,ユナイテッドアローズ,add,exists_in_base,high,"kabutan,nikkei",2
2026-04-01,7606,ユナイテッドアローズ,United Arrows,skip,duplicate,high,reuters,1
2026-04-01,7606,ユナイテッドアローズ,United Arrows Ltd,skip,duplicate,high,reuters,1
2026-04-01,7607,進和,進和,skip,duplicate,high,"kabutan,nikkei,tdnet",3
2026-04-01,7607,進和,Shinwa,skip,duplicate,high,reuters,1
2026-04-01,7607,進和,Shinwa Co Ltd,skip,duplicate,high,reuters,1
2026-04-01,7608,エスケイジャパン,SKジャパン,skip,duplicate,high,"kabutan,tdnet",2
2026-04-01,7608,エスケイジャパン,エスケイジャパン,add,exists_in_base,high,"kabutan,nikkei",2
2026-04-01,7608,エスケイジャパン,SK Japan,skip,duplicate,high,reuters,1
2026-04-01,7608,エスケイジャパン,SK Japan Co Ltd,skip,duplicate,high,reuters,1
2026-04-01,7609,ダイトロン,ダイトロン,skip,duplicate,high,"kabutan,nikkei,tdnet",3
2026-04-01,7609,ダイトロン,Daitron,skip,duplicate,high,reuters,1
2026-04-01,7609,ダイトロン,Daitron Co Ltd,skip,duplicate,high,reuters,1
2026-04-01,7610,テイツー,テイツー,skip,duplicate,high,"kabutan,nikkei,tdnet",3
2026-04-01,7610,テイツー,Tay Two,skip,duplicate,high,reuters,1
2026-04-01,7610,テイツー,Tay Two Co Ltd,skip,duplicate,high,reuters,1
2026-04-01,7611,ハイデイ日高,ハイデイ日高,add,exists_in_base,high,"kabutan,nikkei",2
2026-04-01,7611,ハイデイ日高,ハイデ日高,skip,duplicate,high,"kabutan,tdnet",2
2026-04-01,7611,ハイデイ日高,Hiday Hidaka,skip,duplicate,high,reuters,1
2026-04-01,7611,ハイデイ日高,Hiday Hidaka Corp,skip,duplicate,high,reuters,1
2026-04-01,7613,シークス,シークス,skip,duplicate,high,"kabutan,nikkei,tdnet",7
2026-04-01,7613,シークス,SIIX,skip,duplicate,high,reuters,1
2026-04-01,7613,シークス,SIIX Corp,skip,duplicate,high,reuters,1
2026-04-01,7614,オーエムツーネットワーク,オーエムツー,skip,duplicate,high,"kabutan,tdnet",4
2026-04-01,7614,オーエムツーネットワーク,オーエムツーネットワーク,add,exists_in_base,high,"kabutan,nikkei",2
2026-04-01,7614,オーエムツーネットワーク,OM2 Network,skip,duplicate,high,reuters,1
2026-04-01,7614,オーエムツーネットワーク,OM2 Network Co Ltd,skip,duplicate,high,reuters,1
2026-04-01,7615,京都きもの友禅ﾎｰﾙﾃﾞｨﾝｸﾞｽ,京都きもの友禅HD,skip,duplicate,high,tdnet,4
2026-04-01,7615,京都きもの友禅ﾎｰﾙﾃﾞｨﾝｸﾞｽ,京都きもの友禅ホールディングス,skip,duplicate,high,"kabutan,nikkei",2
2026-04-01,7615,京都きもの友禅ﾎｰﾙﾃﾞｨﾝｸﾞｽ,Kyoto Kimono Yuzen,skip,duplicate,high,reuters,1
2026-04-01,7615,京都きもの友禅ﾎｰﾙﾃﾞｨﾝｸﾞｽ,Kyoto Kimono Yuzen Holdings Co Ltd,skip,duplicate,high,reuters,1
2026-04-01,7615,京都きもの友禅ﾎｰﾙﾃﾞｨﾝｸﾞｽ,京都友禅HD,skip,duplicate,high,kabutan,1
2026-04-01,7616,コロワイド,コロワイド,skip,duplicate,high,"kabutan,nikkei,tdnet",4
2026-04-01,7616,コロワイド,Colowide,skip,duplicate,high,reuters,1
2026-04-01,7616,コロワイド,Colowide Co Ltd,skip,duplicate,high,reuters,1
2026-04-01,7619,田中商事,田中商事,skip,duplicate,high,"kabutan,nikkei,tdnet",6
2026-04-01,7619,田中商事,Tanaka,skip,duplicate,high,reuters,1
2026-04-01,7619,田中商事,Tanaka Co Ltd,skip,duplicate,high,reuters,1
2026-04-01,7621,うかい,うかい,add,exists_in_base,high,"kabutan,nikkei",2
2026-04-01,7621,うかい,Ukai,skip,duplicate,high,reuters,1
2026-04-01,7621,うかい,Ukai Co Ltd,skip,duplicate,high,reuters,1
2026-04-01,7624,NaITO,NaITO,skip,duplicate,high,"kabutan,nikkei,reuters,tdnet",6
2026-04-01,7624,NaITO,Naito & Co Ltd,skip,duplicate,high,reuters,1
2026-04-01,7625,グローバルダイニング,Gダイニング,skip,duplicate,high,"kabutan,tdnet",4
2026-04-01,7625,グローバルダイニング,グローバルダイニング,add,exists_in_base,high,"kabutan,nikkei",2
2026-04-01,7625,グローバルダイニング,Global-Dining,skip,duplicate,high,reuters,1
2026-04-01,7625,グローバルダイニング,Global-Dining Inc,skip,duplicate,high,reuters,1
2026-04-01,7628,オーハシテクニカ,オーハシテクニカ,skip,duplicate,high,"kabutan,nikkei,tdnet",4
2026-04-01,7628,オーハシテクニカ,Ohashi Technica,skip,duplicate,high,reuters,1
2026-04-01,7628,オーハシテクニカ,Ohashi Technica Inc,skip,duplicate,high,reuters,1
2026-04-01,7628,オーハシテクニカ,オーハシテク,skip,duplicate,high,kabutan,1
2026-04-01,7630,壱番屋,壱番屋,add,exists_in_base,high,"kabutan,nikkei",2
2026-04-01,7630,壱番屋,Ichibanya,skip,duplicate,high,reuters,1
2026-04-01,7630,壱番屋,Ichibanya Co Ltd,skip,duplicate,high,reuters,1
2026-04-01,7634,星医療酸器,星医療,skip,duplicate,high,"kabutan,tdnet",2
2026-04-01,7634,星医療酸器,星医療酸器,add,exists_in_base,high,"kabutan,nikkei",2
2026-04-01,7634,星医療酸器,Hoshi Iryo-Sanki,skip,duplicate,high,reuters,1
2026-04-01,7634,星医療酸器,Hoshi Iryo-Sanki Co Ltd,skip,duplicate,high,reuters,1
2026-04-01,7635,杉田エース,杉田エース,skip,duplicate,high,"kabutan,tdnet",3
2026-04-01,7635,杉田エース,7635.T,add,new_candidate,medium,reuters,1
2026-04-01,7636,ハンズマン,ハンズマン,skip,duplicate,high,"kabutan,nikkei,tdnet",3
2026-04-01,7636,ハンズマン,Handsman,skip,duplicate,high,reuters,1
2026-04-01,7636,ハンズマン,Handsman Co Ltd,skip,duplicate,high,reuters,1
2026-04-01,7637,白銅,白銅,skip,duplicate,high,"kabutan,nikkei",2
2026-04-01,7637,白銅,Hakudo,skip,duplicate,high,reuters,1
2026-04-01,7637,白銅,Hakudo Co Ltd,skip,duplicate,high,reuters,1
2026-04-01,7638,NEW ART HOLDINGS,NEWART,skip,duplicate,high,"kabutan,reuters,tdnet",3
2026-04-01,7638,NEW ART HOLDINGS,NEW ART HOLDINGS,skip,duplicate,high,"kabutan,nikkei",2
2026-04-01,7638,NEW ART HOLDINGS,New Art Holdings Co Ltd,skip,duplicate,high,reuters,1
2026-04-01,7640,トップカルチャー,トップカルチャ,skip,duplicate,high,tdnet,5
2026-04-01,7640,トップカルチャー,トップカルチャー,add,exists_in_base,high,"kabutan,nikkei",2
2026-04-01,7640,トップカルチャー,Top Culture,skip,duplicate,high,reuters,1
2026-04-01,7640,トップカルチャー,Top Culture Co Ltd,skip,duplicate,high,reuters,1
2026-04-01,7640,トップカルチャー,トップカルチ,skip,duplicate,high,kabutan,1
2026-04-01,7643,ダイイチ,ダイイチ,skip,duplicate,high,"kabutan,nikkei,tdnet",3
2026-04-01,7643,ダイイチ,Daiichi,skip,duplicate,high,reuters,1
2026-04-01,7643,ダイイチ,Daiichi Co Ltd,skip,duplicate,high,reuters,1
2026-04-01,7646,PLANT,PLANT,skip,duplicate,high,"kabutan,nikkei,reuters",3
2026-04-01,7646,PLANT,Plant Co Ltd,skip,duplicate,high,reuters,1
2026-04-01,7649,スギﾎｰﾙﾃﾞｨﾝｸﾞｽ,スギHD,skip,duplicate,high,"kabutan,tdnet",2
2026-04-01,7649,スギﾎｰﾙﾃﾞｨﾝｸﾞｽ,スギホールディングス,skip,duplicate,high,"kabutan,nikkei",2
2026-04-01,7649,スギﾎｰﾙﾃﾞｨﾝｸﾞｽ,Sugi,skip,duplicate,high,reuters,1
2026-04-01,7649,スギﾎｰﾙﾃﾞｨﾝｸﾞｽ,Sugi Holdings Co Ltd,skip,duplicate,high,reuters,1
2026-04-01,7670,オーウエル,オーウエル,skip,duplicate,high,"kabutan,nikkei,tdnet",5
2026-04-01,7670,オーウエル,O-Well,skip,duplicate,high,reuters,1
2026-04-01,7670,オーウエル,O-Well Corp,skip,duplicate,high,reuters,1
2026-04-01,7673,ダイコー通産,ダイコー通産,skip,duplicate,high,"kabutan,nikkei",2
2026-04-01,7673,ダイコー通産,Daiko Tsusan,skip,duplicate,high,reuters,1
2026-04-01,7673,ダイコー通産,Daiko Tsusan Co Ltd,skip,duplicate,high,reuters,1
2026-04-01,7674,NATTY SWANKYﾎｰﾙﾃﾞｨﾝｸﾞｽ,NATTY SWANKYホールディングス,skip,duplicate,high,"kabutan,nikkei",2
2026-04-01,7674,NATTY SWANKYﾎｰﾙﾃﾞｨﾝｸﾞｽ,NATTY,skip,duplicate,high,kabutan,1
2026-04-01,7674,NATTY SWANKYﾎｰﾙﾃﾞｨﾝｸﾞｽ,Natty Swanky,skip,duplicate,high,reuters,1
2026-04-01,7674,NATTY SWANKYﾎｰﾙﾃﾞｨﾝｸﾞｽ,Natty Swanky Holdings Co Ltd,skip,duplicate,high,reuters,1
2026-04-01,7674,NATTY SWANKYﾎｰﾙﾃﾞｨﾝｸﾞｽ,NATTYHD,add,new_candidate,medium,tdnet,5
2026-04-01,7677,ヤシマキザイ,ヤシマキザイ,skip,duplicate,high,"kabutan,nikkei",2
2026-04-01,7677,ヤシマキザイ,Yashima &,skip,duplicate,high,reuters,1
2026-04-01,7677,ヤシマキザイ,Yashima & Co Ltd,skip,duplicate,high,reuters,1
2026-04-01,7678,あさくま,あさくま,skip,duplicate,high,"kabutan,nikkei,tdnet",5
2026-04-01,7678,あさくま,Asakuma,skip,duplicate,high,reuters,1
2026-04-01,7678,あさくま,Asakuma Co Ltd,skip,duplicate,high,reuters,1
2026-04-01,7679,薬王堂ﾎｰﾙﾃﾞｨﾝｸﾞｽ,薬王堂HD,skip,duplicate,high,"kabutan,tdnet",3
2026-04-01,7679,薬王堂ﾎｰﾙﾃﾞｨﾝｸﾞｽ,薬王堂ホールディングス,skip,duplicate,high,"kabutan,nikkei",2
2026-04-01,7679,薬王堂ﾎｰﾙﾃﾞｨﾝｸﾞｽ,Yakuodo,skip,duplicate,high,reuters,1
2026-04-01,7679,薬王堂ﾎｰﾙﾃﾞｨﾝｸﾞｽ,Yakuodo Holdings Co Ltd,skip,duplicate,high,reuters,1
2026-04-01,7681,レオクラン,レオクラン,add,exists_in_base,high,"kabutan,nikkei",2
2026-04-01,7681,レオクラン,Leoclan,skip,duplicate,high,reuters,1
2026-04-01,7681,レオクラン,Leoclan Co Ltd,skip,duplicate,high,reuters,1
2026-04-01,7682,浜木綿,浜木綿,add,exists_in_base,high,"kabutan,nikkei,tdnet",4
2026-04-01,7682,浜木綿,7682.T,add,new_candidate,medium,reuters,1
2026-04-01,7683,ダブルエー,ダブルエー,skip,duplicate,high,"kabutan,nikkei,tdnet",8
2026-04-01,7683,ダブルエー,7683.T,add,new_candidate,medium,reuters,1
2026-04-01,7685,BuySell Technologies,BuySell Technologies,skip,duplicate,high,"kabutan,nikkei,reuters",3
2026-04-01,7685,BuySell Technologies,BuySell Technologies Co Ltd,skip,duplicate,high,reuters,1
2026-04-01,7685,BuySell Technologies,バイセル,skip,duplicate,high,kabutan,1
2026-04-01,7685,BuySell Technologies,BUYSELL,add,new_candidate,medium,tdnet,6
2026-04-01,7686,ひとまいる,ひとまいる,skip,duplicate,high,"kabutan,nikkei,tdnet",5
2026-04-01,7686,ひとまいる,HitoMile,skip,duplicate,high,reuters,1
2026-04-01,7686,ひとまいる,HitoMile Co Ltd,skip,duplicate,high,reuters,1
2026-04-01,7687,ミクリード,ミクリード,add,exists_in_base,high,"kabutan,nikkei",2
2026-04-01,7687,ミクリード,Micreed,skip,duplicate,high,reuters,1
2026-04-01,7687,ミクリード,Micreed Co Ltd,skip,duplicate,high,reuters,1
2026-04-01,7689,コパ・ｺｰﾎﾟﾚｰｼｮﾝ,コパ・コーポレーション,skip,duplicate,high,"kabutan,nikkei",2
2026-04-01,7689,コパ・ｺｰﾎﾟﾚｰｼｮﾝ,Copa,skip,duplicate,high,reuters,1
2026-04-01,7689,コパ・ｺｰﾎﾟﾚｰｼｮﾝ,Copa Corporation Inc,skip,duplicate,high,reuters,1
2026-04-01,7689,コパ・ｺｰﾎﾟﾚｰｼｮﾝ,コパ,skip,duplicate,high,kabutan,1
2026-04-01,7692,アースインフィニティ,アースインフィニティ,add,exists_in_base,high,"kabutan,nikkei",2
2026-04-01,7692,アースインフィニティ,Earth Infinity,skip,duplicate,high,reuters,1
2026-04-01,7692,アースインフィニティ,Earth Infinity Co Ltd,skip,duplicate,high,reuters,1
2026-04-01,7692,アースインフィニティ,Eインフィニ,skip,duplicate,high,kabutan,1
2026-04-01,7692,アースインフィニティ,Eインフィニティ,add,new_candidate,medium,tdnet,4
2026-04-01,7694,いつも,いつも,add,exists_in_base,high,"kabutan,nikkei,tdnet",3
2026-04-01,7694,いつも,Itsumo,skip,duplicate,high,reuters,1
2026-04-01,7694,いつも,Itsumo Inc,skip,duplicate,high,reuters,1
2026-04-01,7695,交換できるくん,交換できるくん,add,exists_in_base,high,"kabutan,nikkei",2
2026-04-01,7695,交換できるくん,Koukandekirukun,skip,duplicate,high,reuters,1
2026-04-01,7695,交換できるくん,Koukandekirukun Inc,skip,duplicate,high,reuters,1
2026-04-01,7695,交換できるくん,交換できる,skip,duplicate,high,kabutan,1
2026-04-01,7698,アイスコ,アイスコ,skip,duplicate,high,"kabutan,nikkei,tdnet",4
2026-04-01,7698,アイスコ,Iceco,skip,duplicate,high,reuters,1
2026-04-01,7698,アイスコ,Iceco Inc,skip,duplicate,high,reuters,1
2026-04-01,7701,島津製作所,島津製,skip,duplicate,high,tdnet,2
2026-04-01,7701,島津製作所,島津製作所,add,exists_in_base,high,"kabutan,nikkei",2
2026-04-01,7701,島津製作所,Shimadzu,skip,duplicate,high,reuters,1
2026-04-01,7701,島津製作所,Shimadzu Corp,skip,duplicate,high,reuters,1
2026-04-01,7701,島津製作所,島津,skip,duplicate,high,kabutan,1
2026-04-01,7702,JMS,JMS,skip,duplicate,high,"kabutan,nikkei,reuters",3
2026-04-01,7702,JMS,JMS Co Ltd,skip,duplicate,high,reuters,1
2026-04-01,7707,プレシジョン・システム・サイエンス,プレシジョン・システム・サイエンス,add,exists_in_base,high,"kabutan,nikkei",2
2026-04-01,7707,プレシジョン・システム・サイエンス,Precision System Science,skip,duplicate,high,reuters,1
2026-04-01,7707,プレシジョン・システム・サイエンス,Precision System Science Co Ltd,skip,duplicate,high,reuters,1
2026-04-01,7707,プレシジョン・システム・サイエンス,PSS,skip,duplicate,high,kabutan,1
2026-04-01,7709,クボテック,クボテック,skip,duplicate,high,"kabutan,nikkei,tdnet",3
2026-04-01,7709,クボテック,Kubotek,skip,duplicate,high,reuters,1
2026-04-01,7709,クボテック,Kubotek Corp,skip,duplicate,high,reuters,1
2026-04-01,7711,助川電気工業,助川電気工業,add,exists_in_base,high,"kabutan,nikkei",2
2026-04-01,7711,助川電気工業,Sukegawa Electric,skip,duplicate,high,reuters,1
2026-04-01,7711,助川電気工業,Sukegawa Electric Co Ltd,skip,duplicate,high,reuters,1
2026-04-01,7711,助川電気工業,助川電気,skip,duplicate,high,kabutan,1
2026-04-01,7713,シグマ光機,シグマ光機,add,exists_in_base,high,"kabutan,nikkei",2
2026-04-01,7713,シグマ光機,Sigma Koki,skip,duplicate,high,reuters,1
2026-04-01,7713,シグマ光機,Sigma Koki Co Ltd,skip,duplicate,high,reuters,1
2026-04-01,7715,長野計器,長野計器,skip,duplicate,high,"kabutan,nikkei",2
2026-04-01,7715,長野計器,Nagano Keiki,skip,duplicate,high,reuters,1
2026-04-01,7715,長野計器,Nagano Keiki Co Ltd,skip,duplicate,high,reuters,1
2026-04-01,7716,ナカニシ,ナカニシ,skip,duplicate,high,"kabutan,nikkei,tdnet",8
2026-04-01,7716,ナカニシ,Nakanishi,skip,duplicate,high,reuters,1
2026-04-01,7716,ナカニシ,Nakanishi Inc,skip,duplicate,high,reuters,1
2026-04-01,7717,ブイ・テクノロジー,ブイ・テクノロジー,add,exists_in_base,high,"kabutan,nikkei",2
2026-04-01,7717,ブイ・テクノロジー,V Technology,skip,duplicate,high,reuters,1
2026-04-01,7717,ブイ・テクノロジー,V Technology Co Ltd,skip,duplicate,high,reuters,1
2026-04-01,7717,ブイ・テクノロジー,Vテク,skip,duplicate,high,kabutan,1
2026-04-01,7718,スター精密,スター精密,skip,duplicate,high,"kabutan,tdnet",3
2026-04-01,7718,スター精密,スター精,skip,duplicate,high,kabutan,1
2026-04-01,7718,スター精密,7718.T,add,new_candidate,medium,reuters,1
2026-04-01,7719,東京衡機,東京衡機,skip,duplicate,high,"kabutan,nikkei,tdnet",4
2026-04-01,7719,東京衡機,Tokyo Koki,skip,duplicate,high,reuters,1
2026-04-01,7719,東京衡機,Tokyo Koki Co Ltd,skip,duplicate,high,reuters,1
2026-04-01,7721,東京計器,東京計器,skip,duplicate,high,"kabutan,nikkei",2
2026-04-01,7721,東京計器,Tokyo Keiki,skip,duplicate,high,reuters,1
2026-04-01,7721,東京計器,Tokyo Keiki Inc,skip,duplicate,high,reuters,1
2026-04-01,7722,国際計測器,国際計測器,add,exists_in_base,high,"kabutan,nikkei",2
2026-04-01,7722,国際計測器,Kokusai,skip,duplicate,high,reuters,1
2026-04-01,7722,国際計測器,Kokusai Co Ltd,skip,duplicate,high,reuters,1
2026-04-01,7722,国際計測器,国際計測,skip,duplicate,high,kabutan,1
2026-04-01,7723,愛知時計電機,愛知時計電機,add,exists_in_base,high,"kabutan,nikkei",2
2026-04-01,7723,愛知時計電機,Aichi Tokei Denki,skip,duplicate,high,reuters,1
2026-04-01,7723,愛知時計電機,Aichi Tokei Denki Co Ltd,skip,duplicate,high,reuters,1
2026-04-01,7723,愛知時計電機,愛時計,skip,duplicate,high,kabutan,1
2026-04-01,7723,愛知時計電機,愛知時,skip,duplicate,high,tdnet,1
2026-04-01,7725,インターアクション,インターアクション,add,exists_in_base,high,"kabutan,nikkei",2
2026-04-01,7725,インターアクション,Inter Action,skip,duplicate,high,reuters,1
2026-04-01,7725,インターアクション,Inter Action Corp,skip,duplicate,high,reuters,1
2026-04-01,7725,インターアクション,インターアク,skip,duplicate,high,kabutan,1
2026-04-01,7726,黒田精工,黒田精工,add,exists_in_base,high,"kabutan,nikkei",2
2026-04-01,7726,黒田精工,Kuroda Precision Industries,skip,duplicate,high,reuters,1
2026-04-01,7726,黒田精工,Kuroda Precision Industries Ltd,skip,duplicate,high,reuters,1
2026-04-01,7726,黒田精工,黒田精,skip,duplicate,high,kabutan,1
2026-04-01,7727,オーバル,オーバル,skip,duplicate,high,"kabutan,nikkei,tdnet",3
2026-04-01,7727,オーバル,Oval,skip,duplicate,high,reuters,1
2026-04-01,7727,オーバル,Oval Corp,skip,duplicate,high,reuters,1
2026-04-01,7729,東京精密,東京精密,add,exists_in_base,high,"kabutan,nikkei",2
2026-04-01,7729,東京精密,Tokyo Seimitsu,skip,duplicate,high,reuters,1
2026-04-01,7729,東京精密,Tokyo Seimitsu Co Ltd,skip,duplicate,high,reuters,1
2026-04-01,7729,東京精密,東京精,skip,duplicate,high,kabutan,1
2026-04-01,7730,マニー,マニー,add,exists_in_base,high,"kabutan,nikkei",2
2026-04-01,7730,マニー,MANI,skip,duplicate,high,reuters,1
2026-04-01,7730,マニー,MANI Inc,skip,duplicate,high,reuters,1
2026-04-01,7731,ニコン,ニコン,skip,duplicate,high,"kabutan,nikkei,tdnet",3
2026-04-01,7731,ニコン,Nikon,skip,duplicate,high,reuters,1
2026-04-01,7731,ニコン,Nikon Corp,skip,duplicate,high,reuters,1
2026-04-01,7733,オリンパス,オリンパス,skip,duplicate,high,"kabutan,nikkei,tdnet",3
2026-04-01,7733,オリンパス,Olympus,skip,duplicate,high,reuters,1
2026-04-01,7733,オリンパス,Olympus Corp,skip,duplicate,high,reuters,1
2026-04-01,7734,理研計器,理計器,skip,duplicate,high,"kabutan,tdnet",3
2026-04-01,7734,理研計器,理研計器,add,exists_in_base,high,"kabutan,nikkei",2
2026-04-01,7734,理研計器,Riken Keiki,skip,duplicate,high,reuters,1
2026-04-01,7734,理研計器,Riken Keiki Co Ltd,skip,duplicate,high,reuters,1
2026-04-01,7735,SCREENﾎｰﾙﾃﾞｨﾝｸﾞｽ,SCREENホールディングス,skip,duplicate,high,"kabutan,nikkei",2
2026-04-01,7735,SCREENﾎｰﾙﾃﾞｨﾝｸﾞｽ,Screen,skip,duplicate,high,reuters,1
2026-04-01,7735,SCREENﾎｰﾙﾃﾞｨﾝｸﾞｽ,Screen Holdings Co Ltd,skip,duplicate,high,reuters,1
2026-04-01,7735,SCREENﾎｰﾙﾃﾞｨﾝｸﾞｽ,スクリン,skip,duplicate,high,kabutan,1
2026-04-01,7739,キヤノン電子,キヤノン電子,skip,duplicate,high,"kabutan,nikkei,tdnet",4
2026-04-01,7739,キヤノン電子,Canon Electronics,skip,duplicate,high,reuters,1
2026-04-01,7739,キヤノン電子,Canon Electronics Inc,skip,duplicate,high,reuters,1
2026-04-01,7739,キヤノン電子,キヤノン電,skip,duplicate,high,kabutan,1
2026-04-01,7740,タムロン,タムロン,skip,duplicate,high,"kabutan,nikkei,tdnet",3
2026-04-01,7740,タムロン,Tamron,skip,duplicate,high,reuters,1
2026-04-01,7740,タムロン,Tamron Co Ltd,skip,duplicate,high,reuters,1
2026-04-01,7741,HOYA,HOYA,skip,duplicate,high,"kabutan,nikkei,reuters,tdnet",8
2026-04-01,7741,HOYA,Hoya Corp,skip,duplicate,high,reuters,1
2026-04-01,7743,シード,シード,skip,duplicate,high,"kabutan,nikkei,tdnet",4
2026-04-01,7743,シード,Seed,skip,duplicate,high,reuters,1
2026-04-01,7743,シード,Seed Co Ltd,skip,duplicate,high,reuters,1
2026-04-01,7744,ノーリツ鋼機,ノーリツ鋼機,skip,duplicate,high,"kabutan,nikkei,tdnet",5
2026-04-01,7744,ノーリツ鋼機,Noritsu Koki,skip,duplicate,high,reuters,1
2026-04-01,7744,ノーリツ鋼機,Noritsu Koki Co Ltd,skip,duplicate,high,reuters,1
2026-04-01,7745,A＆Dホロンﾎｰﾙﾃﾞｨﾝｸﾞｽ,A&Dホロンホールディングス,skip,duplicate,high,"kabutan,nikkei",2
2026-04-01,7745,A＆Dホロンﾎｰﾙﾃﾞｨﾝｸﾞｽ,A&D Holon,skip,duplicate,high,reuters,1
2026-04-01,7745,A＆Dホロンﾎｰﾙﾃﾞｨﾝｸﾞｽ,A&D Holon Holdings Co Ltd,skip,duplicate,high,reuters,1
2026-04-01,7745,A＆Dホロンﾎｰﾙﾃﾞｨﾝｸﾞｽ,A&Dホロン,skip,duplicate,high,kabutan,1
2026-04-01,7745,A＆Dホロンﾎｰﾙﾃﾞｨﾝｸﾞｽ,A&DホロンHD,skip,duplicate,high,tdnet,1
2026-04-01,7746,岡本硝子,岡本硝子,add,exists_in_base,high,"kabutan,nikkei,tdnet",3
2026-04-01,7746,岡本硝子,Okamoto Glass,skip,duplicate,high,reuters,1
2026-04-01,7746,岡本硝子,Okamoto Glass Co Ltd,skip,duplicate,high,reuters,1
2026-04-01,7747,朝日インテック,朝日インテック,add,exists_in_base,high,"kabutan,nikkei",2
2026-04-01,7747,朝日インテック,Asahi Intecc,skip,duplicate,high,reuters,1
2026-04-01,7747,朝日インテック,Asahi Intecc Co Ltd,skip,duplicate,high,reuters,1
2026-04-01,7747,朝日インテック,朝日インテク,skip,duplicate,high,kabutan,1
2026-04-01,7749,メディキット,メディキット,skip,duplicate,high,"kabutan,nikkei",2
2026-04-01,7749,メディキット,Medikit,skip,duplicate,high,reuters,1
2026-04-01,7749,メディキット,Medikit Co Ltd,skip,duplicate,high,reuters,1
2026-04-01,7751,キヤノン,キヤノン,skip,duplicate,high,"kabutan,nikkei,tdnet",5
2026-04-01,7751,キヤノン,Canon,skip,duplicate,high,reuters,1
2026-04-01,7751,キヤノン,Canon Inc,skip,duplicate,high,reuters,1
2026-04-01,7752,リコー,リコー,skip,duplicate,high,"kabutan,nikkei,tdnet",3
2026-04-01,7752,リコー,Ricoh,skip,duplicate,high,reuters,1
2026-04-01,7752,リコー,Ricoh Co Ltd,skip,duplicate,high,reuters,1
2026-04-01,7760,IMV,IMV,skip,duplicate,high,"kabutan,nikkei,reuters,tdnet",4
2026-04-01,7760,IMV,IMV Corp,skip,duplicate,high,reuters,1
2026-04-01,7762,シチズン時計,シチズン時計,add,exists_in_base,high,"kabutan,nikkei",2
2026-04-01,7762,シチズン時計,Citizen Watch,skip,duplicate,high,reuters,1
2026-04-01,7762,シチズン時計,Citizen Watch Co Ltd,skip,duplicate,high,reuters,1
2026-04-01,7762,シチズン時計,シチズン,skip,duplicate,high,kabutan,1
2026-04-01,7769,リズム,リズム,skip,duplicate,high,"kabutan,nikkei,tdnet",3
2026-04-01,7769,リズム,Rhythm,skip,duplicate,high,reuters,1
2026-04-01,7769,リズム,Rhythm Co Ltd,skip,duplicate,high,reuters,1
2026-04-01,7771,日本精密,日本精密,skip,duplicate,high,"kabutan,nikkei,tdnet",3
2026-04-01,7771,日本精密,Nihon Seimitsu,skip,duplicate,high,reuters,1
2026-04-01,7771,日本精密,Nihon Seimitsu Co Ltd,skip,duplicate,high,reuters,1
2026-04-01,7774,ジャパン・ティッシュエンジニアリング,ジャパン・ティッシュエンジニアリング,add,exists_in_base,high,"kabutan,nikkei",2
2026-04-01,7774,ジャパン・ティッシュエンジニアリング,Japan Tissue Engineering,skip,duplicate,high,reuters,1
2026-04-01,7774,ジャパン・ティッシュエンジニアリング,Japan Tissue Engineering Co Ltd,skip,duplicate,high,reuters,1
2026-04-01,7774,ジャパン・ティッシュエンジニアリング,Jティッシュ,skip,duplicate,high,kabutan,1
2026-04-01,7774,ジャパン・ティッシュエンジニアリング,J・TEC,add,new_candidate,medium,tdnet,1
2026-04-01,7775,大研医器,大研医器,skip,duplicate,high,"kabutan,nikkei,tdnet",3
2026-04-01,7775,大研医器,Daiken Medical,skip,duplicate,high,reuters,1
2026-04-01,7775,大研医器,Daiken Medical Co Ltd,skip,duplicate,high,reuters,1
2026-04-01,7776,セルシード,セルシード,add,exists_in_base,high,"kabutan,nikkei,tdnet",5
2026-04-01,7776,セルシード,CellSeed,skip,duplicate,high,reuters,1
2026-04-01,7776,セルシード,CellSeed Inc,skip,duplicate,high,reuters,1
2026-04-01,7777,スリー・ディー・マトリックス,スリー・ディー・マトリックス,add,exists_in_base,high,"kabutan,nikkei",2
2026-04-01,7777,スリー・ディー・マトリックス,3-D Matrix,skip,duplicate,high,reuters,1
2026-04-01,7777,スリー・ディー・マトリックス,3-D Matrix Ltd,skip,duplicate,high,reuters,1
2026-04-01,7777,スリー・ディー・マトリックス,3DM,skip,duplicate,high,kabutan,1
2026-04-01,7777,スリー・ディー・マトリックス,3Dマトリックス,add,new_candidate,medium,tdnet,6
2026-04-01,7779,CYBERDYNE,CYBERDYNE,skip,duplicate,high,"kabutan,nikkei,reuters",3
2026-04-01,7779,CYBERDYNE,Cyberdyne Inc,skip,duplicate,high,reuters,1
2026-04-01,7779,CYBERDYNE,サイバダイン,skip,duplicate,high,kabutan,1
2026-04-01,7779,CYBERDYNE,サイバダイン-議,add,new_candidate,medium,tdnet,2
2026-04-01,7780,メニコン,メニコン,add,exists_in_base,high,"kabutan,nikkei,tdnet",4
2026-04-01,7780,メニコン,Menicon,skip,duplicate,high,reuters,1
2026-04-01,7780,メニコン,Menicon Co Ltd,skip,duplicate,high,reuters,1
2026-04-01,7781,平山ﾎｰﾙﾃﾞｨﾝｸﾞｽ,平山,skip,duplicate,high,"kabutan,tdnet",2
2026-04-01,7781,平山ﾎｰﾙﾃﾞｨﾝｸﾞｽ,平山ホールディングス,skip,duplicate,high,"kabutan,nikkei",2
2026-04-01,7781,平山ﾎｰﾙﾃﾞｨﾝｸﾞｽ,Hirayama,skip,duplicate,high,reuters,1
2026-04-01,7781,平山ﾎｰﾙﾃﾞｨﾝｸﾞｽ,Hirayama Holdings Co Ltd,skip,duplicate,high,reuters,1
2026-04-01,7782,シンシア,シンシア,skip,duplicate,high,"kabutan,nikkei,tdnet",6
2026-04-01,7782,シンシア,Sincere,skip,duplicate,high,reuters,1
2026-04-01,7782,シンシア,Sincere Co Ltd,skip,duplicate,high,reuters,1
2026-04-01,7791,ドリームベッド,ドリームベッド,skip,duplicate,high,"kabutan,nikkei",2
2026-04-01,7791,ドリームベッド,Dreambed,skip,duplicate,high,reuters,1
2026-04-01,7791,ドリームベッド,Dreambed Co Ltd,skip,duplicate,high,reuters,1
2026-04-01,7791,ドリームベッド,ドリムベッド,skip,duplicate,high,kabutan,1
2026-04-01,7792,コラントッテ,コラントッテ,add,exists_in_base,high,"kabutan,nikkei",2
2026-04-01,7792,コラントッテ,Colan Totte,skip,duplicate,high,reuters,1
2026-04-01,7792,コラントッテ,Colan Totte Co Ltd,skip,duplicate,high,reuters,1
2026-04-01,7793,イメージ・マジック,イメージ・マジック,add,exists_in_base,high,"kabutan,nikkei,tdnet",7
2026-04-01,7793,イメージ・マジック,Image Magic,skip,duplicate,high,reuters,1
2026-04-01,7793,イメージ・マジック,Image Magic Inc,skip,duplicate,high,reuters,1
2026-04-01,7793,イメージ・マジック,イメージM,skip,duplicate,high,kabutan,1
2026-04-01,7794,イーディーピー,イーディーピー,add,exists_in_base,high,"kabutan,nikkei,tdnet",3
2026-04-01,7794,イーディーピー,EDP,skip,duplicate,high,"kabutan,reuters",2
2026-04-01,7794,イーディーピー,EDP Corp,skip,duplicate,high,reuters,1
2026-04-01,7795,KYORITSU,KYORITSU,skip,duplicate,high,"kabutan,nikkei,reuters,tdnet",4
2026-04-01,7795,KYORITSU,KYORIT,skip,duplicate,high,kabutan,1
2026-04-01,7795,KYORITSU,Kyoritsu Co Ltd,skip,duplicate,high,reuters,1
2026-04-01,7800,アミファ,アミファ,add,exists_in_base,high,"kabutan,nikkei",2
2026-04-01,7800,アミファ,Amifa,skip,duplicate,high,reuters,1
2026-04-01,7800,アミファ,Amifa Co Ltd,skip,duplicate,high,reuters,1
2026-04-01,7803,ブシロード,ブシロード,add,exists_in_base,high,"kabutan,nikkei,tdnet",3
2026-04-01,7803,ブシロード,Bushiroad,skip,duplicate,high,reuters,1
2026-04-01,7803,ブシロード,Bushiroad Inc,skip,duplicate,high,reuters,1
2026-04-01,7804,ビーアンドピー,ビーアンドピー,skip,duplicate,high,"kabutan,nikkei,tdnet",7
2026-04-01,7804,ビーアンドピー,B&P,skip,duplicate,high,"kabutan,reuters",2
2026-04-01,7804,ビーアンドピー,B&P Co Ltd,skip,duplicate,high,reuters,1
2026-04-01,7805,プリントネット,プリントネット,add,exists_in_base,high,"kabutan,nikkei",2
2026-04-01,7805,プリントネット,Printnet,skip,duplicate,high,reuters,1
2026-04-01,7805,プリントネット,Printnet Inc,skip,duplicate,high,reuters,1
2026-04-01,7805,プリントネット,プリントN,skip,duplicate,high,kabutan,1
2026-04-01,7806,MTG,MTG,skip,duplicate,high,"kabutan,nikkei,reuters",3
2026-04-01,7806,MTG,MTG Co Ltd,skip,duplicate,high,reuters,1
2026-04-01,7807,幸和製作所,幸和製作所,add,exists_in_base,high,"kabutan,nikkei",2
2026-04-01,7807,幸和製作所,Kowa,skip,duplicate,high,reuters,1
2026-04-01,7807,幸和製作所,Kowa Co Ltd,skip,duplicate,high,reuters,1
2026-04-01,7807,幸和製作所,幸和製,skip,duplicate,high,kabutan,1
2026-04-01,7808,シー・エス・ランバー,シー・エス・ランバー,add,exists_in_base,high,"kabutan,nikkei",2
2026-04-01,7808,シー・エス・ランバー,C.S. Lumber,skip,duplicate,high,reuters,1
2026-04-01,7808,シー・エス・ランバー,C.S. Lumber Co Inc,skip,duplicate,high,reuters,1
2026-04-01,7808,シー・エス・ランバー,CSランバー,skip,duplicate,high,kabutan,1
2026-04-01,7809,壽屋,寿屋,skip,duplicate,high,"kabutan,nikkei",2
2026-04-01,7809,壽屋,Kotobukiya,skip,duplicate,high,reuters,1
2026-04-01,7809,壽屋,Kotobukiya Co Ltd,skip,duplicate,high,reuters,1
2026-04-01,7809,壽屋,壽屋,add,exists_in_base,high,kabutan,1
2026-04-01,7810,クロスフォー,クロスフォー,add,exists_in_base,high,"kabutan,nikkei,tdnet",3
2026-04-01,7810,クロスフォー,Crossfor,skip,duplicate,high,reuters,1
2026-04-01,7810,クロスフォー,Crossfor Co Ltd,skip,duplicate,high,reuters,1
2026-04-01,7811,中本パックス,中本パックス,add,exists_in_base,high,"kabutan,nikkei",2
2026-04-01,7811,中本パックス,Nakamoto Packs,skip,duplicate,high,reuters,1
2026-04-01,7811,中本パックス,Nakamoto Packs Co Ltd,skip,duplicate,high,reuters,1
2026-04-01,7812,クレステック,クレステック,skip,duplicate,high,"kabutan,nikkei,tdnet",3
2026-04-01,7812,クレステック,Crestec,skip,duplicate,high,reuters,1
2026-04-01,7812,クレステック,Crestec Inc,skip,duplicate,high,reuters,1
2026-04-01,7813,プラッツ,プラッツ,skip,duplicate,high,"kabutan,nikkei",2
2026-04-01,7813,プラッツ,Platz,skip,duplicate,high,reuters,1
2026-04-01,7813,プラッツ,Platz Co Ltd,skip,duplicate,high,reuters,1
2026-04-01,7814,日本創発ｸﾞﾙｰﾌﾟ,日本創発G,skip,duplicate,high,"kabutan,tdnet",3
2026-04-01,7814,日本創発ｸﾞﾙｰﾌﾟ,日本創発グループ,skip,duplicate,high,"kabutan,nikkei",2
2026-04-01,7814,日本創発ｸﾞﾙｰﾌﾟ,Japan Creative Platform,skip,duplicate,high,reuters,1
2026-04-01,7814,日本創発ｸﾞﾙｰﾌﾟ,Japan Creative Platform Group Co Ltd,skip,duplicate,high,reuters,1
2026-04-01,7815,東京ボード工業,東京ボード工業,skip,duplicate,high,"kabutan,nikkei",2
2026-04-01,7815,東京ボード工業,Tokyo Board Industries,skip,duplicate,high,reuters,1
2026-04-01,7815,東京ボード工業,Tokyo Board Industries Co Ltd,skip,duplicate,high,reuters,1
2026-04-01,7815,東京ボード工業,東京ボード,skip,duplicate,high,kabutan,1
2026-04-01,7818,トランザクション,トランザクション,add,exists_in_base,high,"kabutan,nikkei,tdnet",3
2026-04-01,7818,トランザクション,Transaction,skip,duplicate,high,reuters,1
2026-04-01,7818,トランザクション,Transaction Co Ltd,skip,duplicate,high,reuters,1
2026-04-01,7818,トランザクション,トランザク,skip,duplicate,high,kabutan,1
2026-04-01,7819,粧美堂,粧美堂,add,exists_in_base,high,"kabutan,nikkei,tdnet",4
2026-04-01,7819,粧美堂,Shobido,skip,duplicate,high,reuters,1
2026-04-01,7819,粧美堂,Shobido Corp,skip,duplicate,high,reuters,1
2026-04-01,7820,ニホンフラッシュ,ニホンフラッシュ,add,exists_in_base,high,"kabutan,nikkei",2
2026-04-01,7820,ニホンフラッシュ,Nihon Flush,skip,duplicate,high,reuters,1
2026-04-01,7820,ニホンフラッシュ,Nihon Flush Co Ltd,skip,duplicate,high,reuters,1
2026-04-01,7820,ニホンフラッシュ,ニホンフラ,skip,duplicate,high,kabutan,1
2026-04-01,7821,前田工繊,前田工繊,add,exists_in_base,high,"kabutan,nikkei",2
2026-04-01,7821,前田工繊,Maeda Kosen,skip,duplicate,high,reuters,1
2026-04-01,7821,前田工繊,Maeda Kosen Co Ltd,skip,duplicate,high,reuters,1
2026-04-01,7822,永大産業,永大産業,skip,duplicate,high,"kabutan,nikkei,tdnet",5
2026-04-01,7822,永大産業,Eidai,skip,duplicate,high,reuters,1
2026-04-01,7822,永大産業,Eidai Co Ltd,skip,duplicate,high,reuters,1
2026-04-01,7823,アートネイチャー,アートネイチャー,skip,duplicate,high,"kabutan,nikkei,tdnet",6
2026-04-01,7823,アートネイチャー,Artnature,skip,duplicate,high,reuters,1
2026-04-01,7823,アートネイチャー,Artnature Inc,skip,duplicate,high,reuters,1
2026-04-01,7823,アートネイチャー,アトネイチャ,skip,duplicate,high,kabutan,1
2026-04-01,7826,フルヤ金属,フルヤ金属,skip,duplicate,high,"kabutan,nikkei",2
2026-04-01,7826,フルヤ金属,Furuya Metal,skip,duplicate,high,reuters,1
2026-04-01,7826,フルヤ金属,Furuya Metal Co Ltd,skip,duplicate,high,reuters,1
2026-04-01,7827,オービス,オービス,add,exists_in_base,high,"kabutan,nikkei,tdnet",5
2026-04-01,7827,オービス,Orvis,skip,duplicate,high,reuters,1
2026-04-01,7827,オービス,Orvis Corp,skip,duplicate,high,reuters,1
2026-04-01,7831,ウイルコﾎｰﾙﾃﾞｨﾝｸﾞｽ,ウイルコHD,skip,duplicate,high,"kabutan,tdnet",5
2026-04-01,7831,ウイルコﾎｰﾙﾃﾞｨﾝｸﾞｽ,ウイルコホールディングス,skip,duplicate,high,"kabutan,nikkei",2
2026-04-01,7831,ウイルコﾎｰﾙﾃﾞｨﾝｸﾞｽ,Wellco,skip,duplicate,high,reuters,1
2026-04-01,7831,ウイルコﾎｰﾙﾃﾞｨﾝｸﾞｽ,Wellco Holdings Corp,skip,duplicate,high,reuters,1
2026-04-01,7832,バンダイナムコﾎｰﾙﾃﾞｨﾝｸﾞｽ,バンダイナムコ,skip,duplicate,high,tdnet,3
2026-04-01,7832,バンダイナムコﾎｰﾙﾃﾞｨﾝｸﾞｽ,バンダイナムコホールディングス,skip,duplicate,high,"kabutan,nikkei",2
2026-04-01,7832,バンダイナムコﾎｰﾙﾃﾞｨﾝｸﾞｽ,Bandai Namco,skip,duplicate,high,reuters,1
2026-04-01,7832,バンダイナムコﾎｰﾙﾃﾞｨﾝｸﾞｽ,Bandai Namco Holdings Inc,skip,duplicate,high,reuters,1
2026-04-01,7832,バンダイナムコﾎｰﾙﾃﾞｨﾝｸﾞｽ,バンナムHD,skip,duplicate,high,kabutan,1
2026-04-01,7833,アイフィスジャパン,アイフィスジャパン,skip,duplicate,high,"kabutan,nikkei,tdnet",4
2026-04-01,7833,アイフィスジャパン,IFIS Japan,skip,duplicate,high,reuters,1
2026-04-01,7833,アイフィスジャパン,IFIS Japan Ltd,skip,duplicate,high,reuters,1
2026-04-01,7833,アイフィスジャパン,アイフィス,skip,duplicate,high,kabutan,1
2026-04-01,7836,アビックス,アビックス,add,exists_in_base,high,"kabutan,nikkei",2
2026-04-01,7836,アビックス,AVIX,skip,duplicate,high,reuters,1
2026-04-01,7836,アビックス,AVIX Inc,skip,duplicate,high,reuters,1
2026-04-01,7837,アールシーコア,アールシーコア,add,exists_in_base,high,"kabutan,nikkei",2
2026-04-01,7837,アールシーコア,R.C.Core,skip,duplicate,high,reuters,1
2026-04-01,7837,アールシーコア,R.C.Core Co Ltd,skip,duplicate,high,reuters,1
2026-04-01,7837,アールシーコア,アールシー,skip,duplicate,high,kabutan,1
2026-04-01,7839,SHOEI,SHOEI,skip,duplicate,high,"kabutan,nikkei,reuters,tdnet",4
2026-04-01,7839,SHOEI,Shoei Co Ltd,skip,duplicate,high,reuters,1
2026-04-01,7840,フランスベッドﾎｰﾙﾃﾞｨﾝｸﾞｽ,フラベッドH,skip,duplicate,high,"kabutan,tdnet",3
2026-04-01,7840,フランスベッドﾎｰﾙﾃﾞｨﾝｸﾞｽ,フランスベッドホールディングス,skip,duplicate,high,"kabutan,nikkei",2
2026-04-01,7840,フランスベッドﾎｰﾙﾃﾞｨﾝｸﾞｽ,France Bed,skip,duplicate,high,reuters,1
2026-04-01,7840,フランスベッドﾎｰﾙﾃﾞｨﾝｸﾞｽ,France Bed Holdings Co Ltd,skip,duplicate,high,reuters,1
2026-04-01,7841,遠藤製作所,遠藤製作所,add,exists_in_base,high,"kabutan,nikkei",2
2026-04-01,7841,遠藤製作所,Endo Manufacturing,skip,duplicate,high,reuters,1
2026-04-01,7841,遠藤製作所,Endo Manufacturing Co Ltd,skip,duplicate,high,reuters,1
2026-04-01,7844,マーベラス,マーベラス,skip,duplicate,high,"kabutan,nikkei",2
2026-04-01,7844,マーベラス,Marvelous,skip,duplicate,high,reuters,1
2026-04-01,7844,マーベラス,Marvelous Inc,skip,duplicate,high,reuters,1
2026-04-01,7846,パイロットｺｰﾎﾟﾚｰｼｮﾝ,パイロット,skip,duplicate,high,"kabutan,tdnet",2
2026-04-01,7846,パイロットｺｰﾎﾟﾚｰｼｮﾝ,パイロットコーポレーション,skip,duplicate,high,"kabutan,nikkei",2
2026-04-01,7846,パイロットｺｰﾎﾟﾚｰｼｮﾝ,Pilot,skip,duplicate,high,reuters,1
2026-04-01,7846,パイロットｺｰﾎﾟﾚｰｼｮﾝ,Pilot Corp,skip,duplicate,high,reuters,1
2026-04-01,7847,グラファイトデザイン,グラファイトデザイン,add,exists_in_base,high,"kabutan,nikkei",2
2026-04-01,7847,グラファイトデザイン,Graphite Design,skip,duplicate,high,reuters,1
2026-04-01,7847,グラファイトデザイン,Graphite Design Inc,skip,duplicate,high,reuters,1
2026-04-01,7847,グラファイトデザイン,グラファイト,skip,duplicate,high,kabutan,1
2026-04-01,7849,スターツ出版,スターツ出版,skip,duplicate,high,"kabutan,nikkei,tdnet",3
2026-04-01,7849,スターツ出版,Starts Publishing,skip,duplicate,high,reuters,1
2026-04-01,7849,スターツ出版,Starts Publishing Corp,skip,duplicate,high,reuters,1
2026-04-01,7850,総合商研,総合商研,add,exists_in_base,high,"kabutan,nikkei,tdnet",3
2026-04-01,7850,総合商研,Sougou Shouken,skip,duplicate,high,reuters,1
2026-04-01,7850,総合商研,Sougou Shouken Co Ltd,skip,duplicate,high,reuters,1
2026-04-01,7851,カワセコンピュータサプライ,カワセコンピュータサプライ,add,exists_in_base,high,"kabutan,nikkei",2
2026-04-01,7851,カワセコンピュータサプライ,Kawase Computer Supplies,skip,duplicate,high,reuters,1
2026-04-01,7851,カワセコンピュータサプライ,Kawase Computer Supplies Co Ltd,skip,duplicate,high,reuters,1
2026-04-01,7851,カワセコンピュータサプライ,カワセコンピ,skip,duplicate,high,kabutan,1
2026-04-01,7851,カワセコンピュータサプライ,カワセコンピュ,add,new_candidate,medium,tdnet,2
2026-04-01,7856,萩原工業,萩原工業,skip,duplicate,high,"kabutan,nikkei,tdnet",3
2026-04-01,7856,萩原工業,Hagihara Industries,skip,duplicate,high,reuters,1
2026-04-01,7856,萩原工業,Hagihara Industries Inc,skip,duplicate,high,reuters,1
2026-04-01,7857,セキ,セキ,skip,duplicate,high,"kabutan,nikkei",2
2026-04-01,7857,セキ,Seki,skip,duplicate,high,reuters,1
2026-04-01,7857,セキ,Seki Co Ltd,skip,duplicate,high,reuters,1
2026-04-01,7859,アルメディオ,アルメディオ,skip,duplicate,high,"kabutan,nikkei,tdnet",3
2026-04-01,7859,アルメディオ,Almedio,skip,duplicate,high,reuters,1
2026-04-01,7859,アルメディオ,Almedio Inc,skip,duplicate,high,reuters,1
2026-04-01,7860,エイベックス,エイベックス,skip,duplicate,high,"kabutan,nikkei,tdnet",5
2026-04-01,7860,エイベックス,Avex,skip,duplicate,high,reuters,1
2026-04-01,7860,エイベックス,Avex Inc,skip,duplicate,high,reuters,1
2026-04-01,7863,平賀,平賀,add,exists_in_base,high,"kabutan,nikkei,tdnet",3
2026-04-01,7863,平賀,Hiraga,skip,duplicate,high,reuters,1
2026-04-01,7863,平賀,Hiraga Co Ltd,skip,duplicate,high,reuters,1
2026-04-01,7864,フジシールｲﾝﾀｰﾅｼｮﾅﾙ,フジシールインターナショナル,skip,duplicate,high,"kabutan,nikkei",2
2026-04-01,7864,フジシールｲﾝﾀｰﾅｼｮﾅﾙ,Fuji Seal International,skip,duplicate,high,reuters,1
2026-04-01,7864,フジシールｲﾝﾀｰﾅｼｮﾅﾙ,Fuji Seal International Inc,skip,duplicate,high,reuters,1
2026-04-01,7864,フジシールｲﾝﾀｰﾅｼｮﾅﾙ,フジシール,skip,duplicate,high,kabutan,1
2026-04-01,7865,ピープル,ピープル,skip,duplicate,high,"kabutan,nikkei,tdnet",9
2026-04-01,7865,ピープル,People,skip,duplicate,high,reuters,1
2026-04-01,7865,ピープル,People Co Ltd,skip,duplicate,high,reuters,1
2026-04-01,7867,タカラトミー,タカラトミー,skip,duplicate,high,"kabutan,nikkei,tdnet",4
2026-04-01,7867,タカラトミー,Tomy,skip,duplicate,high,reuters,1
2026-04-01,7867,タカラトミー,Tomy Co Ltd,skip,duplicate,high,reuters,1
2026-04-01,7868,広済堂ﾎｰﾙﾃﾞｨﾝｸﾞｽ,広済堂HD,skip,duplicate,high,"kabutan,tdnet",4
2026-04-01,7868,広済堂ﾎｰﾙﾃﾞｨﾝｸﾞｽ,広済堂ホールディングス,skip,duplicate,high,"kabutan,nikkei",2
2026-04-01,7868,広済堂ﾎｰﾙﾃﾞｨﾝｸﾞｽ,Kosaido,skip,duplicate,high,reuters,1
2026-04-01,7868,広済堂ﾎｰﾙﾃﾞｨﾝｸﾞｽ,Kosaido Holdings Co Ltd,skip,duplicate,high,reuters,1
2026-04-01,7871,フクビ化学工業,フクビ化学工業,skip,duplicate,high,"kabutan,nikkei,tdnet",3
2026-04-01,7871,フクビ化学工業,Fukuvi Chemical Industry,skip,duplicate,high,reuters,1
2026-04-01,7871,フクビ化学工業,Fukuvi Chemical Industry Co Ltd,skip,duplicate,high,reuters,1
2026-04-01,7871,フクビ化学工業,フクビ,skip,duplicate,high,kabutan,1
2026-04-01,7872,エステールﾎｰﾙﾃﾞｨﾝｸﾞｽ,エステールホールディングス,skip,duplicate,high,"kabutan,nikkei",2
2026-04-01,7872,エステールﾎｰﾙﾃﾞｨﾝｸﾞｽ,Estelle,skip,duplicate,high,reuters,1
2026-04-01,7872,エステールﾎｰﾙﾃﾞｨﾝｸﾞｽ,Estelle Holdings Co Ltd,skip,duplicate,high,reuters,1
2026-04-01,7872,エステールﾎｰﾙﾃﾞｨﾝｸﾞｽ,エステール,skip,duplicate,high,kabutan,1
2026-04-01,7874,レック,レック,skip,duplicate,high,"kabutan,nikkei",2
2026-04-01,7874,レック,Lec,skip,duplicate,high,reuters,1
2026-04-01,7874,レック,Lec Inc,skip,duplicate,high,reuters,1
2026-04-01,7875,竹田iPﾎｰﾙﾃﾞｨﾝｸﾞｽ,竹田iPホールディングス,skip,duplicate,high,"kabutan,nikkei",2
2026-04-01,7875,竹田iPﾎｰﾙﾃﾞｨﾝｸﾞｽ,Takeda iP,skip,duplicate,high,reuters,1
2026-04-01,7875,竹田iPﾎｰﾙﾃﾞｨﾝｸﾞｽ,Takeda iP Holdings Co Ltd,skip,duplicate,high,reuters,1
2026-04-01,7875,竹田iPﾎｰﾙﾃﾞｨﾝｸﾞｽ,竹田iP,skip,duplicate,high,kabutan,1
2026-04-01,7877,永大化工,永大化工,add,exists_in_base,high,"kabutan,nikkei,tdnet",3
2026-04-01,7877,永大化工,Eidai Kako,skip,duplicate,high,reuters,1
2026-04-01,7877,永大化工,Eidai Kako Co Ltd,skip,duplicate,high,reuters,1
2026-04-01,7878,光・彩,光・彩,skip,duplicate,high,"kabutan,nikkei,tdnet",4
2026-04-01,7878,光・彩,Kohsai,skip,duplicate,high,reuters,1
2026-04-01,7878,光・彩,Kohsai Co Ltd,skip,duplicate,high,reuters,1
2026-04-01,7879,ノダ,ノダ,skip,duplicate,high,"kabutan,nikkei,tdnet",3
2026-04-01,7879,ノダ,Noda,skip,duplicate,high,reuters,1
2026-04-01,7879,ノダ,Noda Corp,skip,duplicate,high,reuters,1
2026-04-01,7883,サンメッセ,サンメッセ,skip,duplicate,high,"kabutan,nikkei,tdnet",3
2026-04-01,7883,サンメッセ,Sun Messe,skip,duplicate,high,reuters,1
2026-04-01,7883,サンメッセ,Sun Messe Co Ltd,skip,duplicate,high,reuters,1
2026-04-01,7885,タカノ,タカノ,skip,duplicate,high,"kabutan,nikkei,tdnet",3
2026-04-01,7885,タカノ,Takano,skip,duplicate,high,reuters,1
2026-04-01,7885,タカノ,Takano Co Ltd,skip,duplicate,high,reuters,1
2026-04-01,7886,ヤマト モビリティ ＆ Mfg．,ヤマトモビMfg,skip,duplicate,high,tdnet,3
2026-04-01,7886,ヤマト モビリティ ＆ Mfg．,ヤマト モビリティ & Mfg.,skip,duplicate,high,"kabutan,nikkei",2
2026-04-01,7886,ヤマト モビリティ ＆ Mfg．,YAMATO Mobility & Mfg.,skip,duplicate,high,reuters,1
2026-04-01,7886,ヤマト モビリティ ＆ Mfg．,YAMATO Mobility & Mfg. Co Ltd,skip,duplicate,high,reuters,1
2026-04-01,7886,ヤマト モビリティ ＆ Mfg．,ヤマトモビM,skip,duplicate,high,kabutan,1
2026-04-01,7887,南海プライウッド,南海プライウッド,skip,duplicate,high,"kabutan,nikkei",2
2026-04-01,7887,南海プライウッド,Nankai Plywood,skip,duplicate,high,reuters,1
2026-04-01,7887,南海プライウッド,Nankai Plywood Co Ltd,skip,duplicate,high,reuters,1
2026-04-01,7887,南海プライウッド,南プラ,skip,duplicate,high,kabutan,1
2026-04-01,7888,三光合成,三光合成,add,exists_in_base,high,"kabutan,nikkei,tdnet",3
2026-04-01,7888,三光合成,Sanko Gosei,skip,duplicate,high,reuters,1
2026-04-01,7888,三光合成,Sanko Gosei Ltd,skip,duplicate,high,reuters,1
2026-04-01,7893,プロネクサス,プロネクサス,skip,duplicate,high,"kabutan,nikkei,tdnet",4
2026-04-01,7893,プロネクサス,Pronexus,skip,duplicate,high,reuters,1
2026-04-01,7893,プロネクサス,Pronexus Inc,skip,duplicate,high,reuters,1
2026-04-01,7896,セブン工業,セブン工業,add,exists_in_base,high,"kabutan,nikkei",2
2026-04-01,7896,セブン工業,Seven Industries,skip,duplicate,high,reuters,1
2026-04-01,7896,セブン工業,Seven Industries Co Ltd,skip,duplicate,high,reuters,1
2026-04-01,7896,セブン工業,セブン工,add,new_candidate,medium,tdnet,1
2026-04-01,7897,ホクシン,ホクシン,skip,duplicate,high,"kabutan,nikkei",2
2026-04-01,7897,ホクシン,Hokushin,skip,duplicate,high,reuters,1
2026-04-01,7897,ホクシン,Hokushin Co Ltd,skip,duplicate,high,reuters,1
2026-04-01,7898,ウッドワン,ウッドワン,skip,duplicate,high,"kabutan,nikkei,tdnet",3
2026-04-01,7898,ウッドワン,Wood One,skip,duplicate,high,reuters,1
2026-04-01,7898,ウッドワン,Wood One Co Ltd,skip,duplicate,high,reuters,1
2026-04-01,7901,マツモト,マツモト,add,exists_in_base,high,"kabutan,nikkei,tdnet",3
2026-04-01,7901,マツモト,Matsumoto,skip,duplicate,high,reuters,1
2026-04-01,7901,マツモト,Matsumoto Inc,skip,duplicate,high,reuters,1
2026-04-01,7902,ソノコム,ソノコム,skip,duplicate,high,"kabutan,nikkei,tdnet",3
2026-04-01,7902,ソノコム,Sonocom,skip,duplicate,high,reuters,1
2026-04-01,7902,ソノコム,Sonocom Co Ltd,skip,duplicate,high,reuters,1
2026-04-01,7906,ヨネックス,ヨネックス,skip,duplicate,high,"kabutan,nikkei",2
2026-04-01,7906,ヨネックス,Yonex,skip,duplicate,high,reuters,1
2026-04-01,7906,ヨネックス,Yonex Co Ltd,skip,duplicate,high,reuters,1
2026-04-01,7908,きもと,KIMOTO,skip,duplicate,high,"kabutan,nikkei,reuters",3
2026-04-01,7908,きもと,Kimoto Co Ltd,skip,duplicate,high,reuters,1
2026-04-01,7911,TOPPANﾎｰﾙﾃﾞｨﾝｸﾞｽ,TOPPAN HD,skip,duplicate,high,tdnet,3
2026-04-01,7911,TOPPANﾎｰﾙﾃﾞｨﾝｸﾞｽ,TOPPAN,skip,duplicate,high,"kabutan,reuters",2
2026-04-01,7911,TOPPANﾎｰﾙﾃﾞｨﾝｸﾞｽ,TOPPANホールディングス,skip,duplicate,high,"kabutan,nikkei",2
2026-04-01,7911,TOPPANﾎｰﾙﾃﾞｨﾝｸﾞｽ,TOPPAN Holdings Inc,skip,duplicate,high,reuters,1
2026-04-01,7912,大日本印刷,大日印,skip,duplicate,high,"kabutan,tdnet",6
2026-04-01,7912,大日本印刷,大日本印刷,add,exists_in_base,high,"kabutan,nikkei",2
2026-04-01,7912,大日本印刷,Dai Nippon Printing,skip,duplicate,high,reuters,1
2026-04-01,7912,大日本印刷,Dai Nippon Printing Co Ltd,skip,duplicate,high,reuters,1
2026-04-01,7914,共同印刷,共同印,skip,duplicate,high,"kabutan,tdnet",5
2026-04-01,7914,共同印刷,共同印刷,add,exists_in_base,high,"kabutan,nikkei",2
2026-04-01,7914,共同印刷,Kyodo Printing,skip,duplicate,high,reuters,1
2026-04-01,7914,共同印刷,Kyodo Printing Co Ltd,skip,duplicate,high,reuters,1
2026-04-01,7915,NISSHA,NISSHA,skip,duplicate,high,"kabutan,nikkei,reuters,tdnet",5
2026-04-01,7915,NISSHA,Nissha Co Ltd,skip,duplicate,high,reuters,1
2026-04-01,7916,光村印刷,光村印,skip,duplicate,high,"kabutan,tdnet",3
2026-04-01,7916,光村印刷,光村印刷,add,exists_in_base,high,"kabutan,nikkei",2
2026-04-01,7916,光村印刷,Mitsumura Printing,skip,duplicate,high,reuters,1
2026-04-01,7916,光村印刷,Mitsumura Printing Co Ltd,skip,duplicate,high,reuters,1
2026-04-01,7917,ZACROS,ZACROS,skip,duplicate,high,"kabutan,nikkei,reuters,tdnet",5
2026-04-01,7917,ZACROS,Zacros Corp,skip,duplicate,high,reuters,1
2026-04-01,7918,ヴィア・ﾎｰﾙﾃﾞｨﾝｸﾞｽ,ヴィアHD,skip,duplicate,high,"kabutan,tdnet",4
2026-04-01,7918,ヴィア・ﾎｰﾙﾃﾞｨﾝｸﾞｽ,ヴィア・ホールディングス,skip,duplicate,high,"kabutan,nikkei",2
2026-04-01,7918,ヴィア・ﾎｰﾙﾃﾞｨﾝｸﾞｽ,VIA,skip,duplicate,high,reuters,1
2026-04-01,7918,ヴィア・ﾎｰﾙﾃﾞｨﾝｸﾞｽ,VIA Holdings Inc,skip,duplicate,high,reuters,1
2026-04-01,7919,野崎印刷紙業,野崎印刷紙業,add,exists_in_base,high,"kabutan,nikkei",2
2026-04-01,7919,野崎印刷紙業,Nozaki Insatsu Shigyo,skip,duplicate,high,reuters,1
2026-04-01,7919,野崎印刷紙業,Nozaki Insatsu Shigyo Co Ltd,skip,duplicate,high,reuters,1
2026-04-01,7919,野崎印刷紙業,野崎紙,skip,duplicate,high,kabutan,1
2026-04-01,7921,TAKARA ＆ COMPANY,TAKARA & COMPANY,skip,duplicate,high,"kabutan,nikkei,reuters",3
2026-04-01,7921,TAKARA ＆ COMPANY,Takara & Company Ltd,skip,duplicate,high,reuters,1
2026-04-01,7921,TAKARA ＆ COMPANY,宝&CO,skip,duplicate,high,kabutan,1
2026-04-01,7921,TAKARA ＆ COMPANY,TAKARA&CO,add,new_candidate,medium,tdnet,1
2026-04-01,7922,三光産業,三光産業,skip,duplicate,high,"kabutan,nikkei,tdnet",10
2026-04-01,7922,三光産業,Sanko Sangyo,skip,duplicate,high,reuters,1
2026-04-01,7922,三光産業,Sanko Sangyo Co Ltd,skip,duplicate,high,reuters,1
2026-04-01,7923,トーイン,トーイン,skip,duplicate,high,"kabutan,tdnet",4
2026-04-01,7923,トーイン,7923.T,add,new_candidate,medium,reuters,1
2026-04-01,7925,前澤化成工業,Maezawa Kasei Industries,skip,duplicate,high,reuters,1
2026-04-01,7925,前澤化成工業,Maezawa Kasei Industries Co Ltd,skip,duplicate,high,reuters,1
2026-04-01,7925,前澤化成工業,前沢化成,skip,duplicate,high,kabutan,1
2026-04-01,7925,前澤化成工業,前澤化成工業,add,exists_in_base,high,kabutan,1
2026-04-01,7925,前澤化成工業,前沢化成工業,add,new_candidate,medium,nikkei,1
2026-04-01,7927,ムトー精工,ムトー精工,skip,duplicate,high,"kabutan,nikkei",2
2026-04-01,7927,ムトー精工,Muto Seiko,skip,duplicate,high,reuters,1
2026-04-01,7927,ムトー精工,Muto Seiko Co,skip,duplicate,high,reuters,1
2026-04-01,7928,旭化学工業,旭化学工業,add,exists_in_base,high,"kabutan,nikkei",2
2026-04-01,7928,旭化学工業,Asahi Kagaku Kogyo,skip,duplicate,high,reuters,1
2026-04-01,7928,旭化学工業,Asahi Kagaku Kogyo Co Ltd,skip,duplicate,high,reuters,1
2026-04-01,7928,旭化学工業,旭化学,skip,duplicate,high,kabutan,1
2026-04-01,7931,未来工業,未来工業,skip,duplicate,high,"kabutan,nikkei",2
2026-04-01,7931,未来工業,Mirai Industry,skip,duplicate,high,reuters,1
2026-04-01,7931,未来工業,Mirai Industry Co Ltd,skip,duplicate,high,reuters,1
2026-04-01,7932,ニッピ,ニッピ,skip,duplicate,high,"kabutan,nikkei,tdnet",4
2026-04-01,7932,ニッピ,Nippi,skip,duplicate,high,reuters,1
2026-04-01,7932,ニッピ,Nippi Inc,skip,duplicate,high,reuters,1
2026-04-01,7936,アシックス,アシックス,add,exists_in_base,high,"kabutan,nikkei",2
2026-04-01,7936,アシックス,Asics,skip,duplicate,high,reuters,1
2026-04-01,7936,アシックス,Asics Corp,skip,duplicate,high,reuters,1
2026-04-01,7937,ツツミ,ツツミ,skip,duplicate,high,"kabutan,nikkei",2
2026-04-01,7937,ツツミ,Tsutsumi Jewelry,skip,duplicate,high,reuters,1
2026-04-01,7937,ツツミ,Tsutsumi Jewelry Co Ltd,skip,duplicate,high,reuters,1
2026-04-01,7938,リーガルｺｰﾎﾟﾚｰｼｮﾝ,リーガル,skip,duplicate,high,"kabutan,tdnet",4
2026-04-01,7938,リーガルｺｰﾎﾟﾚｰｼｮﾝ,リーガルコーポレーション,skip,duplicate,high,"kabutan,nikkei",2
2026-04-01,7938,リーガルｺｰﾎﾟﾚｰｼｮﾝ,Regal,skip,duplicate,high,reuters,1
2026-04-01,7938,リーガルｺｰﾎﾟﾚｰｼｮﾝ,Regal Corp,skip,duplicate,high,reuters,1
2026-04-01,7939,研創,研創,add,exists_in_base,high,"kabutan,nikkei",2
2026-04-01,7939,研創,Kensoh,skip,duplicate,high,reuters,1
2026-04-01,7939,研創,Kensoh Co Ltd,skip,duplicate,high,reuters,1
2026-04-01,7940,ウェーブロックﾎｰﾙﾃﾞｨﾝｸﾞｽ,ウェーブロックHD,skip,duplicate,high,tdnet,2
2026-04-01,7940,ウェーブロックﾎｰﾙﾃﾞｨﾝｸﾞｽ,ウェーブロックホールディングス,skip,duplicate,high,"kabutan,nikkei",2
2026-04-01,7940,ウェーブロックﾎｰﾙﾃﾞｨﾝｸﾞｽ,Wavelock,skip,duplicate,high,reuters,1
2026-04-01,7940,ウェーブロックﾎｰﾙﾃﾞｨﾝｸﾞｽ,Wavelock Holdings Co Ltd,skip,duplicate,high,reuters,1
2026-04-01,7940,ウェーブロックﾎｰﾙﾃﾞｨﾝｸﾞｽ,ウェーブHD,skip,duplicate,high,kabutan,1
2026-04-01,7942,JSP,JSP,skip,duplicate,high,"kabutan,nikkei,reuters,tdnet",4
2026-04-01,7942,JSP,JSP Corp,skip,duplicate,high,reuters,1
2026-04-01,7943,ニチハ,ニチハ,skip,duplicate,high,"kabutan,nikkei",2
2026-04-01,7943,ニチハ,Nichiha,skip,duplicate,high,reuters,1
2026-04-01,7943,ニチハ,Nichiha Corp,skip,duplicate,high,reuters,1
2026-04-01,7944,ローランド,ローランド,add,exists_in_base,high,"kabutan,nikkei",2
2026-04-01,7944,ローランド,Roland,skip,duplicate,high,reuters,1
2026-04-01,7944,ローランド,Roland Corp,skip,duplicate,high,reuters,1
2026-04-01,7946,光陽社,光陽社,skip,duplicate,high,"kabutan,nikkei,tdnet",6
2026-04-01,7946,光陽社,Koyosha,skip,duplicate,high,reuters,1
2026-04-01,7946,光陽社,Koyosha Inc,skip,duplicate,high,reuters,1
2026-04-01,7947,エフピコ,エフピコ,skip,duplicate,high,"kabutan,nikkei",2
2026-04-01,7947,エフピコ,FP Corp,skip,duplicate,high,reuters,1
2026-04-01,7949,小松ウオール工業,小松ウオール工業,add,exists_in_base,high,"kabutan,nikkei",2
2026-04-01,7949,小松ウオール工業,Komatsu Wall Industry,skip,duplicate,high,reuters,1
2026-04-01,7949,小松ウオール工業,Komatsu Wall Industry Co Ltd,skip,duplicate,high,reuters,1
2026-04-01,7949,小松ウオール工業,小松ウオール,skip,duplicate,high,kabutan,1
2026-04-01,7951,ヤマハ,ヤマハ,skip,duplicate,high,"kabutan,nikkei,tdnet",6
2026-04-01,7951,ヤマハ,Yamaha,skip,duplicate,high,reuters,1
2026-04-01,7951,ヤマハ,Yamaha Corp,skip,duplicate,high,reuters,1
2026-04-01,7952,河合楽器製作所,河合楽器製作所,add,exists_in_base,high,"kabutan,nikkei",2
2026-04-01,7952,河合楽器製作所,Kawai Musical Instruments Manufacturing,skip,duplicate,high,reuters,1
2026-04-01,7952,河合楽器製作所,Kawai Musical Instruments Manufacturing Co Ltd,skip,duplicate,high,reuters,1
2026-04-01,7952,河合楽器製作所,河合楽,skip,duplicate,high,kabutan,1
2026-04-01,7953,菊水化学工業,菊水化学工業,add,exists_in_base,high,"kabutan,nikkei,tdnet",5
2026-04-01,7953,菊水化学工業,Kikusui Chemical Industries,skip,duplicate,high,reuters,1
2026-04-01,7953,菊水化学工業,Kikusui Chemical Industries Co Ltd,skip,duplicate,high,reuters,1
2026-04-01,7953,菊水化学工業,菊水化,skip,duplicate,high,kabutan,1
2026-04-01,7955,クリナップ,クリナップ,skip,duplicate,high,"kabutan,nikkei",2
2026-04-01,7955,クリナップ,Cleanup,skip,duplicate,high,reuters,1
2026-04-01,7955,クリナップ,Cleanup Corp,skip,duplicate,high,reuters,1
2026-04-01,7956,ピジョン,ピジョン,add,exists_in_base,high,"kabutan,nikkei,tdnet",4
2026-04-01,7956,ピジョン,Pigeon,skip,duplicate,high,reuters,1
2026-04-01,7956,ピジョン,Pigeon Corp,skip,duplicate,high,reuters,1
2026-04-01,7957,フジコピアン,フジコピアン,skip,duplicate,high,"kabutan,nikkei,tdnet",7
2026-04-01,7957,フジコピアン,Fujicopian,skip,duplicate,high,reuters,1
2026-04-01,7957,フジコピアン,Fujicopian Co Ltd,skip,duplicate,high,reuters,1
2026-04-01,7962,キングジム,キングジム,skip,duplicate,high,"kabutan,nikkei",2
2026-04-01,7962,キングジム,King Jim,skip,duplicate,high,reuters,1
2026-04-01,7962,キングジム,King Jim Co Ltd,skip,duplicate,high,reuters,1
2026-04-01,7963,興研,興研,skip,duplicate,high,"kabutan,nikkei",2
2026-04-01,7963,興研,Koken,skip,duplicate,high,reuters,1
2026-04-01,7963,興研,Koken Ltd,skip,duplicate,high,reuters,1
2026-04-01,7965,象印マホービン,象印マホービン,skip,duplicate,high,"kabutan,nikkei,tdnet",5
2026-04-01,7965,象印マホービン,Zojirushi,skip,duplicate,high,reuters,1
2026-04-01,7965,象印マホービン,Zojirushi Corp,skip,duplicate,high,reuters,1
2026-04-01,7965,象印マホービン,象印,skip,duplicate,high,kabutan,1
2026-04-01,7966,リンテック,リンテック,skip,duplicate,high,"kabutan,nikkei",2
2026-04-01,7966,リンテック,Lintec,skip,duplicate,high,reuters,1
2026-04-01,7966,リンテック,Lintec Corp,skip,duplicate,high,reuters,1
2026-04-01,7970,信越ポリマー,信越ポリマー,add,exists_in_base,high,"kabutan,nikkei",2
2026-04-01,7970,信越ポリマー,Shin-Etsu Polymer,skip,duplicate,high,reuters,1
2026-04-01,7970,信越ポリマー,Shin-Etsu Polymer Co Ltd,skip,duplicate,high,reuters,1
2026-04-01,7970,信越ポリマー,信越ポリ,skip,duplicate,high,kabutan,1
2026-04-01,7971,東リ,東リ,skip,duplicate,high,"kabutan,nikkei,tdnet",3
2026-04-01,7971,東リ,Toli,skip,duplicate,high,reuters,1
2026-04-01,7971,東リ,Toli Corp,skip,duplicate,high,reuters,1
2026-04-01,7972,イトーキ,イトーキ,skip,duplicate,high,"kabutan,nikkei,tdnet",5
2026-04-01,7972,イトーキ,Itoki,skip,duplicate,high,reuters,1
2026-04-01,7972,イトーキ,Itoki Corp,skip,duplicate,high,reuters,1
2026-04-01,7974,任天堂,任天堂,skip,duplicate,high,"kabutan,nikkei,tdnet",8
2026-04-01,7974,任天堂,Nintendo,skip,duplicate,high,reuters,1
2026-04-01,7974,任天堂,Nintendo Co Ltd,skip,duplicate,high,reuters,1
2026-04-01,7975,リヒトラブ,リヒトラブ,skip,duplicate,high,"kabutan,nikkei,tdnet",3
2026-04-01,7975,リヒトラブ,Lihit Lab,skip,duplicate,high,reuters,1
2026-04-01,7975,リヒトラブ,Lihit Lab Inc,skip,duplicate,high,reuters,1
2026-04-01,7976,三菱鉛筆,三菱鉛筆,add,exists_in_base,high,"kabutan,nikkei",2
2026-04-01,7976,三菱鉛筆,Mitsubishi Pencil,skip,duplicate,high,reuters,1
2026-04-01,7976,三菱鉛筆,Mitsubishi Pencil Co Ltd,skip,duplicate,high,reuters,1
2026-04-01,7976,三菱鉛筆,菱鉛筆,skip,duplicate,high,kabutan,1
2026-04-01,7979,松風,松風,skip,duplicate,high,"kabutan,nikkei,tdnet",3
2026-04-01,7979,松風,Shofu,skip,duplicate,high,reuters,1
2026-04-01,7979,松風,Shofu Inc,skip,duplicate,high,reuters,1
2026-04-01,7980,重松製作所,重松製作所,add,exists_in_base,high,"kabutan,nikkei",2
2026-04-01,7980,重松製作所,Shigematsu Works,skip,duplicate,high,reuters,1
2026-04-01,7980,重松製作所,Shigematsu Works Co Ltd,skip,duplicate,high,reuters,1
2026-04-01,7980,重松製作所,重松製,skip,duplicate,high,kabutan,1
2026-04-01,7981,タカラスタンダード,タカラスタン,skip,duplicate,high,tdnet,4
2026-04-01,7981,タカラスタンダード,タカラスタンダード,add,exists_in_base,high,"kabutan,nikkei",2
2026-04-01,7981,タカラスタンダード,Takara Standard,skip,duplicate,high,reuters,1
2026-04-01,7981,タカラスタンダード,Takara Standard Co Ltd,skip,duplicate,high,reuters,1
2026-04-01,7981,タカラスタンダード,タカラスタ,skip,duplicate,high,kabutan,1
2026-04-01,7983,ミロク,ミロク,add,exists_in_base,high,"kabutan,nikkei,tdnet",3
2026-04-01,7983,ミロク,Miroku,skip,duplicate,high,reuters,1
2026-04-01,7983,ミロク,Miroku Corp,skip,duplicate,high,reuters,1
2026-04-01,7984,コクヨ,コクヨ,skip,duplicate,high,"kabutan,nikkei,tdnet",8
2026-04-01,7984,コクヨ,Kokuyo,skip,duplicate,high,reuters,1
2026-04-01,7984,コクヨ,Kokuyo Co Ltd,skip,duplicate,high,reuters,1
2026-04-01,7985,ネポン,ネポン,add,exists_in_base,high,"kabutan,nikkei,tdnet",3
2026-04-01,7985,ネポン,Nepon,skip,duplicate,high,reuters,1
2026-04-01,7985,ネポン,Nepon Inc,skip,duplicate,high,reuters,1
2026-04-01,7986,日本アイ・エス・ケイ,日本アイ・エス・ケイ,skip,duplicate,high,"kabutan,nikkei,tdnet",5
2026-04-01,7986,日本アイ・エス・ケイ,Nihon ISK,skip,duplicate,high,reuters,1
2026-04-01,7986,日本アイ・エス・ケイ,Nihon ISK Co Ltd,skip,duplicate,high,reuters,1
2026-04-01,7986,日本アイ・エス・ケイ,日本ISK,skip,duplicate,high,kabutan,1
2026-04-01,7987,ナカバヤシ,ナカバヤシ,skip,duplicate,high,"kabutan,nikkei",2
2026-04-01,7987,ナカバヤシ,Nakabayashi,skip,duplicate,high,reuters,1
2026-04-01,7987,ナカバヤシ,Nakabayashi Co Ltd,skip,duplicate,high,reuters,1
2026-04-01,7988,ニフコ,ニフコ,skip,duplicate,high,"kabutan,nikkei",2
2026-04-01,7988,ニフコ,Nifco,skip,duplicate,high,reuters,1
2026-04-01,7988,ニフコ,Nifco Inc,skip,duplicate,high,reuters,1
2026-04-01,7989,立川ブラインド工業,立川ブラインド工業,add,exists_in_base,high,"kabutan,nikkei",2
2026-04-01,7989,立川ブラインド工業,Tachikawa,skip,duplicate,high,reuters,1
2026-04-01,7989,立川ブラインド工業,Tachikawa Corp,skip,duplicate,high,reuters,1
2026-04-01,7989,立川ブラインド工業,ブラインド,skip,duplicate,high,kabutan,1
2026-04-01,7989,立川ブラインド工業,立川ブライ,add,new_candidate,medium,tdnet,2
2026-04-01,7990,グローブライド,グローブライド,add,exists_in_base,high,"kabutan,nikkei,tdnet",3
2026-04-01,7990,グローブライド,Globeride,skip,duplicate,high,reuters,1
2026-04-01,7990,グローブライド,Globeride Inc,skip,duplicate,high,reuters,1
2026-04-01,7990,グローブライド,グロブライド,skip,duplicate,high,kabutan,1
2026-04-01,7991,マミヤ・オーピー,マミヤ・オーピー,skip,duplicate,high,"kabutan,nikkei,tdnet",3
2026-04-01,7991,マミヤ・オーピー,Mamiya-OP,skip,duplicate,high,reuters,1
2026-04-01,7991,マミヤ・オーピー,Mamiya-OP Co Ltd,skip,duplicate,high,reuters,1
2026-04-01,7991,マミヤ・オーピー,マミヤOP,skip,duplicate,high,kabutan,1
2026-04-01,7992,セーラー万年筆,セーラー,skip,duplicate,high,"kabutan,tdnet",3
2026-04-01,7992,セーラー万年筆,セーラー万年筆,add,exists_in_base,high,"kabutan,nikkei",2
2026-04-01,7992,セーラー万年筆,Sailor Pen,skip,duplicate,high,reuters,1
2026-04-01,7992,セーラー万年筆,Sailor Pen Co Ltd,skip,duplicate,high,reuters,1
2026-04-01,7994,オカムラ,オカムラ,skip,duplicate,high,"kabutan,nikkei",2
2026-04-01,7994,オカムラ,Okamura,skip,duplicate,high,reuters,1
2026-04-01,7994,オカムラ,Okamura Corp,skip,duplicate,high,reuters,1
2026-04-01,7995,バルカー,バルカー,skip,duplicate,high,"kabutan,nikkei",2
2026-04-01,7995,バルカー,Valqua,skip,duplicate,high,reuters,1
2026-04-01,7995,バルカー,Valqua Ltd,skip,duplicate,high,reuters,1
2026-04-01,7997,くろがね工作所,くろがね工作所,add,exists_in_base,high,"kabutan,nikkei",2
2026-04-01,7997,くろがね工作所,Kurogane Kosakusho,skip,duplicate,high,reuters,1
2026-04-01,7997,くろがね工作所,Kurogane Kosakusho Ltd,skip,duplicate,high,reuters,1
2026-04-01,7997,くろがね工作所,くろ工,skip,duplicate,high,kabutan,1
2026-04-01,7999,MUTOHﾎｰﾙﾃﾞｨﾝｸﾞｽ,MUTOH,skip,duplicate,high,"kabutan,reuters",2
2026-04-01,7999,MUTOHﾎｰﾙﾃﾞｨﾝｸﾞｽ,MUTOH-HD,skip,duplicate,high,tdnet,2
2026-04-01,7999,MUTOHﾎｰﾙﾃﾞｨﾝｸﾞｽ,MUTOHホールディングス,skip,duplicate,high,"kabutan,nikkei",2
2026-04-01,7999,MUTOHﾎｰﾙﾃﾞｨﾝｸﾞｽ,Mutoh Holdings Co Ltd,skip,duplicate,high,reuters,1
2026-04-01,8001,伊藤忠商事,伊藤忠,skip,duplicate,high,"kabutan,tdnet",11
2026-04-01,8001,伊藤忠商事,伊藤忠商事,add,exists_in_base,high,"kabutan,nikkei",2
2026-04-01,8001,伊藤忠商事,Itochu,skip,duplicate,high,reuters,1
2026-04-01,8001,伊藤忠商事,Itochu Corp,skip,duplicate,high,reuters,1
2026-04-01,8002,丸紅,丸紅,skip,duplicate,high,"kabutan,nikkei,tdnet",5
2026-04-01,8002,丸紅,Marubeni,skip,duplicate,high,reuters,1
2026-04-01,8002,丸紅,Marubeni Corp,skip,duplicate,high,reuters,1
2026-04-01,8005,スクロール,スクロール,skip,duplicate,high,"kabutan,nikkei,tdnet",4
2026-04-01,8005,スクロール,Scroll,skip,duplicate,high,reuters,1
2026-04-01,8005,スクロール,Scroll Corp,skip,duplicate,high,reuters,1
2026-04-01,8006,ユアサ・フナショク,ユアサフナ,skip,duplicate,high,"kabutan,tdnet",2
2026-04-01,8006,ユアサ・フナショク,ユアサ・フナショク,add,exists_in_base,high,"kabutan,nikkei",2
2026-04-01,8006,ユアサ・フナショク,Yuasa Funashoku,skip,duplicate,high,reuters,1
2026-04-01,8006,ユアサ・フナショク,Yuasa Funashoku Co Ltd,skip,duplicate,high,reuters,1
2026-04-01,8007,高島,高島,skip,duplicate,high,"kabutan,nikkei,tdnet",6
2026-04-01,8007,高島,Takashima &,skip,duplicate,high,reuters,1
2026-04-01,8007,高島,Takashima & Co Ltd,skip,duplicate,high,reuters,1
2026-04-01,8008,ヨンドシーﾎｰﾙﾃﾞｨﾝｸﾞｽ,ヨンドシーホールディングス,skip,duplicate,high,"kabutan,nikkei",2
2026-04-01,8008,ヨンドシーﾎｰﾙﾃﾞｨﾝｸﾞｽ,4°Cホールデ,skip,duplicate,high,kabutan,1
2026-04-01,8008,ヨンドシーﾎｰﾙﾃﾞｨﾝｸﾞｽ,Yondoshi,skip,duplicate,high,reuters,1
2026-04-01,8008,ヨンドシーﾎｰﾙﾃﾞｨﾝｸﾞｽ,Yondoshi Holdings Inc,skip,duplicate,high,reuters,1
2026-04-01,8011,三陽商会,三陽商,skip,duplicate,high,"kabutan,tdnet",6
2026-04-01,8011,三陽商会,三陽商会,add,exists_in_base,high,"kabutan,nikkei",2
2026-04-01,8011,三陽商会,Sanyo Shokai,skip,duplicate,high,reuters,1
2026-04-01,8011,三陽商会,Sanyo Shokai Ltd,skip,duplicate,high,reuters,1
2026-04-01,8012,長瀬産業,長瀬産,skip,duplicate,high,"kabutan,tdnet",4
2026-04-01,8012,長瀬産業,長瀬産業,add,exists_in_base,high,"kabutan,nikkei",2
2026-04-01,8012,長瀬産業,Nagase &,skip,duplicate,high,reuters,1
2026-04-01,8012,長瀬産業,Nagase & Co Ltd,skip,duplicate,high,reuters,1
2026-04-01,8013,ナイガイ,ナイガイ,skip,duplicate,high,"kabutan,nikkei,tdnet",6
2026-04-01,8013,ナイガイ,Naigai,skip,duplicate,high,reuters,1
2026-04-01,8013,ナイガイ,Naigai Co Ltd,skip,duplicate,high,reuters,1
2026-04-01,8014,蝶理,蝶理,skip,duplicate,high,"kabutan,nikkei,tdnet",4
2026-04-01,8014,蝶理,Chori,skip,duplicate,high,reuters,1
2026-04-01,8014,蝶理,Chori Co Ltd,skip,duplicate,high,reuters,1
2026-04-01,8015,豊田通商,豊田通商,skip,duplicate,high,"kabutan,nikkei,tdnet",6
2026-04-01,8015,豊田通商,Toyota Tsusho,skip,duplicate,high,reuters,1
2026-04-01,8015,豊田通商,Toyota Tsusho Corp,skip,duplicate,high,reuters,1
2026-04-01,8016,オンワードﾎｰﾙﾃﾞｨﾝｸﾞｽ,オンワードホールディングス,skip,duplicate,high,"kabutan,nikkei",2
2026-04-01,8016,オンワードﾎｰﾙﾃﾞｨﾝｸﾞｽ,Onward,skip,duplicate,high,reuters,1
2026-04-01,8016,オンワードﾎｰﾙﾃﾞｨﾝｸﾞｽ,Onward Holdings Co Ltd,skip,duplicate,high,reuters,1
2026-04-01,8016,オンワードﾎｰﾙﾃﾞｨﾝｸﾞｽ,オンワード,skip,duplicate,high,kabutan,1
2026-04-01,8016,オンワードﾎｰﾙﾃﾞｨﾝｸﾞｽ,オンワードHD,skip,duplicate,high,tdnet,1
2026-04-01,8018,三共生興,三共生興,skip,duplicate,high,"kabutan,nikkei,tdnet",3
2026-04-01,8018,三共生興,Sankyo Seiko,skip,duplicate,high,reuters,1
2026-04-01,8018,三共生興,Sankyo Seiko Co Ltd,skip,duplicate,high,reuters,1
2026-04-01,8018,三共生興,三共興,skip,duplicate,high,kabutan,1
2026-04-01,8020,兼松,兼松,skip,duplicate,high,"kabutan,nikkei",2
2026-04-01,8020,兼松,Kanematsu,skip,duplicate,high,reuters,1
2026-04-01,8020,兼松,Kanematsu Corp,skip,duplicate,high,reuters,1
2026-04-01,8022,美津濃,ミズノ,skip,duplicate,high,"kabutan,nikkei,tdnet",8
2026-04-01,8022,美津濃,Mizuno,skip,duplicate,high,reuters,1
2026-04-01,8022,美津濃,Mizuno Corp,skip,duplicate,high,reuters,1
2026-04-01,8023,DAIKO XTECH,DAIKO XTECH,skip,duplicate,high,"kabutan,nikkei,reuters",3
2026-04-01,8023,DAIKO XTECH,DAIKOXT,skip,duplicate,high,tdnet,2
2026-04-01,8023,DAIKO XTECH,Daiko Xtech Ltd,skip,duplicate,high,reuters,1
2026-04-01,8023,DAIKO XTECH,DAIKOX,skip,duplicate,high,kabutan,1
2026-04-01,8025,ツカモトｺｰﾎﾟﾚｰｼｮﾝ,ツカモト,skip,duplicate,high,"kabutan,tdnet",2
2026-04-01,8025,ツカモトｺｰﾎﾟﾚｰｼｮﾝ,ツカモトコーポレーション,skip,duplicate,high,"kabutan,nikkei",2
2026-04-01,8025,ツカモトｺｰﾎﾟﾚｰｼｮﾝ,Tsukamoto,skip,duplicate,high,reuters,1
2026-04-01,8025,ツカモトｺｰﾎﾟﾚｰｼｮﾝ,Tsukamoto Corporation Co Ltd,skip,duplicate,high,reuters,1
2026-04-01,8029,ルックﾎｰﾙﾃﾞｨﾝｸﾞｽ,ルックHD,skip,duplicate,high,"kabutan,tdnet",2
2026-04-01,8029,ルックﾎｰﾙﾃﾞｨﾝｸﾞｽ,ルックホールディングス,skip,duplicate,high,"kabutan,nikkei",2
2026-04-01,8029,ルックﾎｰﾙﾃﾞｨﾝｸﾞｽ,Look,skip,duplicate,high,reuters,1
2026-04-01,8029,ルックﾎｰﾙﾃﾞｨﾝｸﾞｽ,Look Holdings Inc,skip,duplicate,high,reuters,1
2026-04-01,8030,中央魚類,中央魚類,add,exists_in_base,high,"kabutan,nikkei",2
2026-04-01,8030,中央魚類,Chuo Gyorui,skip,duplicate,high,reuters,1
2026-04-01,8030,中央魚類,Chuo Gyorui Co Ltd,skip,duplicate,high,reuters,1
2026-04-01,8030,中央魚類,中央魚,skip,duplicate,high,kabutan,1
2026-04-01,8031,三井物産,三井物産,skip,duplicate,high,"kabutan,nikkei,tdnet",7
2026-04-01,8031,三井物産,Mitsui &,skip,duplicate,high,reuters,1
2026-04-01,8031,三井物産,Mitsui & Co Ltd,skip,duplicate,high,reuters,1
2026-04-01,8031,三井物産,三井物,skip,duplicate,high,kabutan,1
2026-04-01,8032,日本紙パルプ商事,紙パル商,skip,duplicate,high,"kabutan,tdnet",3
2026-04-01,8032,日本紙パルプ商事,日本紙パルプ商事,add,exists_in_base,high,"kabutan,nikkei",2
2026-04-01,8032,日本紙パルプ商事,Japan Pulp & Paper,skip,duplicate,high,reuters,1
2026-04-01,8032,日本紙パルプ商事,Japan Pulp & Paper Co Ltd,skip,duplicate,high,reuters,1
2026-04-01,8035,東京エレクトロン,東エレク,skip,duplicate,high,"kabutan,tdnet",5
2026-04-01,8035,東京エレクトロン,東京エレクトロン,add,exists_in_base,high,"kabutan,nikkei",2
2026-04-01,8035,東京エレクトロン,Tokyo Electron,skip,duplicate,high,reuters,1
2026-04-01,8035,東京エレクトロン,Tokyo Electron Ltd,skip,duplicate,high,reuters,1
2026-04-01,8037,カメイ,カメイ,skip,duplicate,high,"kabutan,nikkei,tdnet",3
2026-04-01,8037,カメイ,Kamei,skip,duplicate,high,reuters,1
2026-04-01,8037,カメイ,Kamei Corp,skip,duplicate,high,reuters,1
2026-04-01,8039,築地魚市場,築地魚,skip,duplicate,high,"kabutan,tdnet",4
2026-04-01,8039,築地魚市場,築地魚市場,add,exists_in_base,high,"kabutan,nikkei",2
2026-04-01,8039,築地魚市場,Tsukiji Uoichiba,skip,duplicate,high,reuters,1
2026-04-01,8039,築地魚市場,Tsukiji Uoichiba Co Ltd,skip,duplicate,high,reuters,1
2026-04-01,8040,東京ソワール,東ソワール,skip,duplicate,high,"kabutan,tdnet",3
2026-04-01,8040,東京ソワール,東京ソワール,add,exists_in_base,high,"kabutan,nikkei",2
2026-04-01,8040,東京ソワール,Tokyo Soir,skip,duplicate,high,reuters,1
2026-04-01,8040,東京ソワール,Tokyo Soir Co Ltd,skip,duplicate,high,reuters,1
2026-04-01,8041,OUGﾎｰﾙﾃﾞｨﾝｸﾞｽ,OUGホールディングス,skip,duplicate,high,"kabutan,nikkei",2
2026-04-01,8041,OUGﾎｰﾙﾃﾞｨﾝｸﾞｽ,OUG,skip,duplicate,high,reuters,1
2026-04-01,8041,OUGﾎｰﾙﾃﾞｨﾝｸﾞｽ,OUG Holdings Inc,skip,duplicate,high,reuters,1
2026-04-01,8041,OUGﾎｰﾙﾃﾞｨﾝｸﾞｽ,OUGHD,skip,duplicate,high,kabutan,1
2026-04-01,8043,スターゼン,スターゼン,skip,duplicate,high,"kabutan,nikkei,tdnet",3
2026-04-01,8043,スターゼン,Starzen,skip,duplicate,high,reuters,1
2026-04-01,8043,スターゼン,Starzen Co Ltd,skip,duplicate,high,reuters,1
2026-04-01,8045,横浜丸魚,横浜丸魚,skip,duplicate,high,"kabutan,nikkei,tdnet",3
2026-04-01,8045,横浜丸魚,Yokohama Maruuo,skip,duplicate,high,reuters,1
2026-04-01,8045,横浜丸魚,Yokohama Maruuo Co Ltd,skip,duplicate,high,reuters,1
2026-04-01,8045,横浜丸魚,浜丸魚,skip,duplicate,high,kabutan,1
2026-04-01,8046,丸藤シートパイル,丸藤シートパイル,add,exists_in_base,high,"kabutan,nikkei",2
2026-04-01,8046,丸藤シートパイル,丸藤パイル,skip,duplicate,high,tdnet,2
2026-04-01,8046,丸藤シートパイル,Marufuji Sheet Piling,skip,duplicate,high,reuters,1
2026-04-01,8046,丸藤シートパイル,Marufuji Sheet Piling Co Ltd,skip,duplicate,high,reuters,1
2026-04-01,8046,丸藤シートパイル,丸藤パ,skip,duplicate,high,kabutan,1
2026-04-01,8050,セイコーｸﾞﾙｰﾌﾟ,セイコーG,skip,duplicate,high,"kabutan,tdnet",2
2026-04-01,8050,セイコーｸﾞﾙｰﾌﾟ,セイコーグループ,skip,duplicate,high,"kabutan,nikkei",2
2026-04-01,8050,セイコーｸﾞﾙｰﾌﾟ,Seiko,skip,duplicate,high,reuters,1
2026-04-01,8050,セイコーｸﾞﾙｰﾌﾟ,Seiko Group Corp,skip,duplicate,high,reuters,1
2026-04-01,8051,山善,山善,skip,duplicate,high,"kabutan,nikkei,tdnet",6
2026-04-01,8051,山善,Yamazen,skip,duplicate,high,reuters,1
2026-04-01,8051,山善,Yamazen Corp,skip,duplicate,high,reuters,1
2026-04-01,8052,椿本興業,椿本興業,add,exists_in_base,high,"kabutan,nikkei",2
2026-04-01,8052,椿本興業,Tsubakimoto Kogyo,skip,duplicate,high,reuters,1
2026-04-01,8052,椿本興業,Tsubakimoto Kogyo Co Ltd,skip,duplicate,high,reuters,1
2026-04-01,8052,椿本興業,椿本興,skip,duplicate,high,kabutan,1
2026-04-01,8053,住友商事,住友商事,add,exists_in_base,high,"kabutan,nikkei",2
2026-04-01,8053,住友商事,Sumitomo,skip,duplicate,high,reuters,1
2026-04-01,8053,住友商事,Sumitomo Corp,skip,duplicate,high,reuters,1
2026-04-01,8053,住友商事,住友商,skip,duplicate,high,kabutan,1
2026-04-01,8056,BIPROGY,BIPROGY,skip,duplicate,high,"kabutan,nikkei,reuters,tdnet",5
2026-04-01,8056,BIPROGY,Biprogy Inc,skip,duplicate,high,reuters,1
2026-04-01,8056,BIPROGY,ビプロジー,skip,duplicate,high,kabutan,1
2026-04-01,8057,内田洋行,内田洋行,skip,duplicate,high,"kabutan,nikkei,tdnet",4
2026-04-01,8057,内田洋行,Uchida Yoko,skip,duplicate,high,reuters,1
2026-04-01,8057,内田洋行,Uchida Yoko Co Ltd,skip,duplicate,high,reuters,1
2026-04-01,8057,内田洋行,内田洋,skip,duplicate,high,kabutan,1
2026-04-01,8058,三菱商事,三菱商事,skip,duplicate,high,"kabutan,nikkei,tdnet",6
2026-04-01,8058,三菱商事,Mitsubishi,skip,duplicate,high,reuters,1
2026-04-01,8058,三菱商事,Mitsubishi Corp,skip,duplicate,high,reuters,1
2026-04-01,8058,三菱商事,三菱商,skip,duplicate,high,kabutan,1
2026-04-01,8059,第一実業,第一実業,skip,duplicate,high,"kabutan,nikkei",2
2026-04-01,8059,第一実業,Daiichi Jitsugyo,skip,duplicate,high,reuters,1
2026-04-01,8059,第一実業,Daiichi Jitsugyo Co Ltd,skip,duplicate,high,reuters,1
2026-04-01,8059,第一実業,第一実,skip,duplicate,high,kabutan,1
2026-04-01,8060,キヤノンマーケティングジャパン,キヤノンMJ,skip,duplicate,high,"kabutan,tdnet",5
2026-04-01,8060,キヤノンマーケティングジャパン,キヤノンマーケティングジャパン,add,exists_in_base,high,"kabutan,nikkei",2
2026-04-01,8060,キヤノンマーケティングジャパン,Canon Marketing Japan,skip,duplicate,high,reuters,1
2026-04-01,8060,キヤノンマーケティングジャパン,Canon Marketing Japan Inc,skip,duplicate,high,reuters,1
2026-04-01,8061,西華産業,西華産,skip,duplicate,high,"kabutan,tdnet",3
2026-04-01,8061,西華産業,西華産業,add,exists_in_base,high,"kabutan,nikkei",2
2026-04-01,8061,西華産業,Seika,skip,duplicate,high,reuters,1
2026-04-01,8061,西華産業,Seika Corp,skip,duplicate,high,reuters,1
2026-04-01,8065,佐藤商事,佐藤商事,add,exists_in_base,high,"kabutan,nikkei",2
2026-04-01,8065,佐藤商事,Sato Sho-Ji,skip,duplicate,high,reuters,1
2026-04-01,8065,佐藤商事,Sato Sho-Ji Corp,skip,duplicate,high,reuters,1
2026-04-01,8065,佐藤商事,佐藤商,skip,duplicate,high,kabutan,1
2026-04-01,8066,三谷商事,三谷商事,add,exists_in_base,high,"kabutan,nikkei",2
2026-04-01,8066,三谷商事,Mitani,skip,duplicate,high,reuters,1
2026-04-01,8066,三谷商事,Mitani Corp,skip,duplicate,high,reuters,1
2026-04-01,8066,三谷商事,三谷商,skip,duplicate,high,kabutan,1
2026-04-01,8070,東京産業,東京産業,add,exists_in_base,high,"kabutan,nikkei",2
2026-04-01,8070,東京産業,Tokyo Sangyo,skip,duplicate,high,reuters,1
2026-04-01,8070,東京産業,Tokyo Sangyo Co Ltd,skip,duplicate,high,reuters,1
2026-04-01,8070,東京産業,東京産,skip,duplicate,high,kabutan,1
2026-04-01,8074,ユアサ商事,YUASA,add,new_candidate,high,"kabutan,nikkei,reuters,tdnet",4
2026-04-01,8074,ユアサ商事,Yuasa Co Ltd,add,new_candidate,medium,reuters,1
2026-04-01,8075,神鋼商事,神鋼商,skip,duplicate,high,"kabutan,tdnet",3
2026-04-01,8075,神鋼商事,神鋼商事,add,exists_in_base,high,"kabutan,nikkei",2
2026-04-01,8075,神鋼商事,Shinsho,skip,duplicate,high,reuters,1
2026-04-01,8075,神鋼商事,Shinsho Corp,skip,duplicate,high,reuters,1
2026-04-01,8076,カノークス,カノークス,skip,duplicate,high,"kabutan,nikkei,tdnet",7
2026-04-01,8076,カノークス,Canox,skip,duplicate,high,reuters,1
2026-04-01,8076,カノークス,Canox Corp,skip,duplicate,high,reuters,1
2026-04-01,8077,トルク,トルク,skip,duplicate,high,"kabutan,nikkei,tdnet",7
2026-04-01,8077,トルク,TORQ,skip,duplicate,high,reuters,1
2026-04-01,8077,トルク,TORQ Inc,skip,duplicate,high,reuters,1
2026-04-01,8078,阪和興業,阪和興,skip,duplicate,high,"kabutan,tdnet",3
2026-04-01,8078,阪和興業,阪和興業,add,exists_in_base,high,"kabutan,nikkei",2
2026-04-01,8078,阪和興業,Hanwa,skip,duplicate,high,reuters,1
2026-04-01,8078,阪和興業,Hanwa Co Ltd,skip,duplicate,high,reuters,1
2026-04-01,8079,正栄食品工業,正栄食,skip,duplicate,high,"kabutan,tdnet",4
2026-04-01,8079,正栄食品工業,正栄食品工業,add,exists_in_base,high,"kabutan,nikkei",2
2026-04-01,8079,正栄食品工業,Shoei Foods,skip,duplicate,high,reuters,1
2026-04-01,8079,正栄食品工業,Shoei Foods Corp,skip,duplicate,high,reuters,1
2026-04-01,8081,カナデン,カナデン,skip,duplicate,high,"kabutan,nikkei",2
2026-04-01,8081,カナデン,Kanaden,skip,duplicate,high,reuters,1
2026-04-01,8081,カナデン,Kanaden Corp,skip,duplicate,high,reuters,1
2026-04-01,8084,RYODEN,RYODEN,skip,duplicate,high,"kabutan,nikkei,reuters,tdnet",4
2026-04-01,8084,RYODEN,Ryoden Corp,skip,duplicate,high,reuters,1
2026-04-01,8085,ナラサキ産業,ナラサキ産業,add,exists_in_base,high,"kabutan,nikkei",2
2026-04-01,8085,ナラサキ産業,Narasaki Sangyo,skip,duplicate,high,reuters,1
2026-04-01,8085,ナラサキ産業,Narasaki Sangyo Co Ltd,skip,duplicate,high,reuters,1
2026-04-01,8085,ナラサキ産業,ナラサキ,skip,duplicate,high,kabutan,1
2026-04-01,8086,ニプロ,ニプロ,skip,duplicate,high,"kabutan,nikkei,tdnet",5
2026-04-01,8086,ニプロ,Nipro,skip,duplicate,high,reuters,1
2026-04-01,8086,ニプロ,Nipro Corp,skip,duplicate,high,reuters,1
2026-04-01,8088,岩谷産業,岩谷産,skip,duplicate,high,"kabutan,tdnet",2
2026-04-01,8088,岩谷産業,岩谷産業,add,exists_in_base,high,"kabutan,nikkei",2
2026-04-01,8088,岩谷産業,Iwatani,skip,duplicate,high,reuters,1
2026-04-01,8088,岩谷産業,Iwatani Corp,skip,duplicate,high,reuters,1
2026-04-01,8089,ナイス,ナイス,skip,duplicate,high,"kabutan,nikkei,tdnet",3
2026-04-01,8089,ナイス,Nice,skip,duplicate,high,reuters,1
2026-04-01,8089,ナイス,Nice Corp,skip,duplicate,high,reuters,1
2026-04-01,8091,ニチモウ,ニチモウ,skip,duplicate,high,"kabutan,nikkei,tdnet",3
2026-04-01,8091,ニチモウ,Nichimo,skip,duplicate,high,reuters,1
2026-04-01,8091,ニチモウ,Nichimo Co Ltd,skip,duplicate,high,reuters,1
2026-04-01,8093,極東貿易,極東貿易,skip,duplicate,high,"kabutan,nikkei",2
2026-04-01,8093,極東貿易,Kyokuto Boeki Kaisha,skip,duplicate,high,reuters,1
2026-04-01,8093,極東貿易,Kyokuto Boeki Kaisha Ltd,skip,duplicate,high,reuters,1
2026-04-01,8095,アステナﾎｰﾙﾃﾞｨﾝｸﾞｽ,アステナHD,skip,duplicate,high,"kabutan,tdnet",3
2026-04-01,8095,アステナﾎｰﾙﾃﾞｨﾝｸﾞｽ,アステナホールディングス,skip,duplicate,high,"kabutan,nikkei",2
2026-04-01,8095,アステナﾎｰﾙﾃﾞｨﾝｸﾞｽ,Astena,skip,duplicate,high,reuters,1
2026-04-01,8095,アステナﾎｰﾙﾃﾞｨﾝｸﾞｽ,Astena Holdings Co Ltd,skip,duplicate,high,reuters,1
2026-04-01,8097,三愛オブリ,三愛オブリ,skip,duplicate,high,"kabutan,nikkei,tdnet",4
2026-04-01,8097,三愛オブリ,San-Ai Obbli,skip,duplicate,high,reuters,1
2026-04-01,8097,三愛オブリ,San-Ai Obbli Co Ltd,skip,duplicate,high,reuters,1
2026-04-01,8098,稲畑産業,稲畑産業,add,exists_in_base,high,"kabutan,nikkei",2
2026-04-01,8098,稲畑産業,Inabata &,skip,duplicate,high,reuters,1
2026-04-01,8098,稲畑産業,Inabata & Co Ltd,skip,duplicate,high,reuters,1
2026-04-01,8098,稲畑産業,稲畑産,skip,duplicate,high,kabutan,1
2026-04-01,8101,GSIクレオス,GSIクレオス,skip,duplicate,high,"kabutan,nikkei,tdnet",4
2026-04-01,8101,GSIクレオス,GSI Creos,skip,duplicate,high,reuters,1
2026-04-01,8101,GSIクレオス,GSI Creos Corp,skip,duplicate,high,reuters,1
2026-04-01,8101,GSIクレオス,クレオス,skip,duplicate,high,kabutan,1
2026-04-01,8103,明和産業,明和産,skip,duplicate,high,"kabutan,tdnet",6
2026-04-01,8103,明和産業,明和産業,add,exists_in_base,high,"kabutan,nikkei",2
2026-04-01,8103,明和産業,Meiwa,skip,duplicate,high,reuters,1
2026-04-01,8103,明和産業,Meiwa Corp,skip,duplicate,high,reuters,1
2026-04-01,8104,クワザワﾎｰﾙﾃﾞｨﾝｸﾞｽ,クワザワホールディングス,skip,duplicate,high,"kabutan,nikkei",2
2026-04-01,8104,クワザワﾎｰﾙﾃﾞｨﾝｸﾞｽ,Kuwazawa,skip,duplicate,high,reuters,1
2026-04-01,8104,クワザワﾎｰﾙﾃﾞｨﾝｸﾞｽ,Kuwazawa Holdings Corp,skip,duplicate,high,reuters,1
2026-04-01,8104,クワザワﾎｰﾙﾃﾞｨﾝｸﾞｽ,クワザワHD,skip,duplicate,high,kabutan,1
2026-04-01,8105,Bitcoin Japan,Bitcoin Japan,skip,duplicate,high,"kabutan,nikkei,reuters",3
2026-04-01,8105,Bitcoin Japan,BitcoinJPN,skip,duplicate,high,tdnet,3
2026-04-01,8105,Bitcoin Japan,Bitcoin Japan Corp,skip,duplicate,high,reuters,1
2026-04-01,8105,Bitcoin Japan,BTCJPN,skip,duplicate,high,kabutan,1
2026-04-01,8107,キムラタン,キムラタン,skip,duplicate,high,"kabutan,nikkei",2
2026-04-01,8107,キムラタン,Kimuratan,skip,duplicate,high,reuters,1
2026-04-01,8107,キムラタン,Kimuratan Corp,skip,duplicate,high,reuters,1
2026-04-01,8111,ゴールドウイン,ゴールドウイン,add,exists_in_base,high,"kabutan,nikkei",2
2026-04-01,8111,ゴールドウイン,Goldwin,skip,duplicate,high,reuters,1
2026-04-01,8111,ゴールドウイン,Goldwin Inc,skip,duplicate,high,reuters,1
2026-04-01,8111,ゴールドウイン,ゴルドウイン,skip,duplicate,high,kabutan,1
2026-04-01,8113,ユニ・チャーム,ユニ・チャーム,skip,duplicate,high,"kabutan,nikkei,tdnet",7
2026-04-01,8113,ユニ・チャーム,Unicharm,skip,duplicate,high,reuters,1
2026-04-01,8113,ユニ・チャーム,Unicharm Corp,skip,duplicate,high,reuters,1
2026-04-01,8115,ムーンバット,ムーンバット,add,exists_in_base,high,"kabutan,nikkei",2
2026-04-01,8115,ムーンバット,Moonbat,skip,duplicate,high,reuters,1
2026-04-01,8115,ムーンバット,Moonbat Co Ltd,skip,duplicate,high,reuters,1
2026-04-01,8117,中央自動車工業,中央自動車工業,add,exists_in_base,high,"kabutan,nikkei",2
2026-04-01,8117,中央自動車工業,Central Automotive Products,skip,duplicate,high,reuters,1
2026-04-01,8117,中央自動車工業,Central Automotive Products Ltd,skip,duplicate,high,reuters,1
2026-04-01,8117,中央自動車工業,中央自,skip,duplicate,high,kabutan,1
2026-04-01,8118,キング,キング,skip,duplicate,high,"kabutan,nikkei",2
2026-04-01,8118,キング,King,skip,duplicate,high,reuters,1
2026-04-01,8118,キング,King Co Ltd,skip,duplicate,high,reuters,1
2026-04-01,8119,三栄ｺｰﾎﾟﾚｰｼｮﾝ,三栄コーポ,skip,duplicate,high,tdnet,6
2026-04-01,8119,三栄ｺｰﾎﾟﾚｰｼｮﾝ,三栄コーポレーション,skip,duplicate,high,"kabutan,nikkei",2
2026-04-01,8119,三栄ｺｰﾎﾟﾚｰｼｮﾝ,Sanyei,skip,duplicate,high,reuters,1
2026-04-01,8119,三栄ｺｰﾎﾟﾚｰｼｮﾝ,Sanyei Corp,skip,duplicate,high,reuters,1
2026-04-01,8119,三栄ｺｰﾎﾟﾚｰｼｮﾝ,三栄コ,skip,duplicate,high,kabutan,1
2026-04-01,8123,川辺,川辺,skip,duplicate,high,"kabutan,nikkei,tdnet",3
2026-04-01,8123,川辺,T.Kawabe &,skip,duplicate,high,reuters,1
2026-04-01,8123,川辺,T.Kawabe & Co Ltd,skip,duplicate,high,reuters,1
2026-04-01,8125,ワキタ,ワキタ,skip,duplicate,high,"kabutan,nikkei",2
2026-04-01,8125,ワキタ,Wakita &,skip,duplicate,high,reuters,1
2026-04-01,8125,ワキタ,Wakita & Co Ltd,skip,duplicate,high,reuters,1
2026-04-01,8127,ヤマトｲﾝﾀｰﾅｼｮﾅﾙ,ヤマトインター,skip,duplicate,high,tdnet,3
2026-04-01,8127,ヤマトｲﾝﾀｰﾅｼｮﾅﾙ,ヤマトインターナショナル,skip,duplicate,high,"kabutan,nikkei",2
2026-04-01,8127,ヤマトｲﾝﾀｰﾅｼｮﾅﾙ,Yamato International,skip,duplicate,high,reuters,1
2026-04-01,8127,ヤマトｲﾝﾀｰﾅｼｮﾅﾙ,Yamato International Inc,skip,duplicate,high,reuters,1
2026-04-01,8127,ヤマトｲﾝﾀｰﾅｼｮﾅﾙ,ヤマトインタ,skip,duplicate,high,kabutan,1
2026-04-01,8129,東邦ﾎｰﾙﾃﾞｨﾝｸﾞｽ,東邦HD,skip,duplicate,high,"kabutan,tdnet",4
2026-04-01,8129,東邦ﾎｰﾙﾃﾞｨﾝｸﾞｽ,東邦ホールディングス,skip,duplicate,high,"kabutan,nikkei",2
2026-04-01,8129,東邦ﾎｰﾙﾃﾞｨﾝｸﾞｽ,Toho,skip,duplicate,high,reuters,1
2026-04-01,8129,東邦ﾎｰﾙﾃﾞｨﾝｸﾞｽ,Toho Holdings Co Ltd,skip,duplicate,high,reuters,1
2026-04-01,8130,サンゲツ,サンゲツ,add,exists_in_base,high,"kabutan,nikkei",2
2026-04-01,8130,サンゲツ,Sangetsu,skip,duplicate,high,reuters,1
2026-04-01,8130,サンゲツ,Sangetsu Corp,skip,duplicate,high,reuters,1
2026-04-01,8131,ミツウロコｸﾞﾙｰﾌﾟﾎｰﾙﾃﾞｨﾝｸﾞｽ,ミツウロコグループホールディングス,skip,duplicate,high,"kabutan,nikkei",2
2026-04-01,8131,ミツウロコｸﾞﾙｰﾌﾟﾎｰﾙﾃﾞｨﾝｸﾞｽ,Mitsuuroko,skip,duplicate,high,reuters,1
2026-04-01,8131,ミツウロコｸﾞﾙｰﾌﾟﾎｰﾙﾃﾞｨﾝｸﾞｽ,Mitsuuroko Group Holdings Co Ltd,skip,duplicate,high,reuters,1
2026-04-01,8131,ミツウロコｸﾞﾙｰﾌﾟﾎｰﾙﾃﾞｨﾝｸﾞｽ,ミツウロコG,skip,duplicate,high,kabutan,1
2026-04-01,8131,ミツウロコｸﾞﾙｰﾌﾟﾎｰﾙﾃﾞｨﾝｸﾞｽ,ミツウロコGHD,skip,duplicate,high,tdnet,1
2026-04-01,8132,シナネンﾎｰﾙﾃﾞｨﾝｸﾞｽ,シナネンHD,skip,duplicate,high,"kabutan,tdnet",5
2026-04-01,8132,シナネンﾎｰﾙﾃﾞｨﾝｸﾞｽ,シナネンホールディングス,skip,duplicate,high,"kabutan,nikkei",2
2026-04-01,8132,シナネンﾎｰﾙﾃﾞｨﾝｸﾞｽ,Sinanen,skip,duplicate,high,reuters,1
2026-04-01,8132,シナネンﾎｰﾙﾃﾞｨﾝｸﾞｽ,Sinanen Holdings Co Ltd,skip,duplicate,high,reuters,1
2026-04-01,8133,伊藤忠エネクス,伊藤忠エネクス,add,exists_in_base,high,"kabutan,nikkei",2
2026-04-01,8133,伊藤忠エネクス,Itochu Enex,skip,duplicate,high,reuters,1
2026-04-01,8133,伊藤忠エネクス,Itochu Enex Co Ltd,skip,duplicate,high,reuters,1
2026-04-01,8133,伊藤忠エネクス,エネクス,skip,duplicate,high,kabutan,1
2026-04-01,8135,ゼット,ゼット,add,exists_in_base,high,"kabutan,nikkei,tdnet",3
2026-04-01,8135,ゼット,Zett,skip,duplicate,high,reuters,1
2026-04-01,8135,ゼット,Zett Corp,skip,duplicate,high,reuters,1
2026-04-01,8136,サンリオ,サンリオ,add,exists_in_base,high,"kabutan,nikkei",2
2026-04-01,8136,サンリオ,Sanrio,skip,duplicate,high,reuters,1
2026-04-01,8136,サンリオ,Sanrio Co Ltd,skip,duplicate,high,reuters,1
2026-04-01,8137,サンワテクノス,サンワテクノス,skip,duplicate,high,"kabutan,nikkei,tdnet",5
2026-04-01,8137,サンワテクノス,Sun-Wa Technos,skip,duplicate,high,reuters,1
2026-04-01,8137,サンワテクノス,Sun-Wa Technos Corp,skip,duplicate,high,reuters,1
2026-04-01,8137,サンワテクノス,サンワテク,skip,duplicate,high,kabutan,1
2026-04-01,8138,三京化成,三京化成,skip,duplicate,high,"kabutan,nikkei,tdnet",3
2026-04-01,8138,三京化成,Sankyo Kasei,skip,duplicate,high,reuters,1
2026-04-01,8138,三京化成,Sankyo Kasei Corp,skip,duplicate,high,reuters,1
2026-04-01,8138,三京化成,三京化,skip,duplicate,high,kabutan,1
2026-04-01,8139,ナガホリ,ナガホリ,add,exists_in_base,high,"kabutan,nikkei",2
2026-04-01,8139,ナガホリ,Nagahori,skip,duplicate,high,reuters,1
2026-04-01,8139,ナガホリ,Nagahori Corp,skip,duplicate,high,reuters,1
2026-04-01,8141,新光商事,新光商,skip,duplicate,high,"kabutan,tdnet",2
2026-04-01,8141,新光商事,新光商事,add,exists_in_base,high,"kabutan,nikkei",2
2026-04-01,8141,新光商事,Shinko Shoji,skip,duplicate,high,reuters,1
2026-04-01,8141,新光商事,Shinko Shoji Co Ltd,skip,duplicate,high,reuters,1
2026-04-01,8142,トーホー,トーホー,skip,duplicate,high,"kabutan,nikkei,tdnet",5
2026-04-01,8142,トーホー,Toho Co Ltd (Hyogo),skip,duplicate,high,reuters,1
2026-04-01,8143,ラピーヌ,ラピーヌ,add,exists_in_base,high,"kabutan,nikkei,tdnet",3
2026-04-01,8143,ラピーヌ,Lapine,skip,duplicate,high,reuters,1
2026-04-01,8143,ラピーヌ,Lapine Co Ltd,skip,duplicate,high,reuters,1
2026-04-01,8144,デンキョーｸﾞﾙｰﾌﾟﾎｰﾙﾃﾞｨﾝｸﾞｽ,デンキョーグループ,skip,duplicate,high,tdnet,2
2026-04-01,8144,デンキョーｸﾞﾙｰﾌﾟﾎｰﾙﾃﾞｨﾝｸﾞｽ,デンキョーグループホールディングス,skip,duplicate,high,"kabutan,nikkei",2
2026-04-01,8144,デンキョーｸﾞﾙｰﾌﾟﾎｰﾙﾃﾞｨﾝｸﾞｽ,Denkyo,skip,duplicate,high,reuters,1
2026-04-01,8144,デンキョーｸﾞﾙｰﾌﾟﾎｰﾙﾃﾞｨﾝｸﾞｽ,Denkyo Group Holdings Co Ltd,skip,duplicate,high,reuters,1
2026-04-01,8144,デンキョーｸﾞﾙｰﾌﾟﾎｰﾙﾃﾞｨﾝｸﾞｽ,デンキョーG,skip,duplicate,high,kabutan,1
2026-04-01,8147,トミタ,トミタ,skip,duplicate,high,"kabutan,nikkei",2
2026-04-01,8147,トミタ,Tomita,skip,duplicate,high,reuters,1
2026-04-01,8147,トミタ,Tomita Co Ltd,skip,duplicate,high,reuters,1
2026-04-01,8150,三信電気,三信電気,skip,duplicate,high,"kabutan,nikkei",2
2026-04-01,8150,三信電気,Sanshin Electronics,skip,duplicate,high,reuters,1
2026-04-01,8150,三信電気,Sanshin Electronics Co Ltd,skip,duplicate,high,reuters,1
2026-04-01,8150,三信電気,三信電,skip,duplicate,high,kabutan,1
2026-04-01,8151,東陽テクニカ,東陽テクニカ,skip,duplicate,high,"kabutan,nikkei",2
2026-04-01,8151,東陽テクニカ,Toyo,skip,duplicate,high,reuters,1
2026-04-01,8151,東陽テクニカ,Toyo Corp,skip,duplicate,high,reuters,1
2026-04-01,8151,東陽テクニカ,東陽テク,skip,duplicate,high,kabutan,1
2026-04-01,8152,ソマール,ソマール,skip,duplicate,high,"kabutan,nikkei",2
2026-04-01,8152,ソマール,Somar,skip,duplicate,high,reuters,1
2026-04-01,8152,ソマール,Somar Corp,skip,duplicate,high,reuters,1
2026-04-01,8153,モスフードサービス,モスフード,skip,duplicate,high,"kabutan,tdnet",2
2026-04-01,8153,モスフードサービス,モスフードサービス,add,exists_in_base,high,"kabutan,nikkei",2
2026-04-01,8153,モスフードサービス,Mos Food Services,skip,duplicate,high,reuters,1
2026-04-01,8153,モスフードサービス,Mos Food Services Inc,skip,duplicate,high,reuters,1
2026-04-01,8154,加賀電子,加賀電子,skip,duplicate,high,"kabutan,nikkei,tdnet",4
2026-04-01,8154,加賀電子,Kaga Electronics,skip,duplicate,high,reuters,1
2026-04-01,8154,加賀電子,Kaga Electronics Co Ltd,skip,duplicate,high,reuters,1
2026-04-01,8157,都築電気,都築電気,add,exists_in_base,high,"kabutan,nikkei,tdnet",4
2026-04-01,8157,都築電気,Tsuzuki Denki,skip,duplicate,high,reuters,1
2026-04-01,8157,都築電気,Tsuzuki Denki Co Ltd,skip,duplicate,high,reuters,1
2026-04-01,8157,都築電気,都築電,skip,duplicate,high,kabutan,1
2026-04-01,8158,ソーダニッカ,ソーダニッカ,skip,duplicate,high,"kabutan,nikkei",2
2026-04-01,8158,ソーダニッカ,Soda Nikka,skip,duplicate,high,reuters,1
2026-04-01,8158,ソーダニッカ,Soda Nikka Co Ltd,skip,duplicate,high,reuters,1
2026-04-01,8159,立花エレテック,立花エレ,skip,duplicate,high,"kabutan,tdnet",2
2026-04-01,8159,立花エレテック,立花エレテック,add,exists_in_base,high,"kabutan,nikkei",2
2026-04-01,8159,立花エレテック,Tachibana Eletech,skip,duplicate,high,reuters,1
2026-04-01,8159,立花エレテック,Tachibana Eletech Co Ltd,skip,duplicate,high,reuters,1
2026-04-01,8160,木曽路,木曽路,skip,duplicate,high,"kabutan,nikkei",2
2026-04-01,8160,木曽路,Kisoji,skip,duplicate,high,reuters,1
2026-04-01,8160,木曽路,Kisoji Co Ltd,skip,duplicate,high,reuters,1
2026-04-01,8163,SRSﾎｰﾙﾃﾞｨﾝｸﾞｽ,SRSHD,skip,duplicate,high,"kabutan,tdnet",3
2026-04-01,8163,SRSﾎｰﾙﾃﾞｨﾝｸﾞｽ,SRSホールディングス,skip,duplicate,high,"kabutan,nikkei",2
2026-04-01,8163,SRSﾎｰﾙﾃﾞｨﾝｸﾞｽ,SRS,skip,duplicate,high,reuters,1
2026-04-01,8163,SRSﾎｰﾙﾃﾞｨﾝｸﾞｽ,SRS Holdings Co Ltd,skip,duplicate,high,reuters,1
2026-04-01,8165,千趣会,千趣会,add,exists_in_base,high,"kabutan,nikkei,tdnet",3
2026-04-01,8165,千趣会,Senshukai,skip,duplicate,high,reuters,1
2026-04-01,8165,千趣会,Senshukai Co Ltd,skip,duplicate,high,reuters,1
2026-04-01,8166,タカキュー,タカキュー,skip,duplicate,high,"kabutan,nikkei,tdnet",5
2026-04-01,8166,タカキュー,Taka-Q,skip,duplicate,high,reuters,1
2026-04-01,8166,タカキュー,Taka-Q Co Ltd,skip,duplicate,high,reuters,1
2026-04-01,8167,リテールパートナーズ,リテールパートナーズ,add,exists_in_base,high,"kabutan,nikkei,tdnet",3
2026-04-01,8167,リテールパートナーズ,Retail Partners,skip,duplicate,high,reuters,1
2026-04-01,8167,リテールパートナーズ,Retail Partners Co Ltd,skip,duplicate,high,reuters,1
2026-04-01,8167,リテールパートナーズ,リテールPA,skip,duplicate,high,kabutan,1
2026-04-01,8173,上新電機,Joshin,add,new_candidate,high,"kabutan,nikkei,reuters",3
2026-04-01,8173,上新電機,上新電,skip,duplicate,high,tdnet,1
2026-04-01,8173,上新電機,Joshin Corp,add,new_candidate,medium,reuters,1
2026-04-01,8174,日本瓦斯,日瓦斯,skip,duplicate,high,tdnet,3
2026-04-01,8174,日本瓦斯,日本瓦斯,add,exists_in_base,high,"kabutan,nikkei",2
2026-04-01,8174,日本瓦斯,Nippon Gas,skip,duplicate,high,reuters,1
2026-04-01,8174,日本瓦斯,Nippon Gas Co Ltd,skip,duplicate,high,reuters,1
2026-04-01,8174,日本瓦斯,日ガス,skip,duplicate,high,kabutan,1
2026-04-01,8179,ロイヤルﾎｰﾙﾃﾞｨﾝｸﾞｽ,ロイヤルHD,skip,duplicate,high,"kabutan,tdnet",2
2026-04-01,8179,ロイヤルﾎｰﾙﾃﾞｨﾝｸﾞｽ,ロイヤルホールディングス,skip,duplicate,high,"kabutan,nikkei",2
2026-04-01,8179,ロイヤルﾎｰﾙﾃﾞｨﾝｸﾞｽ,Royal,skip,duplicate,high,reuters,1
2026-04-01,8179,ロイヤルﾎｰﾙﾃﾞｨﾝｸﾞｽ,Royal Holdings Co Ltd,skip,duplicate,high,reuters,1
2026-04-01,8181,東天紅,東天紅,add,exists_in_base,high,"kabutan,nikkei,tdnet",3
2026-04-01,8181,東天紅,Totenko,skip,duplicate,high,reuters,1
2026-04-01,8181,東天紅,Totenko Co Ltd,skip,duplicate,high,reuters,1
2026-04-01,8185,チヨダ,チヨダ,skip,duplicate,high,"kabutan,nikkei,tdnet",4
2026-04-01,8185,チヨダ,Chiyoda,skip,duplicate,high,reuters,1
2026-04-01,8185,チヨダ,Chiyoda Co Ltd,skip,duplicate,high,reuters,1
2026-04-01,8194,ライフｺｰﾎﾟﾚｰｼｮﾝ,ライフコーポレーション,skip,duplicate,high,"kabutan,nikkei",2
2026-04-01,8194,ライフｺｰﾎﾟﾚｰｼｮﾝ,Life,skip,duplicate,high,reuters,1
2026-04-01,8194,ライフｺｰﾎﾟﾚｰｼｮﾝ,Life Corp,skip,duplicate,high,reuters,1
2026-04-01,8194,ライフｺｰﾎﾟﾚｰｼｮﾝ,ライフコーポ,skip,duplicate,high,kabutan,1
2026-04-01,8198,マックスバリュ東海,MV東海,skip,duplicate,high,"kabutan,tdnet",2
2026-04-01,8198,マックスバリュ東海,マックスバリュ東海,add,exists_in_base,high,"kabutan,nikkei",2
2026-04-01,8198,マックスバリュ東海,Maxvalu Tokai,skip,duplicate,high,reuters,1
2026-04-01,8198,マックスバリュ東海,Maxvalu Tokai Co Ltd,skip,duplicate,high,reuters,1
2026-04-01,8200,リンガーハット,リンガーハット,skip,duplicate,high,"kabutan,nikkei,tdnet",4
2026-04-01,8200,リンガーハット,Ringer Hut,skip,duplicate,high,reuters,1
2026-04-01,8200,リンガーハット,Ringer Hut Co Ltd,skip,duplicate,high,reuters,1
2026-04-01,8200,リンガーハット,リンガハット,skip,duplicate,high,kabutan,1
2026-04-01,8202,ラオックスﾎｰﾙﾃﾞｨﾝｸﾞｽ,ラオックスHD,skip,duplicate,high,tdnet,3
2026-04-01,8202,ラオックスﾎｰﾙﾃﾞｨﾝｸﾞｽ,ラオックスホールディングス,skip,duplicate,high,"kabutan,nikkei",2
2026-04-01,8202,ラオックスﾎｰﾙﾃﾞｨﾝｸﾞｽ,Laox,skip,duplicate,high,reuters,1
2026-04-01,8202,ラオックスﾎｰﾙﾃﾞｨﾝｸﾞｽ,Laox Holdings Co Ltd,skip,duplicate,high,reuters,1
2026-04-01,8202,ラオックスﾎｰﾙﾃﾞｨﾝｸﾞｽ,ラオックス,skip,duplicate,high,kabutan,1
2026-04-01,8203,MrMaxHD,MrMax,skip,duplicate,high,"kabutan,reuters",2
2026-04-01,8203,MrMaxHD,MrMaxHD,skip,duplicate,high,tdnet,2
2026-04-01,8203,MrMaxHD,ミスターマックス・ホールディングス,skip,duplicate,high,"kabutan,nikkei",2
2026-04-01,8203,MrMaxHD,Mr Max Holdings Ltd,skip,duplicate,high,reuters,1
2026-04-01,8207,テンアライド,テンアライド,skip,duplicate,high,"kabutan,nikkei",2
2026-04-01,8207,テンアライド,Ten Allied,skip,duplicate,high,reuters,1
2026-04-01,8207,テンアライド,Ten Allied Co Ltd,skip,duplicate,high,reuters,1
2026-04-01,8209,フレンドリー,フレンドリー,add,exists_in_base,high,"kabutan,nikkei,tdnet",3
2026-04-01,8209,フレンドリー,Friendly,skip,duplicate,high,reuters,1
2026-04-01,8209,フレンドリー,Friendly Corp,skip,duplicate,high,reuters,1
2026-04-01,8209,フレンドリー,フレンドリ,skip,duplicate,high,kabutan,1
2026-04-01,8214,AOKIﾎｰﾙﾃﾞｨﾝｸﾞｽ,AOKIホールディングス,skip,duplicate,high,"kabutan,nikkei",2
2026-04-01,8214,AOKIﾎｰﾙﾃﾞｨﾝｸﾞｽ,Aoki,skip,duplicate,high,reuters,1
2026-04-01,8214,AOKIﾎｰﾙﾃﾞｨﾝｸﾞｽ,Aoki Holdings Inc,skip,duplicate,high,reuters,1
2026-04-01,8214,AOKIﾎｰﾙﾃﾞｨﾝｸﾞｽ,AOKIHD,skip,duplicate,high,kabutan,1
2026-04-01,8217,オークワ,オークワ,skip,duplicate,high,"kabutan,nikkei,tdnet",4
2026-04-01,8217,オークワ,Okuwa,skip,duplicate,high,reuters,1
2026-04-01,8217,オークワ,Okuwa Co Ltd,skip,duplicate,high,reuters,1
2026-04-01,8218,コメリ,コメリ,skip,duplicate,high,"kabutan,nikkei",2
2026-04-01,8218,コメリ,Komeri,skip,duplicate,high,reuters,1
2026-04-01,8218,コメリ,Komeri Co Ltd,skip,duplicate,high,reuters,1
2026-04-01,8219,青山商事,青山商,skip,duplicate,high,"kabutan,tdnet",3
2026-04-01,8219,青山商事,青山商事,add,exists_in_base,high,"kabutan,nikkei",2
2026-04-01,8219,青山商事,Aoyama Trading,skip,duplicate,high,reuters,1
2026-04-01,8219,青山商事,Aoyama Trading Co Ltd,skip,duplicate,high,reuters,1
2026-04-01,8225,タカチホ,タカチホ,add,exists_in_base,high,"kabutan,nikkei",2
2026-04-01,8225,タカチホ,Takachiho,skip,duplicate,high,reuters,1
2026-04-01,8225,タカチホ,Takachiho Co Ltd,skip,duplicate,high,reuters,1
2026-04-01,8226,理経,理経,skip,duplicate,high,"kabutan,nikkei,tdnet",4
2026-04-01,8226,理経,Rikei,skip,duplicate,high,reuters,1
2026-04-01,8226,理経,Rikei Corp,skip,duplicate,high,reuters,1
2026-04-01,8227,しまむら,しまむら,skip,duplicate,high,"kabutan,nikkei,tdnet",7
2026-04-01,8227,しまむら,Shimamura,skip,duplicate,high,reuters,1
2026-04-01,8227,しまむら,Shimamura Co Ltd,skip,duplicate,high,reuters,1
2026-04-01,8230,はせがわ,はせがわ,skip,duplicate,high,"kabutan,nikkei,tdnet",4
2026-04-01,8230,はせがわ,Hasegawa,skip,duplicate,high,reuters,1
2026-04-01,8230,はせがわ,Hasegawa Co Ltd,skip,duplicate,high,reuters,1
2026-04-01,8233,高島屋,高島屋,skip,duplicate,high,"kabutan,nikkei,tdnet",8
2026-04-01,8233,高島屋,Takashimaya,skip,duplicate,high,reuters,1
2026-04-01,8233,高島屋,Takashimaya Co Ltd,skip,duplicate,high,reuters,1
2026-04-01,8237,松屋,松屋,skip,duplicate,high,"kabutan,nikkei,tdnet",5
2026-04-01,8237,松屋,Matsuya,skip,duplicate,high,reuters,1
2026-04-01,8237,松屋,Matsuya Co Ltd,skip,duplicate,high,reuters,1
2026-04-01,8242,エイチ・ツー・オー リテイリング,エイチ・ツー・オー リテイリング,add,exists_in_base,high,"kabutan,nikkei",2
2026-04-01,8242,エイチ・ツー・オー リテイリング,H2O Retailing,skip,duplicate,high,reuters,1
2026-04-01,8242,エイチ・ツー・オー リテイリング,H2O Retailing Corp,skip,duplicate,high,reuters,1
2026-04-01,8242,エイチ・ツー・オー リテイリング,H2Oリテイ,skip,duplicate,high,kabutan,1
2026-04-01,8242,エイチ・ツー・オー リテイリング,H2Oリテイル,skip,duplicate,high,tdnet,1
2026-04-01,8244,近鉄百貨店,近鉄百貨店,skip,duplicate,high,"kabutan,nikkei,tdnet",5
2026-04-01,8244,近鉄百貨店,Kintetsu Department Store,skip,duplicate,high,reuters,1
2026-04-01,8244,近鉄百貨店,Kintetsu Department Store Co Ltd,skip,duplicate,high,reuters,1
2026-04-01,8244,近鉄百貨店,近鉄百,skip,duplicate,high,kabutan,1
2026-04-01,8247,大和,大和,add,exists_in_base,high,"kabutan,nikkei",2
2026-04-01,8247,大和,Daiwa,skip,duplicate,high,reuters,1
2026-04-01,8247,大和,Daiwa Co Ltd,skip,duplicate,high,reuters,1
2026-04-01,8247,大和,大和デ,skip,duplicate,high,kabutan,1
2026-04-01,8252,丸井ｸﾞﾙｰﾌﾟ,丸井G,skip,duplicate,high,"kabutan,tdnet",3
2026-04-01,8252,丸井ｸﾞﾙｰﾌﾟ,丸井グループ,skip,duplicate,high,"kabutan,nikkei",2
2026-04-01,8252,丸井ｸﾞﾙｰﾌﾟ,Marui,skip,duplicate,high,reuters,1
2026-04-01,8252,丸井ｸﾞﾙｰﾌﾟ,Marui Group Co Ltd,skip,duplicate,high,reuters,1
2026-04-01,8253,クレディセゾン,クレディセゾン,add,exists_in_base,high,"kabutan,nikkei",2
2026-04-01,8253,クレディセゾン,Credit Saison,skip,duplicate,high,reuters,1
2026-04-01,8253,クレディセゾン,Credit Saison Co Ltd,skip,duplicate,high,reuters,1
2026-04-01,8253,クレディセゾン,クレセゾン,skip,duplicate,high,kabutan,1
2026-04-01,8254,さいか屋,さいか屋,skip,duplicate,high,"kabutan,nikkei,tdnet",8
2026-04-01,8254,さいか屋,Saikaya Department Store,skip,duplicate,high,reuters,1
2026-04-01,8254,さいか屋,Saikaya Department Store Co Ltd,skip,duplicate,high,reuters,1
2026-04-01,8255,アクシアル リテイリング,アクシアル,skip,duplicate,high,"kabutan,tdnet",3
2026-04-01,8255,アクシアル リテイリング,アクシアル リテイリング,add,exists_in_base,high,"kabutan,nikkei",2
2026-04-01,8255,アクシアル リテイリング,Axial Retailing,skip,duplicate,high,reuters,1
2026-04-01,8255,アクシアル リテイリング,Axial Retailing Inc,skip,duplicate,high,reuters,1
2026-04-01,8260,井筒屋,井筒屋,add,exists_in_base,high,"kabutan,nikkei,tdnet",3
2026-04-01,8260,井筒屋,Izutsuya,skip,duplicate,high,reuters,1
2026-04-01,8260,井筒屋,Izutsuya Co Ltd,skip,duplicate,high,reuters,1
2026-04-01,8267,イオン,イオン,skip,duplicate,high,"kabutan,nikkei,tdnet",4
2026-04-01,8267,イオン,Aeon,skip,duplicate,high,reuters,1
2026-04-01,8267,イオン,Aeon Co Ltd,skip,duplicate,high,reuters,1
2026-04-01,8273,イズミ,イズミ,add,exists_in_base,high,"kabutan,nikkei",2
2026-04-01,8273,イズミ,Izumi,skip,duplicate,high,reuters,1
2026-04-01,8273,イズミ,Izumi Co Ltd,skip,duplicate,high,reuters,1
2026-04-01,8275,フォーバル,フォーバル,skip,duplicate,high,"kabutan,nikkei",2
2026-04-01,8275,フォーバル,Forval,skip,duplicate,high,reuters,1
2026-04-01,8275,フォーバル,Forval Corp,skip,duplicate,high,reuters,1
2026-04-01,8276,平和堂,平和堂,add,exists_in_base,high,"kabutan,nikkei,tdnet",3
2026-04-01,8276,平和堂,Heiwado,skip,duplicate,high,reuters,1
2026-04-01,8276,平和堂,Heiwado Co Ltd,skip,duplicate,high,reuters,1
2026-04-01,8278,フジ,フジ,skip,duplicate,high,"kabutan,nikkei",2
2026-04-01,8278,フジ,Fuji,skip,duplicate,high,reuters,1
2026-04-01,8278,フジ,Fuji Co Ltd,skip,duplicate,high,reuters,1
2026-04-01,8281,ゼビオﾎｰﾙﾃﾞｨﾝｸﾞｽ,ゼビオホールディングス,skip,duplicate,high,"kabutan,nikkei",2
2026-04-01,8281,ゼビオﾎｰﾙﾃﾞｨﾝｸﾞｽ,Xebio,skip,duplicate,high,reuters,1
2026-04-01,8281,ゼビオﾎｰﾙﾃﾞｨﾝｸﾞｽ,Xebio Holdings Co Ltd,skip,duplicate,high,reuters,1
2026-04-01,8281,ゼビオﾎｰﾙﾃﾞｨﾝｸﾞｽ,ゼビオHD,skip,duplicate,high,kabutan,1
2026-04-01,8282,ケーズﾎｰﾙﾃﾞｨﾝｸﾞｽ,ケーズHD,skip,duplicate,high,"kabutan,tdnet",2
2026-04-01,8282,ケーズﾎｰﾙﾃﾞｨﾝｸﾞｽ,ケーズホールディングス,skip,duplicate,high,"kabutan,nikkei",2
2026-04-01,8282,ケーズﾎｰﾙﾃﾞｨﾝｸﾞｽ,K'S,skip,duplicate,high,reuters,1
2026-04-01,8282,ケーズﾎｰﾙﾃﾞｨﾝｸﾞｽ,K'S Holdings Corp,skip,duplicate,high,reuters,1
2026-04-01,8283,PALTAC,PALTAC,skip,duplicate,high,"kabutan,nikkei,reuters,tdnet",4
2026-04-01,8283,PALTAC,PALTAC Corp,skip,duplicate,high,reuters,1
2026-04-01,8285,三谷産業,三谷産業,add,exists_in_base,high,"kabutan,nikkei,tdnet",4
2026-04-01,8285,三谷産業,Mitani Sangyo,skip,duplicate,high,reuters,1
2026-04-01,8285,三谷産業,Mitani Sangyo Co Ltd,skip,duplicate,high,reuters,1
2026-04-01,8289,Olympicｸﾞﾙｰﾌﾟ,Olympicグループ,skip,duplicate,high,"kabutan,nikkei",2
2026-04-01,8289,Olympicｸﾞﾙｰﾌﾟ,Olympic,skip,duplicate,high,reuters,1
2026-04-01,8289,Olympicｸﾞﾙｰﾌﾟ,Olympic Group Corp,skip,duplicate,high,reuters,1
2026-04-01,8289,Olympicｸﾞﾙｰﾌﾟ,OlympicG,skip,duplicate,high,tdnet,1
2026-04-01,8289,Olympicｸﾞﾙｰﾌﾟ,オリンピック,skip,duplicate,high,kabutan,1
2026-04-01,8291,日産東京販売ﾎｰﾙﾃﾞｨﾝｸﾞｽ,日産東HD,skip,duplicate,high,"kabutan,tdnet",2
2026-04-01,8291,日産東京販売ﾎｰﾙﾃﾞｨﾝｸﾞｽ,日産東京販売ホールディングス,skip,duplicate,high,"kabutan,nikkei",2
2026-04-01,8291,日産東京販売ﾎｰﾙﾃﾞｨﾝｸﾞｽ,Nissan Tokyo Sales,skip,duplicate,high,reuters,1
2026-04-01,8291,日産東京販売ﾎｰﾙﾃﾞｨﾝｸﾞｽ,Nissan Tokyo Sales Holdings Co Ltd,skip,duplicate,high,reuters,1
2026-04-01,8303,SBI新生銀行,SBI新生銀行,skip,duplicate,high,"kabutan,nikkei,tdnet",4
2026-04-01,8303,SBI新生銀行,SBI Shinsei Bank,skip,duplicate,high,reuters,1
2026-04-01,8303,SBI新生銀行,SBI Shinsei Bank Ltd,skip,duplicate,high,reuters,1
2026-04-01,8303,SBI新生銀行,SBI新生銀,skip,duplicate,high,kabutan,1
2026-04-01,8304,あおぞら銀行,あおぞら銀行,add,exists_in_base,high,"kabutan,nikkei",2
2026-04-01,8304,あおぞら銀行,Aozora Bank,skip,duplicate,high,reuters,1
2026-04-01,8304,あおぞら銀行,Aozora Bank Ltd,skip,duplicate,high,reuters,1
2026-04-01,8304,あおぞら銀行,あおぞら,skip,duplicate,high,tdnet,1
2026-04-01,8304,あおぞら銀行,あおぞら銀,skip,duplicate,high,kabutan,1
2026-04-01,8306,三菱UFJフィナンシャル・ｸﾞﾙｰﾌﾟ,三菱UFJ,skip,duplicate,high,"kabutan,tdnet",3
2026-04-01,8306,三菱UFJフィナンシャル・ｸﾞﾙｰﾌﾟ,三菱UFJフィナンシャル・グループ,skip,duplicate,high,"kabutan,nikkei",2
2026-04-01,8306,三菱UFJフィナンシャル・ｸﾞﾙｰﾌﾟ,Mitsubishi UFJ Financial,skip,duplicate,high,reuters,1
2026-04-01,8306,三菱UFJフィナンシャル・ｸﾞﾙｰﾌﾟ,Mitsubishi UFJ Financial Group Inc,skip,duplicate,high,reuters,1
2026-04-01,8308,りそなﾎｰﾙﾃﾞｨﾝｸﾞｽ,りそなHD,skip,duplicate,high,"kabutan,tdnet",4
2026-04-01,8308,りそなﾎｰﾙﾃﾞｨﾝｸﾞｽ,りそなホールディングス,skip,duplicate,high,"kabutan,nikkei",2
2026-04-01,8308,りそなﾎｰﾙﾃﾞｨﾝｸﾞｽ,Resona,skip,duplicate,high,reuters,1
2026-04-01,8308,りそなﾎｰﾙﾃﾞｨﾝｸﾞｽ,Resona Holdings Inc,skip,duplicate,high,reuters,1
2026-04-01,8309,三井住友トラストｸﾞﾙｰﾌﾟ,三井住友トラストG,skip,duplicate,high,tdnet,2
2026-04-01,8309,三井住友トラストｸﾞﾙｰﾌﾟ,三井住友トラストグループ,skip,duplicate,high,"kabutan,nikkei",2
2026-04-01,8309,三井住友トラストｸﾞﾙｰﾌﾟ,Sumitomo Mitsui Trust,skip,duplicate,high,reuters,1
2026-04-01,8309,三井住友トラストｸﾞﾙｰﾌﾟ,Sumitomo Mitsui Trust Group Inc,skip,duplicate,high,reuters,1
2026-04-01,8309,三井住友トラストｸﾞﾙｰﾌﾟ,三井住友トラ,skip,duplicate,high,kabutan,1
2026-04-01,8316,三井住友フィナンシャルｸﾞﾙｰﾌﾟ,三井住友,skip,duplicate,high,tdnet,2
2026-04-01,8316,三井住友フィナンシャルｸﾞﾙｰﾌﾟ,三井住友フィナンシャルグループ,skip,duplicate,high,"kabutan,nikkei",2
2026-04-01,8316,三井住友フィナンシャルｸﾞﾙｰﾌﾟ,"Sumitomo Mitsui Financial Group, Inc",skip,duplicate,high,reuters,1
2026-04-01,8316,三井住友フィナンシャルｸﾞﾙｰﾌﾟ,三井住友FG,skip,duplicate,high,kabutan,1
2026-04-01,8316,三井住友フィナンシャルｸﾞﾙｰﾌﾟ,"Sumitomo Mitsui Financial Group,",add,new_candidate,medium,reuters,1
2026-04-01,8331,千葉銀行,千葉銀,skip,duplicate,high,"kabutan,tdnet",5
2026-04-01,8331,千葉銀行,千葉銀行,add,exists_in_base,high,"kabutan,nikkei",2
2026-04-01,8331,千葉銀行,Chiba Bank,skip,duplicate,high,reuters,1
2026-04-01,8331,千葉銀行,Chiba Bank Ltd,skip,duplicate,high,reuters,1
2026-04-01,8334,群馬銀行,群馬銀,skip,duplicate,high,"kabutan,tdnet",4
2026-04-01,8334,群馬銀行,群馬銀行,add,exists_in_base,high,"kabutan,nikkei",2
2026-04-01,8334,群馬銀行,Gunma Bank,skip,duplicate,high,reuters,1
2026-04-01,8334,群馬銀行,Gunma Bank Ltd,skip,duplicate,high,reuters,1
2026-04-01,8336,武蔵野銀行,武蔵野銀,skip,duplicate,high,tdnet,4
2026-04-01,8336,武蔵野銀行,武蔵野銀行,add,exists_in_base,high,"kabutan,nikkei",2
2026-04-01,8336,武蔵野銀行,Musashino Bank,skip,duplicate,high,reuters,1
2026-04-01,8336,武蔵野銀行,Musashino Bank Ltd,skip,duplicate,high,reuters,1
2026-04-01,8336,武蔵野銀行,武蔵銀,skip,duplicate,high,kabutan,1
2026-04-01,8337,千葉興業銀行,千葉興業銀行,add,exists_in_base,high,"kabutan,nikkei",2
2026-04-01,8337,千葉興業銀行,Chiba Kogyo Bank,skip,duplicate,high,reuters,1
2026-04-01,8337,千葉興業銀行,Chiba Kogyo Bank Ltd,skip,duplicate,high,reuters,1
2026-04-01,8337,千葉興業銀行,千葉興,skip,duplicate,high,kabutan,1
2026-04-01,8337,千葉興業銀行,千葉興銀,add,new_candidate,medium,tdnet,4
2026-04-01,8338,筑波銀行,筑波銀行,skip,duplicate,high,"kabutan,nikkei,tdnet",3
2026-04-01,8338,筑波銀行,Tsukuba Bank,skip,duplicate,high,reuters,1
2026-04-01,8338,筑波銀行,Tsukuba Bank Ltd,skip,duplicate,high,reuters,1
2026-04-01,8338,筑波銀行,筑波銀,skip,duplicate,high,kabutan,1
2026-04-01,8341,七十七銀行,七十七銀行,add,exists_in_base,high,"kabutan,nikkei",2
2026-04-01,8341,七十七銀行,77 Bank,skip,duplicate,high,reuters,1
2026-04-01,8341,七十七銀行,77 Bank Ltd,skip,duplicate,high,reuters,1
2026-04-01,8341,七十七銀行,七十七,skip,duplicate,high,kabutan,1
2026-04-01,8341,七十七銀行,七十七銀,skip,duplicate,high,tdnet,1
2026-04-01,8343,秋田銀行,秋田銀行,add,exists_in_base,high,"kabutan,nikkei",2
2026-04-01,8343,秋田銀行,Akita Bank,skip,duplicate,high,reuters,1
2026-04-01,8343,秋田銀行,Akita Bank Ltd,skip,duplicate,high,reuters,1
2026-04-01,8343,秋田銀行,秋田銀,skip,duplicate,high,kabutan,1
2026-04-01,8344,山形銀行,山形銀,skip,duplicate,high,"kabutan,tdnet",2
2026-04-01,8344,山形銀行,山形銀行,add,exists_in_base,high,"kabutan,nikkei",2
2026-04-01,8344,山形銀行,Yamagata Bank,skip,duplicate,high,reuters,1
2026-04-01,8344,山形銀行,Yamagata Bank Ltd,skip,duplicate,high,reuters,1
2026-04-01,8345,岩手銀行,岩手銀,skip,duplicate,high,"kabutan,tdnet",3
2026-04-01,8345,岩手銀行,岩手銀行,add,exists_in_base,high,"kabutan,nikkei",2
2026-04-01,8345,岩手銀行,Bank of Iwate,skip,duplicate,high,reuters,1
2026-04-01,8345,岩手銀行,Bank of Iwate Ltd,skip,duplicate,high,reuters,1
2026-04-01,8346,東邦銀行,東邦銀,skip,duplicate,high,"kabutan,tdnet",2
2026-04-01,8346,東邦銀行,東邦銀行,add,exists_in_base,high,"kabutan,nikkei",2
2026-04-01,8346,東邦銀行,Toho Bank,skip,duplicate,high,reuters,1
2026-04-01,8346,東邦銀行,Toho Bank Ltd,skip,duplicate,high,reuters,1
2026-04-01,8349,東北銀行,東北銀,skip,duplicate,high,"kabutan,tdnet",4
2026-04-01,8349,東北銀行,東北銀行,add,exists_in_base,high,"kabutan,nikkei",2
2026-04-01,8349,東北銀行,Tohoku Bank,skip,duplicate,high,reuters,1
2026-04-01,8349,東北銀行,Tohoku Bank Ltd,skip,duplicate,high,reuters,1
2026-04-01,8354,ふくおかフィナンシャルｸﾞﾙｰﾌﾟ,ふくおか,skip,duplicate,high,tdnet,2
2026-04-01,8354,ふくおかフィナンシャルｸﾞﾙｰﾌﾟ,ふくおかフィナンシャルグループ,skip,duplicate,high,"kabutan,nikkei",2
2026-04-01,8354,ふくおかフィナンシャルｸﾞﾙｰﾌﾟ,Fukuoka Financial,skip,duplicate,high,reuters,1
2026-04-01,8354,ふくおかフィナンシャルｸﾞﾙｰﾌﾟ,Fukuoka Financial Group Inc,skip,duplicate,high,reuters,1
2026-04-01,8354,ふくおかフィナンシャルｸﾞﾙｰﾌﾟ,ふくおかFG,skip,duplicate,high,kabutan,1
2026-04-01,8358,スルガ銀行,スルガ銀,skip,duplicate,high,"kabutan,tdnet",5
2026-04-01,8358,スルガ銀行,スルガ銀行,add,exists_in_base,high,"kabutan,nikkei",2
2026-04-01,8358,スルガ銀行,Suruga Bank,skip,duplicate,high,reuters,1
2026-04-01,8358,スルガ銀行,Suruga Bank Ltd,skip,duplicate,high,reuters,1
2026-04-01,8359,八十二長野銀行,八十二長野銀行,skip,duplicate,high,"kabutan,nikkei,tdnet",4
2026-04-01,8359,八十二長野銀行,Hachijuni Nagano Bank,skip,duplicate,high,reuters,1
2026-04-01,8359,八十二長野銀行,Hachijuni Nagano Bank Ltd,skip,duplicate,high,reuters,1
2026-04-01,8359,八十二長野銀行,八十二長野,skip,duplicate,high,kabutan,1
2026-04-01,8360,山梨中央銀行,山梨中央銀行,add,exists_in_base,high,"kabutan,nikkei",2
2026-04-01,8360,山梨中央銀行,Yamanashi Chuo Bank,skip,duplicate,high,reuters,1
2026-04-01,8360,山梨中央銀行,Yamanashi Chuo Bank Ltd,skip,duplicate,high,reuters,1
2026-04-01,8360,山梨中央銀行,山梨中銀,skip,duplicate,high,tdnet,1
2026-04-01,8360,山梨中央銀行,山梨銀,skip,duplicate,high,kabutan,1
2026-04-01,8361,大垣共立銀行,大垣銀,skip,duplicate,high,tdnet,9
2026-04-01,8361,大垣共立銀行,大垣共立銀行,add,exists_in_base,high,"kabutan,nikkei",2
2026-04-01,8361,大垣共立銀行,Ogaki Kyoritsu Bank,skip,duplicate,high,reuters,1
2026-04-01,8361,大垣共立銀行,Ogaki Kyoritsu Bank Ltd,skip,duplicate,high,reuters,1
2026-04-01,8361,大垣共立銀行,大垣共立,skip,duplicate,high,kabutan,1
2026-04-01,8362,福井銀行,福井銀,skip,duplicate,high,"kabutan,tdnet",3
2026-04-01,8362,福井銀行,福井銀行,add,exists_in_base,high,"kabutan,nikkei",2
2026-04-01,8362,福井銀行,Fukui Bank,skip,duplicate,high,reuters,1
2026-04-01,8362,福井銀行,Fukui Bank Ltd,skip,duplicate,high,reuters,1
2026-04-01,8364,清水銀行,清水銀,skip,duplicate,high,"kabutan,tdnet",2
2026-04-01,8364,清水銀行,清水銀行,add,exists_in_base,high,"kabutan,nikkei",2
2026-04-01,8364,清水銀行,Shimizu Bank,skip,duplicate,high,reuters,1
2026-04-01,8364,清水銀行,Shimizu Bank Ltd,skip,duplicate,high,reuters,1
2026-04-01,8365,富山銀行,富山銀行,skip,duplicate,high,"kabutan,nikkei",2
2026-04-01,8365,富山銀行,Bank of Toyama,skip,duplicate,high,reuters,1
2026-04-01,8365,富山銀行,Bank of Toyama Ltd,skip,duplicate,high,reuters,1
2026-04-01,8365,富山銀行,富山銀,skip,duplicate,high,kabutan,1
2026-04-01,8366,滋賀銀行,滋賀銀,skip,duplicate,high,"kabutan,tdnet",2
2026-04-01,8366,滋賀銀行,滋賀銀行,add,exists_in_base,high,"kabutan,nikkei",2
2026-04-01,8366,滋賀銀行,Shiga Bank,skip,duplicate,high,reuters,1
2026-04-01,8366,滋賀銀行,Shiga Bank Ltd,skip,duplicate,high,reuters,1
2026-04-01,8367,南都銀行,南都銀,skip,duplicate,high,"kabutan,tdnet",3
2026-04-01,8367,南都銀行,南都銀行,add,exists_in_base,high,"kabutan,nikkei",2
2026-04-01,8367,南都銀行,Nanto Bank,skip,duplicate,high,reuters,1
2026-04-01,8367,南都銀行,Nanto Bank Ltd,skip,duplicate,high,reuters,1
2026-04-01,8368,百五銀行,百五銀,skip,duplicate,high,"kabutan,tdnet",2
2026-04-01,8368,百五銀行,百五銀行,add,exists_in_base,high,"kabutan,nikkei",2
2026-04-01,8368,百五銀行,Hyakugo Bank,skip,duplicate,high,reuters,1
2026-04-01,8368,百五銀行,Hyakugo Bank Ltd,skip,duplicate,high,reuters,1
2026-04-01,8370,紀陽銀行,紀陽銀行,skip,duplicate,high,"kabutan,nikkei",2
2026-04-01,8370,紀陽銀行,Kiyo Bank,skip,duplicate,high,reuters,1
2026-04-01,8370,紀陽銀行,Kiyo Bank Ltd,skip,duplicate,high,reuters,1
2026-04-01,8370,紀陽銀行,紀陽銀,skip,duplicate,high,kabutan,1
2026-04-01,8377,ほくほくフィナンシャルｸﾞﾙｰﾌﾟ,ほくほく,skip,duplicate,high,tdnet,4
2026-04-01,8377,ほくほくフィナンシャルｸﾞﾙｰﾌﾟ,ほくほくフィナンシャルグループ,skip,duplicate,high,"kabutan,nikkei",2
2026-04-01,8377,ほくほくフィナンシャルｸﾞﾙｰﾌﾟ,Hokuhoku Financial,skip,duplicate,high,reuters,1
2026-04-01,8377,ほくほくフィナンシャルｸﾞﾙｰﾌﾟ,Hokuhoku Financial Group Inc,skip,duplicate,high,reuters,1
2026-04-01,8377,ほくほくフィナンシャルｸﾞﾙｰﾌﾟ,ほくほくFG,skip,duplicate,high,kabutan,1
2026-04-01,8381,山陰合同銀行,山陰合銀,skip,duplicate,high,"kabutan,tdnet",3
2026-04-01,8381,山陰合同銀行,山陰合同銀行,add,exists_in_base,high,"kabutan,nikkei",2
2026-04-01,8381,山陰合同銀行,San-in Godo Bank,skip,duplicate,high,reuters,1
2026-04-01,8381,山陰合同銀行,San-in Godo Bank Ltd,skip,duplicate,high,reuters,1
2026-04-01,8383,鳥取銀行,鳥取銀,skip,duplicate,high,"kabutan,tdnet",2
2026-04-01,8383,鳥取銀行,鳥取銀行,add,exists_in_base,high,"kabutan,nikkei",2
2026-04-01,8383,鳥取銀行,Tottori Bank,skip,duplicate,high,reuters,1
2026-04-01,8383,鳥取銀行,Tottori Bank Ltd,skip,duplicate,high,reuters,1
2026-04-01,8386,百十四銀行,百十四銀,skip,duplicate,high,tdnet,4
2026-04-01,8386,百十四銀行,百十四銀行,add,exists_in_base,high,"kabutan,nikkei",2
2026-04-01,8386,百十四銀行,Hyakujushi Bank,skip,duplicate,high,reuters,1
2026-04-01,8386,百十四銀行,Hyakujushi Bank Ltd,skip,duplicate,high,reuters,1
2026-04-01,8386,百十四銀行,百十四,skip,duplicate,high,kabutan,1
2026-04-01,8387,四国銀行,四国銀,skip,duplicate,high,"kabutan,tdnet",3
2026-04-01,8387,四国銀行,四国銀行,add,exists_in_base,high,"kabutan,nikkei",2
2026-04-01,8387,四国銀行,Shikoku Bank,skip,duplicate,high,reuters,1
2026-04-01,8387,四国銀行,Shikoku Bank Ltd,skip,duplicate,high,reuters,1
2026-04-01,8388,阿波銀行,阿波銀,skip,duplicate,high,"kabutan,tdnet",3
2026-04-01,8388,阿波銀行,阿波銀行,add,exists_in_base,high,"kabutan,nikkei",2
2026-04-01,8388,阿波銀行,Awa Bank,skip,duplicate,high,reuters,1
2026-04-01,8388,阿波銀行,Awa Bank Ltd,skip,duplicate,high,reuters,1
2026-04-01,8392,大分銀行,大分銀行,add,exists_in_base,high,"kabutan,nikkei",2
2026-04-01,8392,大分銀行,Oita Bank,skip,duplicate,high,reuters,1
2026-04-01,8392,大分銀行,Oita Bank Ltd,skip,duplicate,high,reuters,1
2026-04-01,8392,大分銀行,大分銀,skip,duplicate,high,kabutan,1
2026-04-01,8393,宮崎銀行,宮崎銀行,add,exists_in_base,high,"kabutan,nikkei",2
2026-04-01,8393,宮崎銀行,Miyazaki Bank,skip,duplicate,high,reuters,1
2026-04-01,8393,宮崎銀行,Miyazaki Bank Ltd,skip,duplicate,high,reuters,1
2026-04-01,8393,宮崎銀行,宮崎銀,skip,duplicate,high,kabutan,1
2026-04-01,8395,佐賀銀行,佐賀銀行,add,exists_in_base,high,"kabutan,nikkei",2
2026-04-01,8395,佐賀銀行,Bank of Saga,skip,duplicate,high,reuters,1
2026-04-01,8395,佐賀銀行,Bank of Saga Ltd,skip,duplicate,high,reuters,1
2026-04-01,8395,佐賀銀行,佐賀銀,skip,duplicate,high,kabutan,1
2026-04-01,8399,琉球銀行,琉球銀行,add,exists_in_base,high,"kabutan,nikkei",2
2026-04-01,8399,琉球銀行,Bank of The Ryukyus,skip,duplicate,high,reuters,1
2026-04-01,8399,琉球銀行,Bank of The Ryukyus Ltd,skip,duplicate,high,reuters,1
2026-04-01,8399,琉球銀行,琉球銀,skip,duplicate,high,kabutan,1
2026-04-01,8410,セブン銀行,セブン銀行,skip,duplicate,high,"kabutan,nikkei,tdnet",4
2026-04-01,8410,セブン銀行,Seven Bank,skip,duplicate,high,reuters,1
2026-04-01,8410,セブン銀行,Seven Bank Ltd,skip,duplicate,high,reuters,1
2026-04-01,8410,セブン銀行,セブン銀,skip,duplicate,high,kabutan,1
2026-04-01,8411,みずほフィナンシャルｸﾞﾙｰﾌﾟ,みずほ,skip,duplicate,high,tdnet,3
2026-04-01,8411,みずほフィナンシャルｸﾞﾙｰﾌﾟ,みずほフィナンシャルグループ,skip,duplicate,high,"kabutan,nikkei",2
2026-04-01,8411,みずほフィナンシャルｸﾞﾙｰﾌﾟ,Mizuho Financial,skip,duplicate,high,reuters,1
2026-04-01,8411,みずほフィナンシャルｸﾞﾙｰﾌﾟ,Mizuho Financial Group Inc,skip,duplicate,high,reuters,1
2026-04-01,8411,みずほフィナンシャルｸﾞﾙｰﾌﾟ,みずほFG,skip,duplicate,high,kabutan,1
2026-04-01,8416,高知銀行,高知銀行,skip,duplicate,high,"kabutan,nikkei",2
2026-04-01,8416,高知銀行,Bank of Kochi,skip,duplicate,high,reuters,1
2026-04-01,8416,高知銀行,Bank of Kochi Ltd,skip,duplicate,high,reuters,1
2026-04-01,8416,高知銀行,高知銀,skip,duplicate,high,kabutan,1
2026-04-01,8418,山口フィナンシャルｸﾞﾙｰﾌﾟ,山口FG,skip,duplicate,high,"kabutan,tdnet",5
2026-04-01,8418,山口フィナンシャルｸﾞﾙｰﾌﾟ,山口フィナンシャルグループ,skip,duplicate,high,"kabutan,nikkei",2
2026-04-01,8418,山口フィナンシャルｸﾞﾙｰﾌﾟ,Yamaguchi Financial,skip,duplicate,high,reuters,1
2026-04-01,8418,山口フィナンシャルｸﾞﾙｰﾌﾟ,Yamaguchi Financial Group Inc,skip,duplicate,high,reuters,1
2026-04-01,8424,芙蓉総合リース,芙蓉リース,skip,duplicate,high,"kabutan,tdnet",4
2026-04-01,8424,芙蓉総合リース,芙蓉総合リース,add,exists_in_base,high,"kabutan,nikkei",2
2026-04-01,8424,芙蓉総合リース,Fuyo General Lease,skip,duplicate,high,reuters,1
2026-04-01,8424,芙蓉総合リース,Fuyo General Lease Co Ltd,skip,duplicate,high,reuters,1
2026-04-01,8425,みずほリース,みずほリース,skip,duplicate,high,"kabutan,nikkei,tdnet",5
2026-04-01,8425,みずほリース,Mizuho Leasing,skip,duplicate,high,reuters,1
2026-04-01,8425,みずほリース,Mizuho Leasing Co Ltd,skip,duplicate,high,reuters,1
2026-04-01,8439,東京センチュリー,東京センチュリー,skip,duplicate,high,"kabutan,nikkei,tdnet",4
2026-04-01,8439,東京センチュリー,Tokyo Century,skip,duplicate,high,reuters,1
2026-04-01,8439,東京センチュリー,Tokyo Century Corp,skip,duplicate,high,reuters,1
2026-04-01,8439,東京センチュリー,東京センチュ,skip,duplicate,high,kabutan,1
2026-04-01,8473,SBIﾎｰﾙﾃﾞｨﾝｸﾞｽ,SBI,skip,duplicate,high,"kabutan,reuters,tdnet",8
2026-04-01,8473,SBIﾎｰﾙﾃﾞｨﾝｸﾞｽ,SBIホールディングス,skip,duplicate,high,"kabutan,nikkei",2
2026-04-01,8473,SBIﾎｰﾙﾃﾞｨﾝｸﾞｽ,SBI Holdings Inc,skip,duplicate,high,reuters,1
2026-04-01,8508,Jトラスト,Jトラスト,skip,duplicate,high,"kabutan,nikkei,tdnet",5
2026-04-01,8508,Jトラスト,J Trust,skip,duplicate,high,reuters,1
2026-04-01,8508,Jトラスト,J Trust Co Ltd,skip,duplicate,high,reuters,1
2026-04-01,8511,日本証券金融,日証金,skip,duplicate,high,"kabutan,tdnet",5
2026-04-01,8511,日本証券金融,日本証券金融,add,exists_in_base,high,"kabutan,nikkei",2
2026-04-01,8511,日本証券金融,Japan Securities Finance,skip,duplicate,high,reuters,1
2026-04-01,8511,日本証券金融,Japan Securities Finance Co Ltd,skip,duplicate,high,reuters,1
2026-04-01,8515,アイフル,アイフル,skip,duplicate,high,"kabutan,tdnet",2
2026-04-01,8515,アイフル,8515.T,add,new_candidate,medium,reuters,1
2026-04-01,8518,日本アジア投資,アジア投資,skip,duplicate,high,"kabutan,tdnet",6
2026-04-01,8518,日本アジア投資,日本アジア投資,add,exists_in_base,high,"kabutan,nikkei",2
2026-04-01,8518,日本アジア投資,Japan Asia Investment,skip,duplicate,high,reuters,1
2026-04-01,8518,日本アジア投資,Japan Asia Investment Co Ltd,skip,duplicate,high,reuters,1
2026-04-01,8522,名古屋銀行,名古屋銀,skip,duplicate,high,"kabutan,tdnet",3
2026-04-01,8522,名古屋銀行,名古屋銀行,add,exists_in_base,high,"kabutan,nikkei",2
2026-04-01,8522,名古屋銀行,Bank of Nagoya,skip,duplicate,high,reuters,1
2026-04-01,8522,名古屋銀行,Bank of Nagoya Ltd,skip,duplicate,high,reuters,1
2026-04-01,8524,北洋銀行,北洋銀行,skip,duplicate,high,"kabutan,nikkei,tdnet",8
2026-04-01,8524,北洋銀行,North Pacific Bank,skip,duplicate,high,reuters,1
2026-04-01,8524,北洋銀行,North Pacific Bank Ltd,skip,duplicate,high,reuters,1
2026-04-01,8524,北洋銀行,北洋銀,skip,duplicate,high,kabutan,1
2026-04-01,8537,大光銀行,大光銀行,add,exists_in_base,high,"kabutan,nikkei",2
2026-04-01,8537,大光銀行,Taiko Bank,skip,duplicate,high,reuters,1
2026-04-01,8537,大光銀行,Taiko Bank Ltd,skip,duplicate,high,reuters,1
2026-04-01,8537,大光銀行,大光銀,skip,duplicate,high,kabutan,1
2026-04-01,8541,愛媛銀行,愛媛銀行,add,exists_in_base,high,"kabutan,nikkei",2
2026-04-01,8541,愛媛銀行,Ehime Bank,skip,duplicate,high,reuters,1
2026-04-01,8541,愛媛銀行,Ehime Bank Ltd,skip,duplicate,high,reuters,1
2026-04-01,8541,愛媛銀行,愛媛銀,skip,duplicate,high,kabutan,1
2026-04-01,8542,トマト銀行,トマト銀行,add,exists_in_base,high,"kabutan,nikkei",2
2026-04-01,8542,トマト銀行,Tomato Bank,skip,duplicate,high,reuters,1
2026-04-01,8542,トマト銀行,Tomato Bank Ltd,skip,duplicate,high,reuters,1
2026-04-01,8542,トマト銀行,トマト銀,skip,duplicate,high,kabutan,1
2026-04-01,8544,京葉銀行,京葉銀,skip,duplicate,high,"kabutan,tdnet",3
2026-04-01,8544,京葉銀行,京葉銀行,add,exists_in_base,high,"kabutan,nikkei",2
2026-04-01,8544,京葉銀行,Keiyo Bank,skip,duplicate,high,reuters,1
2026-04-01,8544,京葉銀行,Keiyo Bank Ltd,skip,duplicate,high,reuters,1
2026-04-01,8550,栃木銀行,栃木銀,skip,duplicate,high,"kabutan,tdnet",2
2026-04-01,8550,栃木銀行,栃木銀行,add,exists_in_base,high,"kabutan,nikkei",2
2026-04-01,8550,栃木銀行,Tochigi Bank,skip,duplicate,high,reuters,1
2026-04-01,8550,栃木銀行,Tochigi Bank Ltd,skip,duplicate,high,reuters,1
2026-04-01,8551,北日本銀行,北日本銀行,add,exists_in_base,high,"kabutan,nikkei",2
2026-04-01,8551,北日本銀行,Kita-Nippon Bank,skip,duplicate,high,reuters,1
2026-04-01,8551,北日本銀行,Kita-Nippon Bank Ltd,skip,duplicate,high,reuters,1
2026-04-01,8551,北日本銀行,北日本銀,skip,duplicate,high,tdnet,1
2026-04-01,8551,北日本銀行,北日銀,skip,duplicate,high,kabutan,1
2026-04-01,8558,東和銀行,東和銀,skip,duplicate,high,"kabutan,tdnet",2
2026-04-01,8558,東和銀行,東和銀行,add,exists_in_base,high,"kabutan,nikkei",2
2026-04-01,8558,東和銀行,Towa Bank,skip,duplicate,high,reuters,1
2026-04-01,8558,東和銀行,Towa Bank Ltd,skip,duplicate,high,reuters,1
2026-04-01,8562,福島銀行,福島銀行,add,exists_in_base,high,"kabutan,nikkei",2
2026-04-01,8562,福島銀行,Fukushima Bank,skip,duplicate,high,reuters,1
2026-04-01,8562,福島銀行,Fukushima Bank Ltd,skip,duplicate,high,reuters,1
2026-04-01,8562,福島銀行,福島銀,skip,duplicate,high,kabutan,1
2026-04-01,8563,大東銀行,大東銀,skip,duplicate,high,"kabutan,tdnet",2
2026-04-01,8563,大東銀行,大東銀行,add,exists_in_base,high,"kabutan,nikkei",2
2026-04-01,8563,大東銀行,Daito Bank,skip,duplicate,high,reuters,1
2026-04-01,8563,大東銀行,Daito Bank Ltd,skip,duplicate,high,reuters,1
2026-04-01,8566,リコーリース,リコーリース,skip,duplicate,high,"kabutan,nikkei,tdnet",5
2026-04-01,8566,リコーリース,Ricoh Leasing,skip,duplicate,high,reuters,1
2026-04-01,8566,リコーリース,Ricoh Leasing Co Ltd,skip,duplicate,high,reuters,1
2026-04-01,8570,イオンフィナンシャルサービス,イオンフィナンシャルサービス,add,exists_in_base,high,"kabutan,nikkei",2
2026-04-01,8570,イオンフィナンシャルサービス,Aeon Financial Service,skip,duplicate,high,reuters,1
2026-04-01,8570,イオンフィナンシャルサービス,Aeon Financial Service Co Ltd,skip,duplicate,high,reuters,1
2026-04-01,8570,イオンフィナンシャルサービス,イオンFS,skip,duplicate,high,kabutan,1
2026-04-01,8572,アコム,アコム,skip,duplicate,high,"kabutan,nikkei",2
2026-04-01,8572,アコム,Acom,skip,duplicate,high,reuters,1
2026-04-01,8572,アコム,Acom Co Ltd,skip,duplicate,high,reuters,1
2026-04-01,8584,ジャックス,ジャックス,skip,duplicate,high,"kabutan,nikkei",2
2026-04-01,8584,ジャックス,JACCS,skip,duplicate,high,reuters,1
2026-04-01,8584,ジャックス,JACCS Co Ltd,skip,duplicate,high,reuters,1
2026-04-01,8585,オリエントｺｰﾎﾟﾚｰｼｮﾝ,オリエントコーポレーション,skip,duplicate,high,"kabutan,nikkei",2
2026-04-01,8585,オリエントｺｰﾎﾟﾚｰｼｮﾝ,オリコ,skip,duplicate,high,"kabutan,tdnet",2
2026-04-01,8585,オリエントｺｰﾎﾟﾚｰｼｮﾝ,Orient,skip,duplicate,high,reuters,1
2026-04-01,8585,オリエントｺｰﾎﾟﾚｰｼｮﾝ,Orient Corp,skip,duplicate,high,reuters,1
2026-04-01,8591,オリックス,オリックス,skip,duplicate,high,"kabutan,nikkei,tdnet",9
2026-04-01,8591,オリックス,ORIX,skip,duplicate,high,reuters,1
2026-04-01,8591,オリックス,ORIX Corp,skip,duplicate,high,reuters,1
2026-04-01,8593,三菱HCキャピタル,三菱HCキャピタル,skip,duplicate,high,"kabutan,nikkei,tdnet",3
2026-04-01,8593,三菱HCキャピタル,Mitsubishi HC Capital,skip,duplicate,high,reuters,1
2026-04-01,8593,三菱HCキャピタル,Mitsubishi HC Capital Inc,skip,duplicate,high,reuters,1
2026-04-01,8593,三菱HCキャピタル,三菱HCキャ,skip,duplicate,high,kabutan,1
2026-04-01,8595,ジャフコ ｸﾞﾙｰﾌﾟ,ジャフコ グループ,skip,duplicate,high,"kabutan,nikkei",2
2026-04-01,8595,ジャフコ ｸﾞﾙｰﾌﾟ,JAFCO,skip,duplicate,high,reuters,1
2026-04-01,8595,ジャフコ ｸﾞﾙｰﾌﾟ,JAFCO Group Co Ltd,skip,duplicate,high,reuters,1
2026-04-01,8595,ジャフコ ｸﾞﾙｰﾌﾟ,ジャフコG,skip,duplicate,high,kabutan,1
2026-04-01,8596,九州リースサービス,九州リースサービス,skip,duplicate,high,"kabutan,nikkei,tdnet",3
2026-04-01,8596,九州リースサービス,Kyushu Leasing Service,skip,duplicate,high,reuters,1
2026-04-01,8596,九州リースサービス,Kyushu Leasing Service Co Ltd,skip,duplicate,high,reuters,1
2026-04-01,8596,九州リースサービス,九州リース,skip,duplicate,high,kabutan,1
2026-04-01,8600,トモニﾎｰﾙﾃﾞｨﾝｸﾞｽ,トモニHD,skip,duplicate,high,"kabutan,tdnet",2
2026-04-01,8600,トモニﾎｰﾙﾃﾞｨﾝｸﾞｽ,トモニホールディングス,skip,duplicate,high,"kabutan,nikkei",2
2026-04-01,8600,トモニﾎｰﾙﾃﾞｨﾝｸﾞｽ,Tomony,skip,duplicate,high,reuters,1
2026-04-01,8600,トモニﾎｰﾙﾃﾞｨﾝｸﾞｽ,Tomony Holdings Inc,skip,duplicate,high,reuters,1
2026-04-01,8601,大和証券ｸﾞﾙｰﾌﾟ本社,大和証G,skip,duplicate,high,tdnet,3
2026-04-01,8601,大和証券ｸﾞﾙｰﾌﾟ本社,大和証券グループ本社,skip,duplicate,high,"kabutan,nikkei",2
2026-04-01,8601,大和証券ｸﾞﾙｰﾌﾟ本社,Daiwa Securities,skip,duplicate,high,reuters,1
2026-04-01,8601,大和証券ｸﾞﾙｰﾌﾟ本社,Daiwa Securities Group Inc,skip,duplicate,high,reuters,1
2026-04-01,8601,大和証券ｸﾞﾙｰﾌﾟ本社,大和,skip,duplicate,high,kabutan,1
2026-04-01,8604,野村ﾎｰﾙﾃﾞｨﾝｸﾞｽ,野村,skip,duplicate,high,"kabutan,tdnet",3
2026-04-01,8604,野村ﾎｰﾙﾃﾞｨﾝｸﾞｽ,野村ホールディングス,skip,duplicate,high,"kabutan,nikkei",2
2026-04-01,8604,野村ﾎｰﾙﾃﾞｨﾝｸﾞｽ,Nomura,skip,duplicate,high,reuters,1
2026-04-01,8604,野村ﾎｰﾙﾃﾞｨﾝｸﾞｽ,Nomura Holdings Inc,skip,duplicate,high,reuters,1
2026-04-01,8609,岡三証券ｸﾞﾙｰﾌﾟ,岡三,skip,duplicate,high,"kabutan,tdnet",3
2026-04-01,8609,岡三証券ｸﾞﾙｰﾌﾟ,岡三証券グループ,skip,duplicate,high,"kabutan,nikkei",2
2026-04-01,8609,岡三証券ｸﾞﾙｰﾌﾟ,Okasan Securities,skip,duplicate,high,reuters,1
2026-04-01,8609,岡三証券ｸﾞﾙｰﾌﾟ,Okasan Securities Group Inc,skip,duplicate,high,reuters,1
2026-04-01,8613,丸三証券,丸三証券,add,exists_in_base,high,"kabutan,nikkei",2
2026-04-01,8613,丸三証券,Marusan Securities,skip,duplicate,high,reuters,1
2026-04-01,8613,丸三証券,Marusan Securities Co Ltd,skip,duplicate,high,reuters,1
2026-04-01,8613,丸三証券,丸三,skip,duplicate,high,kabutan,1
2026-04-01,8613,丸三証券,丸三証,skip,duplicate,high,tdnet,1
2026-04-01,8614,東洋証券,東洋証,skip,duplicate,high,tdnet,4
2026-04-01,8614,東洋証券,東洋証券,add,exists_in_base,high,"kabutan,nikkei",2
2026-04-01,8614,東洋証券,Toyo Securities,skip,duplicate,high,reuters,1
2026-04-01,8614,東洋証券,Toyo Securities Co Ltd,skip,duplicate,high,reuters,1
2026-04-01,8616,東海東京フィナンシャル・ﾎｰﾙﾃﾞｨﾝｸﾞｽ,東海東京,skip,duplicate,high,"kabutan,tdnet",5
2026-04-01,8616,東海東京フィナンシャル・ﾎｰﾙﾃﾞｨﾝｸﾞｽ,東海東京フィナンシャル・ホールディングス,skip,duplicate,high,"kabutan,nikkei",2
2026-04-01,8616,東海東京フィナンシャル・ﾎｰﾙﾃﾞｨﾝｸﾞｽ,Tokai Tokyo Financial,skip,duplicate,high,reuters,1
2026-04-01,8616,東海東京フィナンシャル・ﾎｰﾙﾃﾞｨﾝｸﾞｽ,Tokai Tokyo Financial Holdings Inc,skip,duplicate,high,reuters,1
2026-04-01,8617,光世証券,光世証券,add,exists_in_base,high,"kabutan,nikkei",2
2026-04-01,8617,光世証券,Kosei Securities,skip,duplicate,high,reuters,1
2026-04-01,8617,光世証券,Kosei Securities Co Ltd,skip,duplicate,high,reuters,1
2026-04-01,8617,光世証券,光世,skip,duplicate,high,kabutan,1
2026-04-01,8622,水戸証券,水戸証,skip,duplicate,high,tdnet,20
2026-04-01,8622,水戸証券,水戸証券,add,exists_in_base,high,"kabutan,nikkei",2
2026-04-01,8622,水戸証券,Mito Securities,skip,duplicate,high,reuters,1
2026-04-01,8622,水戸証券,Mito Securities Co Ltd,skip,duplicate,high,reuters,1
2026-04-01,8622,水戸証券,水戸,skip,duplicate,high,kabutan,1
2026-04-01,8624,いちよし証券,いちよし,skip,duplicate,high,"kabutan,tdnet",5
2026-04-01,8624,いちよし証券,いちよし証券,add,exists_in_base,high,"kabutan,nikkei",2
2026-04-01,8624,いちよし証券,Ichiyoshi Securities,skip,duplicate,high,reuters,1
2026-04-01,8624,いちよし証券,Ichiyoshi Securities Co Ltd,skip,duplicate,high,reuters,1
2026-04-01,8628,松井証券,松井証,skip,duplicate,high,tdnet,3
2026-04-01,8628,松井証券,松井証券,add,exists_in_base,high,"kabutan,nikkei",2
2026-04-01,8628,松井証券,Matsui Securities,skip,duplicate,high,reuters,1
2026-04-01,8628,松井証券,Matsui Securities Co Ltd,skip,duplicate,high,reuters,1
2026-04-01,8628,松井証券,松井,skip,duplicate,high,kabutan,1
2026-04-01,8630,SOMPOﾎｰﾙﾃﾞｨﾝｸﾞｽ,SOMPOHD,skip,duplicate,high,tdnet,4
2026-04-01,8630,SOMPOﾎｰﾙﾃﾞｨﾝｸﾞｽ,SOMPO,skip,duplicate,high,"kabutan,reuters",2
2026-04-01,8630,SOMPOﾎｰﾙﾃﾞｨﾝｸﾞｽ,SOMPOホールディングス,skip,duplicate,high,"kabutan,nikkei",2
2026-04-01,8630,SOMPOﾎｰﾙﾃﾞｨﾝｸﾞｽ,Sompo Holdings Inc,skip,duplicate,high,reuters,1
2026-04-01,8697,日本取引所ｸﾞﾙｰﾌﾟ,JPX,skip,duplicate,high,tdnet,2
2026-04-01,8697,日本取引所ｸﾞﾙｰﾌﾟ,日本取引所グループ,skip,duplicate,high,"kabutan,nikkei",2
2026-04-01,8697,日本取引所ｸﾞﾙｰﾌﾟ,Japan Exchange,skip,duplicate,high,reuters,1
2026-04-01,8697,日本取引所ｸﾞﾙｰﾌﾟ,Japan Exchange Group Inc,skip,duplicate,high,reuters,1
2026-04-01,8697,日本取引所ｸﾞﾙｰﾌﾟ,日本取引所,skip,duplicate,high,kabutan,1
2026-04-01,8698,マネックスｸﾞﾙｰﾌﾟ,マネックスG,skip,duplicate,high,"kabutan,tdnet",3
2026-04-01,8698,マネックスｸﾞﾙｰﾌﾟ,マネックスグループ,skip,duplicate,high,"kabutan,nikkei",2
2026-04-01,8698,マネックスｸﾞﾙｰﾌﾟ,Monex,skip,duplicate,high,reuters,1
2026-04-01,8698,マネックスｸﾞﾙｰﾌﾟ,Monex Group Inc,skip,duplicate,high,reuters,1
2026-04-01,8699,HSﾎｰﾙﾃﾞｨﾝｸﾞｽ,HSHD,skip,duplicate,high,"kabutan,tdnet",2
2026-04-01,8699,HSﾎｰﾙﾃﾞｨﾝｸﾞｽ,HSホールディングス,skip,duplicate,high,"kabutan,nikkei",2
2026-04-01,8699,HSﾎｰﾙﾃﾞｨﾝｸﾞｽ,HS Holdings Co Ltd,skip,duplicate,high,reuters,1
2026-04-01,8700,丸八証券,丸八証券,skip,duplicate,high,"kabutan,nikkei,tdnet",3
2026-04-01,8700,丸八証券,Maruhachi Securities,skip,duplicate,high,reuters,1
2026-04-01,8700,丸八証券,Maruhachi Securities Co Ltd,skip,duplicate,high,reuters,1
2026-04-01,8704,トレイダーズﾎｰﾙﾃﾞｨﾝｸﾞｽ,トレイダーズホールディングス,skip,duplicate,high,"kabutan,nikkei",2
2026-04-01,8704,トレイダーズﾎｰﾙﾃﾞｨﾝｸﾞｽ,Traders,skip,duplicate,high,reuters,1
2026-04-01,8704,トレイダーズﾎｰﾙﾃﾞｨﾝｸﾞｽ,Traders Holdings Co Ltd,skip,duplicate,high,reuters,1
2026-04-01,8704,トレイダーズﾎｰﾙﾃﾞｨﾝｸﾞｽ,トレイダーズ,skip,duplicate,high,kabutan,1
2026-04-01,8705,日産証券ｸﾞﾙｰﾌﾟ,日産証券グループ,skip,duplicate,high,"kabutan,nikkei,tdnet",5
2026-04-01,8705,日産証券ｸﾞﾙｰﾌﾟ,Nissan Securities,skip,duplicate,high,reuters,1
2026-04-01,8705,日産証券ｸﾞﾙｰﾌﾟ,Nissan Securities Group Co Ltd,skip,duplicate,high,reuters,1
2026-04-01,8705,日産証券ｸﾞﾙｰﾌﾟ,日産証券G,skip,duplicate,high,kabutan,1
2026-04-01,8706,極東証券,極東証券,skip,duplicate,high,"kabutan,nikkei,tdnet",3
2026-04-01,8706,極東証券,Kyokuto Securities,skip,duplicate,high,reuters,1
2026-04-01,8706,極東証券,Kyokuto Securities Co Ltd,skip,duplicate,high,reuters,1
2026-04-01,8707,岩井コスモﾎｰﾙﾃﾞｨﾝｸﾞｽ,岩井コスモ,skip,duplicate,high,"kabutan,tdnet",2
2026-04-01,8707,岩井コスモﾎｰﾙﾃﾞｨﾝｸﾞｽ,岩井コスモホールディングス,skip,duplicate,high,"kabutan,nikkei",2
2026-04-01,8707,岩井コスモﾎｰﾙﾃﾞｨﾝｸﾞｽ,IwaiCosmo,skip,duplicate,high,reuters,1
2026-04-01,8707,岩井コスモﾎｰﾙﾃﾞｨﾝｸﾞｽ,IwaiCosmo Holdings Inc,skip,duplicate,high,reuters,1
2026-04-01,8708,アイザワ証券ｸﾞﾙｰﾌﾟ,アイザワ証G,skip,duplicate,high,"kabutan,tdnet",5
2026-04-01,8708,アイザワ証券ｸﾞﾙｰﾌﾟ,アイザワ証券グループ,skip,duplicate,high,"kabutan,nikkei",2
2026-04-01,8708,アイザワ証券ｸﾞﾙｰﾌﾟ,Aizawa Securities,skip,duplicate,high,reuters,1
2026-04-01,8708,アイザワ証券ｸﾞﾙｰﾌﾟ,Aizawa Securities Group Co Ltd,skip,duplicate,high,reuters,1
2026-04-01,8713,フィデアﾎｰﾙﾃﾞｨﾝｸﾞｽ,フィデアHD,skip,duplicate,high,"kabutan,tdnet",2
2026-04-01,8713,フィデアﾎｰﾙﾃﾞｨﾝｸﾞｽ,フィデアホールディングス,skip,duplicate,high,"kabutan,nikkei",2
2026-04-01,8713,フィデアﾎｰﾙﾃﾞｨﾝｸﾞｽ,Fidea,skip,duplicate,high,reuters,1
2026-04-01,8713,フィデアﾎｰﾙﾃﾞｨﾝｸﾞｽ,Fidea Holdings Co Ltd,skip,duplicate,high,reuters,1
2026-04-01,8714,池田泉州ﾎｰﾙﾃﾞｨﾝｸﾞｽ,池田泉州,skip,duplicate,high,tdnet,4
2026-04-01,8714,池田泉州ﾎｰﾙﾃﾞｨﾝｸﾞｽ,池田泉州ホールディングス,skip,duplicate,high,"kabutan,nikkei",2
2026-04-01,8714,池田泉州ﾎｰﾙﾃﾞｨﾝｸﾞｽ,Senshu Ikeda,skip,duplicate,high,reuters,1
2026-04-01,8714,池田泉州ﾎｰﾙﾃﾞｨﾝｸﾞｽ,Senshu Ikeda Holdings Inc,skip,duplicate,high,reuters,1
2026-04-01,8714,池田泉州ﾎｰﾙﾃﾞｨﾝｸﾞｽ,池田泉州HD,skip,duplicate,high,kabutan,1
2026-04-01,8715,アニコム ﾎｰﾙﾃﾞｨﾝｸﾞｽ,アニコム ホールディングス,skip,duplicate,high,"kabutan,nikkei",2
2026-04-01,8715,アニコム ﾎｰﾙﾃﾞｨﾝｸﾞｽ,アニコムHD,skip,duplicate,high,"kabutan,tdnet",2
2026-04-01,8715,アニコム ﾎｰﾙﾃﾞｨﾝｸﾞｽ,Anicom,skip,duplicate,high,reuters,1
2026-04-01,8715,アニコム ﾎｰﾙﾃﾞｨﾝｸﾞｽ,Anicom Holdings Inc,skip,duplicate,high,reuters,1
2026-04-01,8725,MS＆ADインシュアランスｸﾞﾙｰﾌﾟﾎｰﾙﾃﾞｨﾝｸﾞｽ,MS&AD,skip,duplicate,high,"kabutan,tdnet",6
2026-04-01,8725,MS＆ADインシュアランスｸﾞﾙｰﾌﾟﾎｰﾙﾃﾞｨﾝｸﾞｽ,MS&ADインシュアランスグループホールディングス,skip,duplicate,high,"kabutan,nikkei",2
2026-04-01,8725,MS＆ADインシュアランスｸﾞﾙｰﾌﾟﾎｰﾙﾃﾞｨﾝｸﾞｽ,MS&AD Insurance,skip,duplicate,high,reuters,1
2026-04-01,8725,MS＆ADインシュアランスｸﾞﾙｰﾌﾟﾎｰﾙﾃﾞｨﾝｸﾞｽ,MS&AD Insurance Group Holdings Inc,skip,duplicate,high,reuters,1
2026-04-01,8729,ソニーフィナンシャルｸﾞﾙｰﾌﾟ,ソニーFG,skip,duplicate,high,"kabutan,tdnet",4
2026-04-01,8729,ソニーフィナンシャルｸﾞﾙｰﾌﾟ,ソニーフィナンシャルグループ,skip,duplicate,high,"kabutan,nikkei",2
2026-04-01,8729,ソニーフィナンシャルｸﾞﾙｰﾌﾟ,Sony Financial,skip,duplicate,high,reuters,1
2026-04-01,8729,ソニーフィナンシャルｸﾞﾙｰﾌﾟ,Sony Financial Group Inc,skip,duplicate,high,reuters,1
2026-04-01,8737,あかつき本社,あかつき本社,skip,duplicate,high,"kabutan,nikkei,tdnet",3
2026-04-01,8737,あかつき本社,Akatsuki,skip,duplicate,high,reuters,1
2026-04-01,8737,あかつき本社,Akatsuki Corp,skip,duplicate,high,reuters,1
2026-04-01,8739,スパークス・ｸﾞﾙｰﾌﾟ,スパークス,skip,duplicate,high,"kabutan,tdnet",2
2026-04-01,8739,スパークス・ｸﾞﾙｰﾌﾟ,スパークス・グループ,skip,duplicate,high,"kabutan,nikkei",2
2026-04-01,8739,スパークス・ｸﾞﾙｰﾌﾟ,Sparx,skip,duplicate,high,reuters,1
2026-04-01,8739,スパークス・ｸﾞﾙｰﾌﾟ,Sparx Group Co Ltd,skip,duplicate,high,reuters,1
2026-04-01,8742,小林洋行,小林洋行,skip,duplicate,high,"kabutan,nikkei,tdnet",7
2026-04-01,8742,小林洋行,Kobayashi Yoko,skip,duplicate,high,reuters,1
2026-04-01,8742,小林洋行,Kobayashi Yoko Co Ltd,skip,duplicate,high,reuters,1
2026-04-01,8746,unbanked,unbanked,skip,duplicate,high,"kabutan,nikkei,reuters,tdnet",14
2026-04-01,8746,unbanked,unbank,skip,duplicate,high,kabutan,1
2026-04-01,8746,unbanked,unbanked Inc,skip,duplicate,high,reuters,1
2026-04-01,8747,豊トラスティ証券,豊トラスティ証券,skip,duplicate,high,"kabutan,nikkei,tdnet",17
2026-04-01,8747,豊トラスティ証券,Yutaka Trusty Securities,skip,duplicate,high,reuters,1
2026-04-01,8747,豊トラスティ証券,Yutaka Trusty Securities Co Ltd,skip,duplicate,high,reuters,1
2026-04-01,8747,豊トラスティ証券,豊トラスティ,skip,duplicate,high,kabutan,1
2026-04-01,8750,第一生命ﾎｰﾙﾃﾞｨﾝｸﾞｽ,第一生命HD,skip,duplicate,high,tdnet,3
2026-04-01,8750,第一生命ﾎｰﾙﾃﾞｨﾝｸﾞｽ,第一ライフグループ,add,new_candidate,high,"kabutan,nikkei",2
2026-04-01,8750,第一生命ﾎｰﾙﾃﾞｨﾝｸﾞｽ,Daiichi Life,skip,duplicate,high,reuters,1
2026-04-01,8750,第一生命ﾎｰﾙﾃﾞｨﾝｸﾞｽ,Daiichi Life Group Inc,add,new_candidate,medium,reuters,1
2026-04-01,8750,第一生命ﾎｰﾙﾃﾞｨﾝｸﾞｽ,第一ライフ,add,new_candidate,medium,kabutan,1
2026-04-01,8766,東京海上ﾎｰﾙﾃﾞｨﾝｸﾞｽ,東京海上,skip,duplicate,high,"kabutan,tdnet",3
2026-04-01,8766,東京海上ﾎｰﾙﾃﾞｨﾝｸﾞｽ,東京海上ホールディングス,skip,duplicate,high,"kabutan,nikkei",2
2026-04-01,8766,東京海上ﾎｰﾙﾃﾞｨﾝｸﾞｽ,Tokio Marine,skip,duplicate,high,reuters,1
2026-04-01,8766,東京海上ﾎｰﾙﾃﾞｨﾝｸﾞｽ,Tokio Marine Holdings Inc,skip,duplicate,high,reuters,1
2026-04-01,8769,アドバンテッジリスクマネジメント,アドバンテッジリスクマネジメント,add,exists_in_base,high,"kabutan,nikkei",2
2026-04-01,8769,アドバンテッジリスクマネジメント,Advantage Risk Management,skip,duplicate,high,reuters,1
2026-04-01,8769,アドバンテッジリスクマネジメント,Advantage Risk Management Co Ltd,skip,duplicate,high,reuters,1
2026-04-01,8769,アドバンテッジリスクマネジメント,ARM,skip,duplicate,high,tdnet,1
2026-04-01,8769,アドバンテッジリスクマネジメント,アドバンRM,skip,duplicate,high,kabutan,1
2026-04-01,8771,イー・ギャランティ,Eギャランティ,skip,duplicate,high,tdnet,2
2026-04-01,8771,イー・ギャランティ,イー・ギャランティ,add,exists_in_base,high,"kabutan,nikkei",2
2026-04-01,8771,イー・ギャランティ,eGuarantee,skip,duplicate,high,reuters,1
2026-04-01,8771,イー・ギャランティ,eGuarantee Inc,skip,duplicate,high,reuters,1
2026-04-01,8771,イー・ギャランティ,イー・ギャラ,skip,duplicate,high,kabutan,1
2026-04-01,8772,アサックス,アサックス,skip,duplicate,high,"kabutan,nikkei",2
2026-04-01,8772,アサックス,Asax,skip,duplicate,high,reuters,1
2026-04-01,8772,アサックス,Asax Co Ltd,skip,duplicate,high,reuters,1
2026-04-01,8783,abc,abc,skip,duplicate,high,"kabutan,nikkei,reuters,tdnet",9
2026-04-01,8783,abc,abc Co Ltd,skip,duplicate,high,reuters,1
2026-04-01,8789,フィンテック グローバル,フィンテック,skip,duplicate,high,"kabutan,tdnet",4
2026-04-01,8789,フィンテック グローバル,フィンテック グローバル,add,exists_in_base,high,"kabutan,nikkei",2
2026-04-01,8789,フィンテック グローバル,FinTech Global,skip,duplicate,high,reuters,1
2026-04-01,8789,フィンテック グローバル,FinTech Global Inc,skip,duplicate,high,reuters,1
2026-04-01,8793,NECキャピタルソリューション,NECキャピ,skip,duplicate,high,"kabutan,tdnet",3
2026-04-01,8793,NECキャピタルソリューション,NECキャピタルソリューション,skip,duplicate,high,"kabutan,nikkei",2
2026-04-01,8793,NECキャピタルソリューション,NEC Capital Solutions,skip,duplicate,high,reuters,1
2026-04-01,8793,NECキャピタルソリューション,NEC Capital Solutions Ltd,skip,duplicate,high,reuters,1
2026-04-01,8795,T＆Dﾎｰﾙﾃﾞｨﾝｸﾞｽ,T&DHD,skip,duplicate,high,tdnet,4
2026-04-01,8795,T＆Dﾎｰﾙﾃﾞｨﾝｸﾞｽ,T&D,skip,duplicate,high,"kabutan,reuters",2
2026-04-01,8795,T＆Dﾎｰﾙﾃﾞｨﾝｸﾞｽ,T&Dホールディングス,skip,duplicate,high,"kabutan,nikkei",2
2026-04-01,8795,T＆Dﾎｰﾙﾃﾞｨﾝｸﾞｽ,T&D Holdings Inc,skip,duplicate,high,reuters,1
2026-04-01,8798,アドバンスクリエイト,アドバンスクリエイト,skip,duplicate,high,"kabutan,nikkei,tdnet",4
2026-04-01,8798,アドバンスクリエイト,Advance Create,skip,duplicate,high,reuters,1
2026-04-01,8798,アドバンスクリエイト,Advance Create Co Ltd,skip,duplicate,high,reuters,1
2026-04-01,8798,アドバンスクリエイト,Aクリエイト,skip,duplicate,high,kabutan,1
2026-04-01,8801,三井不動産,三井不,skip,duplicate,high,"kabutan,tdnet",3
2026-04-01,8801,三井不動産,三井不動産,add,exists_in_base,high,"kabutan,nikkei",2
2026-04-01,8801,三井不動産,Mitsui Fudosan,skip,duplicate,high,reuters,1
2026-04-01,8801,三井不動産,Mitsui Fudosan Co Ltd,skip,duplicate,high,reuters,1
2026-04-01,8802,三菱地所,三菱地所,skip,duplicate,high,"kabutan,nikkei,tdnet",6
2026-04-01,8802,三菱地所,Mitsubishi Estate,skip,duplicate,high,reuters,1
2026-04-01,8802,三菱地所,Mitsubishi Estate Co Ltd,skip,duplicate,high,reuters,1
2026-04-01,8802,三菱地所,菱地所,skip,duplicate,high,kabutan,1
2026-04-01,8803,平和不動産,平和不,skip,duplicate,high,"kabutan,tdnet",5
2026-04-01,8803,平和不動産,平和不動産,add,exists_in_base,high,"kabutan,nikkei",2
2026-04-01,8803,平和不動産,Heiwa Real Estate,skip,duplicate,high,reuters,1
2026-04-01,8803,平和不動産,Heiwa Real Estate Co Ltd,skip,duplicate,high,reuters,1
2026-04-01,8804,東京建物,東京建物,add,exists_in_base,high,"kabutan,nikkei",2
2026-04-01,8804,東京建物,東建物,skip,duplicate,high,"kabutan,tdnet",2
2026-04-01,8804,東京建物,Tokyo Tatemono,skip,duplicate,high,reuters,1
2026-04-01,8804,東京建物,Tokyo Tatemono Co Ltd,skip,duplicate,high,reuters,1
2026-04-01,8818,京阪神ビルディング,京阪神ビ,skip,duplicate,high,tdnet,2
2026-04-01,8818,京阪神ビルディング,京阪神ビルディング,add,exists_in_base,high,"kabutan,nikkei",2
2026-04-01,8818,京阪神ビルディング,Keihanshin Building,skip,duplicate,high,reuters,1
2026-04-01,8818,京阪神ビルディング,Keihanshin Building Co Ltd,skip,duplicate,high,reuters,1
2026-04-01,8818,京阪神ビルディング,京阪神ビル,skip,duplicate,high,kabutan,1
2026-04-01,8830,住友不動産,住友不,skip,duplicate,high,"kabutan,tdnet",3
2026-04-01,8830,住友不動産,住友不動産,add,exists_in_base,high,"kabutan,nikkei",2
2026-04-01,8830,住友不動産,Sumitomo Realty & Development,skip,duplicate,high,reuters,1
2026-04-01,8830,住友不動産,Sumitomo Realty & Development Co Ltd,skip,duplicate,high,reuters,1
2026-04-01,8835,太平洋興発,太平洋興発,add,exists_in_base,high,"kabutan,nikkei",2
2026-04-01,8835,太平洋興発,Taiheiyo Kouhatsu,skip,duplicate,high,reuters,1
2026-04-01,8835,太平洋興発,Taiheiyo Kouhatsu Inc,skip,duplicate,high,reuters,1
2026-04-01,8835,太平洋興発,太平発,skip,duplicate,high,kabutan,1
2026-04-01,8836,RISE,RISE,skip,duplicate,high,"kabutan,nikkei,reuters,tdnet",4
2026-04-01,8836,RISE,Rise Inc,skip,duplicate,high,reuters,1
2026-04-01,8841,テーオーシー,テーオーシー,skip,duplicate,high,"kabutan,nikkei,tdnet",3
2026-04-01,8841,テーオーシー,TOC,skip,duplicate,high,reuters,1
2026-04-01,8841,テーオーシー,TOC Co Ltd,skip,duplicate,high,reuters,1
2026-04-01,8844,コスモスイニシア,コスモスイニシア,skip,duplicate,high,"kabutan,nikkei,tdnet",5
2026-04-01,8844,コスモスイニシア,Cosmos Initia,skip,duplicate,high,reuters,1
2026-04-01,8844,コスモスイニシア,Cosmos Initia Co Ltd,skip,duplicate,high,reuters,1
2026-04-01,8844,コスモスイニシア,コスモスイニ,skip,duplicate,high,kabutan,1
2026-04-01,8848,レオパレス21,レオパレス21,skip,duplicate,high,"kabutan,nikkei",2
2026-04-01,8848,レオパレス21,Leopalace21,skip,duplicate,high,reuters,1
2026-04-01,8848,レオパレス21,Leopalace21 Corp,skip,duplicate,high,reuters,1
2026-04-01,8848,レオパレス21,レオパレス,skip,duplicate,high,kabutan,1
2026-04-01,8850,スターツｺｰﾎﾟﾚｰｼｮﾝ,スターツコーポレーション,skip,duplicate,high,"kabutan,nikkei",2
2026-04-01,8850,スターツｺｰﾎﾟﾚｰｼｮﾝ,Starts,skip,duplicate,high,reuters,1
2026-04-01,8850,スターツｺｰﾎﾟﾚｰｼｮﾝ,Starts Corp Inc,skip,duplicate,high,reuters,1
2026-04-01,8850,スターツｺｰﾎﾟﾚｰｼｮﾝ,スターツ,skip,duplicate,high,kabutan,1
2026-04-01,8860,フジ住宅,フジ住宅,skip,duplicate,high,"kabutan,nikkei,tdnet",4
2026-04-01,8860,フジ住宅,Fuji,skip,duplicate,high,reuters,1
2026-04-01,8860,フジ住宅,Fuji Corp Ltd,skip,duplicate,high,reuters,1
2026-04-01,8860,フジ住宅,フジ住,skip,duplicate,high,kabutan,1
2026-04-01,8864,空港施設,空港施設,skip,duplicate,high,"kabutan,nikkei,tdnet",3
2026-04-01,8864,空港施設,Airport Facilities,skip,duplicate,high,reuters,1
2026-04-01,8864,空港施設,Airport Facilities Co Ltd,skip,duplicate,high,reuters,1
2026-04-01,8869,明和地所,明和地所,skip,duplicate,high,"kabutan,nikkei,tdnet",3
2026-04-01,8869,明和地所,Meiwa Estate,skip,duplicate,high,reuters,1
2026-04-01,8869,明和地所,Meiwa Estate Co Ltd,skip,duplicate,high,reuters,1
2026-04-01,8871,ゴールドクレスト,ゴールドクレ,skip,duplicate,high,"kabutan,tdnet",3
2026-04-01,8871,ゴールドクレスト,ゴールドクレスト,add,exists_in_base,high,"kabutan,nikkei",2
2026-04-01,8871,ゴールドクレスト,Goldcrest,skip,duplicate,high,reuters,1
2026-04-01,8871,ゴールドクレスト,Goldcrest Co Ltd,skip,duplicate,high,reuters,1
2026-04-01,8876,リロｸﾞﾙｰﾌﾟ,リログループ,skip,duplicate,high,"kabutan,nikkei,tdnet",3
2026-04-01,8876,リロｸﾞﾙｰﾌﾟ,Relo,skip,duplicate,high,reuters,1
2026-04-01,8876,リロｸﾞﾙｰﾌﾟ,Relo Group Inc,skip,duplicate,high,reuters,1
2026-04-01,8877,エスリード,エスリード,add,exists_in_base,high,"kabutan,nikkei",2
2026-04-01,8877,エスリード,Eslead,skip,duplicate,high,reuters,1
2026-04-01,8877,エスリード,Eslead Corp,skip,duplicate,high,reuters,1
2026-04-01,8881,日神ｸﾞﾙｰﾌﾟﾎｰﾙﾃﾞｨﾝｸﾞｽ,日神グループHD,skip,duplicate,high,tdnet,2
2026-04-01,8881,日神ｸﾞﾙｰﾌﾟﾎｰﾙﾃﾞｨﾝｸﾞｽ,日神グループホールディングス,skip,duplicate,high,"kabutan,nikkei",2
2026-04-01,8881,日神ｸﾞﾙｰﾌﾟﾎｰﾙﾃﾞｨﾝｸﾞｽ,Nisshin,skip,duplicate,high,reuters,1
2026-04-01,8881,日神ｸﾞﾙｰﾌﾟﾎｰﾙﾃﾞｨﾝｸﾞｽ,Nisshin Group Holdings Co Ltd,skip,duplicate,high,reuters,1
2026-04-01,8881,日神ｸﾞﾙｰﾌﾟﾎｰﾙﾃﾞｨﾝｸﾞｽ,日神GHD,skip,duplicate,high,kabutan,1
2026-04-01,8887,シーラﾎｰﾙﾃﾞｨﾝｸﾞｽ,シーラHD,skip,duplicate,high,"kabutan,tdnet",7
2026-04-01,8887,シーラﾎｰﾙﾃﾞｨﾝｸﾞｽ,シーラホールディングス,skip,duplicate,high,"kabutan,nikkei",2
2026-04-01,8887,シーラﾎｰﾙﾃﾞｨﾝｸﾞｽ,Syla,skip,duplicate,high,reuters,1
2026-04-01,8887,シーラﾎｰﾙﾃﾞｨﾝｸﾞｽ,Syla Holdings Co Ltd,skip,duplicate,high,reuters,1
2026-04-01,8891,AMGﾎｰﾙﾃﾞｨﾝｸﾞｽ,AMGHD,skip,duplicate,high,"kabutan,tdnet",2
2026-04-01,8891,AMGﾎｰﾙﾃﾞｨﾝｸﾞｽ,AMGホールディングス,skip,duplicate,high,"kabutan,nikkei",2
2026-04-01,8891,AMGﾎｰﾙﾃﾞｨﾝｸﾞｽ,AMG,skip,duplicate,high,reuters,1
2026-04-01,8891,AMGﾎｰﾙﾃﾞｨﾝｸﾞｽ,AMG Holdings Co Ltd,skip,duplicate,high,reuters,1
2026-04-01,8892,エスコン,エスコン,skip,duplicate,high,"kabutan,nikkei,tdnet",5
2026-04-01,8892,エスコン,Es-con Japan,skip,duplicate,high,reuters,1
2026-04-01,8892,エスコン,Es-con Japan Ltd,skip,duplicate,high,reuters,1
2026-04-01,8894,REVOLUTION,REVOLUTION,skip,duplicate,high,"kabutan,nikkei,reuters,tdnet",8
2026-04-01,8894,REVOLUTION,Revolution Co Ltd,skip,duplicate,high,reuters,1
2026-04-01,8894,REVOLUTION,レボリュー,skip,duplicate,high,kabutan,1
2026-04-01,8897,MIRARTHﾎｰﾙﾃﾞｨﾝｸﾞｽ,ミラースHD,skip,duplicate,high,"kabutan,tdnet",8
2026-04-01,8897,MIRARTHﾎｰﾙﾃﾞｨﾝｸﾞｽ,MIRARTHホールディングス,skip,duplicate,high,"kabutan,nikkei",2
2026-04-01,8897,MIRARTHﾎｰﾙﾃﾞｨﾝｸﾞｽ,Mirarth,skip,duplicate,high,reuters,1
2026-04-01,8897,MIRARTHﾎｰﾙﾃﾞｨﾝｸﾞｽ,Mirarth Holdings Inc,skip,duplicate,high,reuters,1
2026-04-01,8898,センチュリー21・ジャパン,センチュリー21,skip,duplicate,high,tdnet,2
2026-04-01,8898,センチュリー21・ジャパン,センチュリー21・ジャパン,skip,duplicate,high,"kabutan,nikkei",2
2026-04-01,8898,センチュリー21・ジャパン,Century 21 Real Estate of Japan,skip,duplicate,high,reuters,1
2026-04-01,8898,センチュリー21・ジャパン,Century 21 Real Estate of Japan Ltd,skip,duplicate,high,reuters,1
2026-04-01,8898,センチュリー21・ジャパン,センチュ21,skip,duplicate,high,kabutan,1
2026-04-01,8904,AVANTIA,AVANTIA,skip,duplicate,high,"kabutan,nikkei,reuters",3
2026-04-01,8904,AVANTIA,Avantia Co Ltd,skip,duplicate,high,reuters,1
2026-04-01,8904,AVANTIA,アバンティア,add,new_candidate,medium,kabutan,1
2026-04-01,8908,毎日コムネット,毎日コムネット,skip,duplicate,high,"kabutan,nikkei,tdnet",4
2026-04-01,8908,毎日コムネット,Mainichi Comnet,skip,duplicate,high,reuters,1
2026-04-01,8908,毎日コムネット,Mainichi Comnet Co Ltd,skip,duplicate,high,reuters,1
2026-04-01,8908,毎日コムネット,毎コムネット,skip,duplicate,high,kabutan,1
2026-04-01,8912,エリアクエスト,エリアクエスト,skip,duplicate,high,"kabutan,nikkei,tdnet",4
2026-04-01,8912,エリアクエスト,Area Quest,skip,duplicate,high,reuters,1
2026-04-01,8912,エリアクエスト,Area Quest Inc,skip,duplicate,high,reuters,1
2026-04-01,8912,エリアクエスト,エリアクエス,skip,duplicate,high,kabutan,1
2026-04-01,8914,エリアリンク,エリアリンク,skip,duplicate,high,"kabutan,nikkei,tdnet",3
2026-04-01,8914,エリアリンク,Arealink,skip,duplicate,high,reuters,1
2026-04-01,8914,エリアリンク,Arealink Co Ltd,skip,duplicate,high,reuters,1
2026-04-01,8917,ファースト住建,ファースト住建,skip,duplicate,high,"kabutan,nikkei,tdnet",6
2026-04-01,8917,ファースト住建,First Juken,skip,duplicate,high,reuters,1
2026-04-01,8917,ファースト住建,First Juken Co Ltd,skip,duplicate,high,reuters,1
2026-04-01,8917,ファースト住建,ファースト住,skip,duplicate,high,kabutan,1
2026-04-01,8918,ランド,ランド,skip,duplicate,high,"kabutan,nikkei,tdnet",3
2026-04-01,8918,ランド,Land,skip,duplicate,high,reuters,1
2026-04-01,8918,ランド,Land Co Ltd,skip,duplicate,high,reuters,1
2026-04-01,8919,カチタス,カチタス,skip,duplicate,high,"kabutan,nikkei",2
2026-04-01,8919,カチタス,Katitas,skip,duplicate,high,reuters,1
2026-04-01,8919,カチタス,Katitas Co Ltd,skip,duplicate,high,reuters,1
2026-04-01,8920,東祥,東祥,skip,duplicate,high,"kabutan,nikkei,tdnet",4
2026-04-01,8920,東祥,Tosho,skip,duplicate,high,reuters,1
2026-04-01,8920,東祥,Tosho Co Ltd,skip,duplicate,high,reuters,1
2026-04-01,8923,トーセイ,トーセイ,skip,duplicate,high,"kabutan,nikkei,tdnet",5
2026-04-01,8923,トーセイ,Tosei,skip,duplicate,high,reuters,1
2026-04-01,8923,トーセイ,Tosei Corp,skip,duplicate,high,reuters,1
2026-04-01,8927,明豊エンタープライズ,明豊エンター,skip,duplicate,high,tdnet,8
2026-04-01,8927,明豊エンタープライズ,明豊エンタープライズ,add,exists_in_base,high,"kabutan,nikkei",2
2026-04-01,8927,明豊エンタープライズ,Meiho Enterprise,skip,duplicate,high,reuters,1
2026-04-01,8927,明豊エンタープライズ,Meiho Enterprise Co Ltd,skip,duplicate,high,reuters,1
2026-04-01,8927,明豊エンタープライズ,明豊エンタ,skip,duplicate,high,kabutan,1
2026-04-01,8928,穴吹興産,穴吹興産,skip,duplicate,high,"kabutan,nikkei,tdnet",3
2026-04-01,8928,穴吹興産,Anabuki Kosan,skip,duplicate,high,reuters,1
2026-04-01,8928,穴吹興産,Anabuki Kosan Inc,skip,duplicate,high,reuters,1
2026-04-01,8929,青山財産ネットワークス,青山財産,skip,duplicate,high,"kabutan,tdnet",2
2026-04-01,8929,青山財産ネットワークス,青山財産ネットワークス,add,exists_in_base,high,"kabutan,nikkei",2
2026-04-01,8929,青山財産ネットワークス,Aoyama Zaisan Networks,skip,duplicate,high,reuters,1
2026-04-01,8929,青山財産ネットワークス,Aoyama Zaisan Networks Co Ltd,skip,duplicate,high,reuters,1
2026-04-01,8931,和田興産,和田興産,add,exists_in_base,high,"kabutan,nikkei,tdnet",4
2026-04-01,8931,和田興産,Wadakohsan,skip,duplicate,high,reuters,1
2026-04-01,8931,和田興産,Wadakohsan Corp,skip,duplicate,high,reuters,1
2026-04-01,8934,サンフロンティア不動産,サンフロンティア,skip,duplicate,high,tdnet,8
2026-04-01,8934,サンフロンティア不動産,サンフロンティア不動産,add,exists_in_base,high,"kabutan,nikkei",2
2026-04-01,8934,サンフロンティア不動産,Sun Frontier Fudousan,skip,duplicate,high,reuters,1
2026-04-01,8934,サンフロンティア不動産,Sun Frontier Fudousan Co Ltd,skip,duplicate,high,reuters,1
2026-04-01,8934,サンフロンティア不動産,サンフロ不,skip,duplicate,high,kabutan,1
2026-04-01,8935,FJネクストﾎｰﾙﾃﾞｨﾝｸﾞｽ,FJネクストホールディングス,skip,duplicate,high,"kabutan,nikkei",2
2026-04-01,8935,FJネクストﾎｰﾙﾃﾞｨﾝｸﾞｽ,FJ Next,skip,duplicate,high,reuters,1
2026-04-01,8935,FJネクストﾎｰﾙﾃﾞｨﾝｸﾞｽ,FJ Next Holdings Co Ltd,skip,duplicate,high,reuters,1
2026-04-01,8935,FJネクストﾎｰﾙﾃﾞｨﾝｸﾞｽ,FJネクHD,skip,duplicate,high,kabutan,1
2026-04-01,8938,グローム・ﾎｰﾙﾃﾞｨﾝｸﾞｽ,グロームHD,skip,duplicate,high,"kabutan,tdnet",3
2026-04-01,8938,グローム・ﾎｰﾙﾃﾞｨﾝｸﾞｽ,グローム・ホールディングス,skip,duplicate,high,"kabutan,nikkei",2
2026-04-01,8938,グローム・ﾎｰﾙﾃﾞｨﾝｸﾞｽ,Glome,skip,duplicate,high,reuters,1
2026-04-01,8938,グローム・ﾎｰﾙﾃﾞｨﾝｸﾞｽ,Glome Holdings Inc,skip,duplicate,high,reuters,1
2026-04-01,8944,ランドビジネス,ランドビジネス,add,exists_in_base,high,"kabutan,nikkei",2
2026-04-01,8944,ランドビジネス,Land Business,skip,duplicate,high,reuters,1
2026-04-01,8944,ランドビジネス,Land Business Co Ltd,skip,duplicate,high,reuters,1
2026-04-01,8944,ランドビジネス,ランビジネス,skip,duplicate,high,kabutan,1
2026-04-01,8945,サンネクスタｸﾞﾙｰﾌﾟ,サンネクスタグループ,skip,duplicate,high,"kabutan,nikkei",2
2026-04-01,8945,サンネクスタｸﾞﾙｰﾌﾟ,Sunnexta,skip,duplicate,high,reuters,1
2026-04-01,8945,サンネクスタｸﾞﾙｰﾌﾟ,Sunnexta Group Inc,skip,duplicate,high,reuters,1
2026-04-01,8945,サンネクスタｸﾞﾙｰﾌﾟ,サンネクスタ,skip,duplicate,high,kabutan,1
2026-04-01,8946,ASIAN STAR,ASIAN STAR,skip,duplicate,high,"kabutan,nikkei,reuters",3
2026-04-01,8946,ASIAN STAR,エイシアンスター,skip,duplicate,high,tdnet,2
2026-04-01,8946,ASIAN STAR,Asian Star Co,skip,duplicate,high,reuters,1
2026-04-01,8946,ASIAN STAR,エイシアンS,skip,duplicate,high,kabutan,1
2026-04-01,8995,誠建設工業,誠建設,skip,duplicate,high,"kabutan,tdnet",2
2026-04-01,8995,誠建設工業,誠建設工業,add,exists_in_base,high,"kabutan,nikkei",2
2026-04-01,8995,誠建設工業,Makoto Construction,skip,duplicate,high,reuters,1
2026-04-01,8995,誠建設工業,Makoto Construction Co Ltd,skip,duplicate,high,reuters,1
2026-04-01,8996,ハウスフリーダム,ハウスフリーダム,skip,duplicate,high,"kabutan,nikkei",2
2026-04-01,8996,ハウスフリーダム,HouseFreedom,skip,duplicate,high,reuters,1
2026-04-01,8996,ハウスフリーダム,HouseFreedom Co Ltd,skip,duplicate,high,reuters,1
2026-04-01,8996,ハウスフリーダム,フリーダム,skip,duplicate,high,kabutan,1
2026-04-01,8999,グランディハウス,グランディ,skip,duplicate,high,"kabutan,tdnet",2
2026-04-01,8999,グランディハウス,グランディハウス,add,exists_in_base,high,"kabutan,nikkei",2
2026-04-01,8999,グランディハウス,Grandy House,skip,duplicate,high,reuters,1
2026-04-01,8999,グランディハウス,Grandy House Corp,skip,duplicate,high,reuters,1
2026-04-01,9001,東武鉄道,東武,skip,duplicate,high,"kabutan,tdnet",2
2026-04-01,9001,東武鉄道,東武鉄道,add,exists_in_base,high,"kabutan,nikkei",2
2026-04-01,9001,東武鉄道,Tobu Railway,skip,duplicate,high,reuters,1
2026-04-01,9001,東武鉄道,Tobu Railway Co Ltd,skip,duplicate,high,reuters,1
2026-04-01,9003,相鉄ﾎｰﾙﾃﾞｨﾝｸﾞｽ,相鉄ホールディングス,skip,duplicate,high,"kabutan,nikkei",2
2026-04-01,9003,相鉄ﾎｰﾙﾃﾞｨﾝｸﾞｽ,Sotetsu,skip,duplicate,high,reuters,1
2026-04-01,9003,相鉄ﾎｰﾙﾃﾞｨﾝｸﾞｽ,Sotetsu Holdings Inc,skip,duplicate,high,reuters,1
2026-04-01,9003,相鉄ﾎｰﾙﾃﾞｨﾝｸﾞｽ,相鉄HD,skip,duplicate,high,kabutan,1
2026-04-01,9005,東急,東急,skip,duplicate,high,"kabutan,nikkei,tdnet",4
2026-04-01,9005,東急,Tokyu,skip,duplicate,high,reuters,1
2026-04-01,9005,東急,Tokyu Corp,skip,duplicate,high,reuters,1
2026-04-01,9006,京浜急行電鉄,京浜急行電鉄,add,exists_in_base,high,"kabutan,nikkei",2
2026-04-01,9006,京浜急行電鉄,Keikyu,skip,duplicate,high,reuters,1
2026-04-01,9006,京浜急行電鉄,Keikyu Corp,skip,duplicate,high,reuters,1
2026-04-01,9006,京浜急行電鉄,京急,skip,duplicate,high,kabutan,1
2026-04-01,9007,小田急電鉄,小田急,skip,duplicate,high,"kabutan,tdnet",3
2026-04-01,9007,小田急電鉄,小田急電鉄,add,exists_in_base,high,"kabutan,nikkei",2
2026-04-01,9007,小田急電鉄,Odakyu Electric Railway,skip,duplicate,high,reuters,1
2026-04-01,9007,小田急電鉄,Odakyu Electric Railway Co Ltd,skip,duplicate,high,reuters,1
2026-04-01,9008,京王電鉄,京王,skip,duplicate,high,"kabutan,tdnet",4
2026-04-01,9008,京王電鉄,京王電鉄,add,exists_in_base,high,"kabutan,nikkei",2
2026-04-01,9008,京王電鉄,Keio,skip,duplicate,high,reuters,1
2026-04-01,9008,京王電鉄,Keio Corp,skip,duplicate,high,reuters,1
2026-04-01,9009,京成電鉄,京成電鉄,add,exists_in_base,high,"kabutan,nikkei",2
2026-04-01,9009,京成電鉄,Keisei Electric Railway,skip,duplicate,high,reuters,1
2026-04-01,9009,京成電鉄,Keisei Electric Railway Co Ltd,skip,duplicate,high,reuters,1
2026-04-01,9009,京成電鉄,京成,skip,duplicate,high,kabutan,1
2026-04-01,9010,富士急行,富士急行,add,exists_in_base,high,"kabutan,nikkei",2
2026-04-01,9010,富士急行,Fuji Kyuko,skip,duplicate,high,reuters,1
2026-04-01,9010,富士急行,Fuji Kyuko Co Ltd,skip,duplicate,high,reuters,1
2026-04-01,9010,富士急行,富士急,skip,duplicate,high,kabutan,1
2026-04-01,9012,秩父鉄道,秩父鉄道,skip,duplicate,high,"kabutan,nikkei,tdnet",3
2026-04-01,9012,秩父鉄道,Chichibu Railway,skip,duplicate,high,reuters,1
2026-04-01,9012,秩父鉄道,Chichibu Railway Co Ltd,skip,duplicate,high,reuters,1
2026-04-01,9012,秩父鉄道,秩父鉄,skip,duplicate,high,kabutan,1
2026-04-01,9017,新潟交通,新潟交通,add,exists_in_base,high,"kabutan,nikkei,tdnet",3
2026-04-01,9017,新潟交通,Niigata Kotsu,skip,duplicate,high,reuters,1
2026-04-01,9017,新潟交通,Niigata Kotsu Co Ltd,skip,duplicate,high,reuters,1
2026-04-01,9017,新潟交通,新潟交,skip,duplicate,high,kabutan,1
2026-04-01,9020,東日本旅客鉄道,JR東日本,skip,duplicate,high,"kabutan,nikkei",2
2026-04-01,9020,東日本旅客鉄道,East Japan Railway,skip,duplicate,high,reuters,1
2026-04-01,9020,東日本旅客鉄道,East Japan Railway Co,skip,duplicate,high,reuters,1
2026-04-01,9020,東日本旅客鉄道,JR東,skip,duplicate,high,tdnet,1
2026-04-01,9021,西日本旅客鉄道,JR西日本,skip,duplicate,high,"kabutan,nikkei",2
2026-04-01,9021,西日本旅客鉄道,West Japan Railway,skip,duplicate,high,reuters,1
2026-04-01,9021,西日本旅客鉄道,West Japan Railway Co,skip,duplicate,high,reuters,1
2026-04-01,9022,東海旅客鉄道,JR東海,skip,duplicate,high,"kabutan,nikkei,tdnet",3
2026-04-01,9022,東海旅客鉄道,Central Japan Railway,skip,duplicate,high,reuters,1
2026-04-01,9022,東海旅客鉄道,Central Japan Railway Co,skip,duplicate,high,reuters,1
2026-04-01,9023,東京地下鉄,東京地下鉄,add,exists_in_base,high,"kabutan,nikkei",2
2026-04-01,9023,東京地下鉄,Tokyo Metro,skip,duplicate,high,reuters,1
2026-04-01,9023,東京地下鉄,Tokyo Metro Co Ltd,skip,duplicate,high,reuters,1
2026-04-01,9023,東京地下鉄,東京メトロ,skip,duplicate,high,kabutan,1
2026-04-01,9024,西武ﾎｰﾙﾃﾞｨﾝｸﾞｽ,西武ホールディングス,skip,duplicate,high,"kabutan,nikkei,tdnet",5
2026-04-01,9024,西武ﾎｰﾙﾃﾞｨﾝｸﾞｽ,Seibu,skip,duplicate,high,reuters,1
2026-04-01,9024,西武ﾎｰﾙﾃﾞｨﾝｸﾞｽ,Seibu Holdings Inc,skip,duplicate,high,reuters,1
2026-04-01,9024,西武ﾎｰﾙﾃﾞｨﾝｸﾞｽ,西武HD,skip,duplicate,high,kabutan,1
2026-04-01,9025,鴻池運輸,鴻池運輸,skip,duplicate,high,"kabutan,nikkei",2
2026-04-01,9025,鴻池運輸,Konoike Transport,skip,duplicate,high,reuters,1
2026-04-01,9025,鴻池運輸,Konoike Transport Co Ltd,skip,duplicate,high,reuters,1
2026-04-01,9028,ゼロ,ゼロ,skip,duplicate,high,"kabutan,nikkei,tdnet",3
2026-04-01,9028,ゼロ,Zero,skip,duplicate,high,reuters,1
2026-04-01,9028,ゼロ,Zero Co Ltd,skip,duplicate,high,reuters,1
2026-04-01,9029,ヒガシﾎｰﾙﾃﾞｨﾝｸﾞｽ,ヒガシHD,skip,duplicate,high,"kabutan,tdnet",2
2026-04-01,9029,ヒガシﾎｰﾙﾃﾞｨﾝｸﾞｽ,ヒガシホールディングス,skip,duplicate,high,"kabutan,nikkei",2
2026-04-01,9029,ヒガシﾎｰﾙﾃﾞｨﾝｸﾞｽ,Higashi,skip,duplicate,high,reuters,1
2026-04-01,9029,ヒガシﾎｰﾙﾃﾞｨﾝｸﾞｽ,Higashi Holdings Co Ltd,skip,duplicate,high,reuters,1
2026-04-01,9031,西日本鉄道,西鉄,skip,duplicate,high,"kabutan,tdnet",3
2026-04-01,9031,西日本鉄道,西日本鉄道,add,exists_in_base,high,"kabutan,nikkei",2
2026-04-01,9031,西日本鉄道,Nishi-Nippon Railroad,skip,duplicate,high,reuters,1
2026-04-01,9031,西日本鉄道,Nishi-Nippon Railroad Co Ltd,skip,duplicate,high,reuters,1
2026-04-01,9033,広島電鉄,広島電鉄,add,exists_in_base,high,"kabutan,nikkei",2
2026-04-01,9033,広島電鉄,Hiroshima Electric Railway,skip,duplicate,high,reuters,1
2026-04-01,9033,広島電鉄,Hiroshima Electric Railway Co Ltd,skip,duplicate,high,reuters,1
2026-04-01,9033,広島電鉄,広電鉄,skip,duplicate,high,kabutan,1
2026-04-01,9034,南総通運,南総通運,skip,duplicate,high,"kabutan,nikkei",2
2026-04-01,9034,南総通運,Nanso Transport,skip,duplicate,high,reuters,1
2026-04-01,9034,南総通運,Nanso Transport Co Ltd,skip,duplicate,high,reuters,1
2026-04-01,9036,東部ネットワーク,東部ネットワーク,add,exists_in_base,high,"kabutan,nikkei",2
2026-04-01,9036,東部ネットワーク,Tohbu Network,skip,duplicate,high,reuters,1
2026-04-01,9036,東部ネットワーク,Tohbu Network Co Ltd,skip,duplicate,high,reuters,1
2026-04-01,9036,東部ネットワーク,東部ネット,skip,duplicate,high,kabutan,1
2026-04-01,9037,ハマキョウレックス,ハマキョウレックス,add,exists_in_base,high,"kabutan,nikkei",2
2026-04-01,9037,ハマキョウレックス,Hamakyorex,skip,duplicate,high,reuters,1
2026-04-01,9037,ハマキョウレックス,Hamakyorex Co Ltd,skip,duplicate,high,reuters,1
2026-04-01,9037,ハマキョウレックス,ハマキョウ,skip,duplicate,high,kabutan,1
2026-04-01,9039,サカイ引越センター,サカイ引越,skip,duplicate,high,"kabutan,tdnet",4
2026-04-01,9039,サカイ引越センター,サカイ引越センター,add,exists_in_base,high,"kabutan,nikkei",2
2026-04-01,9039,サカイ引越センター,Sakai Moving Service,skip,duplicate,high,reuters,1
2026-04-01,9039,サカイ引越センター,Sakai Moving Service Co Ltd,skip,duplicate,high,reuters,1
2026-04-01,9041,近鉄ｸﾞﾙｰﾌﾟﾎｰﾙﾃﾞｨﾝｸﾞｽ,近鉄GHD,skip,duplicate,high,"kabutan,tdnet",3
2026-04-01,9041,近鉄ｸﾞﾙｰﾌﾟﾎｰﾙﾃﾞｨﾝｸﾞｽ,近鉄グループホールディングス,skip,duplicate,high,"kabutan,nikkei",2
2026-04-01,9041,近鉄ｸﾞﾙｰﾌﾟﾎｰﾙﾃﾞｨﾝｸﾞｽ,Kintetsu,skip,duplicate,high,reuters,1
2026-04-01,9041,近鉄ｸﾞﾙｰﾌﾟﾎｰﾙﾃﾞｨﾝｸﾞｽ,Kintetsu Group Holdings Co Ltd,skip,duplicate,high,reuters,1
2026-04-01,9042,阪急阪神ﾎｰﾙﾃﾞｨﾝｸﾞｽ,阪急阪神ホールディングス,skip,duplicate,high,"kabutan,nikkei",2
2026-04-01,9042,阪急阪神ﾎｰﾙﾃﾞｨﾝｸﾞｽ,Hankyu Hanshin,skip,duplicate,high,reuters,1
2026-04-01,9042,阪急阪神ﾎｰﾙﾃﾞｨﾝｸﾞｽ,Hankyu Hanshin Holdings Inc,skip,duplicate,high,reuters,1
2026-04-01,9042,阪急阪神ﾎｰﾙﾃﾞｨﾝｸﾞｽ,阪急阪神,skip,duplicate,high,kabutan,1
2026-04-01,9044,南海電気鉄道,NANKAI,add,new_candidate,high,"kabutan,nikkei,reuters",3
2026-04-01,9044,南海電気鉄道,南海電鉄,skip,duplicate,high,tdnet,3
2026-04-01,9044,南海電気鉄道,Nankai Co Ltd,add,new_candidate,medium,reuters,1
2026-04-01,9045,京阪ﾎｰﾙﾃﾞｨﾝｸﾞｽ,京阪ホールディングス,skip,duplicate,high,"kabutan,nikkei",2
2026-04-01,9045,京阪ﾎｰﾙﾃﾞｨﾝｸﾞｽ,Keihan,skip,duplicate,high,reuters,1
2026-04-01,9045,京阪ﾎｰﾙﾃﾞｨﾝｸﾞｽ,Keihan Holdings Co Ltd,skip,duplicate,high,reuters,1
2026-04-01,9045,京阪ﾎｰﾙﾃﾞｨﾝｸﾞｽ,京阪HD,skip,duplicate,high,kabutan,1
2026-04-01,9046,神戸電鉄,神戸電鉄,skip,duplicate,high,"kabutan,nikkei,tdnet",3
2026-04-01,9046,神戸電鉄,Kobe Electric Railway,skip,duplicate,high,reuters,1
2026-04-01,9046,神戸電鉄,Kobe Electric Railway Co Ltd,skip,duplicate,high,reuters,1
2026-04-01,9046,神戸電鉄,神電鉄,skip,duplicate,high,kabutan,1
2026-04-01,9048,名古屋鉄道,名古屋鉄道,add,exists_in_base,high,"kabutan,nikkei",2
2026-04-01,9048,名古屋鉄道,名鉄,skip,duplicate,high,"kabutan,tdnet",2
2026-04-01,9048,名古屋鉄道,Nagoya Railroad,skip,duplicate,high,reuters,1
2026-04-01,9048,名古屋鉄道,Nagoya Railroad Co Ltd,skip,duplicate,high,reuters,1
2026-04-01,9049,京福電気鉄道,京福電気鉄道,add,exists_in_base,high,"kabutan,nikkei",2
2026-04-01,9049,京福電気鉄道,Keifuku Electric Railroad,skip,duplicate,high,reuters,1
2026-04-01,9049,京福電気鉄道,Keifuku Electric Railroad Co Ltd,skip,duplicate,high,reuters,1
2026-04-01,9049,京福電気鉄道,京福電,skip,duplicate,high,kabutan,1
2026-04-01,9051,センコン物流,センコン物流,skip,duplicate,high,"kabutan,nikkei",2
2026-04-01,9051,センコン物流,Senkon Logistics,skip,duplicate,high,reuters,1
2026-04-01,9051,センコン物流,Senkon Logistics Co Ltd,skip,duplicate,high,reuters,1
2026-04-01,9052,山陽電気鉄道,山陽電気鉄道,add,exists_in_base,high,"kabutan,nikkei",2
2026-04-01,9052,山陽電気鉄道,Sanyo Electric Railway,skip,duplicate,high,reuters,1
2026-04-01,9052,山陽電気鉄道,Sanyo Electric Railway Co Ltd,skip,duplicate,high,reuters,1
2026-04-01,9052,山陽電気鉄道,山陽電,skip,duplicate,high,kabutan,1
2026-04-01,9057,遠州トラック,遠州トラック,skip,duplicate,high,"kabutan,nikkei,tdnet",3
2026-04-01,9057,遠州トラック,Enshu Truck,skip,duplicate,high,reuters,1
2026-04-01,9057,遠州トラック,Enshu Truck Co Ltd,skip,duplicate,high,reuters,1
2026-04-01,9059,カンダﾎｰﾙﾃﾞｨﾝｸﾞｽ,カンダホールディングス,skip,duplicate,high,"kabutan,nikkei",2
2026-04-01,9059,カンダﾎｰﾙﾃﾞｨﾝｸﾞｽ,Kanda,skip,duplicate,high,reuters,1
2026-04-01,9059,カンダﾎｰﾙﾃﾞｨﾝｸﾞｽ,Kanda Holdings Co Ltd,skip,duplicate,high,reuters,1
2026-04-01,9059,カンダﾎｰﾙﾃﾞｨﾝｸﾞｽ,カンダ,skip,duplicate,high,kabutan,1
2026-04-01,9060,日本ロジテム,日本ロジテム,add,exists_in_base,high,"kabutan,nikkei",2
2026-04-01,9060,日本ロジテム,Japan Logistic Systems,skip,duplicate,high,reuters,1
2026-04-01,9060,日本ロジテム,Japan Logistic Systems Corp,skip,duplicate,high,reuters,1
2026-04-01,9060,日本ロジテム,日ロジテム,skip,duplicate,high,kabutan,1
2026-04-01,9063,岡山県貨物運送,岡山県貨物運送,add,exists_in_base,high,"kabutan,nikkei",2
2026-04-01,9063,岡山県貨物運送,Okayamaken Freight Transportation,skip,duplicate,high,reuters,1
2026-04-01,9063,岡山県貨物運送,Okayamaken Freight Transportation Co Ltd,skip,duplicate,high,reuters,1
2026-04-01,9063,岡山県貨物運送,岡県運送,skip,duplicate,high,kabutan,1
2026-04-01,9064,ヤマトﾎｰﾙﾃﾞｨﾝｸﾞｽ,ヤマトホールディングス,skip,duplicate,high,"kabutan,nikkei",2
2026-04-01,9064,ヤマトﾎｰﾙﾃﾞｨﾝｸﾞｽ,Yamato,skip,duplicate,high,reuters,1
2026-04-01,9064,ヤマトﾎｰﾙﾃﾞｨﾝｸﾞｽ,Yamato Holdings Co Ltd,skip,duplicate,high,reuters,1
2026-04-01,9064,ヤマトﾎｰﾙﾃﾞｨﾝｸﾞｽ,ヤマトHD,skip,duplicate,high,kabutan,1
2026-04-01,9065,山九,山九,skip,duplicate,high,"kabutan,nikkei,tdnet",5
2026-04-01,9065,山九,Sankyu,skip,duplicate,high,reuters,1
2026-04-01,9065,山九,Sankyu Inc,skip,duplicate,high,reuters,1
2026-04-01,9067,丸運,丸運,skip,duplicate,high,"kabutan,nikkei,tdnet",6
2026-04-01,9067,丸運,Maruwn,skip,duplicate,high,reuters,1
2026-04-01,9067,丸運,Maruwn Corp,skip,duplicate,high,reuters,1
2026-04-01,9068,丸全昭和運輸,丸全昭和運輸,add,exists_in_base,high,"kabutan,nikkei",2
2026-04-01,9068,丸全昭和運輸,丸全運,skip,duplicate,high,"kabutan,tdnet",2
2026-04-01,9068,丸全昭和運輸,Maruzen Showa Unyu,skip,duplicate,high,reuters,1
2026-04-01,9068,丸全昭和運輸,Maruzen Showa Unyu Co Ltd,skip,duplicate,high,reuters,1
2026-04-01,9069,センコーｸﾞﾙｰﾌﾟﾎｰﾙﾃﾞｨﾝｸﾞｽ,センコーグループHD,skip,duplicate,high,tdnet,3
2026-04-01,9069,センコーｸﾞﾙｰﾌﾟﾎｰﾙﾃﾞｨﾝｸﾞｽ,センコーグループホールディングス,skip,duplicate,high,"kabutan,nikkei",2
2026-04-01,9069,センコーｸﾞﾙｰﾌﾟﾎｰﾙﾃﾞｨﾝｸﾞｽ,Senko,skip,duplicate,high,reuters,1
2026-04-01,9069,センコーｸﾞﾙｰﾌﾟﾎｰﾙﾃﾞｨﾝｸﾞｽ,Senko Group Holdings Co Ltd,skip,duplicate,high,reuters,1
2026-04-01,9069,センコーｸﾞﾙｰﾌﾟﾎｰﾙﾃﾞｨﾝｸﾞｽ,センコーHD,skip,duplicate,high,kabutan,1
2026-04-01,9072,ニッコンﾎｰﾙﾃﾞｨﾝｸﾞｽ,ニッコンHD,skip,duplicate,high,"kabutan,tdnet",7
2026-04-01,9072,ニッコンﾎｰﾙﾃﾞｨﾝｸﾞｽ,ニッコンホールディングス,skip,duplicate,high,"kabutan,nikkei",2
2026-04-01,9072,ニッコンﾎｰﾙﾃﾞｨﾝｸﾞｽ,Nikkon,skip,duplicate,high,reuters,1
2026-04-01,9072,ニッコンﾎｰﾙﾃﾞｨﾝｸﾞｽ,Nikkon Holdings Co Ltd,skip,duplicate,high,reuters,1
2026-04-01,9073,京極運輸商事,京極運輸,skip,duplicate,high,tdnet,7
2026-04-01,9073,京極運輸商事,京極運輸商事,add,exists_in_base,high,"kabutan,nikkei",2
2026-04-01,9073,京極運輸商事,Kyogoku Unyu Shoji,skip,duplicate,high,reuters,1
2026-04-01,9073,京極運輸商事,Kyogoku Unyu Shoji Co Ltd,skip,duplicate,high,reuters,1
2026-04-01,9073,京極運輸商事,京極運,add,new_candidate,medium,kabutan,1
2026-04-01,9074,日本石油輸送,日本石油輸送,add,exists_in_base,high,"kabutan,nikkei",2
2026-04-01,9074,日本石油輸送,Japan Oil Transportation,skip,duplicate,high,reuters,1
2026-04-01,9074,日本石油輸送,Japan Oil Transportation Co Ltd,skip,duplicate,high,reuters,1
2026-04-01,9074,日本石油輸送,日石輸,skip,duplicate,high,kabutan,1
2026-04-01,9075,福山通運,福山運,skip,duplicate,high,"kabutan,tdnet",4
2026-04-01,9075,福山通運,福山通運,add,exists_in_base,high,"kabutan,nikkei",2
2026-04-01,9075,福山通運,Fukuyama Transporting,skip,duplicate,high,reuters,1
2026-04-01,9075,福山通運,Fukuyama Transporting Co Ltd,skip,duplicate,high,reuters,1
2026-04-01,9076,セイノーﾎｰﾙﾃﾞｨﾝｸﾞｽ,セイノーホールディングス,skip,duplicate,high,"kabutan,nikkei",2
2026-04-01,9076,セイノーﾎｰﾙﾃﾞｨﾝｸﾞｽ,Seino,skip,duplicate,high,reuters,1
2026-04-01,9076,セイノーﾎｰﾙﾃﾞｨﾝｸﾞｽ,Seino Holdings Co Ltd,skip,duplicate,high,reuters,1
2026-04-01,9076,セイノーﾎｰﾙﾃﾞｨﾝｸﾞｽ,セイノーHD,skip,duplicate,high,kabutan,1
2026-04-01,9081,神奈川中央交通,神奈川中央交通,add,exists_in_base,high,"kabutan,nikkei",2
2026-04-01,9081,神奈川中央交通,Kanagawa Chuo Kotsu,skip,duplicate,high,reuters,1
2026-04-01,9081,神奈川中央交通,Kanagawa Chuo Kotsu Co Ltd,skip,duplicate,high,reuters,1
2026-04-01,9081,神奈川中央交通,神奈交,skip,duplicate,high,kabutan,1
2026-04-01,9082,大和自動車交通,大和自動車交通,add,exists_in_base,high,"kabutan,nikkei",2
2026-04-01,9082,大和自動車交通,Daiwa Motor Transportation,skip,duplicate,high,reuters,1
2026-04-01,9082,大和自動車交通,Daiwa Motor Transportation Co Ltd,skip,duplicate,high,reuters,1
2026-04-01,9082,大和自動車交通,大和自,add,new_candidate,medium,kabutan,1
2026-04-01,9083,神姫バス,神姫バス,skip,duplicate,high,"kabutan,nikkei",2
2026-04-01,9083,神姫バス,Shinki Bus,skip,duplicate,high,reuters,1
2026-04-01,9083,神姫バス,Shinki Bus Co Ltd,skip,duplicate,high,reuters,1
2026-04-01,9083,神姫バス,神姫バ,skip,duplicate,high,kabutan,1
2026-04-01,9087,タカセ,タカセ,add,exists_in_base,high,"kabutan,nikkei,tdnet",3
2026-04-01,9087,タカセ,Takase,skip,duplicate,high,reuters,1
2026-04-01,9087,タカセ,Takase Corp,skip,duplicate,high,reuters,1
2026-04-01,9090,AZ－COM丸和ﾎｰﾙﾃﾞｨﾝｸﾞｽ,AZ-COM丸和ホールディングス,skip,duplicate,high,"kabutan,nikkei",2
2026-04-01,9090,AZ－COM丸和ﾎｰﾙﾃﾞｨﾝｸﾞｽ,AZ-Com Maruwa,skip,duplicate,high,reuters,1
2026-04-01,9090,AZ－COM丸和ﾎｰﾙﾃﾞｨﾝｸﾞｽ,AZ-Com Maruwa Holdings Inc,skip,duplicate,high,reuters,1
2026-04-01,9090,AZ－COM丸和ﾎｰﾙﾃﾞｨﾝｸﾞｽ,AZ丸和HD,add,new_candidate,medium,kabutan,1
2026-04-01,9101,日本郵船,郵船,skip,duplicate,high,"kabutan,tdnet",4
2026-04-01,9101,日本郵船,日本郵船,add,exists_in_base,high,"kabutan,nikkei",2
2026-04-01,9101,日本郵船,Nippon Yusen,skip,duplicate,high,reuters,1
2026-04-01,9101,日本郵船,Nippon Yusen KK,skip,duplicate,high,reuters,1
2026-04-01,9104,商船三井,商船三井,skip,duplicate,high,"kabutan,nikkei,tdnet",3
2026-04-01,9104,商船三井,Mitsui O.S.K. Lines,skip,duplicate,high,reuters,1
2026-04-01,9104,商船三井,Mitsui O.S.K. Lines Ltd,skip,duplicate,high,reuters,1
2026-04-01,9107,川崎汽船,川崎汽船,add,exists_in_base,high,"kabutan,nikkei",2
2026-04-01,9107,川崎汽船,Kawasaki Kisen Kaisha,skip,duplicate,high,reuters,1
2026-04-01,9107,川崎汽船,Kawasaki Kisen Kaisha Ltd,skip,duplicate,high,reuters,1
2026-04-01,9107,川崎汽船,川崎汽,skip,duplicate,high,kabutan,1
2026-04-01,9107,川崎汽船,川崎船,skip,duplicate,high,tdnet,1
2026-04-01,9110,NSユナイテッド海運,NSユナイテッド海運,skip,duplicate,high,"kabutan,nikkei",2
2026-04-01,9110,NSユナイテッド海運,NS United Kaiun Kaisha,skip,duplicate,high,reuters,1
2026-04-01,9110,NSユナイテッド海運,NS United Kaiun Kaisha Ltd,skip,duplicate,high,reuters,1
2026-04-01,9110,NSユナイテッド海運,ユナイテド海,skip,duplicate,high,kabutan,1
2026-04-01,9115,明海ｸﾞﾙｰﾌﾟ,明海グループ,skip,duplicate,high,"kabutan,nikkei,tdnet",3
2026-04-01,9115,明海ｸﾞﾙｰﾌﾟ,Meiji Shipping,skip,duplicate,high,reuters,1
2026-04-01,9115,明海ｸﾞﾙｰﾌﾟ,Meiji Shipping Group Co Ltd,skip,duplicate,high,reuters,1
2026-04-01,9119,飯野海運,飯野海,skip,duplicate,high,"kabutan,tdnet",2
2026-04-01,9119,飯野海運,飯野海運,add,exists_in_base,high,"kabutan,nikkei",2
2026-04-01,9119,飯野海運,Iino Kaiun Kaisha,skip,duplicate,high,reuters,1
2026-04-01,9119,飯野海運,Iino Kaiun Kaisha Ltd,skip,duplicate,high,reuters,1
2026-04-01,9127,玉井商船,玉井商船,skip,duplicate,high,"kabutan,nikkei,tdnet",7
2026-04-01,9127,玉井商船,Tamai Steamship,skip,duplicate,high,reuters,1
2026-04-01,9127,玉井商船,Tamai Steamship Co Ltd,skip,duplicate,high,reuters,1
2026-04-01,9127,玉井商船,玉井船,skip,duplicate,high,kabutan,1
2026-04-01,9130,共栄タンカー,共栄タンカー,skip,duplicate,high,"kabutan,nikkei",2
2026-04-01,9130,共栄タンカー,Kyoei Tanker,skip,duplicate,high,reuters,1
2026-04-01,9130,共栄タンカー,Kyoei Tanker Co Ltd,skip,duplicate,high,reuters,1
2026-04-01,9130,共栄タンカー,共栄タ,skip,duplicate,high,kabutan,1
2026-04-01,9142,九州旅客鉄道,JR九州,skip,duplicate,high,"kabutan,nikkei",2
2026-04-01,9142,九州旅客鉄道,Kyushu Railway,skip,duplicate,high,reuters,1
2026-04-01,9142,九州旅客鉄道,Kyushu Railway Co,skip,duplicate,high,reuters,1
2026-04-01,9143,SGﾎｰﾙﾃﾞｨﾝｸﾞｽ,SGホールディングス,skip,duplicate,high,"kabutan,nikkei,tdnet",4
2026-04-01,9143,SGﾎｰﾙﾃﾞｨﾝｸﾞｽ,SG Holdings Co Ltd,skip,duplicate,high,reuters,1
2026-04-01,9143,SGﾎｰﾙﾃﾞｨﾝｸﾞｽ,SGHD,skip,duplicate,high,kabutan,1
2026-04-01,9145,ビーイングﾎｰﾙﾃﾞｨﾝｸﾞｽ,ビーイングHD,skip,duplicate,high,tdnet,4
2026-04-01,9145,ビーイングﾎｰﾙﾃﾞｨﾝｸﾞｽ,ビーイングホールディングス,skip,duplicate,high,"kabutan,nikkei",2
2026-04-01,9145,ビーイングﾎｰﾙﾃﾞｨﾝｸﾞｽ,Being,skip,duplicate,high,reuters,1
2026-04-01,9145,ビーイングﾎｰﾙﾃﾞｨﾝｸﾞｽ,Being Holdings Co Ltd,skip,duplicate,high,reuters,1
2026-04-01,9145,ビーイングﾎｰﾙﾃﾞｨﾝｸﾞｽ,ビイングHD,add,new_candidate,medium,kabutan,1
2026-04-01,9147,NIPPON EXPRESSﾎｰﾙﾃﾞｨﾝｸﾞｽ,NIPPON EXPRESS ホールディングス,skip,duplicate,high,"kabutan,nikkei",2
2026-04-01,9147,NIPPON EXPRESSﾎｰﾙﾃﾞｨﾝｸﾞｽ,NXHD,skip,duplicate,high,"kabutan,tdnet",2
2026-04-01,9147,NIPPON EXPRESSﾎｰﾙﾃﾞｨﾝｸﾞｽ,Nippon Express,skip,duplicate,high,reuters,1
2026-04-01,9147,NIPPON EXPRESSﾎｰﾙﾃﾞｨﾝｸﾞｽ,Nippon Express Holdings Inc,skip,duplicate,high,reuters,1
2026-04-01,9158,シーユーシー,シーユーシー,add,exists_in_base,high,"kabutan,nikkei,tdnet",3
2026-04-01,9158,シーユーシー,CUC,skip,duplicate,high,reuters,1
2026-04-01,9158,シーユーシー,CUC Inc,skip,duplicate,high,reuters,1
2026-04-01,9159,W TOKYO,W TOKYO,skip,duplicate,high,"kabutan,nikkei,reuters,tdnet",5
2026-04-01,9159,W TOKYO,W TOKYO Inc,skip,duplicate,high,reuters,1
2026-04-01,9160,ノバレーゼ,オンザページ,add,new_candidate,high,"kabutan,nikkei,tdnet",3
2026-04-01,9160,ノバレーゼ,ノバレーゼ,add,exists_in_base,high,tdnet,3
2026-04-01,9160,ノバレーゼ,On The Page,add,new_candidate,medium,reuters,1
2026-04-01,9160,ノバレーゼ,On The Page Inc,add,new_candidate,medium,reuters,1
2026-04-01,9162,ブリーチ,ブリーチ,add,exists_in_base,high,"kabutan,nikkei",2
2026-04-01,9162,ブリーチ,Bleach,skip,duplicate,high,reuters,1
2026-04-01,9162,ブリーチ,Bleach Inc,skip,duplicate,high,reuters,1
2026-04-01,9163,ナレルｸﾞﾙｰﾌﾟ,ナレルグループ,skip,duplicate,high,"kabutan,nikkei,tdnet",6
2026-04-01,9163,ナレルｸﾞﾙｰﾌﾟ,Nareru,skip,duplicate,high,reuters,1
2026-04-01,9163,ナレルｸﾞﾙｰﾌﾟ,Nareru Group Inc,skip,duplicate,high,reuters,1
2026-04-01,9163,ナレルｸﾞﾙｰﾌﾟ,ナレルG,skip,duplicate,high,kabutan,1
2026-04-01,9165,クオルテック,クオルテック,add,exists_in_base,high,"kabutan,nikkei",2
2026-04-01,9165,クオルテック,Qualtec,skip,duplicate,high,reuters,1
2026-04-01,9165,クオルテック,Qualtec Co Ltd,skip,duplicate,high,reuters,1
2026-04-01,9166,GENDA,GENDA,skip,duplicate,high,"kabutan,nikkei,reuters,tdnet",16
2026-04-01,9166,GENDA,Genda Inc,skip,duplicate,high,reuters,1
2026-04-01,9168,ライズ・コンサルティング・ｸﾞﾙｰﾌﾟ,ライズ・コンサルティング・グループ,skip,duplicate,high,"kabutan,nikkei",2
2026-04-01,9168,ライズ・コンサルティング・ｸﾞﾙｰﾌﾟ,Rise Consulting,skip,duplicate,high,reuters,1
2026-04-01,9168,ライズ・コンサルティング・ｸﾞﾙｰﾌﾟ,Rise Consulting Group Inc,skip,duplicate,high,reuters,1
2026-04-01,9168,ライズ・コンサルティング・ｸﾞﾙｰﾌﾟ,ライズCG,skip,duplicate,high,kabutan,1
2026-04-01,9168,ライズ・コンサルティング・ｸﾞﾙｰﾌﾟ,ライズ,add,new_candidate,medium,tdnet,2
2026-04-01,9171,栗林商船,栗林商船,add,exists_in_base,high,"kabutan,nikkei",2
2026-04-01,9171,栗林商船,Kuribayashi Steamship,skip,duplicate,high,reuters,1
2026-04-01,9171,栗林商船,Kuribayashi Steamship Co Ltd,skip,duplicate,high,reuters,1
2026-04-01,9171,栗林商船,栗林船,skip,duplicate,high,kabutan,1
2026-04-01,9173,東海汽船,東海汽船,add,exists_in_base,high,"kabutan,nikkei",2
2026-04-01,9173,東海汽船,Tokai Kisen,skip,duplicate,high,reuters,1
2026-04-01,9173,東海汽船,Tokai Kisen Co Ltd,skip,duplicate,high,reuters,1
2026-04-01,9173,東海汽船,東海船,skip,duplicate,high,tdnet,1
2026-04-01,9173,東海汽船,東海汽,add,new_candidate,medium,kabutan,1
2026-04-01,9193,東京汽船,東京汽船,add,exists_in_base,high,"kabutan,nikkei",2
2026-04-01,9193,東京汽船,Tokyo Kisen,skip,duplicate,high,reuters,1
2026-04-01,9193,東京汽船,Tokyo Kisen Co Ltd,skip,duplicate,high,reuters,1
2026-04-01,9193,東京汽船,東京汽,skip,duplicate,high,kabutan,1
2026-04-01,9201,日本航空,JAL,skip,duplicate,high,"kabutan,tdnet",6
2026-04-01,9201,日本航空,日本航空,add,exists_in_base,high,"kabutan,nikkei",2
2026-04-01,9201,日本航空,Japan Airlines,skip,duplicate,high,reuters,1
2026-04-01,9201,日本航空,Japan Airlines Co Ltd,skip,duplicate,high,reuters,1
2026-04-01,9202,ANAﾎｰﾙﾃﾞｨﾝｸﾞｽ,ANA,skip,duplicate,high,"reuters,tdnet",4
2026-04-01,9202,ANAﾎｰﾙﾃﾞｨﾝｸﾞｽ,ANAホールディングス,skip,duplicate,high,"kabutan,nikkei",2
2026-04-01,9202,ANAﾎｰﾙﾃﾞｨﾝｸﾞｽ,ANA Holdings Inc,skip,duplicate,high,reuters,1
2026-04-01,9202,ANAﾎｰﾙﾃﾞｨﾝｸﾞｽ,ANAHD,review,new_candidate,low,kabutan,1
2026-04-01,9204,スカイマーク,スカイマーク,add,exists_in_base,high,"kabutan,nikkei",2
2026-04-01,9204,スカイマーク,Skymark Airlines,skip,duplicate,high,reuters,1
2026-04-01,9204,スカイマーク,Skymark Airlines Inc,skip,duplicate,high,reuters,1
2026-04-01,9206,スターフライヤー,SFJ,skip,duplicate,high,"kabutan,tdnet",5
2026-04-01,9206,スターフライヤー,スターフライヤー,add,exists_in_base,high,"kabutan,nikkei",2
2026-04-01,9206,スターフライヤー,Star Flyer,skip,duplicate,high,reuters,1
2026-04-01,9206,スターフライヤー,Star Flyer Inc,skip,duplicate,high,reuters,1
2026-04-01,9211,エフ・コード,エフ・コード,add,exists_in_base,high,"kabutan,nikkei,tdnet",4
2026-04-01,9211,エフ・コード,F-Code,skip,duplicate,high,reuters,1
2026-04-01,9211,エフ・コード,F-Code Inc,skip,duplicate,high,reuters,1
2026-04-01,9212,Green Earth Institute,Green Earth Institute,skip,duplicate,high,"kabutan,nikkei,reuters",3
2026-04-01,9212,Green Earth Institute,GEI,skip,duplicate,high,"kabutan,tdnet",2
2026-04-01,9212,Green Earth Institute,Green Earth Institute Co Ltd,skip,duplicate,high,reuters,1
2026-04-01,9213,セイファート,セイファート,skip,duplicate,high,"kabutan,nikkei,tdnet",6
2026-04-01,9213,セイファート,Seyfert,skip,duplicate,high,reuters,1
2026-04-01,9213,セイファート,Seyfert Ltd,skip,duplicate,high,reuters,1
2026-04-01,9214,Recovery International,Recovery International,skip,duplicate,high,"kabutan,nikkei,reuters",3
2026-04-01,9214,Recovery International,Recovery International Co Ltd,skip,duplicate,high,reuters,1
2026-04-01,9214,Recovery International,リカバリー,add,new_candidate,medium,tdnet,3
2026-04-01,9215,CaSy,CaSy,skip,duplicate,high,"kabutan,nikkei,reuters,tdnet",5
2026-04-01,9215,CaSy,CaSy Co Ltd,skip,duplicate,high,reuters,1
2026-04-01,9216,ビーウィズ,ビーウィズ,add,exists_in_base,high,"kabutan,nikkei",2
2026-04-01,9216,ビーウィズ,Bewith,skip,duplicate,high,reuters,1
2026-04-01,9216,ビーウィズ,Bewith Inc,skip,duplicate,high,reuters,1
2026-04-01,9218,メンタルヘルステクノロジーズ,メンタルヘルステクノロジーズ,add,exists_in_base,high,"kabutan,nikkei",2
2026-04-01,9218,メンタルヘルステクノロジーズ,Mental Health Technologies,skip,duplicate,high,reuters,1
2026-04-01,9218,メンタルヘルステクノロジーズ,Mental Health Technologies Co Ltd,skip,duplicate,high,reuters,1
2026-04-01,9218,メンタルヘルステクノロジーズ,MHT,skip,duplicate,high,kabutan,1
2026-04-01,9218,メンタルヘルステクノロジーズ,メンタルヘルスT,add,new_candidate,medium,tdnet,4
2026-04-01,9219,ギックス,ギックス,add,exists_in_base,high,"kabutan,nikkei",2
2026-04-01,9219,ギックス,GiXo,skip,duplicate,high,reuters,1
2026-04-01,9219,ギックス,GiXo Ltd,skip,duplicate,high,reuters,1
2026-04-01,9220,エフビー介護サービス,エフビー介護サービス,add,exists_in_base,high,"kabutan,nikkei",2
2026-04-01,9220,エフビー介護サービス,FB Care Service,skip,duplicate,high,reuters,1
2026-04-01,9220,エフビー介護サービス,FB Care Service Co Ltd,skip,duplicate,high,reuters,1
2026-04-01,9220,エフビー介護サービス,エフビー介護,skip,duplicate,high,kabutan,1
2026-04-01,9221,フルハシEPO,フルハシEPO,skip,duplicate,high,"kabutan,nikkei",2
2026-04-01,9221,フルハシEPO,Fuluhashi EPO,skip,duplicate,high,reuters,1
2026-04-01,9221,フルハシEPO,Fuluhashi EPO Corp,skip,duplicate,high,reuters,1
2026-04-01,9221,フルハシEPO,フルハシE,skip,duplicate,high,kabutan,1
2026-04-01,9223,ASNOVA,ASNOVA,skip,duplicate,high,"kabutan,nikkei,reuters,tdnet",4
2026-04-01,9223,ASNOVA,Asnova Co Ltd,skip,duplicate,high,reuters,1
2026-04-01,9225,ブリッジコンサルティングｸﾞﾙｰﾌﾟ,ブリッジコンサルティンググループ,skip,duplicate,high,"kabutan,nikkei",2
2026-04-01,9225,ブリッジコンサルティングｸﾞﾙｰﾌﾟ,Bridge Consulting,skip,duplicate,high,reuters,1
2026-04-01,9225,ブリッジコンサルティングｸﾞﾙｰﾌﾟ,Bridge Consulting Group Inc,skip,duplicate,high,reuters,1
2026-04-01,9225,ブリッジコンサルティングｸﾞﾙｰﾌﾟ,ブリッジG,skip,duplicate,high,kabutan,1
2026-04-01,9227,マイクロ波化学,マイクロ波化学,add,exists_in_base,high,"kabutan,nikkei",2
2026-04-01,9227,マイクロ波化学,Microwave Chemical,skip,duplicate,high,reuters,1
2026-04-01,9227,マイクロ波化学,Microwave Chemical Co Ltd,skip,duplicate,high,reuters,1
2026-04-01,9227,マイクロ波化学,マイクロ波,skip,duplicate,high,kabutan,1
2026-04-01,9229,サンウェルズ,サンウェルズ,skip,duplicate,high,"kabutan,nikkei,tdnet",4
2026-04-01,9229,サンウェルズ,Sunwels,skip,duplicate,high,reuters,1
2026-04-01,9229,サンウェルズ,Sunwels Co Ltd,skip,duplicate,high,reuters,1
2026-04-01,9233,アジア航測,アジア航測,add,exists_in_base,high,"kabutan,nikkei",2
2026-04-01,9233,アジア航測,Asia Air Survey,skip,duplicate,high,reuters,1
2026-04-01,9233,アジア航測,Asia Air Survey Co Ltd,skip,duplicate,high,reuters,1
2026-04-01,9233,アジア航測,アジア航,skip,duplicate,high,kabutan,1
2026-04-01,9235,売れるネット広告社ｸﾞﾙｰﾌﾟ,売れるネット広告社グループ,skip,duplicate,high,"kabutan,nikkei",2
2026-04-01,9235,売れるネット広告社ｸﾞﾙｰﾌﾟ,Ureru Net Advertising,skip,duplicate,high,reuters,1
2026-04-01,9235,売れるネット広告社ｸﾞﾙｰﾌﾟ,Ureru Net Advertising Group Co Ltd,skip,duplicate,high,reuters,1
2026-04-01,9235,売れるネット広告社ｸﾞﾙｰﾌﾟ,売れるG,skip,duplicate,high,kabutan,1
2026-04-01,9235,売れるネット広告社ｸﾞﾙｰﾌﾟ,売れるネットG,add,new_candidate,medium,tdnet,6
2026-04-01,9236,ジャパンM＆Aソリューション,ジャパンMA,add,new_candidate,high,"kabutan,tdnet",4
2026-04-01,9236,ジャパンM＆Aソリューション,ジャパンM&Aソリューション,add,exists_in_base,high,"kabutan,nikkei",2
2026-04-01,9236,ジャパンM＆Aソリューション,Japan M&A Solution,skip,duplicate,high,reuters,1
2026-04-01,9236,ジャパンM＆Aソリューション,Japan M&A Solution Inc,skip,duplicate,high,reuters,1
2026-04-01,9237,笑美面,笑美面,add,exists_in_base,high,"kabutan,nikkei,tdnet",5
2026-04-01,9237,笑美面,Emimen,skip,duplicate,high,reuters,1
2026-04-01,9237,笑美面,Emimen Co Ltd,skip,duplicate,high,reuters,1
2026-04-01,9238,バリュークリエーション,バリュークリエーション,add,exists_in_base,high,"kabutan,nikkei",2
2026-04-01,9238,バリュークリエーション,Value Creation,skip,duplicate,high,reuters,1
2026-04-01,9238,バリュークリエーション,Value Creation Co Ltd,skip,duplicate,high,reuters,1
2026-04-01,9238,バリュークリエーション,バリューC,skip,duplicate,high,kabutan,1
2026-04-01,9240,デリバリーコンサルティング,デリバリーコンサルティング,add,exists_in_base,high,"kabutan,nikkei",2
2026-04-01,9240,デリバリーコンサルティング,Delivery Consulting,skip,duplicate,high,reuters,1
2026-04-01,9240,デリバリーコンサルティング,Delivery Consulting Inc,skip,duplicate,high,reuters,1
2026-04-01,9240,デリバリーコンサルティング,デリバリコン,skip,duplicate,high,kabutan,1
2026-04-01,9240,デリバリーコンサルティング,デリバリコンサル,add,new_candidate,medium,tdnet,3
2026-04-01,9241,フューチャーリンクネットワーク,フューチャーリンクネットワーク,add,exists_in_base,high,"kabutan,nikkei",2
2026-04-01,9241,フューチャーリンクネットワーク,FLネット,skip,duplicate,high,kabutan,1
2026-04-01,9241,フューチャーリンクネットワーク,Future Link Network,skip,duplicate,high,reuters,1
2026-04-01,9241,フューチャーリンクネットワーク,Future Link Network Co Ltd,skip,duplicate,high,reuters,1
2026-04-01,9242,メディア総研,メディア総研,add,exists_in_base,high,"kabutan,nikkei,tdnet",5
2026-04-01,9242,メディア総研,Media Research Institute,skip,duplicate,high,reuters,1
2026-04-01,9242,メディア総研,Media Research Institute Inc,skip,duplicate,high,reuters,1
2026-04-01,9244,デジタリフト,デジタリフト,add,exists_in_base,high,"kabutan,nikkei",2
2026-04-01,9244,デジタリフト,Digitalift,skip,duplicate,high,reuters,1
2026-04-01,9244,デジタリフト,Digitalift Inc,skip,duplicate,high,reuters,1
2026-04-01,9245,リベロ,リベロ,add,exists_in_base,high,"kabutan,nikkei,tdnet",8
2026-04-01,9245,リベロ,Livero,skip,duplicate,high,reuters,1
2026-04-01,9245,リベロ,Livero Inc,skip,duplicate,high,reuters,1
2026-04-01,9246,プロジェクトﾎｰﾙﾃﾞｨﾝｸﾞｽ,プロジェクトホールディングス,skip,duplicate,high,"kabutan,nikkei",2
2026-04-01,9246,プロジェクトﾎｰﾙﾃﾞｨﾝｸﾞｽ,ProjectHoldings,skip,duplicate,high,reuters,1
2026-04-01,9246,プロジェクトﾎｰﾙﾃﾞｨﾝｸﾞｽ,ProjectHoldings Inc,skip,duplicate,high,reuters,1
2026-04-01,9246,プロジェクトﾎｰﾙﾃﾞｨﾝｸﾞｽ,プロHD,skip,duplicate,high,kabutan,1
2026-04-01,9246,プロジェクトﾎｰﾙﾃﾞｨﾝｸﾞｽ,プロジェクトHD,add,new_candidate,medium,tdnet,4
2026-04-01,9247,TREﾎｰﾙﾃﾞｨﾝｸﾞｽ,TREHD,skip,duplicate,high,"kabutan,tdnet",3
2026-04-01,9247,TREﾎｰﾙﾃﾞｨﾝｸﾞｽ,TREホールディングス,skip,duplicate,high,"kabutan,nikkei",2
2026-04-01,9247,TREﾎｰﾙﾃﾞｨﾝｸﾞｽ,TRE,skip,duplicate,high,reuters,1
2026-04-01,9247,TREﾎｰﾙﾃﾞｨﾝｸﾞｽ,TRE Holdings Corp,skip,duplicate,high,reuters,1
2026-04-01,9248,人・夢・技術ｸﾞﾙｰﾌﾟ,人・夢・技術グループ,skip,duplicate,high,"kabutan,nikkei",2
2026-04-01,9248,人・夢・技術ｸﾞﾙｰﾌﾟ,People Dreams & Technologies,skip,duplicate,high,reuters,1
2026-04-01,9248,人・夢・技術ｸﾞﾙｰﾌﾟ,People Dreams & Technologies Group Co Ltd,skip,duplicate,high,reuters,1
2026-04-01,9248,人・夢・技術ｸﾞﾙｰﾌﾟ,人・夢・技術,skip,duplicate,high,kabutan,1
2026-04-01,9249,日本エコシステム,日本エコシステム,skip,duplicate,high,"kabutan,nikkei,tdnet",4
2026-04-01,9249,日本エコシステム,Japan Ecosystem,skip,duplicate,high,reuters,1
2026-04-01,9249,日本エコシステム,Japan Ecosystem Co Ltd,skip,duplicate,high,reuters,1
2026-04-01,9249,日本エコシステム,エコシステム,add,new_candidate,medium,kabutan,1
2026-04-01,9250,GRCS,GRCS,skip,duplicate,high,"kabutan,nikkei,reuters,tdnet",6
2026-04-01,9250,GRCS,GRCS Inc,skip,duplicate,high,reuters,1
2026-04-01,9251,AB＆Company,AB&C,skip,duplicate,high,"kabutan,tdnet",4
2026-04-01,9251,AB＆Company,AB&Company,skip,duplicate,high,"kabutan,nikkei,reuters",3
2026-04-01,9251,AB＆Company,AB&Company Co Ltd,skip,duplicate,high,reuters,1
2026-04-01,9252,ラストワンマイル,ラストワンマイル,add,exists_in_base,high,"kabutan,nikkei,tdnet",4
2026-04-01,9252,ラストワンマイル,Last One Mile,skip,duplicate,high,reuters,1
2026-04-01,9252,ラストワンマイル,Last One Mile Co Ltd,skip,duplicate,high,reuters,1
2026-04-01,9252,ラストワンマイル,ラストワンM,skip,duplicate,high,kabutan,1
2026-04-01,9253,スローガン,スローガン,add,exists_in_base,high,"kabutan,nikkei,tdnet",5
2026-04-01,9253,スローガン,Slogan,skip,duplicate,high,reuters,1
2026-04-01,9253,スローガン,Slogan Inc,skip,duplicate,high,reuters,1
2026-04-01,9254,ラバブルマーケティングｸﾞﾙｰﾌﾟ,ラバブルマーケティンググループ,skip,duplicate,high,"kabutan,nikkei",2
2026-04-01,9254,ラバブルマーケティングｸﾞﾙｰﾌﾟ,Lovable Marketing,skip,duplicate,high,reuters,1
2026-04-01,9254,ラバブルマーケティングｸﾞﾙｰﾌﾟ,Lovable Marketing Group Inc,skip,duplicate,high,reuters,1
2026-04-01,9254,ラバブルマーケティングｸﾞﾙｰﾌﾟ,ラバブルMG,skip,duplicate,high,kabutan,1
2026-04-01,9254,ラバブルマーケティングｸﾞﾙｰﾌﾟ,ラバブルマーケ,add,new_candidate,medium,tdnet,5
2026-04-01,9256,サクシード,サクシード,add,exists_in_base,high,"kabutan,nikkei",2
2026-04-01,9256,サクシード,Succeed,skip,duplicate,high,reuters,1
2026-04-01,9256,サクシード,Succeed Co Ltd,skip,duplicate,high,reuters,1
2026-04-01,9258,CS－C,CS-C,skip,duplicate,high,"kabutan,nikkei,reuters",3
2026-04-01,9258,CS－C,CS-C Co Ltd,skip,duplicate,high,reuters,1
2026-04-01,9259,タカヨシﾎｰﾙﾃﾞｨﾝｸﾞｽ,タカヨシホールディングス,skip,duplicate,high,"kabutan,nikkei",2
2026-04-01,9259,タカヨシﾎｰﾙﾃﾞｨﾝｸﾞｽ,Takayoshi,skip,duplicate,high,reuters,1
2026-04-01,9259,タカヨシﾎｰﾙﾃﾞｨﾝｸﾞｽ,Takayoshi Holdings Inc,skip,duplicate,high,reuters,1
2026-04-01,9259,タカヨシﾎｰﾙﾃﾞｨﾝｸﾞｽ,タカヨシHD,skip,duplicate,high,kabutan,1
2026-04-01,9262,シルバーライフ,シルバーライフ,add,exists_in_base,high,"kabutan,nikkei,tdnet",3
2026-04-01,9262,シルバーライフ,Silver Life,skip,duplicate,high,reuters,1
2026-04-01,9262,シルバーライフ,Silver Life Co Ltd,skip,duplicate,high,reuters,1
2026-04-01,9262,シルバーライフ,シルバライフ,skip,duplicate,high,kabutan,1
2026-04-01,9264,ポエック,ポエック,add,exists_in_base,high,"kabutan,nikkei,tdnet",3
2026-04-01,9264,ポエック,Puequ,skip,duplicate,high,reuters,1
2026-04-01,9264,ポエック,Puequ Co Ltd,skip,duplicate,high,reuters,1
2026-04-01,9265,ヤマシタヘルスケアﾎｰﾙﾃﾞｨﾝｸﾞｽ,ヤマシタヘルスケアホールディングス,skip,duplicate,high,"kabutan,nikkei",2
2026-04-01,9265,ヤマシタヘルスケアﾎｰﾙﾃﾞｨﾝｸﾞｽ,Yamashita Health Care,skip,duplicate,high,reuters,1
2026-04-01,9265,ヤマシタヘルスケアﾎｰﾙﾃﾞｨﾝｸﾞｽ,Yamashita Health Care Holdings Inc,skip,duplicate,high,reuters,1
2026-04-01,9265,ヤマシタヘルスケアﾎｰﾙﾃﾞｨﾝｸﾞｽ,ヤマシタHD,skip,duplicate,high,kabutan,1
2026-04-01,9265,ヤマシタヘルスケアﾎｰﾙﾃﾞｨﾝｸﾞｽ,ヤマシタヘルスケア,add,new_candidate,medium,tdnet,1
2026-04-01,9267,Genky DrugStores,Genky DrugStores,skip,duplicate,high,"kabutan,nikkei,reuters",3
2026-04-01,9267,Genky DrugStores,ゲンキードラッグ,skip,duplicate,high,tdnet,2
2026-04-01,9267,Genky DrugStores,Genky,skip,duplicate,high,kabutan,1
2026-04-01,9267,Genky DrugStores,Genky DrugStores Co Ltd,skip,duplicate,high,reuters,1
2026-04-01,9268,オプティマスｸﾞﾙｰﾌﾟ,オプティマス,skip,duplicate,high,"kabutan,tdnet",2
2026-04-01,9268,オプティマスｸﾞﾙｰﾌﾟ,オプティマスグループ,skip,duplicate,high,"kabutan,nikkei",2
2026-04-01,9268,オプティマスｸﾞﾙｰﾌﾟ,Optimus,skip,duplicate,high,reuters,1
2026-04-01,9268,オプティマスｸﾞﾙｰﾌﾟ,Optimus Group Co Ltd,skip,duplicate,high,reuters,1
2026-04-01,9270,バリュエンスﾎｰﾙﾃﾞｨﾝｸﾞｽ,バリュエンスホールディングス,skip,duplicate,high,"kabutan,nikkei",2
2026-04-01,9270,バリュエンスﾎｰﾙﾃﾞｨﾝｸﾞｽ,Valuence,skip,duplicate,high,reuters,1
2026-04-01,9270,バリュエンスﾎｰﾙﾃﾞｨﾝｸﾞｽ,Valuence Holdings Inc,skip,duplicate,high,reuters,1
2026-04-01,9270,バリュエンスﾎｰﾙﾃﾞｨﾝｸﾞｽ,バリュエンス,add,new_candidate,medium,kabutan,1
2026-04-01,9270,バリュエンスﾎｰﾙﾃﾞｨﾝｸﾞｽ,バリュエンスHD,add,new_candidate,medium,tdnet,1
2026-04-01,9271,和心,和心,add,exists_in_base,high,"kabutan,nikkei,tdnet",4
2026-04-01,9271,和心,Wagokoro,skip,duplicate,high,reuters,1
2026-04-01,9271,和心,Wagokoro Co Ltd,skip,duplicate,high,reuters,1
2026-04-01,9272,ブティックス,ブティックス,add,exists_in_base,high,"kabutan,nikkei,tdnet",5
2026-04-01,9272,ブティックス,Boutiques,skip,duplicate,high,reuters,1
2026-04-01,9272,ブティックス,Boutiques Inc,skip,duplicate,high,reuters,1
2026-04-01,9273,コーア商事ﾎｰﾙﾃﾞｨﾝｸﾞｽ,コーア商事ホールディングス,skip,duplicate,high,"kabutan,nikkei",2
2026-04-01,9273,コーア商事ﾎｰﾙﾃﾞｨﾝｸﾞｽ,Koa Shoji,skip,duplicate,high,reuters,1
2026-04-01,9273,コーア商事ﾎｰﾙﾃﾞｨﾝｸﾞｽ,Koa Shoji Holdings Co Ltd,skip,duplicate,high,reuters,1
2026-04-01,9273,コーア商事ﾎｰﾙﾃﾞｨﾝｸﾞｽ,コーア商事HD,skip,duplicate,high,tdnet,1
2026-04-01,9273,コーア商事ﾎｰﾙﾃﾞｨﾝｸﾞｽ,コーア商HD,add,new_candidate,medium,kabutan,1
2026-04-01,9274,KPPｸﾞﾙｰﾌﾟﾎｰﾙﾃﾞｨﾝｸﾞｽ,KPPグループHD,skip,duplicate,high,tdnet,3
2026-04-01,9274,KPPｸﾞﾙｰﾌﾟﾎｰﾙﾃﾞｨﾝｸﾞｽ,KPPグループホールディングス,skip,duplicate,high,"kabutan,nikkei",2
2026-04-01,9274,KPPｸﾞﾙｰﾌﾟﾎｰﾙﾃﾞｨﾝｸﾞｽ,KPP,skip,duplicate,high,reuters,1
2026-04-01,9274,KPPｸﾞﾙｰﾌﾟﾎｰﾙﾃﾞｨﾝｸﾞｽ,KPP Group Holdings Co Ltd,skip,duplicate,high,reuters,1
2026-04-01,9274,KPPｸﾞﾙｰﾌﾟﾎｰﾙﾃﾞｨﾝｸﾞｽ,KPPGHD,add,new_candidate,medium,kabutan,1
2026-04-01,9278,ブックオフｸﾞﾙｰﾌﾟﾎｰﾙﾃﾞｨﾝｸﾞｽ,ブックオフグループホールディングス,skip,duplicate,high,"kabutan,nikkei",2
2026-04-01,9278,ブックオフｸﾞﾙｰﾌﾟﾎｰﾙﾃﾞｨﾝｸﾞｽ,Bookoff,skip,duplicate,high,reuters,1
2026-04-01,9278,ブックオフｸﾞﾙｰﾌﾟﾎｰﾙﾃﾞｨﾝｸﾞｽ,Bookoff Group Holdings Ltd,skip,duplicate,high,reuters,1
2026-04-01,9278,ブックオフｸﾞﾙｰﾌﾟﾎｰﾙﾃﾞｨﾝｸﾞｽ,ブックオフGHD,skip,duplicate,high,tdnet,1
2026-04-01,9278,ブックオフｸﾞﾙｰﾌﾟﾎｰﾙﾃﾞｨﾝｸﾞｽ,ブックオフG,add,new_candidate,medium,kabutan,1
2026-04-01,9279,ギフトﾎｰﾙﾃﾞｨﾝｸﾞｽ,ギフトHD,skip,duplicate,high,"kabutan,tdnet",7
2026-04-01,9279,ギフトﾎｰﾙﾃﾞｨﾝｸﾞｽ,ギフトホールディングス,skip,duplicate,high,"kabutan,nikkei",2
2026-04-01,9279,ギフトﾎｰﾙﾃﾞｨﾝｸﾞｽ,GIFT,skip,duplicate,high,reuters,1
2026-04-01,9279,ギフトﾎｰﾙﾃﾞｨﾝｸﾞｽ,GIFT Holdings Inc,skip,duplicate,high,reuters,1
2026-04-01,9301,三菱倉庫,三菱倉,skip,duplicate,high,"kabutan,tdnet",7
2026-04-01,9301,三菱倉庫,三菱倉庫,add,exists_in_base,high,"kabutan,nikkei",2
2026-04-01,9301,三菱倉庫,Mitsubishi Logistics,skip,duplicate,high,reuters,1
2026-04-01,9301,三菱倉庫,Mitsubishi Logistics Corp,skip,duplicate,high,reuters,1
2026-04-01,9302,三井倉庫ﾎｰﾙﾃﾞｨﾝｸﾞｽ,三井倉HD,skip,duplicate,high,"kabutan,tdnet",5
2026-04-01,9302,三井倉庫ﾎｰﾙﾃﾞｨﾝｸﾞｽ,三井倉庫ホールディングス,skip,duplicate,high,"kabutan,nikkei",2
2026-04-01,9302,三井倉庫ﾎｰﾙﾃﾞｨﾝｸﾞｽ,Mitsui Soko,skip,duplicate,high,reuters,1
2026-04-01,9302,三井倉庫ﾎｰﾙﾃﾞｨﾝｸﾞｽ,Mitsui Soko Holdings Co Ltd,skip,duplicate,high,reuters,1
2026-04-01,9303,住友倉庫,住友倉,skip,duplicate,high,"kabutan,tdnet",4
2026-04-01,9303,住友倉庫,住友倉庫,add,exists_in_base,high,"kabutan,nikkei",2
2026-04-01,9303,住友倉庫,Sumitomo Warehouse,skip,duplicate,high,reuters,1
2026-04-01,9303,住友倉庫,Sumitomo Warehouse Co Ltd,skip,duplicate,high,reuters,1
2026-04-01,9304,澁澤倉庫,渋沢倉,skip,duplicate,high,"kabutan,tdnet",2
2026-04-01,9304,澁澤倉庫,Shibusawa Logistics,skip,duplicate,high,reuters,1
2026-04-01,9304,澁澤倉庫,Shibusawa Logistics Corp,skip,duplicate,high,reuters,1
2026-04-01,9304,澁澤倉庫,渋沢倉庫,skip,duplicate,high,nikkei,1
2026-04-01,9304,澁澤倉庫,澁澤倉庫,add,exists_in_base,high,kabutan,1
2026-04-01,9305,ヤマタネ,ヤマタネ,skip,duplicate,high,"kabutan,nikkei,tdnet",3
2026-04-01,9305,ヤマタネ,Yamatane,skip,duplicate,high,reuters,1
2026-04-01,9305,ヤマタネ,Yamatane Corp,skip,duplicate,high,reuters,1
2026-04-01,9306,東陽倉庫,東陽倉庫,add,exists_in_base,high,"kabutan,nikkei",2
2026-04-01,9306,東陽倉庫,Toyo Logistics,skip,duplicate,high,reuters,1
2026-04-01,9306,東陽倉庫,Toyo Logistics Co Ltd,skip,duplicate,high,reuters,1
2026-04-01,9306,東陽倉庫,東陽倉,skip,duplicate,high,kabutan,1
2026-04-01,9307,杉村倉庫,杉村倉庫,skip,duplicate,high,"kabutan,nikkei",2
2026-04-01,9307,杉村倉庫,Sugimura Warehouse,skip,duplicate,high,reuters,1
2026-04-01,9307,杉村倉庫,Sugimura Warehouse Co Ltd,skip,duplicate,high,reuters,1
2026-04-01,9307,杉村倉庫,杉村倉,skip,duplicate,high,kabutan,1
2026-04-01,9308,乾汽船,乾汽船,add,exists_in_base,high,"kabutan,nikkei,tdnet",6
2026-04-01,9308,乾汽船,Inui Global Logistics,skip,duplicate,high,reuters,1
2026-04-01,9308,乾汽船,Inui Global Logistics Co Ltd,skip,duplicate,high,reuters,1
2026-04-01,9310,日本トランスシティ,トランスシティ,skip,duplicate,high,tdnet,2
2026-04-01,9310,日本トランスシティ,日本トランスシティ,add,exists_in_base,high,"kabutan,nikkei",2
2026-04-01,9310,日本トランスシティ,Japan Transcity,skip,duplicate,high,reuters,1
2026-04-01,9310,日本トランスシティ,Japan Transcity Corp,skip,duplicate,high,reuters,1
2026-04-01,9310,日本トランスシティ,トランシティ,skip,duplicate,high,kabutan,1
2026-04-01,9311,アサガミ,アサガミ,skip,duplicate,high,"kabutan,nikkei",2
2026-04-01,9311,アサガミ,Asagami,skip,duplicate,high,reuters,1
2026-04-01,9311,アサガミ,Asagami Corp,skip,duplicate,high,reuters,1
2026-04-01,9312,ケイヒン,ケイヒン,skip,duplicate,high,"kabutan,nikkei",2
2026-04-01,9312,ケイヒン,Keihin,skip,duplicate,high,reuters,1
2026-04-01,9312,ケイヒン,Keihin Co Ltd,skip,duplicate,high,reuters,1
2026-04-01,9313,丸八倉庫,丸八倉庫,add,exists_in_base,high,"kabutan,nikkei",2
2026-04-01,9313,丸八倉庫,Maruhachi Warehouse,skip,duplicate,high,reuters,1
2026-04-01,9313,丸八倉庫,Maruhachi Warehouse Co Ltd,skip,duplicate,high,reuters,1
2026-04-01,9313,丸八倉庫,丸八倉,skip,duplicate,high,kabutan,1
2026-04-01,9319,中央倉庫,中央倉庫,skip,duplicate,high,"kabutan,nikkei,tdnet",6
2026-04-01,9319,中央倉庫,Chuo Warehouse,skip,duplicate,high,reuters,1
2026-04-01,9319,中央倉庫,Chuo Warehouse Co Ltd,skip,duplicate,high,reuters,1
2026-04-01,9319,中央倉庫,中央倉,add,new_candidate,medium,kabutan,1
2026-04-01,9322,川西倉庫,川西倉庫,skip,duplicate,high,"kabutan,nikkei",2
2026-04-01,9322,川西倉庫,Kawanishi Warehouse,skip,duplicate,high,reuters,1
2026-04-01,9322,川西倉庫,Kawanishi Warehouse Co Ltd,skip,duplicate,high,reuters,1
2026-04-01,9322,川西倉庫,川西倉,skip,duplicate,high,kabutan,1
2026-04-01,9324,安田倉庫,安田倉,skip,duplicate,high,"kabutan,tdnet",5
2026-04-01,9324,安田倉庫,安田倉庫,add,exists_in_base,high,"kabutan,nikkei",2
2026-04-01,9324,安田倉庫,Yasuda Logistics,skip,duplicate,high,reuters,1
2026-04-01,9324,安田倉庫,Yasuda Logistics Corp,skip,duplicate,high,reuters,1
2026-04-01,9325,ファイズﾎｰﾙﾃﾞｨﾝｸﾞｽ,ファイズホールディングス,skip,duplicate,high,"kabutan,nikkei",2
2026-04-01,9325,ファイズﾎｰﾙﾃﾞｨﾝｸﾞｽ,PHYZ,skip,duplicate,high,reuters,1
2026-04-01,9325,ファイズﾎｰﾙﾃﾞｨﾝｸﾞｽ,PHYZ Holdings Inc,skip,duplicate,high,reuters,1
2026-04-01,9325,ファイズﾎｰﾙﾃﾞｨﾝｸﾞｽ,ファイズHD,skip,duplicate,high,kabutan,1
2026-04-01,9326,関通,関通,add,exists_in_base,high,tdnet,2
2026-04-01,9326,関通,関通ホールディングス,add,new_candidate,high,"kabutan,nikkei",2
2026-04-01,9326,関通,Kantsu HD,add,new_candidate,medium,reuters,1
2026-04-01,9326,関通,Kantsu HD Co Ltd,add,new_candidate,medium,reuters,1
2026-04-01,9326,関通,関通HD,add,new_candidate,medium,kabutan,1
2026-04-01,9327,イー・ロジット,イー・ロジット,skip,duplicate,high,"kabutan,nikkei,tdnet",6
2026-04-01,9327,イー・ロジット,e-LogiT,skip,duplicate,high,reuters,1
2026-04-01,9327,イー・ロジット,e-LogiT Co Ltd,skip,duplicate,high,reuters,1
2026-04-01,9330,揚羽,揚羽,add,exists_in_base,high,"kabutan,nikkei",2
2026-04-01,9330,揚羽,Ageha,skip,duplicate,high,reuters,1
2026-04-01,9330,揚羽,Ageha Inc,skip,duplicate,high,reuters,1
2026-04-01,9331,キャスター,キャスター,add,exists_in_base,high,"kabutan,nikkei",2
2026-04-01,9331,キャスター,Caster,skip,duplicate,high,reuters,1
2026-04-01,9331,キャスター,Caster Co Ltd,skip,duplicate,high,reuters,1
2026-04-01,9332,NISSOﾎｰﾙﾃﾞｨﾝｸﾞｽ,NISSO,skip,duplicate,high,"kabutan,reuters",2
2026-04-01,9332,NISSOﾎｰﾙﾃﾞｨﾝｸﾞｽ,NISSOホールディングス,skip,duplicate,high,"kabutan,nikkei",2
2026-04-01,9332,NISSOﾎｰﾙﾃﾞｨﾝｸﾞｽ,Nisso Holdings Co Ltd,skip,duplicate,high,reuters,1
2026-04-01,9336,大栄環境,大栄環境,skip,duplicate,high,"kabutan,nikkei,tdnet",5
2026-04-01,9336,大栄環境,Daiei Kankyo,skip,duplicate,high,reuters,1
2026-04-01,9336,大栄環境,Daiei Kankyo Co Ltd,skip,duplicate,high,reuters,1
2026-04-01,9337,トリドリ,トリドリ,add,exists_in_base,high,"kabutan,nikkei",2
2026-04-01,9337,トリドリ,toridori,skip,duplicate,high,reuters,1
2026-04-01,9337,トリドリ,toridori Inc,skip,duplicate,high,reuters,1
2026-04-01,9338,INFORICH,INFORICH,skip,duplicate,high,"kabutan,nikkei,reuters,tdnet",10
2026-04-01,9338,INFORICH,Inforich Inc,skip,duplicate,high,reuters,1
2026-04-01,9338,INFORICH,インフォR,skip,duplicate,high,kabutan,1
2026-04-01,9339,コーチ・エィ,コーチ・エィ,skip,duplicate,high,"kabutan,nikkei",3
2026-04-01,9339,コーチ・エィ,Coach A,skip,duplicate,high,reuters,1
2026-04-01,9339,コーチ・エィ,Coach A Co Ltd,skip,duplicate,high,reuters,1
2026-04-01,9340,アソｲﾝﾀｰﾅｼｮﾅﾙ,アソインター,skip,duplicate,high,"kabutan,tdnet",3
2026-04-01,9340,アソｲﾝﾀｰﾅｼｮﾅﾙ,アソインターナショナル,skip,duplicate,high,"kabutan,nikkei",2
2026-04-01,9340,アソｲﾝﾀｰﾅｼｮﾅﾙ,Aso International,skip,duplicate,high,reuters,1
2026-04-01,9340,アソｲﾝﾀｰﾅｼｮﾅﾙ,Aso International Inc,skip,duplicate,high,reuters,1
2026-04-01,9341,GENOVA,GENOVA,skip,duplicate,high,"kabutan,nikkei,reuters,tdnet",5
2026-04-01,9341,GENOVA,Genova Inc,skip,duplicate,high,reuters,1
2026-04-01,9342,スマサポ,スマサポ,add,exists_in_base,high,"kabutan,nikkei,tdnet",3
2026-04-01,9342,スマサポ,Sumasapo,skip,duplicate,high,reuters,1
2026-04-01,9342,スマサポ,Sumasapo Inc,skip,duplicate,high,reuters,1
2026-04-01,9343,アイビス,アイビス,add,exists_in_base,high,"kabutan,nikkei,tdnet",3
2026-04-01,9343,アイビス,ibis,skip,duplicate,high,reuters,1
2026-04-01,9343,アイビス,ibis Inc,skip,duplicate,high,reuters,1
2026-04-01,9344,アクシスコンサルティング,アクシスコンサルティング,add,exists_in_base,high,"kabutan,nikkei",2
2026-04-01,9344,アクシスコンサルティング,Axis Consulting,skip,duplicate,high,reuters,1
2026-04-01,9344,アクシスコンサルティング,Axis Consulting Corp,skip,duplicate,high,reuters,1
2026-04-01,9344,アクシスコンサルティング,アクシスC,skip,duplicate,high,kabutan,1
2026-04-01,9345,ビズメイツ,ビズメイツ,add,exists_in_base,high,"kabutan,nikkei,tdnet",3
2026-04-01,9345,ビズメイツ,Bizmates,skip,duplicate,high,reuters,1
2026-04-01,9345,ビズメイツ,Bizmates Inc,skip,duplicate,high,reuters,1
2026-04-01,9346,ココルポート,ココルポート,add,exists_in_base,high,"kabutan,nikkei",2
2026-04-01,9346,ココルポート,Cocorport,skip,duplicate,high,reuters,1
2026-04-01,9346,ココルポート,Cocorport Inc,skip,duplicate,high,reuters,1
2026-04-01,9347,日本管財ﾎｰﾙﾃﾞｨﾝｸﾞｽ,日本管財ホールディングス,skip,duplicate,high,"kabutan,nikkei",2
2026-04-01,9347,日本管財ﾎｰﾙﾃﾞｨﾝｸﾞｽ,Nippon Kanzai,skip,duplicate,high,reuters,1
2026-04-01,9347,日本管財ﾎｰﾙﾃﾞｨﾝｸﾞｽ,Nippon Kanzai Holdings Co Ltd,skip,duplicate,high,reuters,1
2026-04-01,9347,日本管財ﾎｰﾙﾃﾞｨﾝｸﾞｽ,日本管財HD,skip,duplicate,high,kabutan,1
2026-04-01,9348,ispace,ispace,skip,duplicate,high,"kabutan,nikkei,reuters,tdnet",11
2026-04-01,9348,ispace,ispace Inc,skip,duplicate,high,reuters,1
2026-04-01,9348,ispace,アイスペース,skip,duplicate,high,kabutan,1
2026-04-01,9351,東洋埠頭,東洋埠頭,skip,duplicate,high,"kabutan,nikkei,tdnet",3
2026-04-01,9351,東洋埠頭,Toyo Wharf & Warehouse,skip,duplicate,high,reuters,1
2026-04-01,9351,東洋埠頭,Toyo Wharf & Warehouse Co Ltd,skip,duplicate,high,reuters,1
2026-04-01,9353,櫻島埠頭,桜島埠頭,skip,duplicate,high,"nikkei,tdnet",2
2026-04-01,9353,櫻島埠頭,Sakurajima Futo Kaisha,skip,duplicate,high,reuters,1
2026-04-01,9353,櫻島埠頭,Sakurajima Futo Kaisha Ltd,skip,duplicate,high,reuters,1
2026-04-01,9353,櫻島埠頭,櫻島埠頭,add,exists_in_base,high,kabutan,1
2026-04-01,9353,櫻島埠頭,桜島埠,add,new_candidate,medium,kabutan,1
2026-04-01,9355,リンコーｺｰﾎﾟﾚｰｼｮﾝ,リンコー,skip,duplicate,high,"kabutan,tdnet",3
2026-04-01,9355,リンコーｺｰﾎﾟﾚｰｼｮﾝ,リンコーコーポレーション,skip,duplicate,high,"kabutan,nikkei",2
2026-04-01,9355,リンコーｺｰﾎﾟﾚｰｼｮﾝ,Rinko,skip,duplicate,high,reuters,1
2026-04-01,9355,リンコーｺｰﾎﾟﾚｰｼｮﾝ,Rinko Corp,skip,duplicate,high,reuters,1
2026-04-01,9360,鈴与シンワート,鈴与シンワ,skip,duplicate,high,"kabutan,tdnet",2
2026-04-01,9360,鈴与シンワート,鈴与シンワート,add,exists_in_base,high,"kabutan,nikkei",2
2026-04-01,9360,鈴与シンワート,Suzuyo Shinwart,skip,duplicate,high,reuters,1
2026-04-01,9360,鈴与シンワート,Suzuyo Shinwart Corp,skip,duplicate,high,reuters,1
2026-04-01,9361,伏木海陸運送,伏木海陸運送,add,exists_in_base,high,"kabutan,nikkei",2
2026-04-01,9361,伏木海陸運送,伏木運,skip,duplicate,high,"kabutan,tdnet",2
2026-04-01,9361,伏木海陸運送,Fushiki Kairiku Unso,skip,duplicate,high,reuters,1
2026-04-01,9361,伏木海陸運送,Fushiki Kairiku Unso Co Ltd,skip,duplicate,high,reuters,1
2026-04-01,9362,兵機海運,兵機海運,skip,duplicate,high,"kabutan,nikkei",2
2026-04-01,9362,兵機海運,Hyoki Kaiun Kaisha,skip,duplicate,high,reuters,1
2026-04-01,9362,兵機海運,Hyoki Kaiun Kaisha Ltd,skip,duplicate,high,reuters,1
2026-04-01,9362,兵機海運,兵機海,skip,duplicate,high,kabutan,1
2026-04-01,9363,大運,大運,add,exists_in_base,high,"kabutan,nikkei",2
2026-04-01,9363,大運,Daiun,skip,duplicate,high,reuters,1
2026-04-01,9363,大運,Daiun Co Ltd,skip,duplicate,high,reuters,1
2026-04-01,9364,上組,上組,skip,duplicate,high,"kabutan,nikkei,tdnet",8
2026-04-01,9364,上組,Kamigumi,skip,duplicate,high,reuters,1
2026-04-01,9364,上組,Kamigumi Co Ltd,skip,duplicate,high,reuters,1
2026-04-01,9365,トレーディア,トレーディア,skip,duplicate,high,"kabutan,nikkei,tdnet",4
2026-04-01,9365,トレーディア,Tradia,skip,duplicate,high,reuters,1
2026-04-01,9365,トレーディア,Tradia Corp,skip,duplicate,high,reuters,1
2026-04-01,9366,サンリツ,サンリツ,skip,duplicate,high,"kabutan,nikkei",2
2026-04-01,9366,サンリツ,Sanritsu,skip,duplicate,high,reuters,1
2026-04-01,9366,サンリツ,Sanritsu Corp,skip,duplicate,high,reuters,1
2026-04-01,9367,大東港運,大東港運,skip,duplicate,high,"kabutan,nikkei",2
2026-04-01,9367,大東港運,Daito Koun,skip,duplicate,high,reuters,1
2026-04-01,9367,大東港運,Daito Koun Co Ltd,skip,duplicate,high,reuters,1
2026-04-01,9368,キムラユニティー,キムラユニティー,skip,duplicate,high,"kabutan,nikkei",2
2026-04-01,9368,キムラユニティー,Kimura Unity,skip,duplicate,high,reuters,1
2026-04-01,9368,キムラユニティー,Kimura Unity Co Ltd,skip,duplicate,high,reuters,1
2026-04-01,9368,キムラユニティー,キムラユニテ,skip,duplicate,high,kabutan,1
2026-04-01,9369,キユーソー流通システム,キユソ流通,skip,duplicate,high,"kabutan,tdnet",3
2026-04-01,9369,キユーソー流通システム,キユーソー流通システム,add,exists_in_base,high,"kabutan,nikkei",2
2026-04-01,9369,キユーソー流通システム,KRS,skip,duplicate,high,reuters,1
2026-04-01,9369,キユーソー流通システム,KRS Corp,skip,duplicate,high,reuters,1
2026-04-01,9376,ユーラシア旅行社,ユーラシア,skip,duplicate,high,"kabutan,tdnet",2
2026-04-01,9376,ユーラシア旅行社,ユーラシア旅行社,add,exists_in_base,high,"kabutan,nikkei",2
2026-04-01,9376,ユーラシア旅行社,Eurasia Travel,skip,duplicate,high,reuters,1
2026-04-01,9376,ユーラシア旅行社,Eurasia Travel Co Ltd,skip,duplicate,high,reuters,1
2026-04-01,9380,東海運,東海運,skip,duplicate,high,"kabutan,nikkei,tdnet",3
2026-04-01,9380,東海運,Azuma Shipping,skip,duplicate,high,reuters,1
2026-04-01,9380,東海運,Azuma Shipping Co Ltd,skip,duplicate,high,reuters,1
2026-04-01,9381,エーアイテイー,エーアイテイー,add,exists_in_base,high,"kabutan,nikkei",2
2026-04-01,9381,エーアイテイー,AIT,skip,duplicate,high,reuters,1
2026-04-01,9381,エーアイテイー,AIT Corp,skip,duplicate,high,reuters,1
2026-04-01,9381,エーアイテイー,エーアイテイ,skip,duplicate,high,kabutan,1
2026-04-01,9385,ショーエイｺｰﾎﾟﾚｰｼｮﾝ,ショーエイコーポ,skip,duplicate,high,tdnet,2
2026-04-01,9385,ショーエイｺｰﾎﾟﾚｰｼｮﾝ,ショーエイコーポレーション,skip,duplicate,high,"kabutan,nikkei",2
2026-04-01,9385,ショーエイｺｰﾎﾟﾚｰｼｮﾝ,Shoei,skip,duplicate,high,reuters,1
2026-04-01,9385,ショーエイｺｰﾎﾟﾚｰｼｮﾝ,Shoei Corp,skip,duplicate,high,reuters,1
2026-04-01,9385,ショーエイｺｰﾎﾟﾚｰｼｮﾝ,ショーエイ,skip,duplicate,high,kabutan,1
2026-04-01,9401,TBSﾎｰﾙﾃﾞｨﾝｸﾞｽ,TBSHD,skip,duplicate,high,"kabutan,tdnet",2
2026-04-01,9401,TBSﾎｰﾙﾃﾞｨﾝｸﾞｽ,TBSホールディングス,skip,duplicate,high,"kabutan,nikkei",2
2026-04-01,9401,TBSﾎｰﾙﾃﾞｨﾝｸﾞｽ,TBS,skip,duplicate,high,reuters,1
2026-04-01,9401,TBSﾎｰﾙﾃﾞｨﾝｸﾞｽ,TBS Holdings Inc,skip,duplicate,high,reuters,1
2026-04-01,9404,日本テレビﾎｰﾙﾃﾞｨﾝｸﾞｽ,日テレHD,skip,duplicate,high,"kabutan,tdnet",3
2026-04-01,9404,日本テレビﾎｰﾙﾃﾞｨﾝｸﾞｽ,日本テレビホールディングス,skip,duplicate,high,"kabutan,nikkei",2
2026-04-01,9404,日本テレビﾎｰﾙﾃﾞｨﾝｸﾞｽ,Nippon Television,skip,duplicate,high,reuters,1
2026-04-01,9404,日本テレビﾎｰﾙﾃﾞｨﾝｸﾞｽ,Nippon Television Holdings Inc,skip,duplicate,high,reuters,1
2026-04-01,9405,朝日放送ｸﾞﾙｰﾌﾟﾎｰﾙﾃﾞｨﾝｸﾞｽ,朝日放送グループHD,skip,duplicate,high,tdnet,4
2026-04-01,9405,朝日放送ｸﾞﾙｰﾌﾟﾎｰﾙﾃﾞｨﾝｸﾞｽ,朝日放送グループホールディングス,skip,duplicate,high,"kabutan,nikkei",2
2026-04-01,9405,朝日放送ｸﾞﾙｰﾌﾟﾎｰﾙﾃﾞｨﾝｸﾞｽ,Asahi Broadcasting,skip,duplicate,high,reuters,1
2026-04-01,9405,朝日放送ｸﾞﾙｰﾌﾟﾎｰﾙﾃﾞｨﾝｸﾞｽ,Asahi Broadcasting Group Holdings Corp,skip,duplicate,high,reuters,1
2026-04-01,9405,朝日放送ｸﾞﾙｰﾌﾟﾎｰﾙﾃﾞｨﾝｸﾞｽ,朝日放送HD,skip,duplicate,high,kabutan,1
2026-04-01,9408,BSNメディアﾎｰﾙﾃﾞｨﾝｸﾞｽ,BSNメディアホールディングス,skip,duplicate,high,"kabutan,nikkei",2
2026-04-01,9408,BSNメディアﾎｰﾙﾃﾞｨﾝｸﾞｽ,BSN Media,skip,duplicate,high,reuters,1
2026-04-01,9408,BSNメディアﾎｰﾙﾃﾞｨﾝｸﾞｽ,BSN Media Holdings Inc,skip,duplicate,high,reuters,1
2026-04-01,9408,BSNメディアﾎｰﾙﾃﾞｨﾝｸﾞｽ,BSNHD,skip,duplicate,high,kabutan,1
2026-04-01,9409,テレビ朝日ﾎｰﾙﾃﾞｨﾝｸﾞｽ,テレビ朝日ホールディングス,skip,duplicate,high,"kabutan,nikkei",2
2026-04-01,9409,テレビ朝日ﾎｰﾙﾃﾞｨﾝｸﾞｽ,TV Asahi,skip,duplicate,high,reuters,1
2026-04-01,9409,テレビ朝日ﾎｰﾙﾃﾞｨﾝｸﾞｽ,TV Asahi Holdings Corp,skip,duplicate,high,reuters,1
2026-04-01,9409,テレビ朝日ﾎｰﾙﾃﾞｨﾝｸﾞｽ,テレビ朝日HD,skip,duplicate,high,tdnet,1
2026-04-01,9409,テレビ朝日ﾎｰﾙﾃﾞｨﾝｸﾞｽ,テレ朝HD,skip,duplicate,high,kabutan,1
2026-04-01,9412,スカパーJSATﾎｰﾙﾃﾞｨﾝｸﾞｽ,スカパーJSAT,skip,duplicate,high,"kabutan,nikkei,tdnet",3
2026-04-01,9412,スカパーJSATﾎｰﾙﾃﾞｨﾝｸﾞｽ,SKY Perfect JSAT,skip,duplicate,high,reuters,1
2026-04-01,9412,スカパーJSATﾎｰﾙﾃﾞｨﾝｸﾞｽ,SKY Perfect JSAT Corp,add,new_candidate,medium,reuters,1
2026-04-01,9412,スカパーJSATﾎｰﾙﾃﾞｨﾝｸﾞｽ,スカJSAT,add,new_candidate,medium,kabutan,1
2026-04-01,9413,テレビ東京ﾎｰﾙﾃﾞｨﾝｸﾞｽ,テレビ東京ホールディングス,skip,duplicate,high,"kabutan,nikkei",2
2026-04-01,9413,テレビ東京ﾎｰﾙﾃﾞｨﾝｸﾞｽ,テレ東HD,skip,duplicate,high,"kabutan,tdnet",2
2026-04-01,9413,テレビ東京ﾎｰﾙﾃﾞｨﾝｸﾞｽ,TV Tokyo,skip,duplicate,high,reuters,1
2026-04-01,9413,テレビ東京ﾎｰﾙﾃﾞｨﾝｸﾞｽ,TV Tokyo Holdings Corp,skip,duplicate,high,reuters,1
2026-04-01,9414,日本BS放送,日本BS放送,skip,duplicate,high,"kabutan,nikkei,tdnet",3
2026-04-01,9414,日本BS放送,BS11,skip,duplicate,high,kabutan,1
2026-04-01,9414,日本BS放送,Nippon BS Broadcasting,skip,duplicate,high,reuters,1
2026-04-01,9414,日本BS放送,Nippon BS Broadcasting Corp,skip,duplicate,high,reuters,1
2026-04-01,9416,ビジョン,ビジョン,add,exists_in_base,high,"kabutan,nikkei,tdnet",3
2026-04-01,9416,ビジョン,Vision,skip,duplicate,high,reuters,1
2026-04-01,9416,ビジョン,Vision Inc,skip,duplicate,high,reuters,1
2026-04-01,9417,スマートバリュー,スマートバリュー,skip,duplicate,high,"kabutan,nikkei,tdnet",5
2026-04-01,9417,スマートバリュー,Smartvalue,skip,duplicate,high,reuters,1
2026-04-01,9417,スマートバリュー,Smartvalue Co Ltd,skip,duplicate,high,reuters,1
2026-04-01,9417,スマートバリュー,スマバ,skip,duplicate,high,kabutan,1
2026-04-01,9418,U－NEXT HOLDINGS,UNEXT,skip,duplicate,high,"kabutan,reuters,tdnet",3
2026-04-01,9418,U－NEXT HOLDINGS,U-NEXT HOLDINGS,skip,duplicate,high,"kabutan,nikkei",2
2026-04-01,9418,U－NEXT HOLDINGS,U-Next Holdings Co Ltd,skip,duplicate,high,reuters,1
2026-04-01,9419,ワイヤレスゲート,ワイヤレスゲート,skip,duplicate,high,"kabutan,nikkei,tdnet",5
2026-04-01,9419,ワイヤレスゲート,WirelessGate,skip,duplicate,high,reuters,1
2026-04-01,9419,ワイヤレスゲート,WirelessGate Inc,skip,duplicate,high,reuters,1
2026-04-01,9419,ワイヤレスゲート,ワイヤレスG,skip,duplicate,high,kabutan,1
2026-04-01,9421,エヌジェイﾎｰﾙﾃﾞｨﾝｸﾞｽ,エヌジェイホールディングス,skip,duplicate,high,"kabutan,nikkei",2
2026-04-01,9421,エヌジェイﾎｰﾙﾃﾞｨﾝｸﾞｽ,NJ Holdings Inc,skip,duplicate,high,reuters,1
2026-04-01,9421,エヌジェイﾎｰﾙﾃﾞｨﾝｸﾞｽ,エヌジェイ,skip,duplicate,high,kabutan,1
2026-04-01,9421,エヌジェイﾎｰﾙﾃﾞｨﾝｸﾞｽ,エヌジェイHD,skip,duplicate,high,tdnet,1
2026-04-01,9423,フォーバル・リアルストレート,フォーバル・リアルストレート,add,exists_in_base,high,"kabutan,nikkei",2
2026-04-01,9423,フォーバル・リアルストレート,Forval Realstraight,skip,duplicate,high,reuters,1
2026-04-01,9423,フォーバル・リアルストレート,Forval Realstraight Inc,skip,duplicate,high,reuters,1
2026-04-01,9423,フォーバル・リアルストレート,フォーバルR,skip,duplicate,high,kabutan,1
2026-04-01,9423,フォーバル・リアルストレート,フォーバルRS,skip,duplicate,high,tdnet,1
2026-04-01,9424,日本通信,日本通信,skip,duplicate,high,"kabutan,nikkei,tdnet",3
2026-04-01,9424,日本通信,Japan Communications,skip,duplicate,high,reuters,1
2026-04-01,9424,日本通信,Japan Communications Inc,skip,duplicate,high,reuters,1
2026-04-01,9425,ReYuu Japan,ReYuu Japan,skip,duplicate,high,"kabutan,nikkei,reuters,tdnet",14
2026-04-01,9425,ReYuu Japan,ReYuu,skip,duplicate,high,kabutan,1
2026-04-01,9425,ReYuu Japan,ReYuu Japan Inc,skip,duplicate,high,reuters,1
2026-04-01,9428,クロップス,クロップス,add,exists_in_base,high,"kabutan,nikkei",2
2026-04-01,9428,クロップス,Crops,skip,duplicate,high,reuters,1
2026-04-01,9428,クロップス,Crops Corp,skip,duplicate,high,reuters,1
2026-04-01,9432,NTT,NTT,skip,duplicate,high,"kabutan,nikkei,reuters",3
2026-04-01,9432,NTT,NTT Inc,skip,duplicate,high,reuters,1
2026-04-01,9433,KDDI,KDDI,skip,duplicate,high,"kabutan,nikkei,reuters,tdnet",19
2026-04-01,9433,KDDI,KDDI Corp,skip,duplicate,high,reuters,1
2026-04-01,9434,ソフトバンク,ソフトバンク,skip,duplicate,high,"kabutan,nikkei,tdnet",5
2026-04-01,9434,ソフトバンク,SoftBank,skip,duplicate,high,reuters,1
2026-04-01,9434,ソフトバンク,SoftBank Corp,skip,duplicate,high,reuters,1
2026-04-01,9435,光通信,光通信,skip,duplicate,high,"kabutan,nikkei,tdnet",7
2026-04-01,9435,光通信,Hikari Tsushin,skip,duplicate,high,reuters,1
2026-04-01,9435,光通信,Hikari Tsushin Inc,skip,duplicate,high,reuters,1
2026-04-01,9436,沖縄セルラー電話,沖縄セルラー,skip,duplicate,high,"kabutan,tdnet",3
2026-04-01,9436,沖縄セルラー電話,沖縄セルラー電話,add,exists_in_base,high,"kabutan,nikkei",2
2026-04-01,9436,沖縄セルラー電話,Okinawa Cellular Telephone,skip,duplicate,high,reuters,1
2026-04-01,9436,沖縄セルラー電話,Okinawa Cellular Telephone Co,skip,duplicate,high,reuters,1
2026-04-01,9438,エムティーアイ,MTI,skip,duplicate,high,"kabutan,reuters",2
2026-04-01,9438,エムティーアイ,エムティーアイ,skip,duplicate,high,"kabutan,nikkei",2
2026-04-01,9438,エムティーアイ,MTI Ltd,skip,duplicate,high,reuters,1
2026-04-01,9439,エム・エイチ・ｸﾞﾙｰﾌﾟ,MHグループ,skip,duplicate,high,"kabutan,tdnet",4
2026-04-01,9439,エム・エイチ・ｸﾞﾙｰﾌﾟ,エム・エイチ・グループ,skip,duplicate,high,"kabutan,nikkei",2
2026-04-01,9439,エム・エイチ・ｸﾞﾙｰﾌﾟ,M H Group Ltd,skip,duplicate,high,reuters,1
2026-04-01,9439,エム・エイチ・ｸﾞﾙｰﾌﾟ,M H,add,new_candidate,medium,reuters,1
2026-04-01,9441,ベルパーク,ベルパーク,skip,duplicate,high,"kabutan,nikkei,tdnet",4
2026-04-01,9441,ベルパーク,Bell-Park,skip,duplicate,high,reuters,1
2026-04-01,9441,ベルパーク,Bell-Park Co Ltd,skip,duplicate,high,reuters,1
2026-04-01,9444,トーシンﾎｰﾙﾃﾞｨﾝｸﾞｽ,トーシンHD,skip,duplicate,high,"kabutan,tdnet",8
2026-04-01,9444,トーシンﾎｰﾙﾃﾞｨﾝｸﾞｽ,トーシンホールディングス,skip,duplicate,high,"kabutan,nikkei",2
2026-04-01,9444,トーシンﾎｰﾙﾃﾞｨﾝｸﾞｽ,Toshin,skip,duplicate,high,reuters,1
2026-04-01,9444,トーシンﾎｰﾙﾃﾞｨﾝｸﾞｽ,Toshin Holdings Co Ltd,skip,duplicate,high,reuters,1
2026-04-01,9445,フォーバルテレコム,フォーバルテレコム,add,exists_in_base,high,"kabutan,nikkei",2
2026-04-01,9445,フォーバルテレコム,フォーバルT,skip,duplicate,high,kabutan,1
2026-04-01,9445,フォーバルテレコム,9445.T,add,new_candidate,medium,reuters,1
2026-04-01,9446,サカイﾎｰﾙﾃﾞｨﾝｸﾞｽ,サカイホールディングス,skip,duplicate,high,"kabutan,nikkei",2
2026-04-01,9446,サカイﾎｰﾙﾃﾞｨﾝｸﾞｽ,サカイHD,skip,duplicate,high,kabutan,1
2026-04-01,9449,GMOインターネットｸﾞﾙｰﾌﾟ,GMO,skip,duplicate,high,"kabutan,tdnet",7
2026-04-01,9449,GMOインターネットｸﾞﾙｰﾌﾟ,GMOインターネットグループ,skip,duplicate,high,"kabutan,nikkei",2
2026-04-01,9449,GMOインターネットｸﾞﾙｰﾌﾟ,9449.T,add,new_candidate,medium,reuters,1
2026-04-01,9450,ファイバーゲート,ファイバーゲート,skip,duplicate,high,"kabutan,nikkei,tdnet",3
2026-04-01,9450,ファイバーゲート,ファイバーG,skip,duplicate,high,kabutan,1
2026-04-01,9450,ファイバーゲート,9450.T,add,new_candidate,medium,reuters,1
2026-04-01,9466,アイドママーケティングコミュニケーション,アイドママーケティングコミュニケーション,add,exists_in_base,high,"kabutan,nikkei",2
2026-04-01,9466,アイドママーケティングコミュニケーション,Aidma Marketing Communication,skip,duplicate,high,reuters,1
2026-04-01,9466,アイドママーケティングコミュニケーション,Aidma Marketing Communication Corp,skip,duplicate,high,reuters,1
2026-04-01,9466,アイドママーケティングコミュニケーション,アイドマMC,skip,duplicate,high,kabutan,1
2026-04-01,9467,アルファポリス,アルファポリス,add,exists_in_base,high,"kabutan,nikkei",2
2026-04-01,9467,アルファポリス,AlphaPolis,skip,duplicate,high,reuters,1
2026-04-01,9467,アルファポリス,AlphaPolis Co Ltd,skip,duplicate,high,reuters,1
2026-04-01,9467,アルファポリス,アルファP,add,new_candidate,medium,kabutan,1
2026-04-01,9468,KADOKAWA,KADOKAWA,skip,duplicate,high,"kabutan,nikkei,reuters,tdnet",5
2026-04-01,9468,KADOKAWA,Kadokawa Corp,skip,duplicate,high,reuters,1
2026-04-01,9468,KADOKAWA,カドカワ,skip,duplicate,high,kabutan,1
2026-04-01,9470,学研ﾎｰﾙﾃﾞｨﾝｸﾞｽ,学研HD,skip,duplicate,high,"kabutan,tdnet",2
2026-04-01,9470,学研ﾎｰﾙﾃﾞｨﾝｸﾞｽ,学研ホールディングス,skip,duplicate,high,"kabutan,nikkei",2
2026-04-01,9470,学研ﾎｰﾙﾃﾞｨﾝｸﾞｽ,Gakken,skip,duplicate,high,reuters,1
2026-04-01,9470,学研ﾎｰﾙﾃﾞｨﾝｸﾞｽ,Gakken Holdings Co Ltd,skip,duplicate,high,reuters,1
2026-04-01,9474,ゼンリン,ゼンリン,skip,duplicate,high,"kabutan,nikkei",2
2026-04-01,9474,ゼンリン,Zenrin,skip,duplicate,high,reuters,1
2026-04-01,9474,ゼンリン,Zenrin Co Ltd,skip,duplicate,high,reuters,1
2026-04-01,9475,昭文社ﾎｰﾙﾃﾞｨﾝｸﾞｽ,昭文社HD,skip,duplicate,high,"kabutan,tdnet",2
2026-04-01,9475,昭文社ﾎｰﾙﾃﾞｨﾝｸﾞｽ,昭文社ホールディングス,skip,duplicate,high,"kabutan,nikkei",2
2026-04-01,9475,昭文社ﾎｰﾙﾃﾞｨﾝｸﾞｽ,Shobunsha,skip,duplicate,high,reuters,1
2026-04-01,9475,昭文社ﾎｰﾙﾃﾞｨﾝｸﾞｽ,Shobunsha Holdings Inc,skip,duplicate,high,reuters,1
2026-04-01,9476,中央経済社ﾎｰﾙﾃﾞｨﾝｸﾞｽ,中央経済社ホールディングス,skip,duplicate,high,"kabutan,nikkei",2
2026-04-01,9476,中央経済社ﾎｰﾙﾃﾞｨﾝｸﾞｽ,Chuokeizai-Sha,skip,duplicate,high,reuters,1
2026-04-01,9476,中央経済社ﾎｰﾙﾃﾞｨﾝｸﾞｽ,Chuokeizai-Sha Holdings Inc,skip,duplicate,high,reuters,1
2026-04-01,9476,中央経済社ﾎｰﾙﾃﾞｨﾝｸﾞｽ,中央経済HD,skip,duplicate,high,kabutan,1
2026-04-01,9478,SEﾎｰﾙﾃﾞｨﾝｸﾞｽ・アンド・インキュベーションズ,SEHI,skip,duplicate,high,"kabutan,tdnet",3
2026-04-01,9478,SEﾎｰﾙﾃﾞｨﾝｸﾞｽ・アンド・インキュベーションズ,SEホールディングス・アンド・インキュベーションズ,skip,duplicate,high,"kabutan,nikkei",2
2026-04-01,9478,SEﾎｰﾙﾃﾞｨﾝｸﾞｽ・アンド・インキュベーションズ,SE Holdings and Incubations,skip,duplicate,high,reuters,1
2026-04-01,9478,SEﾎｰﾙﾃﾞｨﾝｸﾞｽ・アンド・インキュベーションズ,SE Holdings and Incubations Co Ltd,skip,duplicate,high,reuters,1
2026-04-01,9501,東京電力ﾎｰﾙﾃﾞｨﾝｸﾞｽ,東電力HD,skip,duplicate,high,tdnet,6
2026-04-01,9501,東京電力ﾎｰﾙﾃﾞｨﾝｸﾞｽ,東京電力ホールディングス,skip,duplicate,high,"kabutan,nikkei",2
2026-04-01,9501,東京電力ﾎｰﾙﾃﾞｨﾝｸﾞｽ,Tokyo Electric Power Company,skip,duplicate,high,reuters,1
2026-04-01,9501,東京電力ﾎｰﾙﾃﾞｨﾝｸﾞｽ,Tokyo Electric Power Company Holdings Inc,skip,duplicate,high,reuters,1
2026-04-01,9501,東京電力ﾎｰﾙﾃﾞｨﾝｸﾞｽ,東電HD,add,new_candidate,medium,kabutan,1
2026-04-01,9502,中部電力,中部電力,skip,duplicate,high,"kabutan,nikkei",2
2026-04-01,9502,中部電力,Chubu Electric Power,skip,duplicate,high,reuters,1
2026-04-01,9502,中部電力,Chubu Electric Power Co Inc,skip,duplicate,high,reuters,1
2026-04-01,9502,中部電力,中部電,skip,duplicate,high,kabutan,1
2026-04-01,9503,関西電力,関西電力,skip,duplicate,high,"kabutan,nikkei",2
2026-04-01,9503,関西電力,Kansai Electric Power,skip,duplicate,high,reuters,1
2026-04-01,9503,関西電力,Kansai Electric Power Co Inc,skip,duplicate,high,reuters,1
2026-04-01,9503,関西電力,関西電,skip,duplicate,high,kabutan,1
2026-04-01,9504,中国電力,中国電力,skip,duplicate,high,"kabutan,nikkei",2
2026-04-01,9504,中国電力,Chugoku Electric Power,skip,duplicate,high,reuters,1
2026-04-01,9504,中国電力,Chugoku Electric Power Co Inc,skip,duplicate,high,reuters,1
2026-04-01,9504,中国電力,中国電,skip,duplicate,high,kabutan,1
2026-04-01,9505,北陸電力,北陸電力,skip,duplicate,high,"kabutan,nikkei,tdnet",5
2026-04-01,9505,北陸電力,Hokuriku Electric Power,skip,duplicate,high,reuters,1
2026-04-01,9505,北陸電力,Hokuriku Electric Power Co,skip,duplicate,high,reuters,1
2026-04-01,9505,北陸電力,北陸電,add,new_candidate,medium,kabutan,1
2026-04-01,9506,東北電力,東北電力,skip,duplicate,high,"kabutan,nikkei",2
2026-04-01,9506,東北電力,Tohoku Electric Power,skip,duplicate,high,reuters,1
2026-04-01,9506,東北電力,Tohoku Electric Power Co Inc,skip,duplicate,high,reuters,1
2026-04-01,9506,東北電力,東北電,skip,duplicate,high,kabutan,1
2026-04-01,9507,四国電力,四国電力,skip,duplicate,high,"kabutan,nikkei",2
2026-04-01,9507,四国電力,Shikoku Electric Power,skip,duplicate,high,reuters,1
2026-04-01,9507,四国電力,Shikoku Electric Power Co Inc,skip,duplicate,high,reuters,1
2026-04-01,9507,四国電力,四国電,skip,duplicate,high,kabutan,1
2026-04-01,9508,九州電力,九州電力,skip,duplicate,high,"kabutan,nikkei,tdnet",5
2026-04-01,9508,九州電力,Kyushu Electric Power,skip,duplicate,high,reuters,1
2026-04-01,9508,九州電力,Kyushu Electric Power Co Inc,skip,duplicate,high,reuters,1
2026-04-01,9508,九州電力,九州電,skip,duplicate,high,kabutan,1
2026-04-01,9509,北海道電力,北海道電力,add,exists_in_base,high,"kabutan,nikkei",2
2026-04-01,9509,北海道電力,Hokkaido Electric Power,skip,duplicate,high,reuters,1
2026-04-01,9509,北海道電力,Hokkaido Electric Power Co Inc,skip,duplicate,high,reuters,1
2026-04-01,9509,北海道電力,北海電,skip,duplicate,high,kabutan,1
2026-04-01,9509,北海道電力,北海電力,skip,duplicate,high,tdnet,1
2026-04-01,9511,沖縄電力,沖縄電力,skip,duplicate,high,"kabutan,nikkei,tdnet",4
2026-04-01,9511,沖縄電力,Okinawa Electric Power,skip,duplicate,high,reuters,1
2026-04-01,9511,沖縄電力,Okinawa Electric Power Co Inc,skip,duplicate,high,reuters,1
2026-04-01,9511,沖縄電力,沖縄電,skip,duplicate,high,kabutan,1
2026-04-01,9513,電源開発,Jパワー,skip,duplicate,high,"kabutan,nikkei,tdnet",6
2026-04-01,9513,電源開発,Electric Power Development,skip,duplicate,high,reuters,1
2026-04-01,9513,電源開発,Electric Power Development Co Ltd,skip,duplicate,high,reuters,1
2026-04-01,9514,エフオン,EF On,skip,duplicate,high,"reuters,tdnet",2
2026-04-01,9514,エフオン,エフオン,add,exists_in_base,high,"kabutan,nikkei",2
2026-04-01,9514,エフオン,EF On Inc,skip,duplicate,high,reuters,1
2026-04-01,9517,イーレックス,イーレックス,skip,duplicate,high,"kabutan,nikkei,tdnet",8
2026-04-01,9517,イーレックス,Erex,skip,duplicate,high,reuters,1
2026-04-01,9517,イーレックス,Erex Co Ltd,skip,duplicate,high,reuters,1
2026-04-01,9519,レノバ,レノバ,skip,duplicate,high,"kabutan,nikkei,tdnet",7
2026-04-01,9519,レノバ,Renova,skip,duplicate,high,reuters,1
2026-04-01,9519,レノバ,Renova Inc,skip,duplicate,high,reuters,1
2026-04-01,9531,東京瓦斯,東瓦斯,skip,duplicate,high,tdnet,4
2026-04-01,9531,東京瓦斯,東京ガス,skip,duplicate,high,"kabutan,nikkei",2
2026-04-01,9531,東京瓦斯,Tokyo Gas,skip,duplicate,high,reuters,1
2026-04-01,9531,東京瓦斯,Tokyo Gas Co Ltd,skip,duplicate,high,reuters,1
2026-04-01,9531,東京瓦斯,東ガス,add,new_candidate,medium,kabutan,1
2026-04-01,9532,大阪瓦斯,大瓦斯,skip,duplicate,high,tdnet,5
2026-04-01,9532,大阪瓦斯,大阪ガス,skip,duplicate,high,"kabutan,nikkei",2
2026-04-01,9532,大阪瓦斯,Osaka Gas,skip,duplicate,high,reuters,1
2026-04-01,9532,大阪瓦斯,Osaka Gas Co Ltd,skip,duplicate,high,reuters,1
2026-04-01,9532,大阪瓦斯,大ガス,add,new_candidate,medium,kabutan,1
2026-04-01,9533,東邦瓦斯,東邦瓦斯,skip,duplicate,high,tdnet,5
2026-04-01,9533,東邦瓦斯,東邦ガス,skip,duplicate,high,"kabutan,nikkei",2
2026-04-01,9533,東邦瓦斯,Toho Gas,skip,duplicate,high,reuters,1
2026-04-01,9533,東邦瓦斯,Toho Gas Co Ltd,skip,duplicate,high,reuters,1
2026-04-01,9533,東邦瓦斯,邦ガス,add,new_candidate,medium,kabutan,1
2026-04-01,9534,北海道瓦斯,北海道ガス,skip,duplicate,high,"kabutan,nikkei",2
2026-04-01,9534,北海道瓦斯,Hokkaido Gas,skip,duplicate,high,reuters,1
2026-04-01,9534,北海道瓦斯,Hokkaido Gas Co Ltd,skip,duplicate,high,reuters,1
2026-04-01,9534,北海道瓦斯,北ガス,add,new_candidate,medium,kabutan,1
2026-04-01,9535,広島ガス,広島ガス,add,exists_in_base,high,"kabutan,nikkei,tdnet",3
2026-04-01,9535,広島ガス,Hiroshima Gas,skip,duplicate,high,reuters,1
2026-04-01,9535,広島ガス,Hiroshima Gas Co Ltd,skip,duplicate,high,reuters,1
2026-04-01,9535,広島ガス,広ガス,skip,duplicate,high,kabutan,1
2026-04-01,9536,西部ガスﾎｰﾙﾃﾞｨﾝｸﾞｽ,西部ガスホールディングス,skip,duplicate,high,"kabutan,nikkei",2
2026-04-01,9536,西部ガスﾎｰﾙﾃﾞｨﾝｸﾞｽ,Saibu Gas,skip,duplicate,high,reuters,1
2026-04-01,9536,西部ガスﾎｰﾙﾃﾞｨﾝｸﾞｽ,Saibu Gas Holdings Co Ltd,skip,duplicate,high,reuters,1
2026-04-01,9536,西部ガスﾎｰﾙﾃﾞｨﾝｸﾞｽ,西部ガスHD,skip,duplicate,high,kabutan,1
2026-04-01,9537,北陸瓦斯,北陸ガス,skip,duplicate,high,"kabutan,nikkei",2
2026-04-01,9537,北陸瓦斯,"Hokuriku Gas Co.,ltd",skip,duplicate,high,reuters,1
2026-04-01,9537,北陸瓦斯,Hokuriku Gas,add,new_candidate,medium,reuters,1
2026-04-01,9539,京葉瓦斯,京葉瓦斯,skip,duplicate,high,"kabutan,tdnet",2
2026-04-01,9539,京葉瓦斯,Keiyo Gas,skip,duplicate,high,reuters,1
2026-04-01,9539,京葉瓦斯,Keiyo Gas Co Ltd,skip,duplicate,high,reuters,1
2026-04-01,9539,京葉瓦斯,葉ガス,skip,duplicate,high,kabutan,1
2026-04-01,9539,京葉瓦斯,京葉ガス,add,new_candidate,medium,nikkei,1
2026-04-01,9543,静岡ガス,静岡ガス,skip,duplicate,high,"kabutan,nikkei,tdnet",4
2026-04-01,9543,静岡ガス,Shizuoka Gas,skip,duplicate,high,reuters,1
2026-04-01,9543,静岡ガス,Shizuoka Gas Co Ltd,skip,duplicate,high,reuters,1
2026-04-01,9543,静岡ガス,静ガス,skip,duplicate,high,kabutan,1
2026-04-01,9551,メタウォーター,メタウォーター,skip,duplicate,high,"kabutan,nikkei,tdnet",6
2026-04-01,9551,メタウォーター,Metawater,skip,duplicate,high,reuters,1
2026-04-01,9551,メタウォーター,Metawater Co Ltd,skip,duplicate,high,reuters,1
2026-04-01,9551,メタウォーター,メタウォータ,skip,duplicate,high,kabutan,1
2026-04-01,9552,クオンツ総研ﾎｰﾙﾃﾞｨﾝｸﾞｽ,クオンツ総研ホールディングス,skip,duplicate,high,"kabutan,nikkei",2
2026-04-01,9552,クオンツ総研ﾎｰﾙﾃﾞｨﾝｸﾞｽ,Quants Research Institute,skip,duplicate,high,reuters,1
2026-04-01,9552,クオンツ総研ﾎｰﾙﾃﾞｨﾝｸﾞｽ,Quants Research Institute Holdings Inc,skip,duplicate,high,reuters,1
2026-04-01,9552,クオンツ総研ﾎｰﾙﾃﾞｨﾝｸﾞｽ,クオンツ総研,add,new_candidate,medium,kabutan,1
2026-04-01,9553,マイクロアド,マイクロアド,add,exists_in_base,high,"kabutan,nikkei,tdnet",3
2026-04-01,9553,マイクロアド,MicroAd,skip,duplicate,high,reuters,1
2026-04-01,9553,マイクロアド,MicroAd Inc,skip,duplicate,high,reuters,1
2026-04-01,9554,AViC,AViC,skip,duplicate,high,"kabutan,nikkei,reuters,tdnet",4
2026-04-01,9554,AViC,AViC Co Ltd,skip,duplicate,high,reuters,1
2026-04-01,9554,AViC,エイビック,skip,duplicate,high,kabutan,1
2026-04-01,9556,INTLOOP,INTLOOP,skip,duplicate,high,"kabutan,nikkei,reuters,tdnet",6
2026-04-01,9556,INTLOOP,Intloop Inc,skip,duplicate,high,reuters,1
2026-04-01,9556,INTLOOP,イントループ,skip,duplicate,high,kabutan,1
2026-04-01,9557,エアークローゼット,エアークローゼット,add,exists_in_base,high,"kabutan,nikkei",2
2026-04-01,9557,エアークローゼット,airCloset,skip,duplicate,high,reuters,1
2026-04-01,9557,エアークローゼット,airCloset Inc,skip,duplicate,high,reuters,1
2026-04-01,9557,エアークローゼット,エアクロ,skip,duplicate,high,kabutan,1
2026-04-01,9558,ジャパニアス,ジャパニアス,add,exists_in_base,high,"kabutan,nikkei,tdnet",4
2026-04-01,9558,ジャパニアス,Japaniace,skip,duplicate,high,reuters,1
2026-04-01,9558,ジャパニアス,Japaniace Co Ltd,skip,duplicate,high,reuters,1
2026-04-01,9560,プログリット,プログリット,add,exists_in_base,high,"kabutan,nikkei,tdnet",3
2026-04-01,9560,プログリット,PROGRIT,skip,duplicate,high,reuters,1
2026-04-01,9560,プログリット,PROGRIT Inc,skip,duplicate,high,reuters,1
2026-04-01,9561,グラッドキューブ,グラッドキューブ,add,exists_in_base,high,"kabutan,nikkei,tdnet",5
2026-04-01,9561,グラッドキューブ,Glad Cube,skip,duplicate,high,reuters,1
2026-04-01,9561,グラッドキューブ,Glad Cube Inc,skip,duplicate,high,reuters,1
2026-04-01,9561,グラッドキューブ,グラッドC,skip,duplicate,high,kabutan,1
2026-04-01,9562,ビジネスコーチ,ビジネスコーチ,add,exists_in_base,high,"kabutan,nikkei,tdnet",3
2026-04-01,9562,ビジネスコーチ,Business Coach,skip,duplicate,high,reuters,1
2026-04-01,9562,ビジネスコーチ,Business Coach Inc,skip,duplicate,high,reuters,1
2026-04-01,9562,ビジネスコーチ,ビジコーチ,skip,duplicate,high,kabutan,1
2026-04-01,9563,Atlas Technologies,Atlas Technologies,skip,duplicate,high,"kabutan,nikkei,reuters",3
2026-04-01,9563,Atlas Technologies,Atlas Technologies Corp,skip,duplicate,high,reuters,1
2026-04-01,9563,Atlas Technologies,アトラスT,skip,duplicate,high,kabutan,1
2026-04-01,9563,Atlas Technologies,Atlas,review,new_candidate,low,tdnet,3
2026-04-01,9564,FCE,FCE,skip,duplicate,high,"kabutan,nikkei,reuters",3
2026-04-01,9564,FCE,FCE Inc,skip,duplicate,high,reuters,1
2026-04-01,9565,GLOE,GLOE,skip,duplicate,high,"kabutan,nikkei,reuters,tdnet",4
2026-04-01,9565,GLOE,Gloe Inc,skip,duplicate,high,reuters,1
2026-04-01,9601,松竹,松竹,add,exists_in_base,high,"kabutan,nikkei",2
2026-04-01,9601,松竹,Shochiku,skip,duplicate,high,reuters,1
2026-04-01,9601,松竹,Shochiku Co Ltd,skip,duplicate,high,reuters,1
2026-04-01,9602,東宝,東宝,add,exists_in_base,high,"kabutan,nikkei,tdnet",3
2026-04-01,9602,東宝,Toho Co Ltd (Tokyo),skip,duplicate,high,reuters,1
2026-04-01,9603,エイチ・アイ・エス,HIS,skip,duplicate,high,"kabutan,reuters,tdnet",6
2026-04-01,9603,エイチ・アイ・エス,エイチ・アイ・エス,add,exists_in_base,high,"kabutan,nikkei",2
2026-04-01,9603,エイチ・アイ・エス,HIS Co Ltd,skip,duplicate,high,reuters,1
2026-04-01,9605,東映,東映,skip,duplicate,high,"kabutan,nikkei,tdnet",3
2026-04-01,9605,東映,Toei,skip,duplicate,high,reuters,1
2026-04-01,9605,東映,Toei Co Ltd,skip,duplicate,high,reuters,1
2026-04-01,9610,ウィルソン・ラーニング ワールドワイド,ウィルソン・ラーニング ワールドワイド,add,exists_in_base,high,"kabutan,nikkei",2
2026-04-01,9610,ウィルソン・ラーニング ワールドワイド,Wilson Learning Worldwide,skip,duplicate,high,reuters,1
2026-04-01,9610,ウィルソン・ラーニング ワールドワイド,Wilson Learning Worldwide Inc,skip,duplicate,high,reuters,1
2026-04-01,9610,ウィルソン・ラーニング ワールドワイド,ウィルソンW,skip,duplicate,high,kabutan,1
2026-04-01,9612,ラックランド,ラックランド,skip,duplicate,high,"kabutan,nikkei,tdnet",6
2026-04-01,9612,ラックランド,Luckland,skip,duplicate,high,reuters,1
2026-04-01,9612,ラックランド,Luckland Co Ltd,skip,duplicate,high,reuters,1
2026-04-01,9616,共立メンテナンス,共立メンテ,skip,duplicate,high,"kabutan,tdnet",5
2026-04-01,9616,共立メンテナンス,共立メンテナンス,add,exists_in_base,high,"kabutan,nikkei",2
2026-04-01,9616,共立メンテナンス,Kyoritsu Maintenance,skip,duplicate,high,reuters,1
2026-04-01,9616,共立メンテナンス,Kyoritsu Maintenance Co Ltd,skip,duplicate,high,reuters,1
2026-04-01,9619,イチネンﾎｰﾙﾃﾞｨﾝｸﾞｽ,イチネンHD,skip,duplicate,high,"kabutan,tdnet",2
2026-04-01,9619,イチネンﾎｰﾙﾃﾞｨﾝｸﾞｽ,イチネンホールディングス,skip,duplicate,high,"kabutan,nikkei",2
2026-04-01,9619,イチネンﾎｰﾙﾃﾞｨﾝｸﾞｽ,Ichinen,skip,duplicate,high,reuters,1
2026-04-01,9619,イチネンﾎｰﾙﾃﾞｨﾝｸﾞｽ,Ichinen Holdings Co Ltd,skip,duplicate,high,reuters,1
2026-04-01,9621,建設技術研究所,建設技研,skip,duplicate,high,"kabutan,tdnet",3
2026-04-01,9621,建設技術研究所,建設技術研究所,add,exists_in_base,high,"kabutan,nikkei",2
2026-04-01,9621,建設技術研究所,CTI Engineering,skip,duplicate,high,reuters,1
2026-04-01,9621,建設技術研究所,CTI Engineering Co Ltd,skip,duplicate,high,reuters,1
2026-04-01,9622,スペース,スペース,skip,duplicate,high,"kabutan,nikkei,tdnet",4
2026-04-01,9622,スペース,Space,skip,duplicate,high,reuters,1
2026-04-01,9622,スペース,Space Co Ltd,skip,duplicate,high,reuters,1
2026-04-01,9625,セレスポ,セレスポ,skip,duplicate,high,"kabutan,nikkei",2
2026-04-01,9625,セレスポ,Cerespo,skip,duplicate,high,reuters,1
2026-04-01,9625,セレスポ,Cerespo Co Ltd,skip,duplicate,high,reuters,1
2026-04-01,9627,アインﾎｰﾙﾃﾞｨﾝｸﾞｽ,アインHD,skip,duplicate,high,"kabutan,tdnet",4
2026-04-01,9627,アインﾎｰﾙﾃﾞｨﾝｸﾞｽ,アインホールディングス,skip,duplicate,high,"kabutan,nikkei",2
2026-04-01,9627,アインﾎｰﾙﾃﾞｨﾝｸﾞｽ,AIN,skip,duplicate,high,reuters,1
2026-04-01,9627,アインﾎｰﾙﾃﾞｨﾝｸﾞｽ,AIN Holdings Inc,skip,duplicate,high,reuters,1
2026-04-01,9628,燦ﾎｰﾙﾃﾞｨﾝｸﾞｽ,燦ホールディングス,add,exists_in_base,high,"kabutan,nikkei",2
2026-04-01,9628,燦ﾎｰﾙﾃﾞｨﾝｸﾞｽ,San,skip,duplicate,high,reuters,1
2026-04-01,9628,燦ﾎｰﾙﾃﾞｨﾝｸﾞｽ,San Holdings Inc,skip,duplicate,high,reuters,1
2026-04-01,9628,燦ﾎｰﾙﾃﾞｨﾝｸﾞｽ,燦HD,add,new_candidate,medium,kabutan,1
2026-04-01,9629,ピー・シー・エー,ピー・シー・エー,skip,duplicate,high,"kabutan,nikkei,tdnet",5
2026-04-01,9629,ピー・シー・エー,PCA,skip,duplicate,high,"kabutan,reuters",2
2026-04-01,9629,ピー・シー・エー,PCA Corp,skip,duplicate,high,reuters,1
2026-04-01,9632,スバル興業,スバル興,skip,duplicate,high,tdnet,4
2026-04-01,9632,スバル興業,スバル興業,add,exists_in_base,high,"kabutan,nikkei",2
2026-04-01,9632,スバル興業,Subaru Enterprise,skip,duplicate,high,reuters,1
2026-04-01,9632,スバル興業,Subaru Enterprise Co Ltd,skip,duplicate,high,reuters,1
2026-04-01,9632,スバル興業,スバル,skip,duplicate,high,kabutan,1
2026-04-01,9633,東京テアトル,テアトル,skip,duplicate,high,"kabutan,tdnet",4
2026-04-01,9633,東京テアトル,東京テアトル,add,exists_in_base,high,"kabutan,nikkei",2
2026-04-01,9633,東京テアトル,Tokyo Theatres,skip,duplicate,high,reuters,1
2026-04-01,9633,東京テアトル,Tokyo Theatres Co Inc,skip,duplicate,high,reuters,1
2026-04-01,9635,武蔵野興業,武蔵野興業,add,exists_in_base,high,"kabutan,nikkei",2
2026-04-01,9635,武蔵野興業,Musashino Kogyo,skip,duplicate,high,reuters,1
2026-04-01,9635,武蔵野興業,Musashino Kogyo Co Ltd,skip,duplicate,high,reuters,1
2026-04-01,9635,武蔵野興業,武蔵野,skip,duplicate,high,kabutan,1
2026-04-01,9636,きんえい,きんえい,add,exists_in_base,high,"kabutan,nikkei,tdnet",5
2026-04-01,9636,きんえい,Kin-Ei,skip,duplicate,high,reuters,1
2026-04-01,9636,きんえい,Kin-Ei Corp,skip,duplicate,high,reuters,1
2026-04-01,9639,三協フロンテア,三協フロンテ,skip,duplicate,high,"kabutan,tdnet",2
2026-04-01,9639,三協フロンテア,三協フロンテア,add,exists_in_base,high,"kabutan,nikkei",2
2026-04-01,9639,三協フロンテア,Sankyo Frontier,skip,duplicate,high,reuters,1
2026-04-01,9639,三協フロンテア,Sankyo Frontier Co Ltd,skip,duplicate,high,reuters,1
2026-04-01,9640,セゾンテクノロジー,セゾンテクノロジー,skip,duplicate,high,"kabutan,nikkei",2
2026-04-01,9640,セゾンテクノロジー,Saison Technology,skip,duplicate,high,reuters,1
2026-04-01,9640,セゾンテクノロジー,Saison Technology Co Ltd,skip,duplicate,high,reuters,1
2026-04-01,9640,セゾンテクノロジー,セゾンテク,skip,duplicate,high,kabutan,1
2026-04-01,9644,タナベコンサルティングｸﾞﾙｰﾌﾟ,タナベコンサルティンググループ,skip,duplicate,high,"kabutan,nikkei",2
2026-04-01,9644,タナベコンサルティングｸﾞﾙｰﾌﾟ,Tanabe Consulting,skip,duplicate,high,reuters,1
2026-04-01,9644,タナベコンサルティングｸﾞﾙｰﾌﾟ,Tanabe Consulting Group Co Ltd,skip,duplicate,high,reuters,1
2026-04-01,9644,タナベコンサルティングｸﾞﾙｰﾌﾟ,タナベCG,skip,duplicate,high,kabutan,1
2026-04-01,9644,タナベコンサルティングｸﾞﾙｰﾌﾟ,タナベコンサルG,add,new_candidate,medium,tdnet,3
2026-04-01,9647,協和コンサルタンツ,協和コンサル,skip,duplicate,high,"kabutan,tdnet",4
2026-04-01,9647,協和コンサルタンツ,協和コンサルタンツ,add,exists_in_base,high,"kabutan,nikkei",2
2026-04-01,9647,協和コンサルタンツ,Kyowa Engineering Consultants,skip,duplicate,high,reuters,1
2026-04-01,9647,協和コンサルタンツ,Kyowa Engineering Consultants Co Ltd,skip,duplicate,high,reuters,1
2026-04-01,9651,日本プロセス,日本プロセス,add,exists_in_base,high,"kabutan,nikkei",2
2026-04-01,9651,日本プロセス,Japan Process Development,skip,duplicate,high,reuters,1
2026-04-01,9651,日本プロセス,Japan Process Development Co Ltd,skip,duplicate,high,reuters,1
2026-04-01,9651,日本プロセス,日プロ,add,new_candidate,medium,tdnet,3
2026-04-01,9656,グリーンランドリゾート,グリーンランドリゾート,add,exists_in_base,high,"kabutan,nikkei",2
2026-04-01,9656,グリーンランドリゾート,Greenland Resort,skip,duplicate,high,reuters,1
2026-04-01,9656,グリーンランドリゾート,Greenland Resort Co Ltd,skip,duplicate,high,reuters,1
2026-04-01,9656,グリーンランドリゾート,グリンランド,skip,duplicate,high,kabutan,1
2026-04-01,9656,グリーンランドリゾート,グリーンランド,add,new_candidate,medium,tdnet,2
2026-04-01,9658,ビジネスブレイン太田昭和,ビジネスブレイン太田昭和,add,exists_in_base,high,"kabutan,nikkei",2
2026-04-01,9658,ビジネスブレイン太田昭和,ビジ太田昭和,skip,duplicate,high,tdnet,2
2026-04-01,9658,ビジネスブレイン太田昭和,Business Brain Showa-Ota,skip,duplicate,high,reuters,1
2026-04-01,9658,ビジネスブレイン太田昭和,Business Brain Showa-Ota Inc,skip,duplicate,high,reuters,1
2026-04-01,9658,ビジネスブレイン太田昭和,ビジ太田昭,skip,duplicate,high,kabutan,1
2026-04-01,9661,歌舞伎座,歌舞伎座,add,exists_in_base,high,"kabutan,nikkei",2
2026-04-01,9661,歌舞伎座,Kabuki-Za,skip,duplicate,high,reuters,1
2026-04-01,9661,歌舞伎座,Kabuki-Za Co Ltd,skip,duplicate,high,reuters,1
2026-04-01,9661,歌舞伎座,歌舞伎,skip,duplicate,high,kabutan,1
2026-04-01,9663,ナガワ,ナガワ,skip,duplicate,high,"kabutan,nikkei,tdnet",6
2026-04-01,9663,ナガワ,Nagawa,skip,duplicate,high,reuters,1
2026-04-01,9663,ナガワ,Nagawa Co Ltd,skip,duplicate,high,reuters,1
2026-04-01,9672,東京都競馬,東京都競馬,add,exists_in_base,high,"kabutan,nikkei",2
2026-04-01,9672,東京都競馬,Tokyotokeiba,skip,duplicate,high,reuters,1
2026-04-01,9672,東京都競馬,Tokyotokeiba Co Ltd,skip,duplicate,high,reuters,1
2026-04-01,9672,東京都競馬,都競馬,skip,duplicate,high,tdnet,1
2026-04-01,9672,東京都競馬,東競馬,add,new_candidate,medium,kabutan,1
2026-04-01,9678,カナモト,カナモト,skip,duplicate,high,"kabutan,nikkei,tdnet",5
2026-04-01,9678,カナモト,Kanamoto,skip,duplicate,high,reuters,1
2026-04-01,9678,カナモト,Kanamoto Co Ltd,skip,duplicate,high,reuters,1
2026-04-01,9679,ホウライ,ホウライ,skip,duplicate,high,"kabutan,nikkei",2
2026-04-01,9679,ホウライ,Horai,skip,duplicate,high,reuters,1
2026-04-01,9679,ホウライ,Horai Co Ltd,skip,duplicate,high,reuters,1
2026-04-01,9682,DTS,DTS,skip,duplicate,high,"kabutan,nikkei,reuters",3
2026-04-01,9682,DTS,DTS Corp,skip,duplicate,high,reuters,1
2026-04-01,9684,スクウェア・エニックス・ﾎｰﾙﾃﾞｨﾝｸﾞｽ,スクウェア・エニックス・ホールディングス,add,exists_in_base,high,"kabutan,nikkei",2
2026-04-01,9684,スクウェア・エニックス・ﾎｰﾙﾃﾞｨﾝｸﾞｽ,Square Enix,skip,duplicate,high,reuters,1
2026-04-01,9684,スクウェア・エニックス・ﾎｰﾙﾃﾞｨﾝｸﾞｽ,Square Enix Holdings Co Ltd,skip,duplicate,high,reuters,1
2026-04-01,9684,スクウェア・エニックス・ﾎｰﾙﾃﾞｨﾝｸﾞｽ,スクエニHD,skip,duplicate,high,kabutan,1
2026-04-01,9685,KYCOMﾎｰﾙﾃﾞｨﾝｸﾞｽ,KYCOM,skip,duplicate,high,"kabutan,reuters",2
2026-04-01,9685,KYCOMﾎｰﾙﾃﾞｨﾝｸﾞｽ,KYCOMホールディングス,skip,duplicate,high,"kabutan,nikkei",2
2026-04-01,9685,KYCOMﾎｰﾙﾃﾞｨﾝｸﾞｽ,Kycom Holdings Co Ltd,skip,duplicate,high,reuters,1
2026-04-01,9686,東洋テック,東洋テック,skip,duplicate,high,"kabutan,nikkei,tdnet",5
2026-04-01,9686,東洋テック,Toyo Tec,skip,duplicate,high,reuters,1
2026-04-01,9686,東洋テック,Toyo Tec Co Ltd,skip,duplicate,high,reuters,1
2026-04-01,9686,東洋テック,東洋テク,skip,duplicate,high,kabutan,1
2026-04-01,9687,KSK,KSK,skip,duplicate,high,"kabutan,nikkei,reuters,tdnet",4
2026-04-01,9687,KSK,KSK Co Ltd,skip,duplicate,high,reuters,1
2026-04-01,9691,両毛システムズ,両毛システムズ,add,exists_in_base,high,"kabutan,nikkei",2
2026-04-01,9691,両毛システムズ,Ryomo Systems,skip,duplicate,high,reuters,1
2026-04-01,9691,両毛システムズ,Ryomo Systems Co Ltd,skip,duplicate,high,reuters,1
2026-04-01,9691,両毛システムズ,両毛システム,skip,duplicate,high,kabutan,1
2026-04-01,9692,シーイーシー,シーイーシー,skip,duplicate,high,"kabutan,nikkei,tdnet",6
2026-04-01,9692,シーイーシー,Computer Engineering & Consulting,skip,duplicate,high,reuters,1
2026-04-01,9692,シーイーシー,Computer Engineering & Consulting Ltd,skip,duplicate,high,reuters,1
2026-04-01,9697,カプコン,カプコン,skip,duplicate,high,"kabutan,nikkei,tdnet",3
2026-04-01,9697,カプコン,Capcom,skip,duplicate,high,reuters,1
2026-04-01,9697,カプコン,Capcom Co Ltd,skip,duplicate,high,reuters,1
2026-04-01,9698,クレオ,クレオ,skip,duplicate,high,"kabutan,nikkei,tdnet",5
2026-04-01,9698,クレオ,Creo,skip,duplicate,high,reuters,1
2026-04-01,9698,クレオ,Creo Co Ltd,skip,duplicate,high,reuters,1
2026-04-01,9699,ニシオﾎｰﾙﾃﾞｨﾝｸﾞｽ,ニシオホールディングス,add,exists_in_base,high,"kabutan,nikkei",2
2026-04-01,9699,ニシオﾎｰﾙﾃﾞｨﾝｸﾞｽ,Nishio,skip,duplicate,high,reuters,1
2026-04-01,9699,ニシオﾎｰﾙﾃﾞｨﾝｸﾞｽ,Nishio Holdings Co Ltd,skip,duplicate,high,reuters,1
2026-04-01,9699,ニシオﾎｰﾙﾃﾞｨﾝｸﾞｽ,ニシオHD,skip,duplicate,high,kabutan,1
2026-04-01,9701,東京會舘,東京会館,add,new_candidate,high,"nikkei,tdnet",2
2026-04-01,9701,東京會舘,Tokyo Kaikan,skip,duplicate,high,reuters,1
2026-04-01,9701,東京會舘,Tokyo Kaikan Co Ltd,skip,duplicate,high,reuters,1
2026-04-01,9701,東京會舘,会舘,skip,duplicate,high,kabutan,1
2026-04-01,9701,東京會舘,東京會舘,add,exists_in_base,high,kabutan,1
2026-04-01,9702,アイ・エス・ビー,アイ・エス・ビー,skip,duplicate,high,"kabutan,nikkei,tdnet",4
2026-04-01,9702,アイ・エス・ビー,ISB,skip,duplicate,high,reuters,1
2026-04-01,9702,アイ・エス・ビー,ISB Corp,skip,duplicate,high,reuters,1
2026-04-01,9704,アゴーラ ホスピタリティー ｸﾞﾙｰﾌﾟ,アゴーラHG,skip,duplicate,high,"kabutan,tdnet",3
2026-04-01,9704,アゴーラ ホスピタリティー ｸﾞﾙｰﾌﾟ,アゴーラ ホスピタリティー グループ,skip,duplicate,high,"kabutan,nikkei",2
2026-04-01,9704,アゴーラ ホスピタリティー ｸﾞﾙｰﾌﾟ,Agora Hospitality,skip,duplicate,high,reuters,1
2026-04-01,9704,アゴーラ ホスピタリティー ｸﾞﾙｰﾌﾟ,Agora Hospitality Group Co Ltd,skip,duplicate,high,reuters,1
2026-04-01,9706,日本空港ビルデング,日本空港ビルデング,add,exists_in_base,high,"kabutan,nikkei",2
2026-04-01,9706,日本空港ビルデング,Japan Airport Terminal,skip,duplicate,high,reuters,1
2026-04-01,9706,日本空港ビルデング,Japan Airport Terminal Co Ltd,skip,duplicate,high,reuters,1
2026-04-01,9706,日本空港ビルデング,日本空港ビル,skip,duplicate,high,kabutan,1
2026-04-01,9706,日本空港ビルデング,日空ビル,skip,duplicate,high,tdnet,1
2026-04-01,9708,帝国ホテル,帝国ホテル,skip,duplicate,high,"kabutan,nikkei,tdnet",4
2026-04-01,9708,帝国ホテル,Imperial Hotel,skip,duplicate,high,reuters,1
2026-04-01,9708,帝国ホテル,Imperial Hotel Ltd,skip,duplicate,high,reuters,1
2026-04-01,9708,帝国ホテル,帝ホテル,add,new_candidate,medium,kabutan,1
2026-04-01,9709,NCS＆A,NCS&A,skip,duplicate,high,"kabutan,nikkei,reuters,tdnet",6
2026-04-01,9709,NCS＆A,NCS&A Co Ltd,skip,duplicate,high,reuters,1
2026-04-01,9713,ロイヤルホテル,ロイヤルホテル,skip,duplicate,high,"kabutan,nikkei,tdnet",7
2026-04-01,9713,ロイヤルホテル,Royal Hotel,skip,duplicate,high,reuters,1
2026-04-01,9713,ロイヤルホテル,Royal Hotel Ltd,skip,duplicate,high,reuters,1
2026-04-01,9713,ロイヤルホテル,ロイヤルホ,skip,duplicate,high,kabutan,1
2026-04-01,9715,トランス・コスモス,トランス・コスモス,skip,duplicate,high,"kabutan,nikkei,tdnet",4
2026-04-01,9715,トランス・コスモス,transcosmos,skip,duplicate,high,reuters,1
2026-04-01,9715,トランス・コスモス,transcosmos Inc,skip,duplicate,high,reuters,1
2026-04-01,9715,トランス・コスモス,トランスコス,add,new_candidate,medium,kabutan,1
2026-04-01,9716,乃村工藝社,乃村工芸社,skip,duplicate,high,"kabutan,nikkei",2
2026-04-01,9716,乃村工藝社,Nomura,skip,duplicate,high,reuters,1
2026-04-01,9716,乃村工藝社,Nomura Co Ltd,skip,duplicate,high,reuters,1
2026-04-01,9716,乃村工藝社,乃村工藝社,add,exists_in_base,high,kabutan,1
2026-04-01,9719,SCSK,SCSK,skip,duplicate,high,"kabutan,tdnet",2
2026-04-01,9719,SCSK,9719.T,add,new_candidate,medium,reuters,1
2026-04-01,9720,ホテル、ニューグランド,ニューグランド,skip,duplicate,high,tdnet,2
2026-04-01,9720,ホテル、ニューグランド,ホテル、ニューグランド,add,exists_in_base,high,"kabutan,nikkei",2
2026-04-01,9720,ホテル、ニューグランド,Hotel Newgrand,skip,duplicate,high,reuters,1
2026-04-01,9720,ホテル、ニューグランド,Hotel Newgrand Co Ltd,skip,duplicate,high,reuters,1
2026-04-01,9720,ホテル、ニューグランド,グランド,skip,duplicate,high,kabutan,1
2026-04-01,9722,藤田観光,藤田観,skip,duplicate,high,"kabutan,tdnet",2
2026-04-01,9722,藤田観光,藤田観光,add,exists_in_base,high,"kabutan,nikkei",2
2026-04-01,9722,藤田観光,Fujita Kanko,skip,duplicate,high,reuters,1
2026-04-01,9722,藤田観光,Fujita Kanko Inc,skip,duplicate,high,reuters,1
2026-04-01,9723,京都ホテル,京都ホテル,skip,duplicate,high,"kabutan,nikkei,tdnet",3
2026-04-01,9723,京都ホテル,Kyoto Hotel,skip,duplicate,high,reuters,1
2026-04-01,9723,京都ホテル,Kyoto Hotel Ltd,skip,duplicate,high,reuters,1
2026-04-01,9723,京都ホテル,京都ホ,skip,duplicate,high,kabutan,1
2026-04-01,9726,KNT－CTﾎｰﾙﾃﾞｨﾝｸﾞｽ,KNT-CTホールディングス,skip,duplicate,high,"kabutan,nikkei",2
2026-04-01,9726,KNT－CTﾎｰﾙﾃﾞｨﾝｸﾞｽ,KNTCT,skip,duplicate,high,"kabutan,reuters",2
2026-04-01,9726,KNT－CTﾎｰﾙﾃﾞｨﾝｸﾞｽ,KNT-CT Holdings Co Ltd,skip,duplicate,high,reuters,1
2026-04-01,9729,トーカイ,トーカイ,skip,duplicate,high,"kabutan,nikkei,tdnet",3
2026-04-01,9729,トーカイ,Tokai Corp (Gifu),skip,duplicate,high,reuters,1
2026-04-01,9731,白洋舎,白洋舎,skip,duplicate,high,"kabutan,nikkei",2
2026-04-01,9731,白洋舎,Hakuyosha,skip,duplicate,high,reuters,1
2026-04-01,9731,白洋舎,Hakuyosha Co Ltd,skip,duplicate,high,reuters,1
2026-04-01,9733,ナガセ,ナガセ,skip,duplicate,high,"kabutan,nikkei",2
2026-04-01,9733,ナガセ,Nagase Brothers,skip,duplicate,high,reuters,1
2026-04-01,9733,ナガセ,Nagase Brothers Inc,skip,duplicate,high,reuters,1
2026-04-01,9735,セコム,セコム,add,exists_in_base,high,"kabutan,nikkei",2
2026-04-01,9735,セコム,Secom,skip,duplicate,high,reuters,1
2026-04-01,9735,セコム,Secom Co Ltd,skip,duplicate,high,reuters,1
2026-04-01,9739,NSW,NSW,skip,duplicate,high,"kabutan,nikkei,reuters,tdnet",4
2026-04-01,9739,NSW,NSW Inc,skip,duplicate,high,reuters,1
2026-04-01,9740,セントラル警備保障,CSP,skip,duplicate,high,"kabutan,nikkei",2
2026-04-01,9740,セントラル警備保障,Central Security Patrols,skip,duplicate,high,reuters,1
2026-04-01,9740,セントラル警備保障,Central Security Patrols Co Ltd,skip,duplicate,high,reuters,1
2026-04-01,9740,セントラル警備保障,セントラル警備保障,add,exists_in_base,high,kabutan,1
2026-04-01,9742,アイネス,アイネス,skip,duplicate,high,"kabutan,nikkei,tdnet",3
2026-04-01,9742,アイネス,INES,skip,duplicate,high,reuters,1
2026-04-01,9742,アイネス,INES Corp,skip,duplicate,high,reuters,1
2026-04-01,9743,丹青社,丹青社,add,exists_in_base,high,"kabutan,nikkei,tdnet",4
2026-04-01,9743,丹青社,Tanseisha,skip,duplicate,high,reuters,1
2026-04-01,9743,丹青社,Tanseisha Co Ltd,skip,duplicate,high,reuters,1
2026-04-01,9744,メイテックｸﾞﾙｰﾌﾟﾎｰﾙﾃﾞｨﾝｸﾞｽ,メイテックグループホールディングス,skip,duplicate,high,"kabutan,nikkei",2
2026-04-01,9744,メイテックｸﾞﾙｰﾌﾟﾎｰﾙﾃﾞｨﾝｸﾞｽ,MEITEC,skip,duplicate,high,reuters,1
2026-04-01,9744,メイテックｸﾞﾙｰﾌﾟﾎｰﾙﾃﾞｨﾝｸﾞｽ,MEITEC Group Holdings Inc,skip,duplicate,high,reuters,1
2026-04-01,9744,メイテックｸﾞﾙｰﾌﾟﾎｰﾙﾃﾞｨﾝｸﾞｽ,メイテックG,skip,duplicate,high,kabutan,1
2026-04-01,9746,TKC,TKC,skip,duplicate,high,"kabutan,nikkei,reuters,tdnet",5
2026-04-01,9746,TKC,TKC Corp,skip,duplicate,high,reuters,1
2026-04-01,9753,アイエックス・ナレッジ,アイエックス・ナレッジ,add,exists_in_base,high,"kabutan,nikkei",2
2026-04-01,9753,アイエックス・ナレッジ,I X Knowledge,skip,duplicate,high,reuters,1
2026-04-01,9753,アイエックス・ナレッジ,I X Knowledge Inc,skip,duplicate,high,reuters,1
2026-04-01,9753,アイエックス・ナレッジ,IXナレッジ,skip,duplicate,high,kabutan,1
2026-04-01,9755,応用地質,応用地質,add,exists_in_base,high,"kabutan,nikkei",2
2026-04-01,9755,応用地質,Oyo,skip,duplicate,high,reuters,1
2026-04-01,9755,応用地質,Oyo Corp,skip,duplicate,high,reuters,1
2026-04-01,9757,船井総研ﾎｰﾙﾃﾞｨﾝｸﾞｽ,船井総研ホールディングス,skip,duplicate,high,"kabutan,nikkei",2
2026-04-01,9757,船井総研ﾎｰﾙﾃﾞｨﾝｸﾞｽ,Funai Soken,skip,duplicate,high,reuters,1
2026-04-01,9757,船井総研ﾎｰﾙﾃﾞｨﾝｸﾞｽ,Funai Soken Holdings Inc,skip,duplicate,high,reuters,1
2026-04-01,9757,船井総研ﾎｰﾙﾃﾞｨﾝｸﾞｽ,船井総研HD,skip,duplicate,high,kabutan,1
2026-04-01,9759,NSD,NSD,skip,duplicate,high,"kabutan,nikkei,reuters,tdnet",4
2026-04-01,9759,NSD,NSD Co Ltd,skip,duplicate,high,reuters,1
2026-04-01,9760,進学会ﾎｰﾙﾃﾞｨﾝｸﾞｽ,進学会HD,skip,duplicate,high,"kabutan,tdnet",3
2026-04-01,9760,進学会ﾎｰﾙﾃﾞｨﾝｸﾞｽ,進学会ホールディングス,skip,duplicate,high,"kabutan,nikkei",2
2026-04-01,9760,進学会ﾎｰﾙﾃﾞｨﾝｸﾞｽ,Shingakukai,skip,duplicate,high,reuters,1
2026-04-01,9760,進学会ﾎｰﾙﾃﾞｨﾝｸﾞｽ,Shingakukai Holdings Co Ltd,skip,duplicate,high,reuters,1
2026-04-01,9761,東海リース,東海リース,add,exists_in_base,high,"kabutan,nikkei",2
2026-04-01,9761,東海リース,Tokai Lease,skip,duplicate,high,reuters,1
2026-04-01,9761,東海リース,Tokai Lease Co Ltd,skip,duplicate,high,reuters,1
2026-04-01,9763,丸建リース,丸建リース,skip,duplicate,high,"kabutan,nikkei,tdnet",4
2026-04-01,9763,丸建リース,Maruken Lease,skip,duplicate,high,reuters,1
2026-04-01,9763,丸建リース,Maruken Lease Co Ltd,skip,duplicate,high,reuters,1
2026-04-01,9765,オオバ,オオバ,skip,duplicate,high,"kabutan,nikkei,tdnet",6
2026-04-01,9765,オオバ,Ohba,skip,duplicate,high,reuters,1
2026-04-01,9765,オオバ,Ohba Co Ltd,skip,duplicate,high,reuters,1
2026-04-01,9766,コナミｸﾞﾙｰﾌﾟ,コナミグループ,skip,duplicate,high,"kabutan,nikkei",2
2026-04-01,9766,コナミｸﾞﾙｰﾌﾟ,Konami,skip,duplicate,high,reuters,1
2026-04-01,9766,コナミｸﾞﾙｰﾌﾟ,Konami Group Corp,skip,duplicate,high,reuters,1
2026-04-01,9766,コナミｸﾞﾙｰﾌﾟ,コナミG,skip,duplicate,high,kabutan,1
2026-04-01,9767,日建工学,日建工学,add,exists_in_base,high,"kabutan,nikkei",2
2026-04-01,9767,日建工学,Nikken Kogaku,skip,duplicate,high,reuters,1
2026-04-01,9767,日建工学,Nikken Kogaku Co Ltd,skip,duplicate,high,reuters,1
2026-04-01,9768,いであ,いであ,skip,duplicate,high,"kabutan,nikkei",2
2026-04-01,9768,いであ,Idea Consultants,skip,duplicate,high,reuters,1
2026-04-01,9768,いであ,Idea Consultants Inc,skip,duplicate,high,reuters,1
2026-04-01,9769,学究社,学究社,add,exists_in_base,high,"kabutan,nikkei,tdnet",3
2026-04-01,9769,学究社,Gakkyusha,skip,duplicate,high,reuters,1
2026-04-01,9769,学究社,Gakkyusha Co Ltd,skip,duplicate,high,reuters,1
2026-04-01,9778,昴,Subaru,skip,duplicate,high,reuters,1
2026-04-01,9778,昴,Subaru Co Ltd,skip,duplicate,high,reuters,1
2026-04-01,9780,ハリマビステム,ハリマビステム,skip,duplicate,high,"kabutan,nikkei,tdnet",7
2026-04-01,9780,ハリマビステム,Harima B.Stem,skip,duplicate,high,reuters,1
2026-04-01,9780,ハリマビステム,Harima B.Stem Corp,skip,duplicate,high,reuters,1
2026-04-01,9780,ハリマビステム,ビステム,skip,duplicate,high,kabutan,1
2026-04-01,9782,ディーエムエス,ディーエムエス,skip,duplicate,high,"kabutan,nikkei,tdnet",3
2026-04-01,9782,ディーエムエス,DMS,skip,duplicate,high,kabutan,1
2026-04-01,9782,ディーエムエス,9782.T,add,new_candidate,medium,reuters,1
2026-04-01,9788,ナック,ナック,skip,duplicate,high,"kabutan,nikkei,tdnet",4
2026-04-01,9788,ナック,Nac,skip,duplicate,high,reuters,1
2026-04-01,9788,ナック,Nac Co Ltd,skip,duplicate,high,reuters,1
2026-04-01,9790,福井コンピュータﾎｰﾙﾃﾞｨﾝｸﾞｽ,福井コンピュータホールディングス,skip,duplicate,high,"kabutan,nikkei",2
2026-04-01,9790,福井コンピュータﾎｰﾙﾃﾞｨﾝｸﾞｽ,Fukui Computer,skip,duplicate,high,reuters,1
2026-04-01,9790,福井コンピュータﾎｰﾙﾃﾞｨﾝｸﾞｽ,Fukui Computer Holdings Inc,skip,duplicate,high,reuters,1
2026-04-01,9790,福井コンピュータﾎｰﾙﾃﾞｨﾝｸﾞｽ,福井コン,skip,duplicate,high,kabutan,1
2026-04-01,9791,ビケンテクノ,ビケンテクノ,add,exists_in_base,high,"kabutan,nikkei",2
2026-04-01,9791,ビケンテクノ,Biken Techno,skip,duplicate,high,reuters,1
2026-04-01,9791,ビケンテクノ,Biken Techno Corp,skip,duplicate,high,reuters,1
2026-04-01,9793,ダイセキ,ダイセキ,add,exists_in_base,high,"kabutan,nikkei",2
2026-04-01,9793,ダイセキ,Daiseki,skip,duplicate,high,reuters,1
2026-04-01,9793,ダイセキ,Daiseki Co Ltd,skip,duplicate,high,reuters,1
2026-04-01,9795,ステップ,ステップ,skip,duplicate,high,"kabutan,nikkei,tdnet",4
2026-04-01,9795,ステップ,Step,skip,duplicate,high,reuters,1
2026-04-01,9795,ステップ,Step Co Ltd,skip,duplicate,high,reuters,1
2026-04-01,9799,旭情報サービス,旭情報,skip,duplicate,high,"kabutan,tdnet",6
2026-04-01,9799,旭情報サービス,旭情報サービス,add,exists_in_base,high,"kabutan,nikkei",2
2026-04-01,9799,旭情報サービス,Asahi Intelligence Service,skip,duplicate,high,reuters,1
2026-04-01,9799,旭情報サービス,Asahi Intelligence Service Co Ltd,skip,duplicate,high,reuters,1
2026-04-01,9812,テーオーﾎｰﾙﾃﾞｨﾝｸﾞｽ,テーオーHD,skip,duplicate,high,"kabutan,tdnet",2
2026-04-01,9812,テーオーﾎｰﾙﾃﾞｨﾝｸﾞｽ,テーオーホールディングス,skip,duplicate,high,"kabutan,nikkei",2
2026-04-01,9812,テーオーﾎｰﾙﾃﾞｨﾝｸﾞｽ,T.O.,skip,duplicate,high,reuters,1
2026-04-01,9812,テーオーﾎｰﾙﾃﾞｨﾝｸﾞｽ,T.O. Holdings Co Ltd,skip,duplicate,high,reuters,1
2026-04-01,9816,ストライダーズ,ストライダーズ,skip,duplicate,high,"kabutan,nikkei,tdnet",4
2026-04-01,9816,ストライダーズ,Striders,skip,duplicate,high,reuters,1
2026-04-01,9816,ストライダーズ,Striders Corp,skip,duplicate,high,reuters,1
2026-04-01,9816,ストライダーズ,ストライダズ,skip,duplicate,high,kabutan,1
2026-04-01,9818,大丸エナウィン,大丸エナ,skip,duplicate,high,"kabutan,tdnet",3
2026-04-01,9818,大丸エナウィン,大丸エナウィン,add,exists_in_base,high,"kabutan,nikkei",2
2026-04-01,9818,大丸エナウィン,Daimaru Enawin,skip,duplicate,high,reuters,1
2026-04-01,9818,大丸エナウィン,Daimaru Enawin Co Ltd,skip,duplicate,high,reuters,1
2026-04-01,9820,エムティジェネックス,エムティジェネックス,add,exists_in_base,high,"kabutan,nikkei",2
2026-04-01,9820,エムティジェネックス,MT Genex,skip,duplicate,high,reuters,1
2026-04-01,9820,エムティジェネックス,MT Genex Corp,skip,duplicate,high,reuters,1
2026-04-01,9820,エムティジェネックス,MTジェネック,skip,duplicate,high,tdnet,1
2026-04-01,9820,エムティジェネックス,ジェネックス,skip,duplicate,high,kabutan,1
2026-04-01,9823,マミーマートﾎｰﾙﾃﾞｨﾝｸﾞｽ,マミーマートHD,skip,duplicate,high,tdnet,4
2026-04-01,9823,マミーマートﾎｰﾙﾃﾞｨﾝｸﾞｽ,マミーマートホールディングス,skip,duplicate,high,"kabutan,nikkei",2
2026-04-01,9823,マミーマートﾎｰﾙﾃﾞｨﾝｸﾞｽ,Mammy Mart,skip,duplicate,high,reuters,1
2026-04-01,9823,マミーマートﾎｰﾙﾃﾞｨﾝｸﾞｽ,Mammy Mart Holdings Corp,skip,duplicate,high,reuters,1
2026-04-01,9823,マミーマートﾎｰﾙﾃﾞｨﾝｸﾞｽ,マミーマート,skip,duplicate,high,kabutan,1
2026-04-01,9824,泉州電業,泉州電業,skip,duplicate,high,"kabutan,nikkei,tdnet",8
2026-04-01,9824,泉州電業,Senshu Electric,skip,duplicate,high,reuters,1
2026-04-01,9824,泉州電業,Senshu Electric Co Ltd,skip,duplicate,high,reuters,1
2026-04-01,9824,泉州電業,泉州電,skip,duplicate,high,kabutan,1
2026-04-01,9827,リリカラ,リリカラ,skip,duplicate,high,"kabutan,nikkei,tdnet",6
2026-04-01,9828,Genki Global Dining Concepts,Genki Global Dining Concepts,skip,duplicate,high,"kabutan,nikkei,reuters",3
2026-04-01,9828,Genki Global Dining Concepts,ゲンキGDC,skip,duplicate,high,"kabutan,tdnet",3
2026-04-01,9828,Genki Global Dining Concepts,Genki Global Dining Concepts Corp,skip,duplicate,high,reuters,1
2026-04-01,9830,トラスコ中山,トラスコ中山,skip,duplicate,high,"kabutan,nikkei",2
2026-04-01,9830,トラスコ中山,Trusco Nakayama,skip,duplicate,high,reuters,1
2026-04-01,9830,トラスコ中山,Trusco Nakayama Corp,skip,duplicate,high,reuters,1
2026-04-01,9831,ヤマダﾎｰﾙﾃﾞｨﾝｸﾞｽ,ヤマダHD,skip,duplicate,high,"kabutan,tdnet",6
2026-04-01,9831,ヤマダﾎｰﾙﾃﾞｨﾝｸﾞｽ,ヤマダホールディングス,skip,duplicate,high,"kabutan,nikkei",2
2026-04-01,9831,ヤマダﾎｰﾙﾃﾞｨﾝｸﾞｽ,Yamada,skip,duplicate,high,reuters,1
2026-04-01,9831,ヤマダﾎｰﾙﾃﾞｨﾝｸﾞｽ,Yamada Holdings Co Ltd,skip,duplicate,high,reuters,1
2026-04-01,9832,オートバックスセブン,オートバックス,skip,duplicate,high,tdnet,2
2026-04-01,9832,オートバックスセブン,オートバックスセブン,add,exists_in_base,high,"kabutan,nikkei",2
2026-04-01,9832,オートバックスセブン,Autobacs Seven,skip,duplicate,high,reuters,1
2026-04-01,9832,オートバックスセブン,Autobacs Seven Co Ltd,skip,duplicate,high,reuters,1
2026-04-01,9832,オートバックスセブン,オートバクス,skip,duplicate,high,kabutan,1
2026-04-01,9835,ジュンテンドー,ジュンテンドー,add,exists_in_base,high,"kabutan,nikkei",2
2026-04-01,9835,ジュンテンドー,Juntendo,skip,duplicate,high,reuters,1
2026-04-01,9835,ジュンテンドー,Juntendo Co Ltd,skip,duplicate,high,reuters,1
2026-04-01,9835,ジュンテンドー,ジュンテン,skip,duplicate,high,kabutan,1
2026-04-01,9835,ジュンテンドー,ジュンテンド,add,new_candidate,medium,tdnet,1
2026-04-01,9837,モリト,モリト,skip,duplicate,high,"kabutan,nikkei,tdnet",3
2026-04-01,9837,モリト,Morito,skip,duplicate,high,reuters,1
2026-04-01,9837,モリト,Morito Co Ltd,skip,duplicate,high,reuters,1
2026-04-01,9842,アークランズ,アークランズ,skip,duplicate,high,"kabutan,nikkei,tdnet",3
2026-04-01,9842,アークランズ,Arclands,skip,duplicate,high,reuters,1
2026-04-01,9842,アークランズ,Arclands Corp,skip,duplicate,high,reuters,1
2026-04-01,9843,ニトリﾎｰﾙﾃﾞｨﾝｸﾞｽ,ニトリホールディングス,skip,duplicate,high,"kabutan,nikkei",2
2026-04-01,9843,ニトリﾎｰﾙﾃﾞｨﾝｸﾞｽ,Nitori,skip,duplicate,high,reuters,1
2026-04-01,9843,ニトリﾎｰﾙﾃﾞｨﾝｸﾞｽ,Nitori Holdings Co Ltd,skip,duplicate,high,reuters,1
2026-04-01,9843,ニトリﾎｰﾙﾃﾞｨﾝｸﾞｽ,ニトリHD,skip,duplicate,high,kabutan,1
2026-04-01,9845,パーカーｺｰﾎﾟﾚｰｼｮﾝ,パーカーコーポレーション,skip,duplicate,high,"kabutan,nikkei",2
2026-04-01,9845,パーカーｺｰﾎﾟﾚｰｼｮﾝ,Parker,skip,duplicate,high,reuters,1
2026-04-01,9845,パーカーｺｰﾎﾟﾚｰｼｮﾝ,Parker Corp,skip,duplicate,high,reuters,1
2026-04-01,9845,パーカーｺｰﾎﾟﾚｰｼｮﾝ,パーカー,skip,duplicate,high,kabutan,1
2026-04-01,9846,天満屋ストア,天満屋ストア,add,exists_in_base,high,"kabutan,nikkei",2
2026-04-01,9846,天満屋ストア,天満屋ス,skip,duplicate,high,kabutan,1
2026-04-01,9849,共同紙販ﾎｰﾙﾃﾞｨﾝｸﾞｽ,共同紙,skip,duplicate,high,"kabutan,tdnet",3
2026-04-01,9849,共同紙販ﾎｰﾙﾃﾞｨﾝｸﾞｽ,共同紙販ホールディングス,skip,duplicate,high,"kabutan,nikkei",2
2026-04-01,9849,共同紙販ﾎｰﾙﾃﾞｨﾝｸﾞｽ,Kyodo Paper,skip,duplicate,high,reuters,1
2026-04-01,9849,共同紙販ﾎｰﾙﾃﾞｨﾝｸﾞｽ,Kyodo Paper Holdings,skip,duplicate,high,reuters,1
2026-04-01,9850,グルメ杵屋,グルメ杵屋,add,exists_in_base,high,"kabutan,nikkei,tdnet",3
2026-04-01,9850,グルメ杵屋,Gourmet Kineya,skip,duplicate,high,reuters,1
2026-04-01,9850,グルメ杵屋,Gourmet Kineya Co Ltd,skip,duplicate,high,reuters,1
2026-04-01,9853,銀座ルノアール,銀座ルノア,skip,duplicate,high,"kabutan,tdnet",3
2026-04-01,9853,銀座ルノアール,銀座ルノアール,add,exists_in_base,high,"kabutan,nikkei",2
2026-04-01,9853,銀座ルノアール,Ginza Renoir,skip,duplicate,high,reuters,1
2026-04-01,9853,銀座ルノアール,Ginza Renoir Co Ltd,skip,duplicate,high,reuters,1
2026-04-01,9854,愛眼,愛眼,skip,duplicate,high,"kabutan,nikkei",2
2026-04-01,9854,愛眼,Aigan,skip,duplicate,high,reuters,1
2026-04-01,9854,愛眼,Aigan Co Ltd,skip,duplicate,high,reuters,1
2026-04-01,9856,ケーユーﾎｰﾙﾃﾞｨﾝｸﾞｽ,ケーユーホールディングス,skip,duplicate,high,"kabutan,nikkei",2
2026-04-01,9856,ケーユーﾎｰﾙﾃﾞｨﾝｸﾞｽ,KU Holdings Co Ltd,skip,duplicate,high,reuters,1
2026-04-01,9856,ケーユーﾎｰﾙﾃﾞｨﾝｸﾞｽ,ケーユーHD,skip,duplicate,high,kabutan,1
2026-04-01,9857,英和,英和,skip,duplicate,high,"kabutan,nikkei",2
2026-04-01,9857,英和,Eiwa,skip,duplicate,high,reuters,1
2026-04-01,9857,英和,Eiwa Corp,skip,duplicate,high,reuters,1
2026-04-01,9861,吉野家ﾎｰﾙﾃﾞｨﾝｸﾞｽ,吉野家ホールディングス,skip,duplicate,high,"kabutan,nikkei",2
2026-04-01,9861,吉野家ﾎｰﾙﾃﾞｨﾝｸﾞｽ,Yoshinoya,skip,duplicate,high,reuters,1
2026-04-01,9861,吉野家ﾎｰﾙﾃﾞｨﾝｸﾞｽ,Yoshinoya Holdings Co Ltd,skip,duplicate,high,reuters,1
2026-04-01,9861,吉野家ﾎｰﾙﾃﾞｨﾝｸﾞｽ,吉野家HD,skip,duplicate,high,kabutan,1
2026-04-01,9867,ソレキア,ソレキア,skip,duplicate,high,"kabutan,nikkei,tdnet",3
2026-04-01,9867,ソレキア,Solekia,skip,duplicate,high,reuters,1
2026-04-01,9867,ソレキア,Solekia Ltd,skip,duplicate,high,reuters,1
2026-04-01,9869,加藤産業,加藤産業,skip,duplicate,high,"kabutan,nikkei,tdnet",4
2026-04-01,9869,加藤産業,Kato Sangyo,skip,duplicate,high,reuters,1
2026-04-01,9869,加藤産業,Kato Sangyo Co Ltd,skip,duplicate,high,reuters,1
2026-04-01,9869,加藤産業,加藤産,skip,duplicate,high,kabutan,1
2026-04-01,9872,北恵,北恵,skip,duplicate,high,"kabutan,nikkei,tdnet",3
2026-04-01,9872,北恵,Kitakei,skip,duplicate,high,reuters,1
2026-04-01,9872,北恵,Kitakei Co Ltd,skip,duplicate,high,reuters,1
2026-04-01,9876,コックス,コックス,skip,duplicate,high,"kabutan,nikkei,tdnet",3
2026-04-01,9876,コックス,Cox,skip,duplicate,high,reuters,1
2026-04-01,9876,コックス,Cox Co Ltd,skip,duplicate,high,reuters,1
2026-04-01,9878,セキド,セキド,skip,duplicate,high,"kabutan,nikkei,tdnet",7
2026-04-01,9878,セキド,Sekido,skip,duplicate,high,reuters,1
2026-04-01,9878,セキド,Sekido Co Ltd,skip,duplicate,high,reuters,1
2026-04-01,9880,イノテック,イノテック,skip,duplicate,high,"kabutan,nikkei,tdnet",4
2026-04-01,9880,イノテック,Innotech,skip,duplicate,high,reuters,1
2026-04-01,9880,イノテック,Innotech Corp,skip,duplicate,high,reuters,1
2026-04-01,9882,イエローハット,イエローハット,skip,duplicate,high,"kabutan,nikkei,tdnet",4
2026-04-01,9882,イエローハット,Yellow Hat,skip,duplicate,high,reuters,1
2026-04-01,9882,イエローハット,Yellow Hat Ltd,skip,duplicate,high,reuters,1
2026-04-01,9882,イエローハット,イエロハット,skip,duplicate,high,kabutan,1
2026-04-01,9885,シャルレ,シャルレ,skip,duplicate,high,"kabutan,nikkei,tdnet",6
2026-04-01,9885,シャルレ,Charle,skip,duplicate,high,reuters,1
2026-04-01,9885,シャルレ,Charle Co Ltd,skip,duplicate,high,reuters,1
2026-04-01,9887,松屋フーズﾎｰﾙﾃﾞｨﾝｸﾞｽ,松屋フーズHD,skip,duplicate,high,tdnet,2
2026-04-01,9887,松屋フーズﾎｰﾙﾃﾞｨﾝｸﾞｽ,松屋フーズホールディングス,skip,duplicate,high,"kabutan,nikkei",2
2026-04-01,9887,松屋フーズﾎｰﾙﾃﾞｨﾝｸﾞｽ,Matsuya Foods,skip,duplicate,high,reuters,1
2026-04-01,9887,松屋フーズﾎｰﾙﾃﾞｨﾝｸﾞｽ,Matsuya Foods Holdings Co Ltd,skip,duplicate,high,reuters,1
2026-04-01,9887,松屋フーズﾎｰﾙﾃﾞｨﾝｸﾞｽ,松屋フーズ,skip,duplicate,high,kabutan,1
2026-04-01,9888,UEX,UEX,skip,duplicate,high,"kabutan,nikkei,reuters,tdnet",4
2026-04-01,9888,UEX,UEX Ltd,skip,duplicate,high,reuters,1
2026-04-01,9889,JBCCﾎｰﾙﾃﾞｨﾝｸﾞｽ,JBCCHD,skip,duplicate,high,"kabutan,tdnet",6
2026-04-01,9889,JBCCﾎｰﾙﾃﾞｨﾝｸﾞｽ,JBCCホールディングス,skip,duplicate,high,"kabutan,nikkei",2
2026-04-01,9889,JBCCﾎｰﾙﾃﾞｨﾝｸﾞｽ,JBCC,skip,duplicate,high,reuters,1
2026-04-01,9889,JBCCﾎｰﾙﾃﾞｨﾝｸﾞｽ,JBCC Holdings Inc,skip,duplicate,high,reuters,1
2026-04-01,9890,マキヤ,マキヤ,skip,duplicate,high,"kabutan,nikkei,tdnet",3
2026-04-01,9890,マキヤ,Makiya,skip,duplicate,high,reuters,1
2026-04-01,9890,マキヤ,Makiya Co Ltd,skip,duplicate,high,reuters,1
2026-04-01,9895,コンセック,コンセック,skip,duplicate,high,"kabutan,nikkei,tdnet",3
2026-04-01,9895,コンセック,Consec,skip,duplicate,high,reuters,1
2026-04-01,9895,コンセック,Consec Corp,skip,duplicate,high,reuters,1
2026-04-01,9896,JKﾎｰﾙﾃﾞｨﾝｸﾞｽ,JKHD,skip,duplicate,high,"kabutan,tdnet",3
2026-04-01,9896,JKﾎｰﾙﾃﾞｨﾝｸﾞｽ,JKホールディングス,skip,duplicate,high,"kabutan,nikkei",2
2026-04-01,9896,JKﾎｰﾙﾃﾞｨﾝｸﾞｽ,JK Holdings Co Ltd,skip,duplicate,high,reuters,1
2026-04-01,9900,サガミﾎｰﾙﾃﾞｨﾝｸﾞｽ,サガミHD,skip,duplicate,high,"kabutan,tdnet",2
2026-04-01,9900,サガミﾎｰﾙﾃﾞｨﾝｸﾞｽ,サガミホールディングス,skip,duplicate,high,"kabutan,nikkei",2
2026-04-01,9900,サガミﾎｰﾙﾃﾞｨﾝｸﾞｽ,Sagami,skip,duplicate,high,reuters,1
2026-04-01,9900,サガミﾎｰﾙﾃﾞｨﾝｸﾞｽ,Sagami Holdings Corp,skip,duplicate,high,reuters,1
2026-04-01,9902,日伝,日伝,skip,duplicate,high,"kabutan,nikkei,tdnet",3
2026-04-01,9902,日伝,Nichiden,skip,duplicate,high,reuters,1
2026-04-01,9902,日伝,Nichiden Corp,skip,duplicate,high,reuters,1
2026-04-01,9903,カンセキ,カンセキ,add,exists_in_base,high,"kabutan,nikkei",2
2026-04-01,9903,カンセキ,Kanseki,skip,duplicate,high,reuters,1
2026-04-01,9903,カンセキ,Kanseki Co Ltd,skip,duplicate,high,reuters,1
2026-04-01,9904,ベリテ,ベリテ,skip,duplicate,high,"kabutan,nikkei,tdnet",3
2026-04-01,9904,ベリテ,Verite,skip,duplicate,high,reuters,1
2026-04-01,9904,ベリテ,Verite Co Ltd,skip,duplicate,high,reuters,1
2026-04-01,9906,藤井産業,藤井産業,add,exists_in_base,high,"kabutan,nikkei,tdnet",3
2026-04-01,9906,藤井産業,Fujii Sangyo,skip,duplicate,high,reuters,1
2026-04-01,9906,藤井産業,Fujii Sangyo Corp,skip,duplicate,high,reuters,1
2026-04-01,9908,日本電計,日本電計,skip,duplicate,high,"kabutan,nikkei,tdnet",11
2026-04-01,9908,日本電計,Denkei,skip,duplicate,high,kabutan,1
2026-04-01,9908,日本電計,Nihon Denkei,skip,duplicate,high,reuters,1
2026-04-01,9908,日本電計,Nihon Denkei Co Ltd,skip,duplicate,high,reuters,1
2026-04-01,9913,日邦産業,日邦産業,skip,duplicate,high,"kabutan,nikkei",2
2026-04-01,9913,日邦産業,Nippo,skip,duplicate,high,reuters,1
2026-04-01,9913,日邦産業,Nippo Ltd,skip,duplicate,high,reuters,1
2026-04-01,9914,植松商会,植松商会,skip,duplicate,high,"kabutan,nikkei,tdnet",3
2026-04-01,9914,植松商会,Uematsu Shokai,skip,duplicate,high,reuters,1
2026-04-01,9914,植松商会,Uematsu Shokai Co Ltd,skip,duplicate,high,reuters,1
2026-04-01,9927,ワットマン,ワットマン,skip,duplicate,high,"kabutan,nikkei,tdnet",4
2026-04-01,9927,ワットマン,Watt Mann,skip,duplicate,high,reuters,1
2026-04-01,9927,ワットマン,Watt Mann Co Ltd,skip,duplicate,high,reuters,1
2026-04-01,9928,ミロク情報サービス,ミロク情報,skip,duplicate,high,"kabutan,tdnet",2
2026-04-01,9928,ミロク情報サービス,ミロク情報サービス,add,exists_in_base,high,"kabutan,nikkei",2
2026-04-01,9928,ミロク情報サービス,Miroku Jyoho Service,skip,duplicate,high,reuters,1
2026-04-01,9928,ミロク情報サービス,Miroku Jyoho Service Co Ltd,skip,duplicate,high,reuters,1
2026-04-01,9929,平和紙業,平和紙業,skip,duplicate,high,"kabutan,nikkei,tdnet",3
2026-04-01,9929,平和紙業,Heiwa Paper,skip,duplicate,high,reuters,1
2026-04-01,9929,平和紙業,Heiwa Paper Co Ltd,skip,duplicate,high,reuters,1
2026-04-01,9930,北沢産業,北沢産業,add,exists_in_base,high,"kabutan,nikkei",2
2026-04-01,9930,北沢産業,Kitazawa Sangyo,skip,duplicate,high,reuters,1
2026-04-01,9930,北沢産業,Kitazawa Sangyo Co Ltd,skip,duplicate,high,reuters,1
2026-04-01,9930,北沢産業,北沢産,skip,duplicate,high,kabutan,1
2026-04-01,9932,杉本商事,杉本商事,skip,duplicate,high,"kabutan,nikkei,tdnet",3
2026-04-01,9932,杉本商事,Sugimoto &,skip,duplicate,high,reuters,1
2026-04-01,9932,杉本商事,Sugimoto & Co Ltd,skip,duplicate,high,reuters,1
2026-04-01,9932,杉本商事,杉本商,skip,duplicate,high,kabutan,1
2026-04-01,9934,因幡電機産業,因幡電産,skip,duplicate,high,"kabutan,tdnet",3
2026-04-01,9934,因幡電機産業,因幡電機産業,add,exists_in_base,high,"kabutan,nikkei",2
2026-04-01,9934,因幡電機産業,Inaba Denki Sangyo,skip,duplicate,high,reuters,1
2026-04-01,9934,因幡電機産業,Inaba Denki Sangyo Co Ltd,skip,duplicate,high,reuters,1
2026-04-01,9936,王将フードサービス,王将フード,skip,duplicate,high,"kabutan,tdnet",2
2026-04-01,9936,王将フードサービス,王将フードサービス,add,exists_in_base,high,"kabutan,nikkei",2
2026-04-01,9936,王将フードサービス,Ohsho Food Service,skip,duplicate,high,reuters,1
2026-04-01,9936,王将フードサービス,Ohsho Food Service Corp,skip,duplicate,high,reuters,1
2026-04-01,9941,太洋物産,太洋物産,skip,duplicate,high,"kabutan,nikkei,tdnet",4
2026-04-01,9941,太洋物産,Taiyo Bussan Kaisha,skip,duplicate,high,reuters,1
2026-04-01,9941,太洋物産,Taiyo Bussan Kaisha Ltd,skip,duplicate,high,reuters,1
2026-04-01,9946,ミニストップ,ミニストップ,add,exists_in_base,high,"kabutan,nikkei,tdnet",3
2026-04-01,9946,ミニストップ,Ministop,skip,duplicate,high,reuters,1
2026-04-01,9946,ミニストップ,Ministop Co Ltd,skip,duplicate,high,reuters,1
2026-04-01,9948,アークス,アークス,skip,duplicate,high,"kabutan,nikkei,tdnet",3
2026-04-01,9948,アークス,Arcs,skip,duplicate,high,reuters,1
2026-04-01,9948,アークス,Arcs Co Ltd,skip,duplicate,high,reuters,1
2026-04-01,9950,ハチバン,ハチバン,skip,duplicate,high,"kabutan,nikkei,tdnet",3
2026-04-01,9950,ハチバン,Hachi-Ban,skip,duplicate,high,reuters,1
2026-04-01,9950,ハチバン,Hachi-Ban Co Ltd,skip,duplicate,high,reuters,1
2026-04-01,9955,ヨンキュウ,ヨンキュウ,skip,duplicate,high,"kabutan,nikkei,tdnet",3
2026-04-01,9955,ヨンキュウ,Yonkyu,skip,duplicate,high,reuters,1
2026-04-01,9955,ヨンキュウ,Yonkyu Co Ltd,skip,duplicate,high,reuters,1
2026-04-01,9956,バローﾎｰﾙﾃﾞｨﾝｸﾞｽ,バローHD,skip,duplicate,high,"kabutan,tdnet",2
2026-04-01,9956,バローﾎｰﾙﾃﾞｨﾝｸﾞｽ,バローホールディングス,skip,duplicate,high,"kabutan,nikkei",2
2026-04-01,9956,バローﾎｰﾙﾃﾞｨﾝｸﾞｽ,Valor,skip,duplicate,high,reuters,1
2026-04-01,9956,バローﾎｰﾙﾃﾞｨﾝｸﾞｽ,Valor Holdings Co Ltd,skip,duplicate,high,reuters,1
2026-04-01,9959,アシードﾎｰﾙﾃﾞｨﾝｸﾞｽ,アシードホールディングス,skip,duplicate,high,"kabutan,nikkei",2
2026-04-01,9959,アシードﾎｰﾙﾃﾞｨﾝｸﾞｽ,Aseed,skip,duplicate,high,reuters,1
2026-04-01,9959,アシードﾎｰﾙﾃﾞｨﾝｸﾞｽ,Aseed Holdings Co Ltd,skip,duplicate,high,reuters,1
2026-04-01,9959,アシードﾎｰﾙﾃﾞｨﾝｸﾞｽ,アシードHD,skip,duplicate,high,kabutan,1
2026-04-01,9960,東テク,東テク,skip,duplicate,high,"kabutan,nikkei,tdnet",3
2026-04-01,9960,東テク,Totech,skip,duplicate,high,reuters,1
2026-04-01,9960,東テク,Totech Corp,skip,duplicate,high,reuters,1
2026-04-01,9962,ミスミｸﾞﾙｰﾌﾟ本社,ミスミG,skip,duplicate,high,"kabutan,tdnet",4
2026-04-01,9962,ミスミｸﾞﾙｰﾌﾟ本社,ミスミグループ本社,skip,duplicate,high,"kabutan,nikkei",2
2026-04-01,9962,ミスミｸﾞﾙｰﾌﾟ本社,Misumi,skip,duplicate,high,reuters,1
2026-04-01,9962,ミスミｸﾞﾙｰﾌﾟ本社,Misumi Group Inc,skip,duplicate,high,reuters,1
2026-04-01,9969,ショクブン,ショクブン,skip,duplicate,high,"kabutan,nikkei",2
2026-04-01,9969,ショクブン,Shokubun,skip,duplicate,high,reuters,1
2026-04-01,9969,ショクブン,Shokubun Co Ltd,skip,duplicate,high,reuters,1
2026-04-01,9972,アルテック,アルテック,skip,duplicate,high,"kabutan,nikkei,tdnet",4
2026-04-01,9972,アルテック,Altech,skip,duplicate,high,reuters,1
2026-04-01,9972,アルテック,Altech Co Ltd,skip,duplicate,high,reuters,1
2026-04-01,9973,KOZOﾎｰﾙﾃﾞｨﾝｸﾞｽ,KOZOHD,skip,duplicate,high,"kabutan,tdnet",6
2026-04-01,9973,KOZOﾎｰﾙﾃﾞｨﾝｸﾞｽ,KOZOホールディングス,skip,duplicate,high,"kabutan,nikkei",2
2026-04-01,9973,KOZOﾎｰﾙﾃﾞｨﾝｸﾞｽ,KOZO,skip,duplicate,high,reuters,1
2026-04-01,9973,KOZOﾎｰﾙﾃﾞｨﾝｸﾞｽ,KOZO Holdings Co Ltd,skip,duplicate,high,reuters,1
2026-04-01,9974,ベルク,ベルク,add,exists_in_base,high,"kabutan,nikkei,tdnet",3
2026-04-01,9974,ベルク,Belc,skip,duplicate,high,reuters,1
2026-04-01,9974,ベルク,Belc Co Ltd,skip,duplicate,high,reuters,1
2026-04-01,9976,セキチュー,セキチュー,add,exists_in_base,high,"kabutan,nikkei,tdnet",5
2026-04-01,9976,セキチュー,Sekichu,skip,duplicate,high,reuters,1
2026-04-01,9976,セキチュー,Sekichu Co Ltd,skip,duplicate,high,reuters,1
2026-04-01,9978,文教堂ｸﾞﾙｰﾌﾟﾎｰﾙﾃﾞｨﾝｸﾞｽ,文教堂グループホールディングス,skip,duplicate,high,"kabutan,nikkei",2
2026-04-01,9978,文教堂ｸﾞﾙｰﾌﾟﾎｰﾙﾃﾞｨﾝｸﾞｽ,Bunkyodo,skip,duplicate,high,reuters,1
2026-04-01,9978,文教堂ｸﾞﾙｰﾌﾟﾎｰﾙﾃﾞｨﾝｸﾞｽ,Bunkyodo Group Holdings Co Ltd,skip,duplicate,high,reuters,1
2026-04-01,9978,文教堂ｸﾞﾙｰﾌﾟﾎｰﾙﾃﾞｨﾝｸﾞｽ,文教堂GHD,skip,duplicate,high,kabutan,1
2026-04-01,9979,大庄,大庄,skip,duplicate,high,"kabutan,nikkei,tdnet",3
2026-04-01,9979,大庄,Daisyo,skip,duplicate,high,reuters,1
2026-04-01,9979,大庄,Daisyo Corp,skip,duplicate,high,reuters,1
2026-04-01,9980,MRKﾎｰﾙﾃﾞｨﾝｸﾞｽ,MRKHLD,skip,duplicate,high,"kabutan,tdnet",6
2026-04-01,9980,MRKﾎｰﾙﾃﾞｨﾝｸﾞｽ,MRKホールディングス,skip,duplicate,high,"kabutan,nikkei",2
2026-04-01,9980,MRKﾎｰﾙﾃﾞｨﾝｸﾞｽ,MRK,skip,duplicate,high,reuters,1
2026-04-01,9980,MRKﾎｰﾙﾃﾞｨﾝｸﾞｽ,MRK Holdings Inc,skip,duplicate,high,reuters,1
2026-04-01,9982,タキヒヨー,タキヒヨー,skip,duplicate,high,"kabutan,nikkei,tdnet",4
2026-04-01,9982,タキヒヨー,Takihyo,skip,duplicate,high,reuters,1
2026-04-01,9982,タキヒヨー,Takihyo Co Ltd,skip,duplicate,high,reuters,1
2026-04-01,9983,ファーストリテイリング,ファーストリテイリング,add,exists_in_base,high,"kabutan,nikkei",2
2026-04-01,9983,ファーストリテイリング,Fast Retailing,skip,duplicate,high,reuters,1
2026-04-01,9983,ファーストリテイリング,Fast Retailing Co Ltd,skip,duplicate,high,reuters,1
2026-04-01,9983,ファーストリテイリング,ファストリ,skip,duplicate,high,kabutan,1
2026-04-01,9984,ソフトバンクｸﾞﾙｰﾌﾟ,ソフトバンクグループ,skip,duplicate,high,"kabutan,nikkei,tdnet",10
2026-04-01,9984,ソフトバンクｸﾞﾙｰﾌﾟ,SBG,skip,duplicate,high,kabutan,1
2026-04-01,9984,ソフトバンクｸﾞﾙｰﾌﾟ,SoftBank,skip,duplicate,high,reuters,1
2026-04-01,9984,ソフトバンクｸﾞﾙｰﾌﾟ,SoftBank Group Corp,skip,duplicate,high,reuters,1
2026-04-01,9986,蔵王産業,蔵王産業,skip,duplicate,high,"kabutan,nikkei,tdnet",3
2026-04-01,9986,蔵王産業,Zaoh,skip,duplicate,high,reuters,1
2026-04-01,9986,蔵王産業,Zaoh Co Ltd,skip,duplicate,high,reuters,1
2026-04-01,9987,スズケン,スズケン,skip,duplicate,high,"kabutan,nikkei,tdnet",4
2026-04-01,9987,スズケン,Suzuken,skip,duplicate,high,reuters,1
2026-04-01,9987,スズケン,Suzuken Co Ltd,skip,duplicate,high,reuters,1
2026-04-01,9989,サンドラッグ,サンドラッグ,add,exists_in_base,high,"kabutan,nikkei",2
2026-04-01,9989,サンドラッグ,Sundrug,skip,duplicate,high,reuters,1
2026-04-01,9989,サンドラッグ,Sundrug Co Ltd,skip,duplicate,high,reuters,1
2026-04-01,9990,サックスバー ﾎｰﾙﾃﾞｨﾝｸﾞｽ,サックスバー ホールディングス,skip,duplicate,high,"kabutan,nikkei",2
2026-04-01,9990,サックスバー ﾎｰﾙﾃﾞｨﾝｸﾞｽ,Sac's Bar,skip,duplicate,high,reuters,1
2026-04-01,9990,サックスバー ﾎｰﾙﾃﾞｨﾝｸﾞｽ,Sac's Bar Holdings Inc,skip,duplicate,high,reuters,1
2026-04-01,9990,サックスバー ﾎｰﾙﾃﾞｨﾝｸﾞｽ,サックスバー,skip,duplicate,high,kabutan,1
2026-04-01,9990,サックスバー ﾎｰﾙﾃﾞｨﾝｸﾞｽ,サックスバーHD,skip,duplicate,high,tdnet,1
2026-04-01,9991,ジェコス,ジェコス,skip,duplicate,high,"kabutan,nikkei,tdnet",5
2026-04-01,9991,ジェコス,Gecoss,skip,duplicate,high,reuters,1
2026-04-01,9991,ジェコス,Gecoss Corp,skip,duplicate,high,reuters,1
2026-04-01,9993,ヤマザワ,ヤマザワ,skip,duplicate,high,"kabutan,nikkei",2
2026-04-01,9993,ヤマザワ,Yamazawa,skip,duplicate,high,reuters,1
2026-04-01,9993,ヤマザワ,Yamazawa Co Ltd,skip,duplicate,high,reuters,1
2026-04-01,9994,やまや,やまや,add,exists_in_base,high,"kabutan,nikkei",2
2026-04-01,9994,やまや,Yamaya,skip,duplicate,high,reuters,1
2026-04-01,9994,やまや,Yamaya Corp,skip,duplicate,high,reuters,1
2026-04-01,9996,サトー商会,サトー商会,add,exists_in_base,high,"kabutan,nikkei,tdnet",3
2026-04-01,9996,サトー商会,Satoh&Co Ltd,skip,duplicate,high,reuters,1
2026-04-01,9997,ベルーナ,ベルーナ,skip,duplicate,high,"kabutan,nikkei,tdnet",4
2026-04-01,9997,ベルーナ,Belluna,skip,duplicate,high,reuters,1
2026-04-01,9997,ベルーナ,Belluna Co Ltd,skip,duplicate,high,reuters,1
