run_date,code,name,alias,action,reason,confidence,sources,seen_count
2026-05-16,1301,極洋,極洋,skip,duplicate,high,"kabutan,nikkei,tdnet",5
2026-05-16,130A,Veritas In Silico,Veritas In Silico,skip,duplicate,high,"kabutan,nikkei",5
2026-05-16,130A,Veritas In Silico,ウェリタス,skip,duplicate,high,kabutan,2
2026-05-16,130A,Veritas In Silico,VIS,review,new_candidate,low,tdnet,6
2026-05-16,1332,ニッスイ,ニッスイ,skip,duplicate,high,"kabutan,nikkei",4
2026-05-16,1333,マルハニチロ,Umios,skip,duplicate,high,"kabutan,nikkei,tdnet",11
2026-05-16,135A,VRAIN Solution,VRAIN Solution,skip,duplicate,high,"kabutan,nikkei",5
2026-05-16,135A,VRAIN Solution,ヴレインS,skip,duplicate,high,kabutan,2
2026-05-16,135A,VRAIN Solution,VRAIN,review,new_candidate,low,tdnet,3
2026-05-16,1375,ユキグニファクトリー,ユキグニファクトリー,skip,duplicate,high,"kabutan,nikkei,tdnet",7
2026-05-16,1375,ユキグニファクトリー,ユキグニ,skip,duplicate,high,kabutan,2
2026-05-16,1376,カネコ種苗,カネコ種苗,skip,duplicate,high,"kabutan,nikkei,tdnet",5
2026-05-16,1376,カネコ種苗,カネコ種,skip,duplicate,high,kabutan,2
2026-05-16,1377,サカタのタネ,サカタのタネ,skip,duplicate,high,"kabutan,nikkei,tdnet",6
2026-05-16,1377,サカタのタネ,サカタタネ,skip,duplicate,high,kabutan,2
2026-05-16,1379,ホクト,ホクト,skip,duplicate,high,"kabutan,nikkei,tdnet",7
2026-05-16,137A,Cocolive,Cocolive,skip,duplicate,high,"kabutan,nikkei,tdnet",9
2026-05-16,137A,Cocolive,ココリブ,skip,duplicate,high,kabutan,2
2026-05-16,1380,秋川牧園,秋川牧園,skip,duplicate,high,"kabutan,nikkei",4
2026-05-16,1381,アクシーズ,アクシーズ,skip,duplicate,high,"kabutan,nikkei,tdnet",6
2026-05-16,1382,ホーブ,ホーブ,skip,duplicate,high,"kabutan,nikkei,tdnet",6
2026-05-16,1383,ベルグアース,ベルグアース,skip,duplicate,high,"kabutan,nikkei",6
2026-05-16,1384,ホクリヨウ,ホクリヨウ,skip,duplicate,high,"kabutan,nikkei,tdnet",5
2026-05-16,138A,光フードサービス,光フードサービス,skip,duplicate,high,"kabutan,nikkei,tdnet",12
2026-05-16,138A,光フードサービス,光フードS,skip,duplicate,high,kabutan,2
2026-05-16,1401,エムビーエス,エムビーエス,skip,duplicate,high,"kabutan,nikkei,tdnet",5
2026-05-16,1407,ウエストﾎｰﾙﾃﾞｨﾝｸﾞｽ,ウエストHD,skip,duplicate,high,"kabutan,tdnet",5
2026-05-16,1407,ウエストﾎｰﾙﾃﾞｨﾝｸﾞｽ,ウエストホールディングス,skip,duplicate,high,"kabutan,nikkei",4
2026-05-16,1414,ショーボンドﾎｰﾙﾃﾞｨﾝｸﾞｽ,ショーボンド,skip,duplicate,high,"kabutan,tdnet",7
2026-05-16,1414,ショーボンドﾎｰﾙﾃﾞｨﾝｸﾞｽ,ショーボンドホールディングス,skip,duplicate,high,"kabutan,nikkei",4
2026-05-16,1417,ミライト・ワン,ミライト・ワン,skip,duplicate,high,"kabutan,nikkei",6
2026-05-16,1418,インターライフﾎｰﾙﾃﾞｨﾝｸﾞｽ,インターライフ,skip,duplicate,high,tdnet,6
2026-05-16,1418,インターライフﾎｰﾙﾃﾞｨﾝｸﾞｽ,インターライフホールディングス,skip,duplicate,high,"kabutan,nikkei",4
2026-05-16,1418,インターライフﾎｰﾙﾃﾞｨﾝｸﾞｽ,インタライフ,skip,duplicate,high,kabutan,2
2026-05-16,1419,タマホーム,タマホーム,skip,duplicate,high,"kabutan,nikkei,tdnet",12
2026-05-16,141A,トライアルﾎｰﾙﾃﾞｨﾝｸﾞｽ,トライアル,skip,duplicate,high,"kabutan,tdnet",6
2026-05-16,141A,トライアルﾎｰﾙﾃﾞｨﾝｸﾞｽ,トライアルホールディングス,skip,duplicate,high,"kabutan,nikkei",4
2026-05-16,1420,サンヨーホームズ,サンヨーH,skip,duplicate,high,"kabutan,tdnet",12
2026-05-16,1420,サンヨーホームズ,サンヨーホームズ,skip,duplicate,high,"kabutan,nikkei",4
2026-05-16,1429,日本アクア,日本アクア,skip,duplicate,high,"kabutan,nikkei,tdnet",12
2026-05-16,142A,ジンジブ,ジンジブ,skip,duplicate,high,"kabutan,nikkei,tdnet",9
2026-05-16,1430,ファーストｺｰﾎﾟﾚｰｼｮﾝ,ファーストコーポ,skip,duplicate,high,tdnet,4
2026-05-16,1430,ファーストｺｰﾎﾟﾚｰｼｮﾝ,ファーストコーポレーション,skip,duplicate,high,"kabutan,nikkei",4
2026-05-16,1430,ファーストｺｰﾎﾟﾚｰｼｮﾝ,1stコーポ,skip,duplicate,high,kabutan,2
2026-05-16,1431,Lib Work,Lib Work,skip,duplicate,high,"kabutan,nikkei",5
2026-05-16,1431,Lib Work,リブワーク,skip,duplicate,high,"kabutan,tdnet",4
2026-05-16,1433,ベステラ,ベステラ,skip,duplicate,high,"kabutan,nikkei,tdnet",11
2026-05-16,1434,JESCOﾎｰﾙﾃﾞｨﾝｸﾞｽ,JESCOホールディングス,skip,duplicate,high,"kabutan,nikkei",4
2026-05-16,1434,JESCOﾎｰﾙﾃﾞｨﾝｸﾞｽ,JESCO,skip,duplicate,high,kabutan,3
2026-05-16,1434,JESCOﾎｰﾙﾃﾞｨﾝｸﾞｽ,JESCO HD,add,new_candidate,medium,tdnet,2
2026-05-16,1435,robot home,robot home,skip,duplicate,high,"kabutan,nikkei,tdnet",13
2026-05-16,1435,robot home,ロボホーム,skip,duplicate,high,kabutan,2
2026-05-16,1436,グリーンエナジー＆カンパニー,グリーンエナジー,skip,duplicate,high,tdnet,8
2026-05-16,1436,グリーンエナジー＆カンパニー,グリーンエナジー&カンパニー,skip,duplicate,high,"kabutan,nikkei",4
2026-05-16,1436,グリーンエナジー＆カンパニー,グリーンエナ,skip,duplicate,high,kabutan,2
2026-05-16,1438,岐阜造園,岐阜造園,skip,duplicate,high,"kabutan,nikkei",4
2026-05-16,143A,イシン,イシン,skip,duplicate,high,"kabutan,nikkei,tdnet",7
2026-05-16,1443,技研ﾎｰﾙﾃﾞｨﾝｸﾞｽ,技研ホールディングス,skip,duplicate,high,"kabutan,nikkei",4
2026-05-16,1443,技研ﾎｰﾙﾃﾞｨﾝｸﾞｽ,技研HD,skip,duplicate,high,kabutan,2
2026-05-16,1444,ニッソウ,ニッソウ,skip,duplicate,high,"kabutan,nikkei,tdnet",9
2026-05-16,1446,キャンディル,キャンディル,skip,duplicate,high,"kabutan,nikkei",4
2026-05-16,1447,SAAFﾎｰﾙﾃﾞｨﾝｸﾞｽ,SAAFHD,skip,duplicate,high,"kabutan,tdnet",29
2026-05-16,1447,SAAFﾎｰﾙﾃﾞｨﾝｸﾞｽ,SAAFホールディングス,skip,duplicate,high,"kabutan,nikkei",4
2026-05-16,1450,TANAKEN,TANAKEN,skip,duplicate,high,"kabutan,nikkei,tdnet",10
2026-05-16,1450,TANAKEN,タナケン,skip,duplicate,high,kabutan,2
2026-05-16,145A,L is B,エルイズビー,skip,duplicate,high,"kabutan,tdnet",8
2026-05-16,145A,L is B,L is B,skip,duplicate,high,"kabutan,nikkei",5
2026-05-16,146A,コロンビア・ワークス,コロンビア・ワークス,skip,duplicate,high,"kabutan,nikkei,tdnet",10
2026-05-16,146A,コロンビア・ワークス,コロンビア,skip,duplicate,high,kabutan,2
2026-05-16,147A,ソラコム,ソラコム,skip,duplicate,high,"kabutan,nikkei",4
2026-05-16,148A,ハッチ・ワーク,ハッチ・ワーク,skip,duplicate,high,"kabutan,nikkei,tdnet",8
2026-05-16,1491,中外鉱業,中外鉱,skip,duplicate,high,"kabutan,tdnet",4
2026-05-16,1491,中外鉱業,中外鉱業,skip,duplicate,high,"kabutan,nikkei",4
2026-05-16,149A,シンカ,シンカ,skip,duplicate,high,"kabutan,nikkei,tdnet",9
2026-05-16,150A,JSH,JSH,skip,duplicate,high,"kabutan,nikkei",5
2026-05-16,1514,住石ﾎｰﾙﾃﾞｨﾝｸﾞｽ,住石HD,skip,duplicate,high,"kabutan,tdnet",5
2026-05-16,1514,住石ﾎｰﾙﾃﾞｨﾝｸﾞｽ,住石ホールディングス,skip,duplicate,high,"kabutan,nikkei",4
2026-05-16,1515,日鉄鉱業,日鉄鉱,skip,duplicate,high,"kabutan,tdnet",9
2026-05-16,1515,日鉄鉱業,日鉄鉱業,skip,duplicate,high,"kabutan,nikkei",4
2026-05-16,1518,三井松島ﾎｰﾙﾃﾞｨﾝｸﾞｽ,三井松島HD,skip,duplicate,high,"kabutan,tdnet",9
2026-05-16,1518,三井松島ﾎｰﾙﾃﾞｨﾝｸﾞｽ,三井松島ホールディングス,skip,duplicate,high,"kabutan,nikkei",4
2026-05-16,151A,ダイブ,ダイブ,skip,duplicate,high,"kabutan,nikkei,tdnet",8
2026-05-16,153A,カウリス,カウリス,skip,duplicate,high,"kabutan,nikkei,tdnet",8
2026-05-16,155A,情報戦略テクノロジー,情報戦略テクノロジー,skip,duplicate,high,"kabutan,nikkei",4
2026-05-16,155A,情報戦略テクノロジー,情報戦略テク,skip,duplicate,high,kabutan,2
2026-05-16,156A,マテリアルｸﾞﾙｰﾌﾟ,マテリアルG,skip,duplicate,high,"kabutan,tdnet",6
2026-05-16,156A,マテリアルｸﾞﾙｰﾌﾟ,マテリアルグループ,skip,duplicate,high,"kabutan,nikkei",4
2026-05-16,157A,グリーンモンスター,Gモンスター,skip,duplicate,high,"kabutan,tdnet",8
2026-05-16,157A,グリーンモンスター,グリーンモンスター,skip,duplicate,high,"kabutan,nikkei",4
2026-05-16,1605,INPEX,INPEX,skip,duplicate,high,"kabutan,nikkei,tdnet",8
2026-05-16,160A,アズパートナーズ,アズパートナーズ,skip,duplicate,high,"kabutan,nikkei,tdnet",11
2026-05-16,160A,アズパートナーズ,アズパートナ,skip,duplicate,high,kabutan,2
2026-05-16,1662,石油資源開発,石油資源,skip,duplicate,high,"kabutan,tdnet",5
2026-05-16,1662,石油資源開発,石油資源開発,skip,duplicate,high,"kabutan,nikkei",4
2026-05-16,1663,K＆Oエナジーｸﾞﾙｰﾌﾟ,K&Oエナジーグループ,skip,duplicate,high,"kabutan,nikkei",4
2026-05-16,1663,K＆Oエナジーｸﾞﾙｰﾌﾟ,K&Oエナジー,skip,duplicate,high,tdnet,3
2026-05-16,1663,K＆Oエナジーｸﾞﾙｰﾌﾟ,K&Oエナジ,skip,duplicate,high,kabutan,2
2026-05-16,166A,タスキﾎｰﾙﾃﾞｨﾝｸﾞｽ,タスキHD,skip,duplicate,high,"kabutan,tdnet",7
2026-05-16,166A,タスキﾎｰﾙﾃﾞｨﾝｸﾞｽ,タスキホールディングス,skip,duplicate,high,"kabutan,nikkei",4
2026-05-16,167A,リョーサン菱洋ﾎｰﾙﾃﾞｨﾝｸﾞｽ,リョーサン菱洋,skip,duplicate,high,tdnet,7
2026-05-16,167A,リョーサン菱洋ﾎｰﾙﾃﾞｨﾝｸﾞｽ,リョーサン菱洋ホールディングス,skip,duplicate,high,"kabutan,nikkei",4
2026-05-16,167A,リョーサン菱洋ﾎｰﾙﾃﾞｨﾝｸﾞｽ,リョー菱HD,skip,duplicate,high,kabutan,2
2026-05-16,168A,イタミアート,イタミアート,skip,duplicate,high,"kabutan,nikkei,tdnet",9
2026-05-16,1711,SDSﾎｰﾙﾃﾞｨﾝｸﾞｽ,SDSHD,skip,duplicate,high,"kabutan,tdnet",8
2026-05-16,1711,SDSﾎｰﾙﾃﾞｨﾝｸﾞｽ,SDSホールディングス,skip,duplicate,high,"kabutan,nikkei",4
2026-05-16,1716,第一カッター興業,第一カッター興業,skip,duplicate,high,"kabutan,nikkei",4
2026-05-16,1716,第一カッター興業,第一カッタ,skip,duplicate,high,kabutan,2
2026-05-16,1716,第一カッター興業,第一カッター,add,new_candidate,medium,tdnet,1
2026-05-16,1717,明豊ファシリティワークス,明豊ファシリティワークス,skip,duplicate,high,"kabutan,nikkei",4
2026-05-16,1717,明豊ファシリティワークス,明豊ファシリティ,skip,duplicate,high,tdnet,3
2026-05-16,1717,明豊ファシリティワークス,明豊ファシリ,skip,duplicate,high,kabutan,2
2026-05-16,1718,美樹工業,美樹工業,skip,duplicate,high,"kabutan,nikkei,tdnet",9
2026-05-16,1719,安藤・間,安藤ハザマ,skip,duplicate,high,"kabutan,nikkei",6
2026-05-16,1719,安藤・間,安藤・間,skip,duplicate,high,kabutan,2
2026-05-16,1720,東急建設,東急建設,skip,duplicate,high,"kabutan,nikkei,tdnet",9
2026-05-16,1721,コムシスﾎｰﾙﾃﾞｨﾝｸﾞｽ,コムシスHD,skip,duplicate,high,kabutan,6
2026-05-16,1721,コムシスﾎｰﾙﾃﾞｨﾝｸﾞｽ,コムシスホールディングス,skip,duplicate,high,"kabutan,nikkei",4
2026-05-16,1723,日本電技,日本電技,skip,duplicate,high,"kabutan,nikkei,tdnet",8
2026-05-16,1724,シンクレイヤ,シンクレイヤ,skip,duplicate,high,"kabutan,nikkei,tdnet",8
2026-05-16,1726,ビーアールﾎｰﾙﾃﾞｨﾝｸﾞｽ,Br.HD,skip,duplicate,high,"kabutan,tdnet",7
2026-05-16,1726,ビーアールﾎｰﾙﾃﾞｨﾝｸﾞｽ,ビーアールホールディングス,skip,duplicate,high,"kabutan,nikkei",4
2026-05-16,1736,オーテック,オーテック,skip,duplicate,high,"kabutan,nikkei,tdnet",10
2026-05-16,173A,ハンモック,ハンモック,skip,duplicate,high,"kabutan,nikkei,tdnet",5
2026-05-16,1758,太洋基礎工業,太洋基礎,skip,duplicate,high,"kabutan,tdnet",5
2026-05-16,1758,太洋基礎工業,太洋基礎工業,skip,duplicate,high,"kabutan,nikkei",4
2026-05-16,175A,Will Smart,ウィルスマート,skip,duplicate,high,tdnet,9
2026-05-16,175A,Will Smart,Will Smart,skip,duplicate,high,"kabutan,nikkei",5
2026-05-16,175A,Will Smart,ウィルスマ,skip,duplicate,high,kabutan,2
2026-05-16,1762,高松コンストラクションｸﾞﾙｰﾌﾟ,高松G,skip,duplicate,high,tdnet,4
2026-05-16,1762,高松コンストラクションｸﾞﾙｰﾌﾟ,高松コンストラクショングループ,skip,duplicate,high,"kabutan,nikkei",4
2026-05-16,1762,高松コンストラクションｸﾞﾙｰﾌﾟ,高松グループ,skip,duplicate,high,kabutan,2
2026-05-16,1764,工藤建設,工藤建設,skip,duplicate,high,"kabutan,nikkei",4
2026-05-16,1766,東建ｺｰﾎﾟﾚｰｼｮﾝ,東建コーポレーション,skip,duplicate,high,"kabutan,nikkei",4
2026-05-16,1766,東建ｺｰﾎﾟﾚｰｼｮﾝ,東建コーポ,skip,duplicate,high,kabutan,3
2026-05-16,1768,ソネック,ソネック,skip,duplicate,high,"kabutan,nikkei,tdnet",8
2026-05-16,1770,藤田エンジニアリング,藤田エンジニアリング,skip,duplicate,high,"kabutan,nikkei",4
2026-05-16,1770,藤田エンジニアリング,藤田エンジ,skip,duplicate,high,kabutan,2
2026-05-16,1776,三井住建道路,三住道路,skip,duplicate,high,tdnet,6
2026-05-16,1776,三井住建道路,三井住建道路,skip,duplicate,high,"kabutan,nikkei",4
2026-05-16,1776,三井住建道路,三井住建道,skip,duplicate,high,kabutan,2
2026-05-16,177A,コージンバイオ,コージンバイオ,skip,duplicate,high,"kabutan,nikkei",4
2026-05-16,177A,コージンバイオ,コージンB,skip,duplicate,high,kabutan,2
2026-05-16,1780,ヤマウラ,ヤマウラ,skip,duplicate,high,"kabutan,nikkei,tdnet",5
2026-05-16,1783,fantasista,fantasista,skip,duplicate,high,"kabutan,nikkei,tdnet",14
2026-05-16,1783,fantasista,ファンタジス,skip,duplicate,high,kabutan,2
2026-05-16,1786,オリエンタル白石,オリエンタル白石,skip,duplicate,high,"kabutan,nikkei",5
2026-05-16,1786,オリエンタル白石,オリエン白石,skip,duplicate,high,kabutan,2
2026-05-16,1787,ナカボーテック,ナカボーテック,skip,duplicate,high,"kabutan,nikkei,tdnet",8
2026-05-16,1787,ナカボーテック,ナカボテック,skip,duplicate,high,kabutan,2
2026-05-16,1788,三東工業社,三東工業社,skip,duplicate,high,"kabutan,nikkei",4
2026-05-16,1788,三東工業社,三東工業,skip,duplicate,high,kabutan,2
2026-05-16,1793,大本組,大本組,skip,duplicate,high,"kabutan,nikkei,tdnet",7
2026-05-16,1795,マサル,マサル,skip,duplicate,high,"kabutan,nikkei,tdnet",7
2026-05-16,1798,守谷商会,守谷商会,skip,duplicate,high,"kabutan,nikkei",4
2026-05-16,1799,第一建設工業,第一建設,skip,duplicate,high,"kabutan,tdnet",10
2026-05-16,1799,第一建設工業,第一建設工業,skip,duplicate,high,"kabutan,nikkei",4
2026-05-16,1801,大成建設,大成建,skip,duplicate,high,kabutan,6
2026-05-16,1801,大成建設,大成建設,skip,duplicate,high,"kabutan,nikkei",4
2026-05-16,1802,大林組,大林組,skip,duplicate,high,"kabutan,nikkei",6
2026-05-16,1803,清水建設,清水建,skip,duplicate,high,"kabutan,tdnet",8
2026-05-16,1803,清水建設,清水建設,skip,duplicate,high,"kabutan,nikkei",4
2026-05-16,1807,佐藤渡辺,佐藤渡辺,skip,duplicate,high,"kabutan,nikkei,tdnet",11
2026-05-16,1808,長谷工ｺｰﾎﾟﾚｰｼｮﾝ,長谷工コーポレーション,skip,duplicate,high,"kabutan,nikkei",4
2026-05-16,1808,長谷工ｺｰﾎﾟﾚｰｼｮﾝ,長谷工,skip,duplicate,high,kabutan,2
2026-05-16,1810,松井建設,松井建設,skip,duplicate,high,"kabutan,nikkei",4
2026-05-16,1810,松井建設,松井建,skip,duplicate,high,"kabutan,tdnet",3
2026-05-16,1811,錢高組,銭高組,skip,duplicate,high,"kabutan,nikkei,tdnet",5
2026-05-16,1811,錢高組,錢高組,skip,duplicate,high,kabutan,2
2026-05-16,1812,鹿島建設,鹿島,skip,duplicate,high,"kabutan,nikkei,tdnet",5
2026-05-16,1812,鹿島建設,鹿島建設,skip,duplicate,high,kabutan,2
2026-05-16,1813,不動テトラ,不動テトラ,skip,duplicate,high,"kabutan,nikkei,tdnet",8
2026-05-16,1814,大末建設,大末建,skip,duplicate,high,"kabutan,tdnet",6
2026-05-16,1814,大末建設,大末建設,skip,duplicate,high,"kabutan,nikkei",4
2026-05-16,1815,鉄建建設,鉄建建設,skip,duplicate,high,kabutan,3
2026-05-16,1815,鉄建建設,鉄建,skip,duplicate,high,nikkei,2
2026-05-16,1820,西松建設,西松建設,skip,duplicate,high,"kabutan,nikkei",4
2026-05-16,1820,西松建設,西松建,skip,duplicate,high,kabutan,3
2026-05-16,1822,大豊建設,大豊建,skip,duplicate,high,"kabutan,tdnet",5
2026-05-16,1822,大豊建設,大豊建設,skip,duplicate,high,"kabutan,nikkei",4
2026-05-16,1826,佐田建設,佐田建,skip,duplicate,high,"kabutan,tdnet",4
2026-05-16,1826,佐田建設,佐田建設,skip,duplicate,high,"kabutan,nikkei",4
2026-05-16,1827,ナカノフドー建設,ナカノフドー建設,skip,duplicate,high,"kabutan,nikkei",4
2026-05-16,1827,ナカノフドー建設,ナカノフドー,skip,duplicate,high,"kabutan,tdnet",3
2026-05-16,1828,田辺工業,田辺工業,skip,duplicate,high,"kabutan,nikkei",4
2026-05-16,1833,奥村組,奥村組,skip,duplicate,high,"kabutan,nikkei,tdnet",10
2026-05-16,1835,東鉄工業,東鉄工,skip,duplicate,high,kabutan,4
2026-05-16,1835,東鉄工業,東鉄工業,skip,duplicate,high,"kabutan,nikkei",4
2026-05-16,1840,土屋ﾎｰﾙﾃﾞｨﾝｸﾞｽ,土屋ホールディングス,skip,duplicate,high,"kabutan,nikkei",4
2026-05-16,1840,土屋ﾎｰﾙﾃﾞｨﾝｸﾞｽ,土屋HD,skip,duplicate,high,kabutan,3
2026-05-16,1841,サンユー建設,サンユー建設,skip,duplicate,high,kabutan,4
2026-05-16,1841,サンユー建設,サンユ,skip,duplicate,high,kabutan,2
2026-05-16,1844,大盛工業,大盛工業,skip,duplicate,high,"kabutan,nikkei",4
2026-05-16,1844,大盛工業,大盛工,skip,duplicate,high,tdnet,3
2026-05-16,1847,イチケン,イチケン,skip,duplicate,high,"kabutan,nikkei",6
2026-05-16,1848,富士ピー・エス,富士ピー・エス,skip,duplicate,high,"kabutan,nikkei,tdnet",9
2026-05-16,1848,富士ピー・エス,富士PS,skip,duplicate,high,kabutan,2
2026-05-16,184A,学びエイド,学びエイド,skip,duplicate,high,"kabutan,nikkei,tdnet",10
2026-05-16,1850,南海辰村建設,南海辰村建設,skip,duplicate,high,"kabutan,nikkei,tdnet",10
2026-05-16,1850,南海辰村建設,南海辰村,skip,duplicate,high,kabutan,2
2026-05-16,1852,淺沼組,浅沼組,skip,duplicate,high,"kabutan,nikkei,tdnet",8
2026-05-16,1852,淺沼組,淺沼組,skip,duplicate,high,kabutan,2
2026-05-16,1853,森組,森組,skip,duplicate,high,"kabutan,nikkei,tdnet",5
2026-05-16,1860,戸田建設,戸田建,skip,duplicate,high,"kabutan,tdnet",9
2026-05-16,1860,戸田建設,戸田建設,skip,duplicate,high,"kabutan,nikkei",4
2026-05-16,1861,熊谷組,熊谷組,skip,duplicate,high,"kabutan,nikkei,tdnet",7
2026-05-16,1866,北野建設,北野建,skip,duplicate,high,"kabutan,tdnet",7
2026-05-16,1866,北野建設,北野建設,skip,duplicate,high,"kabutan,nikkei",4
2026-05-16,1867,植木組,植木組,skip,duplicate,high,"kabutan,nikkei,tdnet",8
2026-05-16,186A,アストロスケールﾎｰﾙﾃﾞｨﾝｸﾞｽ,アストロスケール,skip,duplicate,high,tdnet,10
2026-05-16,186A,アストロスケールﾎｰﾙﾃﾞｨﾝｸﾞｽ,アストロスケールホールディングス,skip,duplicate,high,"kabutan,nikkei",4
2026-05-16,186A,アストロスケールﾎｰﾙﾃﾞｨﾝｸﾞｽ,アストロHD,skip,duplicate,high,kabutan,2
2026-05-16,1870,矢作建設工業,矢作建,skip,duplicate,high,"kabutan,tdnet",4
2026-05-16,1870,矢作建設工業,矢作建設工業,skip,duplicate,high,"kabutan,nikkei",4
2026-05-16,1871,ピーエス・コンストラクション,ピーエス,skip,duplicate,high,kabutan,4
2026-05-16,1871,ピーエス・コンストラクション,ピーエス・コンストラクション,skip,duplicate,high,"kabutan,nikkei",4
2026-05-16,1873,日本ハウスﾎｰﾙﾃﾞｨﾝｸﾞｽ,日本ハウスホールディングス,skip,duplicate,high,"kabutan,nikkei",4
2026-05-16,1873,日本ハウスﾎｰﾙﾃﾞｨﾝｸﾞｽ,日本ハウス,skip,duplicate,high,kabutan,2
2026-05-16,1873,日本ハウスﾎｰﾙﾃﾞｨﾝｸﾞｽ,日本ハウスHD,skip,duplicate,high,tdnet,2
2026-05-16,1878,大東建託,大東建,skip,duplicate,high,"kabutan,tdnet",8
2026-05-16,1878,大東建託,大東建託,skip,duplicate,high,"kabutan,nikkei",4
2026-05-16,1879,新日本建設,新日本建設,skip,duplicate,high,"kabutan,nikkei",4
2026-05-16,1879,新日本建設,新日本建,skip,duplicate,high,kabutan,2
2026-05-16,1882,東亜道路工業,東亜道,skip,duplicate,high,"kabutan,tdnet",8
2026-05-16,1882,東亜道路工業,東亜道路工業,skip,duplicate,high,"kabutan,nikkei",4
2026-05-16,1885,東亜建設工業,東亜建,skip,duplicate,high,kabutan,10
2026-05-16,1885,東亜建設工業,東亜建設工業,skip,duplicate,high,"kabutan,nikkei",4
2026-05-16,1887,日本国土開発,日本国土開発,skip,duplicate,high,"kabutan,nikkei,tdnet",6
2026-05-16,1888,若築建設,若築建,skip,duplicate,high,"kabutan,tdnet",9
2026-05-16,1888,若築建設,若築建設,skip,duplicate,high,"kabutan,nikkei",4
2026-05-16,1893,五洋建設,五洋建,skip,duplicate,high,"kabutan,tdnet",10
2026-05-16,1893,五洋建設,五洋建設,skip,duplicate,high,"kabutan,nikkei",4
2026-05-16,1897,金下建設,金下建設,skip,duplicate,high,"kabutan,nikkei",4
2026-05-16,1897,金下建設,金下建,skip,duplicate,high,kabutan,2
2026-05-16,1898,世紀東急工業,世紀東急,skip,duplicate,high,"kabutan,tdnet",5
2026-05-16,1898,世紀東急工業,世紀東急工業,skip,duplicate,high,"kabutan,nikkei",4
2026-05-16,1899,福田組,福田組,skip,duplicate,high,"kabutan,nikkei,tdnet",10
2026-05-16,189A,D＆Mカンパニー,D&Mカンパニー,skip,duplicate,high,"kabutan,nikkei,tdnet",11
2026-05-16,189A,D＆Mカンパニー,DMカンパニ,skip,duplicate,high,kabutan,2
2026-05-16,1904,大成温調,大成温調,skip,duplicate,high,"kabutan,nikkei,tdnet",10
2026-05-16,1905,テノックス,テノックス,skip,duplicate,high,"kabutan,nikkei",5
2026-05-16,1909,日本ドライケミカル,日本ドライケミカル,skip,duplicate,high,"kabutan,nikkei,tdnet",10
2026-05-16,1909,日本ドライケミカル,日本ドライ,skip,duplicate,high,kabutan,2
2026-05-16,190A,Chordia Therapeutics,Chordia,skip,duplicate,high,tdnet,9
2026-05-16,190A,Chordia Therapeutics,Chordia Therapeutics,skip,duplicate,high,"kabutan,nikkei",5
2026-05-16,190A,Chordia Therapeutics,コーディア,skip,duplicate,high,kabutan,2
2026-05-16,1911,住友林業,住友林,skip,duplicate,high,"kabutan,tdnet",7
2026-05-16,1911,住友林業,住友林業,skip,duplicate,high,"kabutan,nikkei",4
2026-05-16,1914,日本基礎技術,日本基礎技術,skip,duplicate,high,"kabutan,nikkei",4
2026-05-16,1914,日本基礎技術,日基技,skip,duplicate,high,kabutan,2
2026-05-16,1921,巴ｺｰﾎﾟﾚｰｼｮﾝ,巴コーポレーション,skip,duplicate,high,"kabutan,nikkei",4
2026-05-16,1925,大和ハウス工業,大和ハウス,skip,duplicate,high,"kabutan,tdnet",6
2026-05-16,1925,大和ハウス工業,大和ハウス工業,skip,duplicate,high,"kabutan,nikkei",4
2026-05-16,1926,ライト工業,ライト工,skip,duplicate,high,tdnet,6
2026-05-16,1926,ライト工業,ライト工業,skip,duplicate,high,"kabutan,nikkei",4
2026-05-16,1926,ライト工業,ライト,skip,duplicate,high,kabutan,2
2026-05-16,1928,積水ハウス,積水ハウス,skip,duplicate,high,"kabutan,nikkei",9
2026-05-16,1929,日特建設,日特建,skip,duplicate,high,"kabutan,tdnet",7
2026-05-16,1929,日特建設,日特建設,skip,duplicate,high,"kabutan,nikkei",4
2026-05-16,192A,インテｸﾞﾙｰﾌﾟ,インテグループ,skip,duplicate,high,"kabutan,nikkei",6
2026-05-16,192A,インテｸﾞﾙｰﾌﾟ,インテG,skip,duplicate,high,kabutan,2
2026-05-16,1930,北陸電気工事,北陸電工,skip,duplicate,high,"kabutan,tdnet",7
2026-05-16,1930,北陸電気工事,北陸電気工事,skip,duplicate,high,"kabutan,nikkei",4
2026-05-16,1934,ユアテック,ユアテック,skip,duplicate,high,"kabutan,nikkei,tdnet",9
2026-05-16,1938,日本リーテック,日リーテック,skip,duplicate,high,"kabutan,tdnet",4
2026-05-16,1938,日本リーテック,日本リーテック,skip,duplicate,high,"kabutan,nikkei",4
2026-05-16,1939,四電工,四電工,skip,duplicate,high,"kabutan,nikkei,tdnet",7
2026-05-16,1941,中電工,中電工,skip,duplicate,high,"kabutan,nikkei,tdnet",11
2026-05-16,1942,関電工,関電工,skip,duplicate,high,"kabutan,nikkei,tdnet",9
2026-05-16,1944,きんでん,きんでん,skip,duplicate,high,"kabutan,nikkei,tdnet",9
2026-05-16,1945,東京エネシス,東京エネシス,skip,duplicate,high,"kabutan,nikkei,tdnet",7
2026-05-16,1946,トーエネック,トーエネック,skip,duplicate,high,"kabutan,nikkei,tdnet",7
2026-05-16,1946,トーエネック,トーエネク,skip,duplicate,high,kabutan,2
2026-05-16,1948,弘電社,弘電社,skip,duplicate,high,"kabutan,nikkei,tdnet",8
2026-05-16,1949,住友電設,住友電設,skip,duplicate,high,kabutan,3
2026-05-16,194A,WOLVES HAND,WOLVES HAND,skip,duplicate,high,"kabutan,nikkei",5
2026-05-16,194A,WOLVES HAND,WOLVES,skip,duplicate,high,tdnet,4
2026-05-16,194A,WOLVES HAND,ウルフハンド,skip,duplicate,high,kabutan,2
2026-05-16,1950,日本電設工業,日本電設,skip,duplicate,high,"kabutan,tdnet",4
2026-05-16,1950,日本電設工業,日本電設工業,skip,duplicate,high,"kabutan,nikkei",4
2026-05-16,1951,エクシオｸﾞﾙｰﾌﾟ,エクシオグループ,skip,duplicate,high,"kabutan,nikkei,tdnet",7
2026-05-16,1951,エクシオｸﾞﾙｰﾌﾟ,エクシオG,skip,duplicate,high,kabutan,2
2026-05-16,1952,新日本空調,新日本空調,skip,duplicate,high,"kabutan,nikkei",4
2026-05-16,1959,クラフティア,クラフティア,skip,duplicate,high,"kabutan,nikkei,tdnet",8
2026-05-16,195A,MUSCAT GROUP,MUSCAT GROUP,skip,duplicate,high,"kabutan,nikkei",4
2026-05-16,195A,MUSCAT GROUP,マスカットG,skip,duplicate,high,kabutan,2
2026-05-16,1960,サンテック,サンテック,skip,duplicate,high,"kabutan,nikkei,tdnet",9
2026-05-16,1961,三機工業,三機工,skip,duplicate,high,"kabutan,tdnet",6
2026-05-16,1961,三機工業,三機工業,skip,duplicate,high,"kabutan,nikkei",4
2026-05-16,1963,日揮ﾎｰﾙﾃﾞｨﾝｸﾞｽ,日揮HD,skip,duplicate,high,"kabutan,tdnet",4
2026-05-16,1963,日揮ﾎｰﾙﾃﾞｨﾝｸﾞｽ,日揮ホールディングス,skip,duplicate,high,"kabutan,nikkei",4
2026-05-16,1964,中外炉工業,中外炉,skip,duplicate,high,"kabutan,tdnet",7
2026-05-16,1964,中外炉工業,中外炉工業,skip,duplicate,high,"kabutan,nikkei",4
2026-05-16,1965,テクノ菱和,テクノ菱和,skip,duplicate,high,"kabutan,nikkei",6
2026-05-16,1966,高田工業所,高田工業所,skip,duplicate,high,"kabutan,nikkei",4
2026-05-16,1966,高田工業所,高田工,skip,duplicate,high,kabutan,2
2026-05-16,1967,ヤマト,ヤマト,skip,duplicate,high,"kabutan,nikkei,tdnet",10
2026-05-16,1968,太平電業,太平電業,skip,duplicate,high,"kabutan,nikkei",4
2026-05-16,1968,太平電業,太平電,skip,duplicate,high,"kabutan,tdnet",3
2026-05-16,1969,高砂熱学工業,高砂熱学工業,skip,duplicate,high,"kabutan,nikkei",4
2026-05-16,1969,高砂熱学工業,高砂熱,skip,duplicate,high,kabutan,2
2026-05-16,196A,MFS,MFS,skip,duplicate,high,"kabutan,nikkei",5
2026-05-16,1972,三晃金属工業,三晃金,skip,duplicate,high,"kabutan,tdnet",4
2026-05-16,1972,三晃金属工業,三晃金属工業,skip,duplicate,high,"kabutan,nikkei",4
2026-05-16,1975,朝日工業社,朝日工,skip,duplicate,high,"kabutan,tdnet",6
2026-05-16,1975,朝日工業社,朝日工業社,skip,duplicate,high,"kabutan,nikkei",4
2026-05-16,1976,明星工業,明星工業,skip,duplicate,high,"kabutan,nikkei,tdnet",9
2026-05-16,1976,明星工業,明星工,skip,duplicate,high,kabutan,2
2026-05-16,1979,大氣社,大気社,skip,duplicate,high,"kabutan,nikkei",4
2026-05-16,1979,大氣社,Taikisha,skip,duplicate,high,reuters,2
2026-05-16,1979,大氣社,Taikisha Ltd,skip,duplicate,high,reuters,2
2026-05-16,1979,大氣社,大氣社,skip,duplicate,high,kabutan,2
2026-05-16,197A,タウンズ,タウンズ,skip,duplicate,high,"kabutan,nikkei",5
2026-05-16,1980,ダイダン,ダイダン,skip,duplicate,high,"kabutan,nikkei,tdnet",5
2026-05-16,1981,協和日成,協和日成,skip,duplicate,high,"kabutan,nikkei,tdnet",10
2026-05-16,1982,日比谷総合設備,日比谷設,skip,duplicate,high,"kabutan,tdnet",5
2026-05-16,1982,日比谷総合設備,日比谷総合設備,skip,duplicate,high,"kabutan,nikkei",4
2026-05-16,1982,日比谷総合設備,Hibiya Engineering,skip,duplicate,high,reuters,2
2026-05-16,1982,日比谷総合設備,Hibiya Engineering Ltd,skip,duplicate,high,reuters,2
2026-05-16,198A,PostPrime,PostPrime,skip,duplicate,high,"kabutan,nikkei",5
2026-05-16,198A,PostPrime,ポスプラ,skip,duplicate,high,kabutan,2
2026-05-16,198A,PostPrime,ポストプライム,add,new_candidate,medium,tdnet,3
2026-05-16,1992,神田通信機,神田通信機,skip,duplicate,high,"kabutan,nikkei",4
2026-05-16,1992,神田通信機,神田通機,skip,duplicate,high,"kabutan,tdnet",4
2026-05-16,1994,高橋カーテンウォール工業,高橋ウォール,skip,duplicate,high,kabutan,4
2026-05-16,1994,高橋カーテンウォール工業,高橋カーテンウォール工業,skip,duplicate,high,"kabutan,nikkei",4
2026-05-16,1997,暁飯島工業,暁飯島工業,skip,duplicate,high,"kabutan,nikkei",4
2026-05-16,2001,ニップン,ニップン,skip,duplicate,high,"kabutan,nikkei,tdnet",10
2026-05-16,2002,日清製粉ｸﾞﾙｰﾌﾟ本社,日清粉G,skip,duplicate,high,"kabutan,tdnet",5
2026-05-16,2002,日清製粉ｸﾞﾙｰﾌﾟ本社,日清製粉グループ本社,skip,duplicate,high,"kabutan,nikkei",4
2026-05-16,2003,日東富士製粉,日東富士,skip,duplicate,high,"kabutan,tdnet",5
2026-05-16,2003,日東富士製粉,日東富士製粉,skip,duplicate,high,"kabutan,nikkei",4
2026-05-16,2004,昭和産業,昭和産業,skip,duplicate,high,"kabutan,nikkei",4
2026-05-16,2004,昭和産業,昭和産,skip,duplicate,high,kabutan,2
2026-05-16,2009,鳥越製粉,鳥越製粉,skip,duplicate,high,"kabutan,nikkei",4
2026-05-16,2009,鳥越製粉,鳥越粉,skip,duplicate,high,"kabutan,tdnet",3
2026-05-16,202A,豆蔵,豆蔵,skip,duplicate,high,"kabutan,tdnet",9
2026-05-16,2053,中部飼料,中部飼料,skip,duplicate,high,"kabutan,nikkei,tdnet",9
2026-05-16,2053,中部飼料,中部飼,skip,duplicate,high,kabutan,2
2026-05-16,2055,日和産業,日和産業,skip,duplicate,high,"kabutan,nikkei,tdnet",7
2026-05-16,2055,日和産業,日和産,skip,duplicate,high,kabutan,2
2026-05-16,205A,ロゴスﾎｰﾙﾃﾞｨﾝｸﾞｽ,ロゴスHD,skip,duplicate,high,"kabutan,tdnet",10
2026-05-16,205A,ロゴスﾎｰﾙﾃﾞｨﾝｸﾞｽ,ロゴスホールディングス,skip,duplicate,high,"kabutan,nikkei",4
2026-05-16,2060,フィード・ワン,フィード・ワン,skip,duplicate,high,"kabutan,nikkei,tdnet",11
2026-05-16,206A,PRISM BioLab,PRISM BioLab,skip,duplicate,high,"kabutan,nikkei",5
2026-05-16,206A,PRISM BioLab,PRISMBio,skip,duplicate,high,tdnet,5
2026-05-16,206A,PRISM BioLab,PRISMバ,skip,duplicate,high,kabutan,2
2026-05-16,208A,構造計画研究所ﾎｰﾙﾃﾞｨﾝｸﾞｽ,構造計画HD,skip,duplicate,high,"kabutan,tdnet",4
2026-05-16,208A,構造計画研究所ﾎｰﾙﾃﾞｨﾝｸﾞｽ,構造計画研究所ホールディングス,skip,duplicate,high,"kabutan,nikkei",4
2026-05-16,2108,日本甜菜製糖,甜菜糖,skip,duplicate,high,"kabutan,tdnet",6
2026-05-16,2108,日本甜菜製糖,日本甜菜製糖,skip,duplicate,high,"kabutan,nikkei",4
2026-05-16,2109,DM三井製糖,DM三井製糖,skip,duplicate,high,"kabutan,nikkei,tdnet",10
2026-05-16,2112,塩水港精糖,塩水糖,skip,duplicate,high,"kabutan,tdnet",6
2026-05-16,2112,塩水港精糖,塩水港精糖,skip,duplicate,high,"kabutan,nikkei",4
2026-05-16,2114,フジ日本,フジ日本,skip,duplicate,high,"kabutan,nikkei,tdnet",7
2026-05-16,2117,ウェルネオシュガー,ウェルネオシュガー,skip,duplicate,high,"kabutan,nikkei,tdnet",6
2026-05-16,2117,ウェルネオシュガー,ウェルネオS,skip,duplicate,high,kabutan,2
2026-05-16,211A,カドス・ｺｰﾎﾟﾚｰｼｮﾝ,カドス・コーポレーション,skip,duplicate,high,"kabutan,nikkei",4
2026-05-16,211A,カドス・ｺｰﾎﾟﾚｰｼｮﾝ,カドスC,skip,duplicate,high,kabutan,2
2026-05-16,2120,LIFULL,LIFULL,skip,duplicate,high,"kabutan,nikkei,tdnet",9
2026-05-16,2121,MIXI,MIXI,skip,duplicate,high,"kabutan,nikkei,tdnet",7
2026-05-16,2122,インタースペース,Iスペース,skip,duplicate,high,tdnet,4
2026-05-16,2122,インタースペース,インタースペース,skip,duplicate,high,"kabutan,nikkei",4
2026-05-16,2122,インタースペース,インタスペス,skip,duplicate,high,kabutan,2
2026-05-16,2124,ジェイエイシーリクルートメント,JAC,skip,duplicate,high,tdnet,8
2026-05-16,2124,ジェイエイシーリクルートメント,ジェイエイシーリクルートメント,skip,duplicate,high,"kabutan,nikkei",4
2026-05-16,2124,ジェイエイシーリクルートメント,ジェイエイシ,skip,duplicate,high,kabutan,2
2026-05-16,2127,日本M＆Aセンターﾎｰﾙﾃﾞｨﾝｸﾞｽ,日本M&A,skip,duplicate,high,"kabutan,tdnet",8
2026-05-16,2127,日本M＆Aセンターﾎｰﾙﾃﾞｨﾝｸﾞｽ,日本M&Aセンターホールディングス,skip,duplicate,high,"kabutan,nikkei",4
2026-05-16,212A,フィットイージー,フィットイージー,skip,duplicate,high,"kabutan,nikkei,tdnet",10
2026-05-16,212A,フィットイージー,FEASY,skip,duplicate,high,kabutan,2
2026-05-16,2130,メンバーズ,メンバーズ,skip,duplicate,high,"kabutan,nikkei,tdnet",8
2026-05-16,2134,北浜キャピタルパートナーズ,キタハマキャピタル,skip,duplicate,high,tdnet,11
2026-05-16,2134,北浜キャピタルパートナーズ,北浜キャピタルパートナーズ,skip,duplicate,high,"kabutan,nikkei",4
2026-05-16,2134,北浜キャピタルパートナーズ,北浜CP,skip,duplicate,high,kabutan,2
2026-05-16,2136,ヒップ,ヒップ,skip,duplicate,high,"kabutan,nikkei,tdnet",6
2026-05-16,2138,クルーズ,クルーズ,skip,duplicate,high,"kabutan,nikkei,tdnet",10
2026-05-16,2139,中広,中広,skip,duplicate,high,"kabutan,nikkei,tdnet",8
2026-05-16,2146,UTｸﾞﾙｰﾌﾟ,UTグループ,skip,duplicate,high,"kabutan,nikkei,tdnet",10
2026-05-16,2148,アイティメディア,ITM,skip,duplicate,high,tdnet,5
2026-05-16,2148,アイティメディア,アイティメディア,skip,duplicate,high,"kabutan,nikkei",4
2026-05-16,2148,アイティメディア,ITメディア,skip,duplicate,high,kabutan,2
2026-05-16,2152,幼児活動研究会,幼児活動研究会,skip,duplicate,high,"kabutan,nikkei,tdnet",7
2026-05-16,2152,幼児活動研究会,幼児活動研,skip,duplicate,high,kabutan,2
2026-05-16,2153,E・Jﾎｰﾙﾃﾞｨﾝｸﾞｽ,E・Jホールディングス,skip,duplicate,high,"kabutan,nikkei",4
2026-05-16,2153,E・Jﾎｰﾙﾃﾞｨﾝｸﾞｽ,E・JHD,skip,duplicate,high,kabutan,2
2026-05-16,2153,E・Jﾎｰﾙﾃﾞｨﾝｸﾞｽ,イージェイHD,skip,duplicate,high,tdnet,2
2026-05-16,2154,オープンアップｸﾞﾙｰﾌﾟ,オープンアップG,skip,duplicate,high,tdnet,6
2026-05-16,2154,オープンアップｸﾞﾙｰﾌﾟ,オープンアップグループ,skip,duplicate,high,"kabutan,nikkei",4
2026-05-16,2154,オープンアップｸﾞﾙｰﾌﾟ,オープンUP,skip,duplicate,high,kabutan,2
2026-05-16,2156,セーラー広告,セーラー広告,skip,duplicate,high,"kabutan,nikkei,tdnet",6
2026-05-16,2157,コシダカﾎｰﾙﾃﾞｨﾝｸﾞｽ,コシダカHD,skip,duplicate,high,"kabutan,tdnet",7
2026-05-16,2157,コシダカﾎｰﾙﾃﾞｨﾝｸﾞｽ,コシダカホールディングス,skip,duplicate,high,"kabutan,nikkei",4
2026-05-16,2158,FRONTEO,FRONTEO,skip,duplicate,high,"kabutan,nikkei,tdnet",7
2026-05-16,2158,FRONTEO,フロンテオ,skip,duplicate,high,kabutan,2
2026-05-16,215A,タイミー,タイミー,skip,duplicate,high,"kabutan,nikkei,tdnet",12
2026-05-16,2160,ジーエヌアイｸﾞﾙｰﾌﾟ,GNI,skip,duplicate,high,tdnet,19
2026-05-16,2160,ジーエヌアイｸﾞﾙｰﾌﾟ,ジーエヌアイグループ,skip,duplicate,high,"kabutan,nikkei",4
2026-05-16,2160,ジーエヌアイｸﾞﾙｰﾌﾟ,ジーエヌアイ,skip,duplicate,high,kabutan,2
2026-05-16,2162,nms ﾎｰﾙﾃﾞｨﾝｸﾞｽ,nms HD,skip,duplicate,high,tdnet,20
2026-05-16,2162,nms ﾎｰﾙﾃﾞｨﾝｸﾞｽ,nms ホールディングス,skip,duplicate,high,"kabutan,nikkei",4
2026-05-16,2162,nms ﾎｰﾙﾃﾞｨﾝｸﾞｽ,nms,skip,duplicate,high,kabutan,3
2026-05-16,2163,アルトナー,アルトナー,skip,duplicate,high,"kabutan,nikkei,tdnet",10
2026-05-16,2164,地域新聞社,地域新聞社,skip,duplicate,high,"kabutan,nikkei,tdnet",11
2026-05-16,2168,パソナｸﾞﾙｰﾌﾟ,パソナグループ,skip,duplicate,high,"kabutan,nikkei,tdnet",6
2026-05-16,2168,パソナｸﾞﾙｰﾌﾟ,パソナG,skip,duplicate,high,kabutan,2
2026-05-16,2169,CDS,CDS,skip,duplicate,high,"kabutan,nikkei,tdnet",7
2026-05-16,2170,リンクアンドモチベーション,LINK&M,skip,duplicate,high,"kabutan,tdnet",7
2026-05-16,2170,リンクアンドモチベーション,リンクアンドモチベーション,skip,duplicate,high,"kabutan,nikkei",4
2026-05-16,2173,博展,博展,skip,duplicate,high,"kabutan,nikkei,tdnet",9
2026-05-16,2175,エス・エム・エス,エス・エム・エス,skip,duplicate,high,"kabutan,nikkei",6
2026-05-16,2175,エス・エム・エス,SMS,skip,duplicate,high,tdnet,5
2026-05-16,2179,成学社,成学社,skip,duplicate,high,"kabutan,nikkei,tdnet",5
2026-05-16,2180,サニーサイドアップｸﾞﾙｰﾌﾟ,サニーサイドアップ,skip,duplicate,high,tdnet,6
2026-05-16,2180,サニーサイドアップｸﾞﾙｰﾌﾟ,サニーサイドアップグループ,skip,duplicate,high,"kabutan,nikkei",4
2026-05-16,2180,サニーサイドアップｸﾞﾙｰﾌﾟ,サニーサイド,skip,duplicate,high,kabutan,2
2026-05-16,2181,パーソルﾎｰﾙﾃﾞｨﾝｸﾞｽ,パーソルHD,skip,duplicate,high,"kabutan,tdnet",5
2026-05-16,2181,パーソルﾎｰﾙﾃﾞｨﾝｸﾞｽ,パーソルホールディングス,skip,duplicate,high,"kabutan,nikkei",4
2026-05-16,2183,リニカル,リニカル,skip,duplicate,high,"kabutan,nikkei,tdnet",7
2026-05-16,2185,シイエム・シイ,シイエム・シイ,skip,duplicate,high,"kabutan,nikkei,tdnet",10
2026-05-16,2186,ソーバル,ソーバル,skip,duplicate,high,"kabutan,nikkei,tdnet",7
2026-05-16,218A,Liberaware,リベラウェア,skip,duplicate,high,"kabutan,tdnet",9
2026-05-16,218A,Liberaware,Liberaware,skip,duplicate,high,"kabutan,nikkei",5
2026-05-16,2193,クックパッド,COOKPAD,skip,duplicate,high,tdnet,10
2026-05-16,2193,クックパッド,クックパッド,skip,duplicate,high,"kabutan,nikkei",4
2026-05-16,2195,アミタﾎｰﾙﾃﾞｨﾝｸﾞｽ,アミタHD,skip,duplicate,high,"kabutan,tdnet",9
2026-05-16,2195,アミタﾎｰﾙﾃﾞｨﾝｸﾞｽ,アミタホールディングス,skip,duplicate,high,"kabutan,nikkei",4
2026-05-16,2196,エスクリ,エスクリ,skip,duplicate,high,kabutan,4
2026-05-16,2198,アイ・ケイ・ケイﾎｰﾙﾃﾞｨﾝｸﾞｽ,アイ・ケイ・ケイホールディングス,skip,duplicate,high,"kabutan,nikkei",4
2026-05-16,2198,アイ・ケイ・ケイﾎｰﾙﾃﾞｨﾝｸﾞｽ,アイケイケイ,skip,duplicate,high,kabutan,2
2026-05-16,219A,Heartseed,ハートシード,skip,duplicate,high,"kabutan,tdnet",6
2026-05-16,219A,Heartseed,Heartseed,skip,duplicate,high,"kabutan,nikkei",5
2026-05-16,2201,森永製菓,森永菓,skip,duplicate,high,tdnet,4
2026-05-16,2201,森永製菓,森永製菓,skip,duplicate,high,"kabutan,nikkei",4
2026-05-16,2201,森永製菓,森永,skip,duplicate,high,kabutan,2
2026-05-16,2204,中村屋,中村屋,skip,duplicate,high,"kabutan,nikkei,tdnet",7
2026-05-16,2206,江崎グリコ,グリコ,skip,duplicate,high,"kabutan,tdnet",6
2026-05-16,2206,江崎グリコ,江崎グリコ,skip,duplicate,high,"kabutan,nikkei",4
2026-05-16,2207,meito,meito,skip,duplicate,high,"kabutan,nikkei,reuters,tdnet",10
2026-05-16,2207,meito,Meito Co Ltd,skip,duplicate,high,reuters,2
2026-05-16,2208,ブルボン,ブルボン,skip,duplicate,high,"kabutan,nikkei,tdnet",7
2026-05-16,2209,井村屋ｸﾞﾙｰﾌﾟ,井村屋G,skip,duplicate,high,"kabutan,tdnet",5
2026-05-16,2209,井村屋ｸﾞﾙｰﾌﾟ,井村屋グループ,skip,duplicate,high,"kabutan,nikkei",4
2026-05-16,220A,Faber Company,Faber Company,skip,duplicate,high,"kabutan,nikkei",5
2026-05-16,220A,Faber Company,ファベル,skip,duplicate,high,kabutan,3
2026-05-16,2211,不二家,不二家,skip,duplicate,high,"kabutan,nikkei,tdnet",6
2026-05-16,2212,山崎製パン,山崎製パン,skip,duplicate,high,"kabutan,nikkei",4
2026-05-16,2212,山崎製パン,山崎パン,skip,duplicate,high,tdnet,3
2026-05-16,2212,山崎製パン,山パン,skip,duplicate,high,kabutan,2
2026-05-16,2215,第一屋製パン,第一屋製パン,skip,duplicate,high,"kabutan,nikkei",4
2026-05-16,2215,第一屋製パン,第一パン,skip,duplicate,high,tdnet,3
2026-05-16,2215,第一屋製パン,一パン,skip,duplicate,high,kabutan,2
2026-05-16,2216,カンロ,カンロ,skip,duplicate,high,"kabutan,nikkei,tdnet",6
2026-05-16,2217,モロゾフ,モロゾフ,skip,duplicate,high,"kabutan,nikkei,tdnet",11
2026-05-16,2220,亀田製菓,亀田製菓,skip,duplicate,high,"kabutan,nikkei",4
2026-05-16,2221,岩塚製菓,岩塚製菓,skip,duplicate,high,"kabutan,nikkei,tdnet",6
2026-05-16,2222,寿スピリッツ,寿スピリッツ,skip,duplicate,high,"kabutan,nikkei,tdnet",5
2026-05-16,2224,コモ,コモ,skip,duplicate,high,"kabutan,nikkei,tdnet",6
2026-05-16,2226,湖池屋,湖池屋,skip,duplicate,high,"kabutan,nikkei,tdnet",5
2026-05-16,2226,湖池屋,コイケヤ,skip,duplicate,high,kabutan,2
2026-05-16,2229,カルビー,カルビー,skip,duplicate,high,"kabutan,nikkei",6
2026-05-16,2264,森永乳業,森永乳,skip,duplicate,high,kabutan,6
2026-05-16,2264,森永乳業,森永乳業,skip,duplicate,high,"kabutan,nikkei",4
2026-05-16,2266,六甲バター,六甲バター,skip,duplicate,high,"kabutan,nikkei,tdnet",7
2026-05-16,2266,六甲バター,六甲バタ,skip,duplicate,high,kabutan,2
2026-05-16,2267,ヤクルト本社,ヤクルト,skip,duplicate,high,"kabutan,tdnet",4
2026-05-16,2267,ヤクルト本社,ヤクルト本社,skip,duplicate,high,"kabutan,nikkei",4
2026-05-16,2268,B－R サーティワン アイスクリーム,サーティワン,skip,duplicate,high,"kabutan,tdnet",6
2026-05-16,2268,B－R サーティワン アイスクリーム,B-R サーティワンアイスクリーム,skip,duplicate,high,"kabutan,nikkei",4
2026-05-16,2269,明治ﾎｰﾙﾃﾞｨﾝｸﾞｽ,明治ホールディングス,skip,duplicate,high,"kabutan,nikkei",4
2026-05-16,2269,明治ﾎｰﾙﾃﾞｨﾝｸﾞｽ,明治HD,skip,duplicate,high,kabutan,3
2026-05-16,2270,雪印メグミルク,雪印メグ,skip,duplicate,high,kabutan,5
2026-05-16,2270,雪印メグミルク,雪印メグミルク,skip,duplicate,high,"kabutan,nikkei",4
2026-05-16,2281,プリマハム,プリマハム,skip,duplicate,high,"kabutan,nikkei,tdnet",7
2026-05-16,2281,プリマハム,プリマ,skip,duplicate,high,kabutan,2
2026-05-16,2282,日本ハム,日ハム,skip,duplicate,high,"kabutan,tdnet",9
2026-05-16,2282,日本ハム,日本ハム,skip,duplicate,high,"kabutan,nikkei",4
2026-05-16,2286,林兼産業,林兼産業,skip,duplicate,high,"kabutan,nikkei",4
2026-05-16,2286,林兼産業,林兼産,skip,duplicate,high,tdnet,3
2026-05-16,2286,林兼産業,林兼,skip,duplicate,high,kabutan,2
2026-05-16,2288,丸大食品,丸大食,skip,duplicate,high,"kabutan,tdnet",13
2026-05-16,2288,丸大食品,丸大食品,skip,duplicate,high,"kabutan,nikkei",4
2026-05-16,228A,オプロ,オプロ,skip,duplicate,high,"kabutan,nikkei,tdnet",9
2026-05-16,2291,福留ハム,福留ハム,skip,duplicate,high,"kabutan,nikkei,tdnet",8
2026-05-16,2291,福留ハム,福留ハ,skip,duplicate,high,kabutan,2
2026-05-16,2292,S Foods,S Foods,skip,duplicate,high,"kabutan,tdnet",7
2026-05-16,2292,S Foods,エスフーズ,skip,duplicate,high,nikkei,2
2026-05-16,2293,滝沢ハム,滝沢ハム,skip,duplicate,high,"kabutan,nikkei",5
2026-05-16,2294,柿安本店,柿安本店,skip,duplicate,high,"kabutan,nikkei,tdnet",8
2026-05-16,2296,伊藤ハム米久ﾎｰﾙﾃﾞｨﾝｸﾞｽ,伊藤ハム米久HD,skip,duplicate,high,tdnet,4
2026-05-16,2296,伊藤ハム米久ﾎｰﾙﾃﾞｨﾝｸﾞｽ,伊藤ハム米久ホールディングス,skip,duplicate,high,"kabutan,nikkei",4
2026-05-16,2296,伊藤ハム米久ﾎｰﾙﾃﾞｨﾝｸﾞｽ,伊藤米久HD,skip,duplicate,high,kabutan,2
2026-05-16,2300,きょくとう,きょくとう,skip,duplicate,high,"kabutan,nikkei",4
2026-05-16,2300,きょくとう,きょくと,skip,duplicate,high,tdnet,3
2026-05-16,2301,学情,学情,skip,duplicate,high,"kabutan,nikkei",6
2026-05-16,2303,ドーン,ドーン,skip,duplicate,high,"kabutan,nikkei,tdnet",9
2026-05-16,2304,CSSﾎｰﾙﾃﾞｨﾝｸﾞｽ,CSSホールディングス,skip,duplicate,high,"kabutan,nikkei",4
2026-05-16,2304,CSSﾎｰﾙﾃﾞｨﾝｸﾞｽ,CSS,skip,duplicate,high,kabutan,3
2026-05-16,2304,CSSﾎｰﾙﾃﾞｨﾝｸﾞｽ,CSSHD,skip,duplicate,high,tdnet,3
2026-05-16,2305,スタジオアリス,スタジオアリス,skip,duplicate,high,"kabutan,nikkei,tdnet",9
2026-05-16,2305,スタジオアリス,スタ・アリス,skip,duplicate,high,kabutan,2
2026-05-16,2307,クロスキャット,クロスキャット,skip,duplicate,high,"kabutan,nikkei,tdnet",8
2026-05-16,2307,クロスキャット,クロスキャト,skip,duplicate,high,kabutan,2
2026-05-16,2311,エプコ,エプコ,skip,duplicate,high,"kabutan,nikkei,tdnet",13
2026-05-16,2315,CAICA DIGITAL,CAICA DIGITAL,skip,duplicate,high,"kabutan,nikkei",5
2026-05-16,2315,CAICA DIGITAL,CAICAD,skip,duplicate,high,kabutan,5
2026-05-16,2317,システナ,システナ,skip,duplicate,high,"kabutan,nikkei,tdnet",14
2026-05-16,2321,ソフトフロントﾎｰﾙﾃﾞｨﾝｸﾞｽ,ソフトフロントH,skip,duplicate,high,tdnet,5
2026-05-16,2321,ソフトフロントﾎｰﾙﾃﾞｨﾝｸﾞｽ,ソフトフロントホールディングス,skip,duplicate,high,"kabutan,nikkei",4
2026-05-16,2321,ソフトフロントﾎｰﾙﾃﾞｨﾝｸﾞｽ,ソフトフロン,skip,duplicate,high,kabutan,2
2026-05-16,2323,fonfun,fonfun,skip,duplicate,high,"kabutan,nikkei,tdnet",13
2026-05-16,2325,NJS,NJS,skip,duplicate,high,"kabutan,nikkei",6
2026-05-16,2326,デジタルアーツ,デジアーツ,skip,duplicate,high,"kabutan,tdnet",5
2026-05-16,2326,デジタルアーツ,デジタルアーツ,skip,duplicate,high,"kabutan,nikkei",4
2026-05-16,2327,日鉄ソリューションズ,NSSOL,skip,duplicate,high,"kabutan,tdnet",8
2026-05-16,2327,日鉄ソリューションズ,日鉄ソリューションズ,skip,duplicate,high,"kabutan,nikkei",4
2026-05-16,2329,東北新社,東北新社,skip,duplicate,high,"kabutan,nikkei,tdnet",6
2026-05-16,2330,フォーサイド,フォーサイド,skip,duplicate,high,"kabutan,nikkei,tdnet",7
2026-05-16,2331,ALSOK,ALSOK,skip,duplicate,high,"kabutan,nikkei,tdnet",12
2026-05-16,2332,クエスト,クエスト,skip,duplicate,high,"kabutan,nikkei,tdnet",9
2026-05-16,2334,イオレ,イオレ,skip,duplicate,high,"kabutan,nikkei,tdnet",17
2026-05-16,2335,キューブシステム,キューブシステム,skip,duplicate,high,"kabutan,nikkei,tdnet",8
2026-05-16,2335,キューブシステム,キューブシス,skip,duplicate,high,kabutan,2
2026-05-16,2337,いちご,いちご,skip,duplicate,high,"kabutan,nikkei,tdnet",18
2026-05-16,2338,クオンタムソリューションズ,クオンタムS,skip,duplicate,high,"kabutan,tdnet",19
2026-05-16,2338,クオンタムソリューションズ,クオンタムソリューションズ,skip,duplicate,high,"kabutan,nikkei",4
2026-05-16,2340,極楽湯ﾎｰﾙﾃﾞｨﾝｸﾞｽ,極楽湯ホールディングス,skip,duplicate,high,"kabutan,nikkei",4
2026-05-16,2340,極楽湯ﾎｰﾙﾃﾞｨﾝｸﾞｽ,極楽湯HD,skip,duplicate,high,kabutan,2
2026-05-16,2341,アルバイトタイムス,アルバイトタイムス,skip,duplicate,high,"kabutan,nikkei",4
2026-05-16,2341,アルバイトタイムス,アルバイトT,skip,duplicate,high,kabutan,2
2026-05-16,2341,アルバイトタイムス,アルバイトタイ,add,new_candidate,medium,tdnet,2
2026-05-16,2342,トランスジェニックｸﾞﾙｰﾌﾟ,トランスジェニックG,skip,duplicate,high,tdnet,6
2026-05-16,2342,トランスジェニックｸﾞﾙｰﾌﾟ,トランスジェニックグループ,skip,duplicate,high,"kabutan,nikkei",4
2026-05-16,2342,トランスジェニックｸﾞﾙｰﾌﾟ,トランスGG,skip,duplicate,high,kabutan,2
2026-05-16,2344,平安レイサービス,平安レイ,skip,duplicate,high,"kabutan,tdnet",4
2026-05-16,2344,平安レイサービス,平安レイサービス,skip,duplicate,high,kabutan,3
2026-05-16,2345,HODL1,HODL1,skip,duplicate,high,"kabutan,nikkei,tdnet",11
2026-05-16,2345,HODL1,ホドルワン,skip,duplicate,high,kabutan,2
2026-05-16,2349,エヌアイデイ,エヌアイデイ,skip,duplicate,high,"kabutan,nikkei",4
2026-05-16,2351,ASJ,ASJ,skip,duplicate,high,"kabutan,nikkei",7
2026-05-16,2353,日本駐車場開発,日駐,skip,duplicate,high,tdnet,5
2026-05-16,2353,日本駐車場開発,日本駐車場開発,skip,duplicate,high,"kabutan,nikkei",4
2026-05-16,2353,日本駐車場開発,日本駐車場,skip,duplicate,high,kabutan,2
2026-05-16,2354,YE DIGITAL,YE DIGITAL,skip,duplicate,high,"kabutan,nikkei,tdnet",9
2026-05-16,2354,YE DIGITAL,YEデジタル,skip,duplicate,high,kabutan,2
2026-05-16,2359,コア,コア,skip,duplicate,high,"kabutan,nikkei,tdnet",10
2026-05-16,2370,メディネット,メディネット,skip,duplicate,high,"kabutan,nikkei",4
2026-05-16,2370,メディネット,MDNT,review,new_candidate,low,tdnet,3
2026-05-16,2371,カカクコム,カカクコム,skip,duplicate,high,"kabutan,nikkei,tdnet",13
2026-05-16,2373,ケア21,ケア21,skip,duplicate,high,"kabutan,nikkei",5
2026-05-16,2374,セントケア・ホールディング,セントケア,skip,duplicate,high,kabutan,2
2026-05-16,2374,セントケア・ホールディング,セントケア・ホールディング,skip,duplicate,high,kabutan,2
2026-05-16,2375,ギグワークス,ギグワークス,skip,duplicate,high,"kabutan,nikkei,tdnet",9
2026-05-16,2376,サイネックス,サイネックス,skip,duplicate,high,"kabutan,nikkei",4
2026-05-16,2378,ルネサンス,ルネサンス,skip,duplicate,high,"kabutan,nikkei,tdnet",10
2026-05-16,2379,ディップ,ディップ,skip,duplicate,high,"kabutan,nikkei,tdnet",8
2026-05-16,2384,SBSﾎｰﾙﾃﾞｨﾝｸﾞｽ,SBSHD,skip,duplicate,high,kabutan,5
2026-05-16,2384,SBSﾎｰﾙﾃﾞｨﾝｸﾞｽ,SBSホールディングス,skip,duplicate,high,"kabutan,nikkei",4
2026-05-16,2385,総医研ﾎｰﾙﾃﾞｨﾝｸﾞｽ,総医研ホールディングス,skip,duplicate,high,"kabutan,nikkei",4
2026-05-16,2385,総医研ﾎｰﾙﾃﾞｨﾝｸﾞｽ,総医研HD,skip,duplicate,high,kabutan,2
2026-05-16,2385,総医研ﾎｰﾙﾃﾞｨﾝｸﾞｽ,総医研,add,new_candidate,medium,tdnet,2
2026-05-16,2388,ウェッジﾎｰﾙﾃﾞｨﾝｸﾞｽ,ウェッジHD,skip,duplicate,high,"kabutan,tdnet",4
2026-05-16,2388,ウェッジﾎｰﾙﾃﾞｨﾝｸﾞｽ,ウェッジホールディングス,skip,duplicate,high,"kabutan,nikkei",4
2026-05-16,2389,デジタルﾎｰﾙﾃﾞｨﾝｸﾞｽ,デジタルHD,skip,duplicate,high,kabutan,5
2026-05-16,2389,デジタルﾎｰﾙﾃﾞｨﾝｸﾞｽ,デジタルホールディングス,skip,duplicate,high,kabutan,2
2026-05-16,2391,プラネット,プラネット,skip,duplicate,high,"kabutan,nikkei",6
2026-05-16,2393,日本ケアサプライ,日本ケア,skip,duplicate,high,tdnet,5
2026-05-16,2393,日本ケアサプライ,日本ケアサプライ,skip,duplicate,high,"kabutan,nikkei",4
2026-05-16,2393,日本ケアサプライ,ケアサプライ,skip,duplicate,high,kabutan,2
2026-05-16,2395,新日本科学,新日本科学,skip,duplicate,high,"kabutan,nikkei",4
2026-05-16,2395,新日本科学,新日科学,add,new_candidate,medium,tdnet,5
2026-05-16,2404,鉄人化ﾎｰﾙﾃﾞｨﾝｸﾞｽ,鉄人化HD,skip,duplicate,high,"kabutan,tdnet",4
2026-05-16,2404,鉄人化ﾎｰﾙﾃﾞｨﾝｸﾞｽ,鉄人化ホールディングス,skip,duplicate,high,"kabutan,nikkei",4
2026-05-16,2408,KG情報,KG情報,skip,duplicate,high,"kabutan,nikkei,tdnet",5
2026-05-16,2410,キャリアデザインセンター,キャリアDC,skip,duplicate,high,tdnet,4
2026-05-16,2410,キャリアデザインセンター,キャリアデザインセンター,skip,duplicate,high,"kabutan,nikkei",4
2026-05-16,2410,キャリアデザインセンター,キャリアデザ,skip,duplicate,high,kabutan,2
2026-05-16,2411,ゲンダイエージェンシー,ゲンダイエージェンシー,skip,duplicate,high,"kabutan,nikkei",4
2026-05-16,2411,ゲンダイエージェンシー,ゲンダイ,skip,duplicate,high,kabutan,2
2026-05-16,2411,ゲンダイエージェンシー,ゲンダイAG,add,new_candidate,medium,tdnet,5
2026-05-16,2413,エムスリー,エムスリー,skip,duplicate,high,"kabutan,nikkei,tdnet",9
2026-05-16,2415,ヒューマンﾎｰﾙﾃﾞｨﾝｸﾞｽ,ヒューマンホールディングス,skip,duplicate,high,"kabutan,nikkei",4
2026-05-16,2415,ヒューマンﾎｰﾙﾃﾞｨﾝｸﾞｽ,ヒューマン,skip,duplicate,high,kabutan,2
2026-05-16,2418,ツカダ・グローバルホールディング,ツカダ・グローバルホールディング,skip,duplicate,high,"kabutan,nikkei",4
2026-05-16,2418,ツカダ・グローバルホールディング,ツカダグローバルHD,skip,duplicate,high,tdnet,3
2026-05-16,2418,ツカダ・グローバルホールディング,ツカダGHD,skip,duplicate,high,kabutan,2
2026-05-16,241A,ROXX,ROXX,skip,duplicate,high,"kabutan,nikkei",6
2026-05-16,2424,ブラス,ブラス,skip,duplicate,high,"kabutan,nikkei",7
2026-05-16,2425,ケアサービス,ケアサービス,skip,duplicate,high,"kabutan,nikkei,tdnet",9
2026-05-16,2428,ウェルネット,ウェルネット,skip,duplicate,high,"kabutan,nikkei,tdnet",7
2026-05-16,2429,ワールドﾎｰﾙﾃﾞｨﾝｸﾞｽ,ワールドHD,skip,duplicate,high,"kabutan,tdnet",4
2026-05-16,2429,ワールドﾎｰﾙﾃﾞｨﾝｸﾞｽ,ワールドホールディングス,skip,duplicate,high,"kabutan,nikkei",4
2026-05-16,2432,ディー・エヌ・エー,ディー・エヌ・エー,skip,duplicate,high,"kabutan,nikkei,tdnet",14
2026-05-16,2432,ディー・エヌ・エー,ディーエヌエ,skip,duplicate,high,kabutan,2
2026-05-16,2433,博報堂DYﾎｰﾙﾃﾞｨﾝｸﾞｽ,博報堂DYホールディングス,skip,duplicate,high,"kabutan,nikkei",4
2026-05-16,2433,博報堂DYﾎｰﾙﾃﾞｨﾝｸﾞｽ,博報堂DY,skip,duplicate,high,kabutan,3
2026-05-16,2435,シダー,シダー,skip,duplicate,high,"kabutan,nikkei",7
2026-05-16,2436,共同ピーアール,共同PR,skip,duplicate,high,"kabutan,tdnet",7
2026-05-16,2436,共同ピーアール,共同ピーアール,skip,duplicate,high,"kabutan,nikkei",4
2026-05-16,2437,Shinwa Wise Holdings,シンワワイズ,skip,duplicate,high,"kabutan,tdnet",7
2026-05-16,2437,Shinwa Wise Holdings,Shinwa Wise Holdings,skip,duplicate,high,"kabutan,nikkei",4
2026-05-16,2438,アスカネット,アスカネット,skip,duplicate,high,"kabutan,nikkei,tdnet",11
2026-05-16,2440,ぐるなび,ぐるなび,skip,duplicate,high,"kabutan,nikkei,tdnet",9
2026-05-16,2445,タカミヤ,タカミヤ,skip,duplicate,high,"kabutan,nikkei,tdnet",8
2026-05-16,2449,プラップジャパン,プラップジャパン,skip,duplicate,high,"kabutan,nikkei",4
2026-05-16,2449,プラップジャパン,プラップJ,skip,duplicate,high,"kabutan,tdnet",3
2026-05-16,244A,グロースエクスパートナーズ,グロースエクスパ,skip,duplicate,high,tdnet,5
2026-05-16,244A,グロースエクスパートナーズ,グロースエクスパートナーズ,skip,duplicate,high,"kabutan,nikkei",4
2026-05-16,244A,グロースエクスパートナーズ,グロースxP,skip,duplicate,high,kabutan,2
2026-05-16,2454,オールアバウト,オールアバウト,skip,duplicate,high,"kabutan,nikkei,tdnet",9
2026-05-16,2454,オールアバウト,オルアバウト,skip,duplicate,high,kabutan,2
2026-05-16,2459,アウンコンサルティング,アウン,skip,duplicate,high,"kabutan,tdnet",7
2026-05-16,2459,アウンコンサルティング,アウンコンサルティング,skip,duplicate,high,"kabutan,nikkei",4
2026-05-16,245A,INGS,INGS,skip,duplicate,high,"kabutan,nikkei,tdnet",12
2026-05-16,2461,ファンコミュニケーションズ,ファンコミ,skip,duplicate,high,"kabutan,tdnet",12
2026-05-16,2461,ファンコミュニケーションズ,ファンコミュニケーションズ,skip,duplicate,high,"kabutan,nikkei",4
2026-05-16,2462,ライク,ライク,skip,duplicate,high,"kabutan,nikkei,tdnet",8
2026-05-16,2464,Aoba‐BBT,Aoba-BBT,skip,duplicate,high,"kabutan,nikkei,tdnet",8
2026-05-16,2464,Aoba‐BBT,アオバBBT,skip,duplicate,high,kabutan,2
2026-05-16,2469,ヒビノ,ヒビノ,skip,duplicate,high,"kabutan,nikkei,tdnet",12
2026-05-16,246A,アスア,アスア,skip,duplicate,high,"kabutan,nikkei,tdnet",9
2026-05-16,2471,エスプール,エスプール,skip,duplicate,high,"kabutan,nikkei,tdnet",7
2026-05-16,2475,WDBﾎｰﾙﾃﾞｨﾝｸﾞｽ,WDB,skip,duplicate,high,"kabutan,tdnet",6
2026-05-16,2475,WDBﾎｰﾙﾃﾞｨﾝｸﾞｽ,WDBホールディングス,skip,duplicate,high,"kabutan,nikkei",4
2026-05-16,2477,手間いらず,手間いらず,skip,duplicate,high,"kabutan,nikkei,tdnet",9
2026-05-16,2479,ジェイテック,ジェイテック,skip,duplicate,high,"kabutan,nikkei",7
2026-05-16,247A,Aiロボティクス,Aiロボティクス,skip,duplicate,high,"kabutan,nikkei,tdnet",10
2026-05-16,247A,Aiロボティクス,Aiロボ,skip,duplicate,high,kabutan,2
2026-05-16,2480,システム・ロケーション,シスロケ,skip,duplicate,high,"kabutan,tdnet",6
2026-05-16,2480,システム・ロケーション,システム・ロケーション,skip,duplicate,high,"kabutan,nikkei",4
2026-05-16,2481,タウンニュース社,タウンN,skip,duplicate,high,kabutan,2
2026-05-16,2483,翻訳センター,翻訳センター,skip,duplicate,high,"kabutan,nikkei,tdnet",8
2026-05-16,2484,出前館,出前館,skip,duplicate,high,"kabutan,nikkei,tdnet",9
2026-05-16,2485,ティア,ティア,skip,duplicate,high,"kabutan,nikkei,tdnet",8
2026-05-16,2488,JTP,JTP,skip,duplicate,high,"kabutan,nikkei,tdnet",11
2026-05-16,2489,アドウェイズ,ADWAYS,skip,duplicate,high,tdnet,5
2026-05-16,2489,アドウェイズ,アドウェイズ,skip,duplicate,high,"kabutan,nikkei",4
2026-05-16,248A,キッズスター,キッズスター,skip,duplicate,high,"kabutan,nikkei",6
2026-05-16,2491,バリューコマース,Vコマース,skip,duplicate,high,"kabutan,tdnet",5
2026-05-16,2491,バリューコマース,バリューコマース,skip,duplicate,high,"kabutan,nikkei",4
2026-05-16,2492,インフォマート,インフォマート,skip,duplicate,high,"kabutan,nikkei,tdnet",9
2026-05-16,2492,インフォマート,インフォMT,skip,duplicate,high,kabutan,2
2026-05-16,2493,イーサポートリンク,イーサポートリンク,skip,duplicate,high,"kabutan,nikkei",4
2026-05-16,2493,イーサポートリンク,イーサポート,skip,duplicate,high,kabutan,3
2026-05-16,2497,ユナイテッド,UNITED,skip,duplicate,high,"kabutan,tdnet",10
2026-05-16,2497,ユナイテッド,ユナイテッド,skip,duplicate,high,"kabutan,nikkei",4
2026-05-16,2498,オリエンタルコンサルタンツﾎｰﾙﾃﾞｨﾝｸﾞｽ,オリコンHD,skip,duplicate,high,"kabutan,tdnet",5
2026-05-16,2498,オリエンタルコンサルタンツﾎｰﾙﾃﾞｨﾝｸﾞｽ,オリエンタルコンサルタンツホールディングス,skip,duplicate,high,"kabutan,nikkei",4
2026-05-16,2499,日本和装ﾎｰﾙﾃﾞｨﾝｸﾞｽ,日本和装,skip,duplicate,high,"kabutan,tdnet",7
2026-05-16,2499,日本和装ﾎｰﾙﾃﾞｨﾝｸﾞｽ,日本和装ホールディングス,skip,duplicate,high,"kabutan,nikkei",4
2026-05-16,2501,サッポロﾎｰﾙﾃﾞｨﾝｸﾞｽ,サッポロホールディングス,skip,duplicate,high,"kabutan,nikkei",4
2026-05-16,2501,サッポロﾎｰﾙﾃﾞｨﾝｸﾞｽ,サッポロHD,skip,duplicate,high,"kabutan,tdnet",3
2026-05-16,2502,アサヒｸﾞﾙｰﾌﾟﾎｰﾙﾃﾞｨﾝｸﾞｽ,アサヒ,skip,duplicate,high,"kabutan,tdnet",10
2026-05-16,2502,アサヒｸﾞﾙｰﾌﾟﾎｰﾙﾃﾞｨﾝｸﾞｽ,アサヒグループホールディングス,skip,duplicate,high,"kabutan,nikkei",4
2026-05-16,2503,キリンﾎｰﾙﾃﾞｨﾝｸﾞｽ,キリンホールディングス,skip,duplicate,high,"kabutan,nikkei",4
2026-05-16,2503,キリンﾎｰﾙﾃﾞｨﾝｸﾞｽ,キリンHD,skip,duplicate,high,"kabutan,tdnet",3
2026-05-16,250A,シマダヤ,シマダヤ,skip,duplicate,high,"kabutan,nikkei,tdnet",8
2026-05-16,2531,宝ﾎｰﾙﾃﾞｨﾝｸﾞｽ,宝HLD,skip,duplicate,high,"kabutan,tdnet",7
2026-05-16,2531,宝ﾎｰﾙﾃﾞｨﾝｸﾞｽ,宝ホールディングス,skip,duplicate,high,"kabutan,nikkei",4
2026-05-16,2533,オエノンﾎｰﾙﾃﾞｨﾝｸﾞｽ,オエノンHD,skip,duplicate,high,"kabutan,tdnet",6
2026-05-16,2533,オエノンﾎｰﾙﾃﾞｨﾝｸﾞｽ,オエノンホールディングス,skip,duplicate,high,"kabutan,nikkei",4
2026-05-16,253A,ETSｸﾞﾙｰﾌﾟ,ETSグループ,skip,duplicate,high,"kabutan,nikkei",6
2026-05-16,253A,ETSｸﾞﾙｰﾌﾟ,ETS・G,skip,duplicate,high,kabutan,2
2026-05-16,2540,養命酒製造,養命酒,skip,duplicate,high,"kabutan,tdnet",14
2026-05-16,2540,養命酒製造,養命酒製造,skip,duplicate,high,"kabutan,nikkei",4
2026-05-16,254A,AIフュージョンキャピタルｸﾞﾙｰﾌﾟ,AIフュージョンCG,skip,duplicate,high,tdnet,9
2026-05-16,254A,AIフュージョンキャピタルｸﾞﾙｰﾌﾟ,AIフュージョンキャピタルグループ,skip,duplicate,high,"kabutan,nikkei",4
2026-05-16,254A,AIフュージョンキャピタルｸﾞﾙｰﾌﾟ,AIFCG,skip,duplicate,high,kabutan,2
2026-05-16,255A,ジーエルテクノﾎｰﾙﾃﾞｨﾝｸﾞｽ,ジーエルテクノHD,skip,duplicate,high,tdnet,8
2026-05-16,255A,ジーエルテクノﾎｰﾙﾃﾞｨﾝｸﾞｽ,ジーエルテクノホールディングス,skip,duplicate,high,"kabutan,nikkei",4
2026-05-16,255A,ジーエルテクノﾎｰﾙﾃﾞｨﾝｸﾞｽ,GLテクノ,skip,duplicate,high,kabutan,2
2026-05-16,256A,飛島ﾎｰﾙﾃﾞｨﾝｸﾞｽ,飛島ホールディングス,skip,duplicate,high,"kabutan,nikkei",4
2026-05-16,256A,飛島ﾎｰﾙﾃﾞｨﾝｸﾞｽ,飛島HD,skip,duplicate,high,kabutan,3
2026-05-16,2573,北海道コカ・コーラボトリング,北海道コカ・コーラボトリング,skip,duplicate,high,"kabutan,nikkei",4
2026-05-16,2573,北海道コカ・コーラボトリング,北海コカ,skip,duplicate,high,"kabutan,tdnet",3
2026-05-16,2579,コカ・コーラ ボトラーズジャパンﾎｰﾙﾃﾞｨﾝｸﾞｽ,コカ・コーラBJH,skip,duplicate,high,tdnet,6
2026-05-16,2579,コカ・コーラ ボトラーズジャパンﾎｰﾙﾃﾞｨﾝｸﾞｽ,コカ・コーラ ボトラーズジャパンホールディングス,skip,duplicate,high,"kabutan,nikkei",4
2026-05-16,2579,コカ・コーラ ボトラーズジャパンﾎｰﾙﾃﾞｨﾝｸﾞｽ,コカBJH,skip,duplicate,high,kabutan,2
2026-05-16,2585,ライフドリンク カンパニー,ライフドリンクC,skip,duplicate,high,tdnet,6
2026-05-16,2585,ライフドリンク カンパニー,ライフドリンク カンパニー,skip,duplicate,high,"kabutan,nikkei",4
2026-05-16,2585,ライフドリンク カンパニー,Lドリンク,skip,duplicate,high,kabutan,2
2026-05-16,2586,フルッタフルッタ,フルッタフルッタ,skip,duplicate,high,"kabutan,nikkei,tdnet",9
2026-05-16,2586,フルッタフルッタ,フルッタ,skip,duplicate,high,kabutan,2
2026-05-16,2587,サントリー食品ｲﾝﾀｰﾅｼｮﾅﾙ,サントリービバレッジ&フード,skip,duplicate,high,"kabutan,nikkei",4
2026-05-16,2587,サントリー食品ｲﾝﾀｰﾅｼｮﾅﾙ,サントリBF,skip,duplicate,high,kabutan,2
2026-05-16,2588,プレミアムウォーターﾎｰﾙﾃﾞｨﾝｸﾞｽ,プレミアムウォーター,skip,duplicate,high,tdnet,8
2026-05-16,2588,プレミアムウォーターﾎｰﾙﾃﾞｨﾝｸﾞｽ,プレミアムウォーターホールディングス,skip,duplicate,high,"kabutan,nikkei",4
2026-05-16,2588,プレミアムウォーターﾎｰﾙﾃﾞｨﾝｸﾞｽ,プレミアムW,skip,duplicate,high,kabutan,2
2026-05-16,2590,ダイドーｸﾞﾙｰﾌﾟﾎｰﾙﾃﾞｨﾝｸﾞｽ,DyDo,skip,duplicate,high,"kabutan,tdnet",15
2026-05-16,2590,ダイドーｸﾞﾙｰﾌﾟﾎｰﾙﾃﾞｨﾝｸﾞｽ,ダイドーグループホールディングス,skip,duplicate,high,"kabutan,nikkei",4
2026-05-16,2593,伊藤園,伊藤園,skip,duplicate,high,"kabutan,nikkei",8
2026-05-16,2594,キーコーヒー,キーコーヒー,skip,duplicate,high,"kabutan,nikkei",4
2026-05-16,2597,ユニカフェ,ユニカフェ,skip,duplicate,high,"kabutan,nikkei,tdnet",11
2026-05-16,2602,日清オイリオｸﾞﾙｰﾌﾟ,日清オイリオ,skip,duplicate,high,kabutan,6
2026-05-16,2602,日清オイリオｸﾞﾙｰﾌﾟ,日清オイリオグループ,skip,duplicate,high,"kabutan,nikkei",4
2026-05-16,2607,不二製油,不二製油,skip,duplicate,high,"kabutan,nikkei,tdnet",6
2026-05-16,2612,かどや製油,かどや製油,skip,duplicate,high,"kabutan,nikkei,tdnet",7
2026-05-16,2613,J－オイルミルズ,Jオイル,skip,duplicate,high,"kabutan,tdnet",5
2026-05-16,2613,J－オイルミルズ,J-オイルミルズ,skip,duplicate,high,"kabutan,nikkei",4
2026-05-16,261A,日水コン,日水コン,skip,duplicate,high,"kabutan,nikkei",4
2026-05-16,262A,インターメスティック,インターメスティック,skip,duplicate,high,"kabutan,nikkei,tdnet",13
2026-05-16,262A,インターメスティック,インターメス,skip,duplicate,high,kabutan,2
2026-05-16,264A,Schoo,Schoo,skip,duplicate,high,"kabutan,nikkei,tdnet",10
2026-05-16,2652,まんだらけ,まんだらけ,skip,duplicate,high,"kabutan,nikkei,tdnet",10
2026-05-16,2653,イオン九州,イオン九州,skip,duplicate,high,"kabutan,nikkei,tdnet",14
2026-05-16,2654,アスモ,アスモ,skip,duplicate,high,"kabutan,nikkei,tdnet",13
2026-05-16,2656,ベクターﾎｰﾙﾃﾞｨﾝｸﾞｽ,ベクターHD,skip,duplicate,high,"kabutan,tdnet",7
2026-05-16,2656,ベクターﾎｰﾙﾃﾞｨﾝｸﾞｽ,ベクターホールディングス,skip,duplicate,high,"kabutan,nikkei",4
2026-05-16,2659,サンエー,サンエー,skip,duplicate,high,"kabutan,nikkei,tdnet",8
2026-05-16,265A,Hmcomm,エイチエムコム,skip,duplicate,high,tdnet,14
2026-05-16,265A,Hmcomm,Hmcomm,skip,duplicate,high,"kabutan,nikkei",5
2026-05-16,2664,カワチ薬品,カワチ薬品,skip,duplicate,high,"kabutan,nikkei,tdnet",8
2026-05-16,2666,オートウェーブ,オートウェーブ,skip,duplicate,high,"kabutan,nikkei,tdnet",7
2026-05-16,2666,オートウェーブ,オートW,skip,duplicate,high,kabutan,2
2026-05-16,2667,イメージ ワン,イメージ ワン,skip,duplicate,high,"kabutan,nikkei,tdnet",15
2026-05-16,2668,タビオ,タビオ,skip,duplicate,high,"kabutan,nikkei,tdnet",7
2026-05-16,2669,カネ美食品,カネ美食品,skip,duplicate,high,"kabutan,nikkei,tdnet",10
2026-05-16,2670,エービーシー・マート,ABCマート,skip,duplicate,high,"kabutan,tdnet",7
2026-05-16,2670,エービーシー・マート,エービーシー・マート,skip,duplicate,high,"kabutan,nikkei",4
2026-05-16,2673,夢みつけ隊,夢みつけ隊,skip,duplicate,high,"kabutan,nikkei",7
2026-05-16,2674,ハードオフｺｰﾎﾟﾚｰｼｮﾝ,ハードオフ,skip,duplicate,high,"kabutan,tdnet",6
2026-05-16,2674,ハードオフｺｰﾎﾟﾚｰｼｮﾝ,ハードオフコーポレーション,skip,duplicate,high,"kabutan,nikkei",4
2026-05-16,2676,高千穂交易,高千穂交,skip,duplicate,high,tdnet,7
2026-05-16,2676,高千穂交易,高千穂交易,skip,duplicate,high,"kabutan,nikkei",4
2026-05-16,2678,アスクル,アスクル,skip,duplicate,high,"kabutan,nikkei,tdnet",11
2026-05-16,2681,ゲオﾎｰﾙﾃﾞｨﾝｸﾞｽ,ゲオHD,skip,duplicate,high,"kabutan,tdnet",7
2026-05-16,2681,ゲオﾎｰﾙﾃﾞｨﾝｸﾞｽ,ゲオホールディングス,skip,duplicate,high,"kabutan,nikkei",4
2026-05-16,2683,魚喜,魚喜,skip,duplicate,high,"kabutan,nikkei,tdnet",10
2026-05-16,2685,アンドエスティHD,アンドエスティHD,skip,duplicate,high,"kabutan,nikkei,tdnet",9
2026-05-16,2685,アンドエスティHD,アンドST,skip,duplicate,high,kabutan,2
2026-05-16,2686,ジーフット,ジーフット,skip,duplicate,high,"kabutan,nikkei,tdnet",17
2026-05-16,2687,シー・ヴイ・エス・ベイエリア,CVSベイ,skip,duplicate,high,"kabutan,tdnet",8
2026-05-16,2687,シー・ヴイ・エス・ベイエリア,シー・ヴイ・エス・ベイエリア,skip,duplicate,high,"kabutan,nikkei",4
2026-05-16,2689,オルバヘルスケアﾎｰﾙﾃﾞｨﾝｸﾞｽ,オルバヘルスケアホールディングス,skip,duplicate,high,"kabutan,nikkei",4
2026-05-16,2689,オルバヘルスケアﾎｰﾙﾃﾞｨﾝｸﾞｽ,オルバヘルス,skip,duplicate,high,kabutan,2
2026-05-16,2689,オルバヘルスケアﾎｰﾙﾃﾞｨﾝｸﾞｽ,オルバヘルスケアHD,skip,duplicate,high,tdnet,2
2026-05-16,268A,リガク・ﾎｰﾙﾃﾞｨﾝｸﾞｽ,リガク,skip,duplicate,high,tdnet,5
2026-05-16,268A,リガク・ﾎｰﾙﾃﾞｨﾝｸﾞｽ,リガク・ホールディングス,skip,duplicate,high,"kabutan,nikkei",4
2026-05-16,268A,リガク・ﾎｰﾙﾃﾞｨﾝｸﾞｽ,リガクHD,skip,duplicate,high,kabutan,2
2026-05-16,2692,伊藤忠食品,伊藤忠食,skip,duplicate,high,"kabutan,tdnet",12
2026-05-16,2692,伊藤忠食品,伊藤忠食品,skip,duplicate,high,"kabutan,nikkei",4
2026-05-16,2693,YKT,YKT,skip,duplicate,high,"kabutan,nikkei,tdnet",6
2026-05-16,2694,焼肉坂井ﾎｰﾙﾃﾞｨﾝｸﾞｽ,焼肉坂井HD,skip,duplicate,high,"kabutan,tdnet",6
2026-05-16,2694,焼肉坂井ﾎｰﾙﾃﾞｨﾝｸﾞｽ,焼肉坂井ホールディングス,skip,duplicate,high,"kabutan,nikkei",4
2026-05-16,2695,くら寿司,くら寿司,skip,duplicate,high,"kabutan,nikkei",5
2026-05-16,2698,キャンドゥ,キャンドゥ,skip,duplicate,high,"kabutan,nikkei,tdnet",13
2026-05-16,269A,Sapeet,Sapeet,skip,duplicate,high,"kabutan,nikkei,tdnet",8
2026-05-16,2700,木徳神糧,木徳神糧,skip,duplicate,high,"kabutan,nikkei,tdnet",8
2026-05-16,2702,日本マクドナルドﾎｰﾙﾃﾞｨﾝｸﾞｽ,マクドナルド,skip,duplicate,high,"kabutan,tdnet",7
2026-05-16,2702,日本マクドナルドﾎｰﾙﾃﾞｨﾝｸﾞｽ,日本マクドナルドホールディングス,skip,duplicate,high,"kabutan,nikkei",4
2026-05-16,2705,大戸屋ﾎｰﾙﾃﾞｨﾝｸﾞｽ,大戸屋HD,skip,duplicate,high,"kabutan,tdnet",7
2026-05-16,2705,大戸屋ﾎｰﾙﾃﾞｨﾝｸﾞｽ,大戸屋ホールディングス,skip,duplicate,high,"kabutan,nikkei",4
2026-05-16,2708,久世,久世,skip,duplicate,high,"kabutan,nikkei",6
2026-05-16,2721,ジェイﾎｰﾙﾃﾞｨﾝｸﾞｽ,JHD,skip,duplicate,high,"kabutan,tdnet",11
2026-05-16,2721,ジェイﾎｰﾙﾃﾞｨﾝｸﾞｽ,ジェイホールディングス,skip,duplicate,high,"kabutan,nikkei",4
2026-05-16,2722,IKﾎｰﾙﾃﾞｨﾝｸﾞｽ,IKホールディングス,skip,duplicate,high,"kabutan,nikkei,tdnet",9
2026-05-16,2722,IKﾎｰﾙﾃﾞｨﾝｸﾞｽ,アイケイHD,skip,duplicate,high,kabutan,2
2026-05-16,2726,パルｸﾞﾙｰﾌﾟﾎｰﾙﾃﾞｨﾝｸﾞｽ,パルグループホールディングス,skip,duplicate,high,"kabutan,nikkei",4
2026-05-16,2726,パルｸﾞﾙｰﾌﾟﾎｰﾙﾃﾞｨﾝｸﾞｽ,パルHD,skip,duplicate,high,kabutan,2
2026-05-16,2726,パルｸﾞﾙｰﾌﾟﾎｰﾙﾃﾞｨﾝｸﾞｽ,パルグループHD,add,new_candidate,medium,tdnet,4
2026-05-16,2730,エディオン,エディオン,skip,duplicate,high,"kabutan,nikkei,tdnet",6
2026-05-16,2733,あらた,あらた,skip,duplicate,high,"kabutan,nikkei",4
2026-05-16,2734,サーラｺｰﾎﾟﾚｰｼｮﾝ,サーラ,skip,duplicate,high,"kabutan,tdnet",13
2026-05-16,2734,サーラｺｰﾎﾟﾚｰｼｮﾝ,サーラコーポレーション,skip,duplicate,high,"kabutan,nikkei",4
2026-05-16,2735,ワッツ,ワッツ,skip,duplicate,high,"kabutan,nikkei,tdnet",7
2026-05-16,2736,フェスタリアﾎｰﾙﾃﾞｨﾝｸﾞｽ,フェスタリアHD,skip,duplicate,high,tdnet,5
2026-05-16,2736,フェスタリアﾎｰﾙﾃﾞｨﾝｸﾞｽ,フェスタリアホールディングス,skip,duplicate,high,"kabutan,nikkei",4
2026-05-16,2736,フェスタリアﾎｰﾙﾃﾞｨﾝｸﾞｽ,フェスタリア,skip,duplicate,high,kabutan,2
2026-05-16,2737,トーメンデバイス,トーメンデバ,skip,duplicate,high,"kabutan,tdnet",7
2026-05-16,2737,トーメンデバイス,トーメンデバイス,skip,duplicate,high,"kabutan,nikkei",4
2026-05-16,2742,ハローズ,ハローズ,skip,duplicate,high,"kabutan,nikkei,tdnet",8
2026-05-16,2747,北雄ラッキー,北雄ラッキー,skip,duplicate,high,"kabutan,nikkei,tdnet",6
2026-05-16,2749,JPﾎｰﾙﾃﾞｨﾝｸﾞｽ,JPホールディングス,skip,duplicate,high,"kabutan,nikkei",4
2026-05-16,2749,JPﾎｰﾙﾃﾞｨﾝｸﾞｽ,JPHD,skip,duplicate,high,kabutan,3
2026-05-16,274A,ガーデン,ガーデン,skip,duplicate,high,"kabutan,nikkei,tdnet",13
2026-05-16,2750,石光商事,石光商事,skip,duplicate,high,"kabutan,nikkei,tdnet",6
2026-05-16,2751,テンポスﾎｰﾙﾃﾞｨﾝｸﾞｽ,テンポスHD,skip,duplicate,high,"kabutan,tdnet",6
2026-05-16,2751,テンポスﾎｰﾙﾃﾞｨﾝｸﾞｽ,テンポスホールディングス,skip,duplicate,high,"kabutan,nikkei",4
2026-05-16,2752,フジオフードｸﾞﾙｰﾌﾟ本社,フジオフードグループ本社,skip,duplicate,high,"kabutan,nikkei",4
2026-05-16,2752,フジオフードｸﾞﾙｰﾌﾟ本社,フジオフードG本社,skip,duplicate,high,tdnet,3
2026-05-16,2752,フジオフードｸﾞﾙｰﾌﾟ本社,フジオフード,skip,duplicate,high,kabutan,2
2026-05-16,2753,あみやき亭,あみやき亭,skip,duplicate,high,"kabutan,nikkei",4
2026-05-16,2753,あみやき亭,あみやき,skip,duplicate,high,kabutan,2
2026-05-16,2760,東京エレクトロン デバイス,東エレデバ,skip,duplicate,high,"kabutan,tdnet",5
2026-05-16,2760,東京エレクトロン デバイス,東京エレクトロン デバイス,skip,duplicate,high,"kabutan,nikkei",4
2026-05-16,2762,SANKO MARKETING FOODS,SANKO MF,skip,duplicate,high,tdnet,7
2026-05-16,2762,SANKO MARKETING FOODS,SANKO MARKETING FOODS,skip,duplicate,high,"kabutan,nikkei",5
2026-05-16,2762,SANKO MARKETING FOODS,SANKO,skip,duplicate,high,kabutan,2
2026-05-16,2763,エフティｸﾞﾙｰﾌﾟ,エフティグループ,skip,duplicate,high,"kabutan,nikkei,tdnet",10
2026-05-16,2763,エフティｸﾞﾙｰﾌﾟ,エフティ,skip,duplicate,high,kabutan,2
2026-05-16,2764,ひらまつ,ひらまつ,skip,duplicate,high,"kabutan,nikkei,tdnet",9
2026-05-16,2767,円谷フィールズﾎｰﾙﾃﾞｨﾝｸﾞｽ,円谷フィールズホールディングス,skip,duplicate,high,"kabutan,nikkei",4
2026-05-16,2767,円谷フィールズﾎｰﾙﾃﾞｨﾝｸﾞｽ,円谷フィールズHD,skip,duplicate,high,tdnet,3
2026-05-16,2767,円谷フィールズﾎｰﾙﾃﾞｨﾝｸﾞｽ,円谷フィHD,skip,duplicate,high,kabutan,2
2026-05-16,2768,双日,双日,skip,duplicate,high,"kabutan,nikkei,tdnet",7
2026-05-16,2769,ヴィレッジヴァンガードｺｰﾎﾟﾚｰｼｮﾝ,ヴィレッジV,skip,duplicate,high,"kabutan,tdnet",6
2026-05-16,2769,ヴィレッジヴァンガードｺｰﾎﾟﾚｰｼｮﾝ,ヴィレッジヴァンガードコーポレーション,skip,duplicate,high,"kabutan,nikkei",4
2026-05-16,276A,ククレブ・アドバイザーズ,ククレブ,skip,duplicate,high,"kabutan,tdnet",12
2026-05-16,276A,ククレブ・アドバイザーズ,ククレブ・アドバイザーズ,skip,duplicate,high,"kabutan,nikkei",4
2026-05-16,2776,新都ﾎｰﾙﾃﾞｨﾝｸﾞｽ,新都HD,skip,duplicate,high,"kabutan,tdnet",8
2026-05-16,2776,新都ﾎｰﾙﾃﾞｨﾝｸﾞｽ,新都ホールディングス,skip,duplicate,high,"kabutan,nikkei",4
2026-05-16,2778,パレモ・ﾎｰﾙﾃﾞｨﾝｸﾞｽ,パレモ・HD,skip,duplicate,high,"kabutan,tdnet",12
2026-05-16,2778,パレモ・ﾎｰﾙﾃﾞｨﾝｸﾞｽ,パレモ・ホールディングス,skip,duplicate,high,"kabutan,nikkei",4
2026-05-16,277A,グロービング,グロービング,skip,duplicate,high,"kabutan,nikkei,tdnet",11
2026-05-16,2780,コメ兵ﾎｰﾙﾃﾞｨﾝｸﾞｽ,コメ兵HD,skip,duplicate,high,"kabutan,tdnet",9
2026-05-16,2780,コメ兵ﾎｰﾙﾃﾞｨﾝｸﾞｽ,コメ兵ホールディングス,skip,duplicate,high,"kabutan,nikkei",4
2026-05-16,2782,セリア,セリア,skip,duplicate,high,"kabutan,nikkei,tdnet",7
2026-05-16,2784,アルフレッサ ﾎｰﾙﾃﾞｨﾝｸﾞｽ,アルフレッサ ホールディングス,skip,duplicate,high,"kabutan,nikkei",4
2026-05-16,2784,アルフレッサ ﾎｰﾙﾃﾞｨﾝｸﾞｽ,アルフレッサHD,skip,duplicate,high,tdnet,4
2026-05-16,2784,アルフレッサ ﾎｰﾙﾃﾞｨﾝｸﾞｽ,アルフレッサ,skip,duplicate,high,kabutan,2
2026-05-16,2788,アップルｲﾝﾀｰﾅｼｮﾅﾙ,アップル,skip,duplicate,high,"kabutan,tdnet",4
2026-05-16,2788,アップルｲﾝﾀｰﾅｼｮﾅﾙ,アップルインターナショナル,skip,duplicate,high,"kabutan,nikkei",4
2026-05-16,2789,カルラ,カルラ,skip,duplicate,high,"kabutan,nikkei,tdnet",9
2026-05-16,278A,Terra Drone,テラドローン,skip,duplicate,high,"kabutan,tdnet",15
2026-05-16,278A,Terra Drone,Terra Drone,skip,duplicate,high,"kabutan,nikkei",5
2026-05-16,2790,ナフコ,ナフコ,skip,duplicate,high,"kabutan,nikkei,tdnet",7
2026-05-16,2791,大黒天物産,大黒天物産,skip,duplicate,high,"kabutan,nikkei",4
2026-05-16,2791,大黒天物産,大黒天,skip,duplicate,high,"kabutan,tdnet",3
2026-05-16,2792,ハニーズﾎｰﾙﾃﾞｨﾝｸﾞｽ,ハニーズホールディングス,skip,duplicate,high,"kabutan,nikkei",4
2026-05-16,2792,ハニーズﾎｰﾙﾃﾞｨﾝｸﾞｽ,ハニーズHD,skip,duplicate,high,kabutan,2
2026-05-16,2795,日本プリメックス,日本プリメックス,skip,duplicate,high,"kabutan,nikkei",4
2026-05-16,2795,日本プリメックス,プリメックス,skip,duplicate,high,kabutan,2
2026-05-16,2796,ファーマライズﾎｰﾙﾃﾞｨﾝｸﾞｽ,ファーマライズホールディングス,skip,duplicate,high,"kabutan,nikkei",4
2026-05-16,2796,ファーマライズﾎｰﾙﾃﾞｨﾝｸﾞｽ,ファマライズ,skip,duplicate,high,kabutan,2
2026-05-16,2798,ワイズテーブルｺｰﾎﾟﾚｰｼｮﾝ,Y’s,skip,duplicate,high,tdnet,5
2026-05-16,2798,ワイズテーブルｺｰﾎﾟﾚｰｼｮﾝ,ワイズテーブルコーポレーション,skip,duplicate,high,"kabutan,nikkei",4
2026-05-16,2798,ワイズテーブルｺｰﾎﾟﾚｰｼｮﾝ,Ysテーブル,skip,duplicate,high,kabutan,2
2026-05-16,2801,キッコーマン,キッコマン,skip,duplicate,high,"kabutan,tdnet",6
2026-05-16,2801,キッコーマン,キッコーマン,skip,duplicate,high,"kabutan,nikkei",4
2026-05-16,2802,味の素,味の素,skip,duplicate,high,"kabutan,nikkei,tdnet",8
2026-05-16,2804,ブルドックソース,ブルドックソース,skip,duplicate,high,"kabutan,nikkei,tdnet",9
2026-05-16,2804,ブルドックソース,ブルドック,skip,duplicate,high,kabutan,2
2026-05-16,2805,ヱスビー食品,エスビー食品,skip,duplicate,high,"kabutan,nikkei",4
2026-05-16,2805,ヱスビー食品,エスビー,skip,duplicate,high,kabutan,2
2026-05-16,2806,ユタカフーズ,ユタカフーズ,skip,duplicate,high,"kabutan,nikkei",4
2026-05-16,2809,キユーピー,キユーピー,skip,duplicate,high,"kabutan,nikkei,tdnet",11
2026-05-16,280A,TMH,TMH,skip,duplicate,high,"kabutan,nikkei,tdnet",15
2026-05-16,2810,ハウス食品ｸﾞﾙｰﾌﾟ本社,ハウス食G,skip,duplicate,high,"kabutan,tdnet",11
2026-05-16,2810,ハウス食品ｸﾞﾙｰﾌﾟ本社,ハウス食品グループ本社,skip,duplicate,high,"kabutan,nikkei",4
2026-05-16,2811,カゴメ,カゴメ,skip,duplicate,high,"kabutan,nikkei,tdnet",8
2026-05-16,2813,和弘食品,和弘食品,skip,duplicate,high,"kabutan,nikkei",5
2026-05-16,2814,佐藤食品工業,佐藤食品,skip,duplicate,high,"kabutan,tdnet",10
2026-05-16,2814,佐藤食品工業,佐藤食品工業,skip,duplicate,high,"kabutan,nikkei",4
2026-05-16,2815,アリアケジャパン,アリアケジャパン,skip,duplicate,high,"kabutan,nikkei",4
2026-05-16,2815,アリアケジャパン,アリアケ,skip,duplicate,high,kabutan,3
2026-05-16,2816,ダイショー,ダイショー,skip,duplicate,high,"kabutan,nikkei,tdnet",8
2026-05-16,2818,ピエトロ,ピエトロ,skip,duplicate,high,"kabutan,nikkei,tdnet",5
2026-05-16,2819,エバラ食品工業,エバラ食品工業,skip,duplicate,high,"kabutan,nikkei,tdnet",5
2026-05-16,2819,エバラ食品工業,エバラ食品,skip,duplicate,high,kabutan,2
2026-05-16,281A,インフォメティス,インフォメティス,skip,duplicate,high,"kabutan,nikkei,tdnet",16
2026-05-16,281A,インフォメティス,インフォメテ,skip,duplicate,high,kabutan,2
2026-05-16,2820,やまみ,やまみ,skip,duplicate,high,"kabutan,nikkei,tdnet",6
2026-05-16,2831,はごろもフーズ,はごろも,skip,duplicate,high,"kabutan,tdnet",4
2026-05-16,2831,はごろもフーズ,はごろもフーズ,skip,duplicate,high,"kabutan,nikkei",4
2026-05-16,285A,キオクシアﾎｰﾙﾃﾞｨﾝｸﾞｽ,キオクシアホールディングス,skip,duplicate,high,"kabutan,nikkei",4
2026-05-16,285A,キオクシアﾎｰﾙﾃﾞｨﾝｸﾞｽ,キオクシア,skip,duplicate,high,kabutan,2
2026-05-16,286A,ユカリア,ユカリア,skip,duplicate,high,"kabutan,nikkei,tdnet",9
2026-05-16,2871,ニチレイ,ニチレイ,skip,duplicate,high,"kabutan,nikkei,tdnet",9
2026-05-16,2872,セイヒョー,セイヒョー,skip,duplicate,high,"kabutan,nikkei,tdnet",10
2026-05-16,2874,横浜冷凍,ヨコレイ,skip,duplicate,high,"kabutan,nikkei",4
2026-05-16,2875,東洋水産,東洋水産,skip,duplicate,high,"kabutan,nikkei",4
2026-05-16,2875,東洋水産,東洋水,skip,duplicate,high,kabutan,2
2026-05-16,2876,デルソーレ,デルソーレ,skip,duplicate,high,"kabutan,nikkei",5
2026-05-16,2877,日東ベスト,日東ベスト,skip,duplicate,high,"kabutan,nikkei",4
2026-05-16,287A,黒田ｸﾞﾙｰﾌﾟ,黒田グループ,skip,duplicate,high,"kabutan,nikkei,tdnet",8
2026-05-16,2882,イートアンドﾎｰﾙﾃﾞｨﾝｸﾞｽ,イートアンドHD,skip,duplicate,high,tdnet,5
2026-05-16,2882,イートアンドﾎｰﾙﾃﾞｨﾝｸﾞｽ,イートアンドホールディングス,skip,duplicate,high,"kabutan,nikkei",4
2026-05-16,2882,イートアンドﾎｰﾙﾃﾞｨﾝｸﾞｽ,イートアンド,skip,duplicate,high,kabutan,2
2026-05-16,2883,大冷,大冷,skip,duplicate,high,"kabutan,nikkei,tdnet",7
2026-05-16,2884,ヨシムラ・フード・ﾎｰﾙﾃﾞｨﾝｸﾞｽ,ヨシムラ・F・HD,skip,duplicate,high,tdnet,7
2026-05-16,2884,ヨシムラ・フード・ﾎｰﾙﾃﾞｨﾝｸﾞｽ,ヨシムラ・フード・ホールディングス,skip,duplicate,high,"kabutan,nikkei",4
2026-05-16,2884,ヨシムラ・フード・ﾎｰﾙﾃﾞｨﾝｸﾞｽ,ヨシムラHD,skip,duplicate,high,kabutan,2
2026-05-16,288A,ラクサス・テクノロジーズ,ラクサス・テクノロジーズ,skip,duplicate,high,"kabutan,nikkei",4
2026-05-16,288A,ラクサス・テクノロジーズ,ラクサス,skip,duplicate,high,kabutan,2
2026-05-16,2892,日本食品化工,日本食品化工,skip,duplicate,high,"kabutan,nikkei",4
2026-05-16,2892,日本食品化工,日食化,skip,duplicate,high,tdnet,3
2026-05-16,2892,日本食品化工,日食品,skip,duplicate,high,kabutan,2
2026-05-16,2894,石井食品,石井食,skip,duplicate,high,"kabutan,tdnet",6
2026-05-16,2894,石井食品,石井食品,skip,duplicate,high,"kabutan,nikkei",4
2026-05-16,2897,日清食品ﾎｰﾙﾃﾞｨﾝｸﾞｽ,日清食品ホールディングス,skip,duplicate,high,"kabutan,nikkei",4
2026-05-16,2897,日清食品ﾎｰﾙﾃﾞｨﾝｸﾞｽ,日清食HD,skip,duplicate,high,kabutan,3
2026-05-16,2901,ウェルディッシュ,ウェルディッシュ,skip,duplicate,high,"kabutan,nikkei,tdnet",13
2026-05-16,2901,ウェルディッシュ,Wディッシュ,skip,duplicate,high,kabutan,2
2026-05-16,2903,シノブフーズ,シノブフーズ,skip,duplicate,high,"kabutan,nikkei,tdnet",14
2026-05-16,2903,シノブフーズ,シノブフズ,skip,duplicate,high,kabutan,2
2026-05-16,2904,一正蒲鉾,一正蒲鉾,skip,duplicate,high,"kabutan,nikkei,tdnet",7
2026-05-16,2907,あじかん,あじかん,skip,duplicate,high,"kabutan,nikkei,tdnet",9
2026-05-16,2908,フジッコ,フジッコ,skip,duplicate,high,"kabutan,nikkei",4
2026-05-16,290A,Synspective,Syns,skip,duplicate,high,kabutan,8
2026-05-16,290A,Synspective,Synspective,skip,duplicate,high,"kabutan,nikkei",5
2026-05-16,2910,ロック・フィールド,ロック・フィールド,skip,duplicate,high,"kabutan,nikkei",4
2026-05-16,2910,ロック・フィールド,Rフィールド,skip,duplicate,high,kabutan,2
2026-05-16,2911,旭松食品,旭松食品,skip,duplicate,high,"kabutan,nikkei,tdnet",6
2026-05-16,2914,日本たばこ産業,日本たばこ産業,skip,duplicate,high,nikkei,2
2026-05-16,2915,ケンコーマヨネーズ,ケンコーマヨ,skip,duplicate,high,"kabutan,tdnet",6
2026-05-16,2915,ケンコーマヨネーズ,ケンコーマヨネーズ,skip,duplicate,high,"kabutan,nikkei",4
2026-05-16,2916,仙波糖化工業,仙波糖化工業,skip,duplicate,high,"kabutan,nikkei",4
2026-05-16,2916,仙波糖化工業,仙波糖化,skip,duplicate,high,"kabutan,tdnet",3
2026-05-16,2917,大森屋,大森屋,skip,duplicate,high,"kabutan,nikkei,tdnet",6
2026-05-16,2918,わらべや日洋ﾎｰﾙﾃﾞｨﾝｸﾞｽ,わらべや,skip,duplicate,high,tdnet,6
2026-05-16,2918,わらべや日洋ﾎｰﾙﾃﾞｨﾝｸﾞｽ,わらべや日洋ホールディングス,skip,duplicate,high,"kabutan,nikkei",4
2026-05-16,2918,わらべや日洋ﾎｰﾙﾃﾞｨﾝｸﾞｽ,わらべ日洋,skip,duplicate,high,kabutan,2
2026-05-16,291A,リスキル,リスキル,skip,duplicate,high,"kabutan,nikkei,tdnet",7
2026-05-16,2922,なとり,なとり,skip,duplicate,high,"kabutan,nikkei",4
2026-05-16,2923,サトウ食品,サトウ食品,skip,duplicate,high,"kabutan,nikkei",7
2026-05-16,2924,イフジ産業,イフジ産業,skip,duplicate,high,"kabutan,nikkei,tdnet",5
2026-05-16,2926,篠崎屋,篠崎屋,skip,duplicate,high,"kabutan,nikkei,tdnet",8
2026-05-16,2927,AFC－HDアムスライフサイエンス,AFC-HD,skip,duplicate,high,"kabutan,tdnet",8
2026-05-16,2927,AFC－HDアムスライフサイエンス,AFC-HDアムスライフサイエンス,skip,duplicate,high,"kabutan,nikkei",4
2026-05-16,2929,ファーマフーズ,ファーマフーズ,skip,duplicate,high,"kabutan,nikkei",7
2026-05-16,2929,ファーマフーズ,ファーマF,skip,duplicate,high,kabutan,2
2026-05-16,2930,北の達人ｺｰﾎﾟﾚｰｼｮﾝ,北の達人,skip,duplicate,high,"kabutan,tdnet",10
2026-05-16,2930,北の達人ｺｰﾎﾟﾚｰｼｮﾝ,北の達人コーポレーション,skip,duplicate,high,"kabutan,nikkei",4
2026-05-16,2931,ユーグレナ,ユーグレナ,skip,duplicate,high,"kabutan,nikkei",6
2026-05-16,2932,STIフードﾎｰﾙﾃﾞｨﾝｸﾞｽ,STIフードホールディングス,skip,duplicate,high,"kabutan,nikkei",4
2026-05-16,2932,STIフードﾎｰﾙﾃﾞｨﾝｸﾞｽ,STIFHD,skip,duplicate,high,kabutan,2
2026-05-16,2933,紀文食品,紀文食品,skip,duplicate,high,"kabutan,nikkei,tdnet",7
2026-05-16,2934,ジェイフロンティア,ジェイフロンティア,skip,duplicate,high,"kabutan,nikkei",4
2026-05-16,2934,ジェイフロンティア,ジェイフロ,skip,duplicate,high,kabutan,2
2026-05-16,2934,ジェイフロンティア,Jフロンティア,add,new_candidate,medium,tdnet,3
2026-05-16,2935,ピックルスﾎｰﾙﾃﾞｨﾝｸﾞｽ,ピックルスホールディングス,skip,duplicate,high,"kabutan,nikkei",4
2026-05-16,2935,ピックルスﾎｰﾙﾃﾞｨﾝｸﾞｽ,ピックルス,skip,duplicate,high,kabutan,2
2026-05-16,2935,ピックルスﾎｰﾙﾃﾞｨﾝｸﾞｽ,ピックルスHD,add,new_candidate,medium,tdnet,3
2026-05-16,2936,ベースフード,ベースフード,skip,duplicate,high,"kabutan,nikkei,tdnet",10
2026-05-16,2937,サンクゼール,サンクゼール,skip,duplicate,high,"kabutan,nikkei,tdnet",6
2026-05-16,2938,オカムラ食品工業,オカムラ食品工業,skip,duplicate,high,"kabutan,nikkei",5
2026-05-16,2938,オカムラ食品工業,オカムラ食品,skip,duplicate,high,kabutan,2
2026-05-16,2961,日本調理機,日本調理機,skip,duplicate,high,"kabutan,nikkei,tdnet",5
2026-05-16,2962,テクニスコ,テクニスコ,skip,duplicate,high,"kabutan,nikkei",4
2026-05-16,296A,令和アカウンティング・ﾎｰﾙﾃﾞｨﾝｸﾞｽ,令和AH,skip,duplicate,high,"kabutan,tdnet",7
2026-05-16,296A,令和アカウンティング・ﾎｰﾙﾃﾞｨﾝｸﾞｽ,令和アカウンティング・ホールディングス,skip,duplicate,high,"kabutan,nikkei",4
2026-05-16,2970,GLC GROUP,GLC GROUP,skip,duplicate,high,"kabutan,nikkei",7
2026-05-16,2970,GLC GROUP,ジーエルシー,skip,duplicate,high,kabutan,2
2026-05-16,2975,スター・マイカ・ﾎｰﾙﾃﾞｨﾝｸﾞｽ,スター・マイカHD,skip,duplicate,high,tdnet,6
2026-05-16,2975,スター・マイカ・ﾎｰﾙﾃﾞｨﾝｸﾞｽ,スター・マイカ・ホールディングス,skip,duplicate,high,"kabutan,nikkei",4
2026-05-16,2975,スター・マイカ・ﾎｰﾙﾃﾞｨﾝｸﾞｽ,スターマイカ,skip,duplicate,high,kabutan,2
2026-05-16,2978,ツクルバ,ツクルバ,skip,duplicate,high,"kabutan,nikkei,tdnet",9
2026-05-16,297A,アルピコﾎｰﾙﾃﾞｨﾝｸﾞｽ,アルピコHD,skip,duplicate,high,"kabutan,tdnet",7
2026-05-16,297A,アルピコﾎｰﾙﾃﾞｨﾝｸﾞｽ,アルピコホールディングス,skip,duplicate,high,"kabutan,nikkei",4
2026-05-16,2980,SREﾎｰﾙﾃﾞｨﾝｸﾞｽ,SREHD,skip,duplicate,high,"kabutan,tdnet",4
2026-05-16,2980,SREﾎｰﾙﾃﾞｨﾝｸﾞｽ,SREホールディングス,skip,duplicate,high,"kabutan,nikkei",4
2026-05-16,2981,ランディックス,ランディックス,skip,duplicate,high,"kabutan,nikkei,tdnet",6
2026-05-16,2981,ランディックス,ランディクス,skip,duplicate,high,kabutan,2
2026-05-16,2982,ADワークスｸﾞﾙｰﾌﾟ,ADワークスグループ,skip,duplicate,high,"kabutan,nikkei",6
2026-05-16,2982,ADワークスｸﾞﾙｰﾌﾟ,ADWG,skip,duplicate,high,kabutan,2
2026-05-16,2983,アールプランナー,アールプランナー,skip,duplicate,high,"kabutan,nikkei,tdnet",9
2026-05-16,2983,アールプランナー,アールプラン,skip,duplicate,high,kabutan,2
2026-05-16,2984,ヤマイチエステート,ヤマイチ,skip,duplicate,high,"kabutan,tdnet",7
2026-05-16,2984,ヤマイチエステート,ヤマイチエステート,skip,duplicate,high,"kabutan,nikkei",4
2026-05-16,2986,LAﾎｰﾙﾃﾞｨﾝｸﾞｽ,LAホールディングス,skip,duplicate,high,"kabutan,nikkei",4
2026-05-16,2986,LAﾎｰﾙﾃﾞｨﾝｸﾞｽ,LAホールデ,skip,duplicate,high,kabutan,2
2026-05-16,2986,LAﾎｰﾙﾃﾞｨﾝｸﾞｽ,LAHD,review,new_candidate,low,tdnet,6
2026-05-16,298A,GVA TECH,GVA TECH,skip,duplicate,high,"kabutan,nikkei",7
2026-05-16,298A,GVA TECH,GVAテック,skip,duplicate,high,kabutan,2
2026-05-16,2991,ランドネット,ランドネット,skip,duplicate,high,"kabutan,nikkei,tdnet",8
2026-05-16,2993,長栄,長栄,skip,duplicate,high,"kabutan,nikkei,tdnet",8
2026-05-16,2997,ストレージ王,ストレージ王,skip,duplicate,high,"kabutan,nikkei,tdnet",14
2026-05-16,2997,ストレージ王,ストレジ王,skip,duplicate,high,kabutan,2
2026-05-16,2998,クリアル,クリアル,skip,duplicate,high,"kabutan,nikkei,tdnet",8
2026-05-16,2999,ホームポジション,ホームポジション,skip,duplicate,high,"kabutan,nikkei,tdnet",8
2026-05-16,2999,ホームポジション,ホームポジ,skip,duplicate,high,kabutan,2
2026-05-16,299A,クラシル,クラシル,skip,duplicate,high,"kabutan,nikkei,tdnet",9
2026-05-16,3001,片倉工業,片倉工業,skip,duplicate,high,"kabutan,nikkei",4
2026-05-16,3001,片倉工業,片倉,skip,duplicate,high,"kabutan,tdnet",3
2026-05-16,3002,グンゼ,グンゼ,skip,duplicate,high,"kabutan,nikkei",9
2026-05-16,3003,ヒューリック,ヒューリック,skip,duplicate,high,"kabutan,nikkei,tdnet",9
2026-05-16,3004,神栄,神栄,skip,duplicate,high,"kabutan,nikkei,tdnet",5
2026-05-16,300A,MIC,MIC,skip,duplicate,high,"kabutan,nikkei,tdnet",9
2026-05-16,3010,ポラリス・ﾎｰﾙﾃﾞｨﾝｸﾞｽ,ポラリスHD,skip,duplicate,high,"kabutan,tdnet",17
2026-05-16,3010,ポラリス・ﾎｰﾙﾃﾞｨﾝｸﾞｽ,ポラリス・ホールディングス,skip,duplicate,high,"kabutan,nikkei",4
2026-05-16,3011,バナーズ,バナーズ,skip,duplicate,high,"kabutan,nikkei",4
2026-05-16,3020,アプライド,アプライド,skip,duplicate,high,"kabutan,nikkei",4
2026-05-16,3021,パシフィックネット,PCNET,skip,duplicate,high,"kabutan,tdnet",6
2026-05-16,3021,パシフィックネット,パシフィックネット,skip,duplicate,high,"kabutan,nikkei",4
2026-05-16,3023,ラサ商事,ラサ商事,skip,duplicate,high,"kabutan,nikkei,tdnet",8
2026-05-16,3024,クリエイト,クリエイト,skip,duplicate,high,"kabutan,nikkei,tdnet",7
2026-05-16,3028,アルペン,アルペン,skip,duplicate,high,"kabutan,nikkei,tdnet",9
2026-05-16,302A,ビースタイルﾎｰﾙﾃﾞｨﾝｸﾞｽ,ビースタイルホールディングス,skip,duplicate,high,"kabutan,nikkei",4
2026-05-16,302A,ビースタイルﾎｰﾙﾃﾞｨﾝｸﾞｽ,ビースタイル,skip,duplicate,high,kabutan,2
2026-05-16,3030,ハブ,ハブ,skip,duplicate,high,"kabutan,nikkei,tdnet",8
2026-05-16,3031,ラクーンﾎｰﾙﾃﾞｨﾝｸﾞｽ,ラクーンHD,skip,duplicate,high,"kabutan,tdnet",6
2026-05-16,3031,ラクーンﾎｰﾙﾃﾞｨﾝｸﾞｽ,ラクーンホールディングス,skip,duplicate,high,"kabutan,nikkei",4
2026-05-16,3034,クオールﾎｰﾙﾃﾞｨﾝｸﾞｽ,クオールHD,skip,duplicate,high,"kabutan,tdnet",6
2026-05-16,3034,クオールﾎｰﾙﾃﾞｨﾝｸﾞｽ,クオールホールディングス,skip,duplicate,high,"kabutan,nikkei",4
2026-05-16,3035,ケイティケイ,KTK,skip,duplicate,high,kabutan,4
2026-05-16,3035,ケイティケイ,ケイティケイ,skip,duplicate,high,"kabutan,nikkei",4
2026-05-16,3036,アルコニックス,アルコニックス,skip,duplicate,high,"kabutan,nikkei",9
2026-05-16,3036,アルコニックス,アルコニクス,skip,duplicate,high,kabutan,2
2026-05-16,3038,神戸物産,神戸物産,skip,duplicate,high,"kabutan,nikkei,tdnet",10
2026-05-16,303A,visumo,visumo,skip,duplicate,high,"kabutan,nikkei,tdnet",8
2026-05-16,3040,ソリトンシステムズ,ソリトンシステムズ,skip,duplicate,high,"kabutan,nikkei,tdnet",7
2026-05-16,3040,ソリトンシステムズ,ソリトン,skip,duplicate,high,kabutan,2
2026-05-16,3041,ビューティカダンﾎｰﾙﾃﾞｨﾝｸﾞｽ,ビューティカダンホールディングス,skip,duplicate,high,"kabutan,nikkei",4
2026-05-16,3041,ビューティカダンﾎｰﾙﾃﾞｨﾝｸﾞｽ,ビューテHD,skip,duplicate,high,kabutan,2
2026-05-16,3042,セキュアヴェイル,セキュアヴェイル,skip,duplicate,high,"kabutan,nikkei",4
2026-05-16,3042,セキュアヴェイル,セキュアヴェ,skip,duplicate,high,kabutan,2
2026-05-16,3045,カワサキ,カワサキ,skip,duplicate,high,"kabutan,nikkei,tdnet",5
2026-05-16,3046,ジンズﾎｰﾙﾃﾞｨﾝｸﾞｽ,JINSHD,skip,duplicate,high,"kabutan,tdnet",8
2026-05-16,3046,ジンズﾎｰﾙﾃﾞｨﾝｸﾞｽ,ジンズホールディングス,skip,duplicate,high,"kabutan,nikkei",4
2026-05-16,3048,ビックカメラ,ビックカメラ,skip,duplicate,high,"kabutan,nikkei,tdnet",6
2026-05-16,304A,フォルシア,フォルシア,skip,duplicate,high,"kabutan,nikkei,tdnet",10
2026-05-16,3050,DCMﾎｰﾙﾃﾞｨﾝｸﾞｽ,DCM,skip,duplicate,high,"kabutan,tdnet",15
2026-05-16,3050,DCMﾎｰﾙﾃﾞｨﾝｸﾞｽ,DCMホールディングス,skip,duplicate,high,"kabutan,nikkei",4
2026-05-16,3053,ペッパーフードサービス,ペッパー,skip,duplicate,high,"kabutan,tdnet",7
2026-05-16,3053,ペッパーフードサービス,ペッパーフードサービス,skip,duplicate,high,"kabutan,nikkei",4
2026-05-16,3054,ハイパー,ハイパー,skip,duplicate,high,"kabutan,nikkei",7
2026-05-16,3058,三洋堂ﾎｰﾙﾃﾞｨﾝｸﾞｽ,三洋堂HD,skip,duplicate,high,"kabutan,tdnet",5
2026-05-16,3058,三洋堂ﾎｰﾙﾃﾞｨﾝｸﾞｽ,三洋堂ホールディングス,skip,duplicate,high,"kabutan,nikkei",4
2026-05-16,3059,ヒラキ,ヒラキ,skip,duplicate,high,"kabutan,nikkei",5
2026-05-16,3063,ジェイｸﾞﾙｰﾌﾟﾎｰﾙﾃﾞｨﾝｸﾞｽ,jGroup,skip,duplicate,high,tdnet,10
2026-05-16,3063,ジェイｸﾞﾙｰﾌﾟﾎｰﾙﾃﾞｨﾝｸﾞｽ,ジェイグループホールディングス,skip,duplicate,high,"kabutan,nikkei",4
2026-05-16,3063,ジェイｸﾞﾙｰﾌﾟﾎｰﾙﾃﾞｨﾝｸﾞｽ,Jグループ,skip,duplicate,high,kabutan,2
2026-05-16,3064,MonotaRO,MRO,skip,duplicate,high,tdnet,13
2026-05-16,3064,MonotaRO,MonotaRO,skip,duplicate,high,"kabutan,nikkei",5
2026-05-16,3064,MonotaRO,モノタロウ,skip,duplicate,high,kabutan,2
2026-05-16,3065,ライフフーズ,ライフフーズ,skip,duplicate,high,"kabutan,nikkei,tdnet",6
2026-05-16,3067,東京一番フーズ,東京一番フーズ,skip,duplicate,high,"kabutan,nikkei",4
2026-05-16,3067,東京一番フーズ,東京一番,skip,duplicate,high,kabutan,2
2026-05-16,3068,WDI,WDI,skip,duplicate,high,"kabutan,nikkei,tdnet",7
2026-05-16,3069,JFLAﾎｰﾙﾃﾞｨﾝｸﾞｽ,JFLAHD,skip,duplicate,high,"kabutan,tdnet",5
2026-05-16,3069,JFLAﾎｰﾙﾃﾞｨﾝｸﾞｽ,JFLAホールディングス,skip,duplicate,high,"kabutan,nikkei",4
2026-05-16,3070,ジェリービーンズｸﾞﾙｰﾌﾟ,ジェリービーンズ,skip,duplicate,high,tdnet,23
2026-05-16,3070,ジェリービーンズｸﾞﾙｰﾌﾟ,ジェリービーンズグループ,skip,duplicate,high,"kabutan,nikkei",4
2026-05-16,3070,ジェリービーンズｸﾞﾙｰﾌﾟ,ジェリビンズ,skip,duplicate,high,kabutan,2
2026-05-16,3071,ストリーム,ストリーム,skip,duplicate,high,"kabutan,nikkei,tdnet",11
2026-05-16,3075,銚子丸,銚子丸,skip,duplicate,high,"kabutan,nikkei,tdnet",6
2026-05-16,3076,あい ﾎｰﾙﾃﾞｨﾝｸﾞｽ,あい ホールディングス,skip,duplicate,high,"kabutan,nikkei",4
2026-05-16,3076,あい ﾎｰﾙﾃﾞｨﾝｸﾞｽ,あいHD,skip,duplicate,high,kabutan,2
2026-05-16,3077,ホリイフードサービス,ホリイフード,skip,duplicate,high,"kabutan,tdnet",14
2026-05-16,3077,ホリイフードサービス,ホリイフードサービス,skip,duplicate,high,"kabutan,nikkei",4
2026-05-16,3079,ディーブイエックス,DVx,skip,duplicate,high,"kabutan,tdnet",4
2026-05-16,3079,ディーブイエックス,ディーブイエックス,skip,duplicate,high,"kabutan,nikkei",4
2026-05-16,3080,ジェーソン,ジェーソン,skip,duplicate,high,"kabutan,nikkei,tdnet",9
2026-05-16,3082,きちりﾎｰﾙﾃﾞｨﾝｸﾞｽ,きちりHD,skip,duplicate,high,"kabutan,tdnet",7
2026-05-16,3082,きちりﾎｰﾙﾃﾞｨﾝｸﾞｽ,きちりホールディングス,skip,duplicate,high,"kabutan,nikkei",4
2026-05-16,3083,スターシーズ,スターシーズ,skip,duplicate,high,"kabutan,nikkei,tdnet",21
2026-05-16,3086,J．フロント リテイリング,Jフロント,skip,duplicate,high,"kabutan,tdnet",12
2026-05-16,3086,J．フロント リテイリング,J.フロント リテイリング,skip,duplicate,high,"kabutan,nikkei",4
2026-05-16,3087,ドトール・日レスﾎｰﾙﾃﾞｨﾝｸﾞｽ,ドトル日レス,skip,duplicate,high,"kabutan,tdnet",4
2026-05-16,3087,ドトール・日レスﾎｰﾙﾃﾞｨﾝｸﾞｽ,ドトール・日レスホールディングス,skip,duplicate,high,"kabutan,nikkei",4
2026-05-16,3088,マツキヨココカラ＆カンパニー,マツキヨココカラ&カンパニー,skip,duplicate,high,"kabutan,nikkei",4
2026-05-16,3088,マツキヨココカラ＆カンパニー,マツキヨココ,skip,duplicate,high,kabutan,2
2026-05-16,3088,マツキヨココカラ＆カンパニー,マツキヨココカラ,add,new_candidate,medium,tdnet,5
2026-05-16,3089,テクノアルファ,テクノアルファ,skip,duplicate,high,"kabutan,nikkei",5
2026-05-16,3089,テクノアルファ,Tアルファ,skip,duplicate,high,kabutan,2
2026-05-16,3091,ブロンコビリー,ブロンコB,skip,duplicate,high,"kabutan,tdnet",7
2026-05-16,3091,ブロンコビリー,ブロンコビリー,skip,duplicate,high,"kabutan,nikkei",4
2026-05-16,3092,ZOZO,ZOZO,skip,duplicate,high,"kabutan,nikkei,tdnet",8
2026-05-16,3093,トレジャー・ファクトリー,トレファク,skip,duplicate,high,"kabutan,tdnet",12
2026-05-16,3093,トレジャー・ファクトリー,トレジャー・ファクトリー,skip,duplicate,high,"kabutan,nikkei",4
2026-05-16,3096,オーシャンシステム,オーシャンシステム,skip,duplicate,high,"kabutan,nikkei",4
2026-05-16,3096,オーシャンシステム,オーシャンシ,skip,duplicate,high,kabutan,2
2026-05-16,3096,オーシャンシステム,オーシャン,add,new_candidate,medium,tdnet,1
2026-05-16,3097,物語ｺｰﾎﾟﾚｰｼｮﾝ,物語コーポ,skip,duplicate,high,"kabutan,tdnet",7
2026-05-16,3097,物語ｺｰﾎﾟﾚｰｼｮﾝ,物語コーポレーション,skip,duplicate,high,"kabutan,nikkei",4
2026-05-16,3099,三越伊勢丹ﾎｰﾙﾃﾞｨﾝｸﾞｽ,三越伊勢丹ホールディングス,skip,duplicate,high,"kabutan,nikkei",4
2026-05-16,3099,三越伊勢丹ﾎｰﾙﾃﾞｨﾝｸﾞｽ,ミツコシイセタン,skip,duplicate,high,tdnet,3
2026-05-16,3099,三越伊勢丹ﾎｰﾙﾃﾞｨﾝｸﾞｽ,三越伊勢丹,skip,duplicate,high,kabutan,2
2026-05-16,3101,東洋紡,東洋紡,skip,duplicate,high,"kabutan,nikkei",4
2026-05-16,3103,ユニチカ,ユニチカ,skip,duplicate,high,"kabutan,nikkei,tdnet",11
2026-05-16,3104,富士紡ﾎｰﾙﾃﾞｨﾝｸﾞｽ,富士紡ホールディングス,skip,duplicate,high,"kabutan,nikkei",4
2026-05-16,3104,富士紡ﾎｰﾙﾃﾞｨﾝｸﾞｽ,富士紡HD,skip,duplicate,high,kabutan,3
2026-05-16,3105,日清紡ﾎｰﾙﾃﾞｨﾝｸﾞｽ,日清紡ホールディングス,skip,duplicate,high,"kabutan,nikkei",4
2026-05-16,3105,日清紡ﾎｰﾙﾃﾞｨﾝｸﾞｽ,日清紡HD,skip,duplicate,high,"kabutan,tdnet",3
2026-05-16,3106,倉敷紡績,クラボウ,skip,duplicate,high,"kabutan,nikkei,tdnet",7
2026-05-16,3107,ダイワボウﾎｰﾙﾃﾞｨﾝｸﾞｽ,ダイワボHD,skip,duplicate,high,tdnet,5
2026-05-16,3107,ダイワボウﾎｰﾙﾃﾞｨﾝｸﾞｽ,ダイワボウホールディングス,skip,duplicate,high,"kabutan,nikkei",4
2026-05-16,3107,ダイワボウﾎｰﾙﾃﾞｨﾝｸﾞｽ,ダイワボウ,skip,duplicate,high,kabutan,2
2026-05-16,3109,シキボウ,シキボウ,skip,duplicate,high,"kabutan,nikkei,tdnet",8
2026-05-16,3110,日東紡績,日東紡,skip,duplicate,high,"kabutan,nikkei,tdnet",7
2026-05-16,3110,日東紡績,日東紡績,skip,duplicate,high,kabutan,2
2026-05-16,3111,オーミケンシ,オーミケンシ,skip,duplicate,high,"kabutan,nikkei,tdnet",8
2026-05-16,3113,UNIVA・Oakﾎｰﾙﾃﾞｨﾝｸﾞｽ,UNIVA・Oakホールディングス,skip,duplicate,high,"kabutan,nikkei",4
2026-05-16,3113,UNIVA・Oakﾎｰﾙﾃﾞｨﾝｸﾞｽ,UNIVA,skip,duplicate,high,kabutan,2
2026-05-16,3116,トヨタ紡織,トヨタ紡織,skip,duplicate,high,"kabutan,nikkei,tdnet",8
2026-05-16,3121,マーチャント・バンカーズ,マーチャント,skip,duplicate,high,"kabutan,tdnet",23
2026-05-16,3121,マーチャント・バンカーズ,マーチャント・バンカーズ,skip,duplicate,high,"kabutan,nikkei",4
2026-05-16,3123,サイボー,サイボー,skip,duplicate,high,"kabutan,nikkei,tdnet",5
2026-05-16,3131,シンデン・ハイテックス,シンデン・ハイテックス,skip,duplicate,high,"kabutan,nikkei",4
2026-05-16,3131,シンデン・ハイテックス,シンデンハイ,skip,duplicate,high,kabutan,2
2026-05-16,3132,マクニカﾎｰﾙﾃﾞｨﾝｸﾞｽ,マクニカHD,skip,duplicate,high,"kabutan,tdnet",7
2026-05-16,3132,マクニカﾎｰﾙﾃﾞｨﾝｸﾞｽ,マクニカホールディングス,skip,duplicate,high,"kabutan,nikkei",4
2026-05-16,3133,海帆,海帆,skip,duplicate,high,"kabutan,nikkei,tdnet",27
2026-05-16,3134,Hamee,Hamee,skip,duplicate,high,"kabutan,nikkei",7
2026-05-16,3135,マーケットエンタープライズ,マーケットエンター,skip,duplicate,high,tdnet,8
2026-05-16,3135,マーケットエンタープライズ,マーケットエンタープライズ,skip,duplicate,high,"kabutan,nikkei",4
2026-05-16,3135,マーケットエンタープライズ,マーケットE,skip,duplicate,high,kabutan,2
2026-05-16,3137,ファンデリー,ファンデリー,skip,duplicate,high,"kabutan,nikkei,tdnet",10
2026-05-16,3138,富士山マガジンサービス,富士山マガジンサービス,skip,duplicate,high,"kabutan,nikkei",4
2026-05-16,3138,富士山マガジンサービス,富士山MS,skip,duplicate,high,kabutan,2
2026-05-16,3139,ラクト・ジャパン,ラクト・ジャパン,skip,duplicate,high,"kabutan,nikkei,tdnet",8
2026-05-16,3139,ラクト・ジャパン,ラクトJ,skip,duplicate,high,kabutan,2
2026-05-16,3140,BRUNO,BRUNO,skip,duplicate,high,"kabutan,nikkei,tdnet",7
2026-05-16,3143,オーウイル,オーウイル,skip,duplicate,high,"kabutan,nikkei,tdnet",7
2026-05-16,3148,クリエイトSDﾎｰﾙﾃﾞｨﾝｸﾞｽ,クリエイトSDホールディングス,skip,duplicate,high,"kabutan,nikkei",4
2026-05-16,3148,クリエイトSDﾎｰﾙﾃﾞｨﾝｸﾞｽ,クリエイトS,skip,duplicate,high,kabutan,2
2026-05-16,3150,グリムス,グリムス,skip,duplicate,high,"kabutan,nikkei,tdnet",6
2026-05-16,3151,バイタルケーエスケー・ﾎｰﾙﾃﾞｨﾝｸﾞｽ,バイタルケーエスケー・ホールディングス,skip,duplicate,high,"kabutan,nikkei",4
2026-05-16,3151,バイタルケーエスケー・ﾎｰﾙﾃﾞｨﾝｸﾞｽ,バイタルKS,skip,duplicate,high,kabutan,2
2026-05-16,3153,八洲電機,八洲電機,skip,duplicate,high,"kabutan,nikkei,tdnet",9
2026-05-16,3154,メディアスﾎｰﾙﾃﾞｨﾝｸﾞｽ,メディアスホールディングス,skip,duplicate,high,"kabutan,nikkei",4
2026-05-16,3154,メディアスﾎｰﾙﾃﾞｨﾝｸﾞｽ,メディアス,skip,duplicate,high,kabutan,2
2026-05-16,3154,メディアスﾎｰﾙﾃﾞｨﾝｸﾞｽ,メディアスHD,skip,duplicate,high,tdnet,2
2026-05-16,3156,レスター,レスター,skip,duplicate,high,"kabutan,nikkei,tdnet",7
2026-05-16,3157,ジオリーブｸﾞﾙｰﾌﾟ,ジオリーブグループ,skip,duplicate,high,"kabutan,nikkei,tdnet",8
2026-05-16,3157,ジオリーブｸﾞﾙｰﾌﾟ,ジオリーブG,skip,duplicate,high,kabutan,2
2026-05-16,3159,丸善CHIﾎｰﾙﾃﾞｨﾝｸﾞｽ,丸善CHI,skip,duplicate,high,"kabutan,tdnet",8
2026-05-16,3159,丸善CHIﾎｰﾙﾃﾞｨﾝｸﾞｽ,丸善CHIホールディングス,skip,duplicate,high,"kabutan,nikkei",4
2026-05-16,3160,大光,大光,skip,duplicate,high,"kabutan,nikkei,tdnet",10
2026-05-16,3161,アゼアス,アゼアス,skip,duplicate,high,"kabutan,nikkei",5
2026-05-16,3166,OCHIﾎｰﾙﾃﾞｨﾝｸﾞｽ,OCHIHD,skip,duplicate,high,"kabutan,tdnet",6
2026-05-16,3166,OCHIﾎｰﾙﾃﾞｨﾝｸﾞｽ,OCHIホールディングス,skip,duplicate,high,"kabutan,nikkei",4
2026-05-16,3167,TOKAIﾎｰﾙﾃﾞｨﾝｸﾞｽ,TOKAI HD,skip,duplicate,high,tdnet,7
2026-05-16,3167,TOKAIﾎｰﾙﾃﾞｨﾝｸﾞｽ,TOKAIホールディングス,skip,duplicate,high,"kabutan,nikkei",4
2026-05-16,3167,TOKAIﾎｰﾙﾃﾞｨﾝｸﾞｽ,TOKAI,skip,duplicate,high,kabutan,3
2026-05-16,3168,MERF,MERF,skip,duplicate,high,"kabutan,nikkei,tdnet",6
2026-05-16,3169,ミサワ,ミサワ,skip,duplicate,high,"kabutan,nikkei",10
2026-05-16,3172,ティーライフ,ティーライフ,skip,duplicate,high,"kabutan,nikkei",7
2026-05-16,3173,Cominix,Cominix,skip,duplicate,high,"kabutan,nikkei,tdnet",9
2026-05-16,3173,Cominix,コミニックス,skip,duplicate,high,kabutan,2
2026-05-16,3174,ハピネス・アンド・ディ,ハピネス&D,skip,duplicate,high,"kabutan,tdnet",11
2026-05-16,3174,ハピネス・アンド・ディ,ハピネス・アンド・ディ,skip,duplicate,high,"kabutan,nikkei",4
2026-05-16,3175,エー・ピーﾎｰﾙﾃﾞｨﾝｸﾞｽ,APHD,skip,duplicate,high,"kabutan,tdnet",11
2026-05-16,3175,エー・ピーﾎｰﾙﾃﾞｨﾝｸﾞｽ,エー・ピーホールディングス,skip,duplicate,high,"kabutan,nikkei",4
2026-05-16,3176,三洋貿易,三洋貿易,skip,duplicate,high,"kabutan,nikkei,tdnet",5
2026-05-16,3177,ありがとうサービス,ありがとうS,skip,duplicate,high,"kabutan,tdnet",7
2026-05-16,3177,ありがとうサービス,ありがとうサービス,skip,duplicate,high,"kabutan,nikkei",4
2026-05-16,3178,チムニー,チムニー,skip,duplicate,high,"kabutan,nikkei,tdnet",9
2026-05-16,3179,シュッピン,シュッピン,skip,duplicate,high,"kabutan,nikkei,tdnet",13
2026-05-16,3180,ビューティガレージ,ビューティガレージ,skip,duplicate,high,"kabutan,nikkei",6
2026-05-16,3180,ビューティガレージ,Bガレージ,skip,duplicate,high,kabutan,2
2026-05-16,3181,買取王国,買取王国,skip,duplicate,high,"kabutan,nikkei,tdnet",9
2026-05-16,3182,オイシックス・ラ・大地,オイシックス・ラ・大地,skip,duplicate,high,"kabutan,nikkei,tdnet",10
2026-05-16,3182,オイシックス・ラ・大地,オイシックス,skip,duplicate,high,kabutan,2
2026-05-16,3183,ウイン・パートナーズ,ウイン・パートナーズ,skip,duplicate,high,"kabutan,nikkei",6
2026-05-16,3183,ウイン・パートナーズ,ウインP,skip,duplicate,high,kabutan,2
2026-05-16,3184,ICDAﾎｰﾙﾃﾞｨﾝｸﾞｽ,ICDAホールディングス,skip,duplicate,high,"kabutan,nikkei",4
2026-05-16,3184,ICDAﾎｰﾙﾃﾞｨﾝｸﾞｽ,ICDA,skip,duplicate,high,kabutan,2
2026-05-16,3185,夢展望,夢展望,skip,duplicate,high,"kabutan,nikkei",8
2026-05-16,3186,ネクステージ,ネクステージ,skip,duplicate,high,"kabutan,nikkei,tdnet",7
2026-05-16,3187,ミラタップ,ミラタップ,skip,duplicate,high,"kabutan,nikkei,tdnet",10
2026-05-16,3189,ANAPﾎｰﾙﾃﾞｨﾝｸﾞｽ,ANAP,skip,duplicate,high,tdnet,14
2026-05-16,3189,ANAPﾎｰﾙﾃﾞｨﾝｸﾞｽ,ANAPホールディングス,skip,duplicate,high,"kabutan,nikkei",4
2026-05-16,3189,ANAPﾎｰﾙﾃﾞｨﾝｸﾞｽ,ANAPHD,skip,duplicate,high,kabutan,2
2026-05-16,3190,ホットマン,ホットマン,skip,duplicate,high,"kabutan,nikkei,tdnet",6
2026-05-16,3191,ジョイフル本田,ジョイフル本田,skip,duplicate,high,"kabutan,nikkei,tdnet",8
2026-05-16,3191,ジョイフル本田,ジョイ本田,skip,duplicate,high,kabutan,2
2026-05-16,3192,白鳩,白鳩,skip,duplicate,high,"kabutan,nikkei,tdnet",8
2026-05-16,3193,エターナルホスピタリティｸﾞﾙｰﾌﾟ,エターナルホスピG,skip,duplicate,high,tdnet,7
2026-05-16,3193,エターナルホスピタリティｸﾞﾙｰﾌﾟ,エターナルホスピタリティグループ,skip,duplicate,high,"kabutan,nikkei",4
2026-05-16,3193,エターナルホスピタリティｸﾞﾙｰﾌﾟ,エターナルG,skip,duplicate,high,kabutan,2
2026-05-16,3195,ジェネレーションパス,ジェネパ,skip,duplicate,high,"kabutan,tdnet",10
2026-05-16,3195,ジェネレーションパス,ジェネレーションパス,skip,duplicate,high,"kabutan,nikkei",4
2026-05-16,3196,ホットランドﾎｰﾙﾃﾞｨﾝｸﾞｽ,ホットランドホールディングス,skip,duplicate,high,"kabutan,nikkei",4
2026-05-16,3196,ホットランドﾎｰﾙﾃﾞｨﾝｸﾞｽ,ホットランドHD,skip,duplicate,high,tdnet,3
2026-05-16,3196,ホットランドﾎｰﾙﾃﾞｨﾝｸﾞｽ,ホットランド,skip,duplicate,high,kabutan,2
2026-05-16,3197,すかいらーくﾎｰﾙﾃﾞｨﾝｸﾞｽ,すかいらーくHD,skip,duplicate,high,tdnet,7
2026-05-16,3197,すかいらーくﾎｰﾙﾃﾞｨﾝｸﾞｽ,すかいらーくホールディングス,skip,duplicate,high,"kabutan,nikkei",4
2026-05-16,3197,すかいらーくﾎｰﾙﾃﾞｨﾝｸﾞｽ,すかいらーく,skip,duplicate,high,kabutan,2
2026-05-16,3198,SFPﾎｰﾙﾃﾞｨﾝｸﾞｽ,SFPホールディングス,skip,duplicate,high,"kabutan,nikkei",4
2026-05-16,3198,SFPﾎｰﾙﾃﾞｨﾝｸﾞｽ,SFP,skip,duplicate,high,kabutan,3
2026-05-16,3198,SFPﾎｰﾙﾃﾞｨﾝｸﾞｽ,SFPHD,review,new_candidate,low,tdnet,7
2026-05-16,3199,綿半ﾎｰﾙﾃﾞｨﾝｸﾞｽ,綿半ホールディングス,skip,duplicate,high,"kabutan,nikkei,tdnet",10
2026-05-16,3199,綿半ﾎｰﾙﾃﾞｨﾝｸﾞｽ,綿半HD,skip,duplicate,high,kabutan,2
2026-05-16,319A,技術承継機構,技術承継機構,skip,duplicate,high,"kabutan,nikkei,tdnet",14
2026-05-16,3201,日本毛織,ニッケ,skip,duplicate,high,"kabutan,nikkei,tdnet",10
2026-05-16,3201,日本毛織,日本毛織,skip,duplicate,high,kabutan,2
2026-05-16,3202,ダイトウボウ,ダイトウボウ,skip,duplicate,high,"kabutan,nikkei,tdnet",8
2026-05-16,3204,トーア紡ｺｰﾎﾟﾚｰｼｮﾝ,トーア紡,skip,duplicate,high,"kabutan,tdnet",8
2026-05-16,3204,トーア紡ｺｰﾎﾟﾚｰｼｮﾝ,トーア紡コーポレーション,skip,duplicate,high,"kabutan,nikkei",4
2026-05-16,3205,ダイドーリミテッド,ダイドー,skip,duplicate,high,"kabutan,tdnet",12
2026-05-16,3205,ダイドーリミテッド,ダイドーリミテッド,skip,duplicate,high,"kabutan,nikkei",4
2026-05-16,3221,ヨシックスﾎｰﾙﾃﾞｨﾝｸﾞｽ,ヨシックスHD,skip,duplicate,high,tdnet,10
2026-05-16,3221,ヨシックスﾎｰﾙﾃﾞｨﾝｸﾞｽ,ヨシックスホールディングス,skip,duplicate,high,"kabutan,nikkei",4
2026-05-16,3221,ヨシックスﾎｰﾙﾃﾞｨﾝｸﾞｽ,ヨシックス,skip,duplicate,high,kabutan,2
2026-05-16,3222,ユナイテッド・スーパーマーケット・ﾎｰﾙﾃﾞｨﾝｸﾞｽ,USMH,skip,duplicate,high,"kabutan,tdnet",11
2026-05-16,3222,ユナイテッド・スーパーマーケット・ﾎｰﾙﾃﾞｨﾝｸﾞｽ,ユナイテッド・スーパーマーケット・ホールディングス,skip,duplicate,high,"kabutan,nikkei",4
2026-05-16,3223,エスエルディー,エスエルディー,skip,duplicate,high,"kabutan,nikkei,tdnet",10
2026-05-16,3223,エスエルディー,SLD,skip,duplicate,high,kabutan,2
2026-05-16,3224,ゼネラル・オイスター,ゼネラル・オイスター,skip,duplicate,high,"kabutan,nikkei",4
2026-05-16,3224,ゼネラル・オイスター,Gオイスター,skip,duplicate,high,"kabutan,tdnet",3
2026-05-16,3231,野村不動産ﾎｰﾙﾃﾞｨﾝｸﾞｽ,野村不動産ホールディングス,skip,duplicate,high,"kabutan,nikkei",4
2026-05-16,3231,野村不動産ﾎｰﾙﾃﾞｨﾝｸﾞｽ,野村不HD,skip,duplicate,high,"kabutan,tdnet",3
2026-05-16,3232,三重交通ｸﾞﾙｰﾌﾟﾎｰﾙﾃﾞｨﾝｸﾞｽ,三重交通GHD,skip,duplicate,high,tdnet,8
2026-05-16,3232,三重交通ｸﾞﾙｰﾌﾟﾎｰﾙﾃﾞｨﾝｸﾞｽ,三重交通グループホールディングス,skip,duplicate,high,"kabutan,nikkei",4
2026-05-16,3232,三重交通ｸﾞﾙｰﾌﾟﾎｰﾙﾃﾞｨﾝｸﾞｽ,三重交HD,skip,duplicate,high,kabutan,2
2026-05-16,3236,プロパスト,プロパスト,skip,duplicate,high,"kabutan,nikkei,tdnet",7
2026-05-16,3237,イントランス,イントランス,skip,duplicate,high,"kabutan,nikkei,tdnet",14
2026-05-16,3238,セントラル総合開発,セントラル総,skip,duplicate,high,"kabutan,tdnet",5
2026-05-16,3238,セントラル総合開発,セントラル総合開発,skip,duplicate,high,"kabutan,nikkei",4
2026-05-16,323A,フライヤー,フライヤー,skip,duplicate,high,"kabutan,nikkei,tdnet",13
2026-05-16,3241,ウィル,ウィル,skip,duplicate,high,"kabutan,nikkei",7
2026-05-16,3242,アーバネットｺｰﾎﾟﾚｰｼｮﾝ,アーバネット,skip,duplicate,high,"kabutan,tdnet",4
2026-05-16,3242,アーバネットｺｰﾎﾟﾚｰｼｮﾝ,アーバネットコーポレーション,skip,duplicate,high,"kabutan,nikkei",4
2026-05-16,3245,ディア・ライフ,ディア・ライフ,skip,duplicate,high,"kabutan,nikkei,tdnet",21
2026-05-16,3246,コーセーアールイー,コーセーアールイー,skip,duplicate,high,"kabutan,nikkei,tdnet",11
2026-05-16,3246,コーセーアールイー,コーセーRE,skip,duplicate,high,kabutan,2
2026-05-16,3248,アールエイジ,アールエイジ,skip,duplicate,high,"kabutan,nikkei",5
2026-05-16,324A,ブッキングリゾート,ブッキングR,skip,duplicate,high,"kabutan,tdnet",8
2026-05-16,324A,ブッキングリゾート,ブッキングリゾート,skip,duplicate,high,"kabutan,nikkei",4
2026-05-16,3252,地主,地主,skip,duplicate,high,"kabutan,nikkei,tdnet",10
2026-05-16,325A,TENTIAL,TENTIAL,skip,duplicate,high,"kabutan,nikkei,tdnet",9
2026-05-16,325A,TENTIAL,テンシャル,skip,duplicate,high,kabutan,2
2026-05-16,3261,グランディーズ,グラン,skip,duplicate,high,kabutan,4
2026-05-16,3261,グランディーズ,グランディーズ,skip,duplicate,high,"kabutan,nikkei",4
2026-05-16,3266,ファンドクリエーションｸﾞﾙｰﾌﾟ,ファンドクリG,skip,duplicate,high,tdnet,4
2026-05-16,3266,ファンドクリエーションｸﾞﾙｰﾌﾟ,ファンドクリエーショングループ,skip,duplicate,high,"kabutan,nikkei",4
2026-05-16,3266,ファンドクリエーションｸﾞﾙｰﾌﾟ,ファンクリG,skip,duplicate,high,kabutan,2
2026-05-16,3267,フィル・カンパニー,フィル・カンパニー,skip,duplicate,high,"kabutan,nikkei,tdnet",9
2026-05-16,3267,フィル・カンパニー,フィルC,skip,duplicate,high,kabutan,2
2026-05-16,3271,THEグローバル社,THEグローバル社,skip,duplicate,high,"kabutan,nikkei",4
2026-05-16,3271,THEグローバル社,グロバル社,skip,duplicate,high,tdnet,4
2026-05-16,3271,THEグローバル社,グローバル社,skip,duplicate,high,kabutan,2
2026-05-16,3276,JPMC,JPMC,skip,duplicate,high,"kabutan,nikkei,tdnet",13
2026-05-16,3277,サンセイランディック,サンセイランディック,skip,duplicate,high,"kabutan,nikkei,tdnet",8
2026-05-16,3277,サンセイランディック,サンセイラン,skip,duplicate,high,kabutan,2
2026-05-16,3280,エストラスト,エストラスト,skip,duplicate,high,"kabutan,nikkei,tdnet",6
2026-05-16,3284,フージャースﾎｰﾙﾃﾞｨﾝｸﾞｽ,フージャース,skip,duplicate,high,"kabutan,tdnet",8
2026-05-16,3284,フージャースﾎｰﾙﾃﾞｨﾝｸﾞｽ,フージャースホールディングス,skip,duplicate,high,"kabutan,nikkei",4
2026-05-16,3286,トラストﾎｰﾙﾃﾞｨﾝｸﾞｽ,トラストHD,skip,duplicate,high,"kabutan,tdnet",4
2026-05-16,3286,トラストﾎｰﾙﾃﾞｨﾝｸﾞｽ,トラストホールディングス,skip,duplicate,high,"kabutan,nikkei",4
2026-05-16,3288,オープンハウスｸﾞﾙｰﾌﾟ,オープンハウスG,skip,duplicate,high,tdnet,6
2026-05-16,3288,オープンハウスｸﾞﾙｰﾌﾟ,オープンハウスグループ,skip,duplicate,high,"kabutan,nikkei",4
2026-05-16,3288,オープンハウスｸﾞﾙｰﾌﾟ,オープンH,skip,duplicate,high,kabutan,2
2026-05-16,3289,東急不動産ﾎｰﾙﾃﾞｨﾝｸﾞｽ,東急不HD,skip,duplicate,high,"kabutan,tdnet",5
2026-05-16,3289,東急不動産ﾎｰﾙﾃﾞｨﾝｸﾞｽ,東急不動産ホールディングス,skip,duplicate,high,"kabutan,nikkei",4
2026-05-16,3291,飯田ｸﾞﾙｰﾌﾟﾎｰﾙﾃﾞｨﾝｸﾞｽ,飯田GHD,skip,duplicate,high,"kabutan,tdnet",4
2026-05-16,3291,飯田ｸﾞﾙｰﾌﾟﾎｰﾙﾃﾞｨﾝｸﾞｽ,飯田グループホールディングス,skip,duplicate,high,"kabutan,nikkei",4
2026-05-16,3293,アズマハウス,アズマハウス,skip,duplicate,high,"kabutan,nikkei",4
2026-05-16,3294,イーグランド,イーグランド,skip,duplicate,high,"kabutan,nikkei,tdnet",8
2026-05-16,3297,東武住販,東武住販,skip,duplicate,high,"kabutan,nikkei,tdnet",7
2026-05-16,3299,ムゲンエステート,ムゲンエステート,skip,duplicate,high,"kabutan,nikkei",7
2026-05-16,3299,ムゲンエステート,ムゲンE,skip,duplicate,high,kabutan,2
2026-05-16,3300,アンビション DX ﾎｰﾙﾃﾞｨﾝｸﾞｽ,アンビション DX ホールディングス,skip,duplicate,high,"kabutan,nikkei",4
2026-05-16,3300,アンビション DX ﾎｰﾙﾃﾞｨﾝｸﾞｽ,アンビDX,skip,duplicate,high,kabutan,2
2026-05-16,3302,帝国繊維,帝国繊維,skip,duplicate,high,"kabutan,nikkei",4
2026-05-16,3302,帝国繊維,帝繊維,skip,duplicate,high,"kabutan,tdnet",4
2026-05-16,3306,日本製麻,日本製麻,skip,duplicate,high,"kabutan,nikkei",4
2026-05-16,3306,日本製麻,日製麻,skip,duplicate,high,tdnet,4
2026-05-16,3306,日本製麻,日本麻,skip,duplicate,high,kabutan,2
2026-05-16,330A,TalentX,TalentX,skip,duplicate,high,"kabutan,nikkei,tdnet",7
2026-05-16,330A,TalentX,タレントX,skip,duplicate,high,kabutan,2
2026-05-16,3315,日本コークス工業,日本コークス,skip,duplicate,high,"kabutan,tdnet",4
2026-05-16,3315,日本コークス工業,日本コークス工業,skip,duplicate,high,"kabutan,nikkei",4
2026-05-16,3317,フライングガーデン,フライングG,skip,duplicate,high,"kabutan,tdnet",8
2026-05-16,3317,フライングガーデン,フライングガーデン,skip,duplicate,high,"kabutan,nikkei",4
2026-05-16,331A,メディックス,メディックス,skip,duplicate,high,"kabutan,nikkei",4
2026-05-16,3320,クロスプラス,クロスプラス,skip,duplicate,high,"kabutan,nikkei,tdnet",8
2026-05-16,3321,ミタチ産業,ミタチ産業,skip,duplicate,high,"kabutan,nikkei",4
2026-05-16,3323,レカム,レカム,skip,duplicate,high,"kabutan,nikkei,tdnet",6
2026-05-16,3326,ランシステム,ランシステム,skip,duplicate,high,"kabutan,nikkei,tdnet",8
2026-05-16,3329,東和フードサービス,東和フード,skip,duplicate,high,"kabutan,tdnet",7
2026-05-16,3329,東和フードサービス,東和フードサービス,skip,duplicate,high,"kabutan,nikkei",4
2026-05-16,332A,ミーク,ミーク,skip,duplicate,high,"kabutan,nikkei,tdnet",7
2026-05-16,3333,あさひ,あさひ,skip,duplicate,high,"kabutan,nikkei,tdnet",8
2026-05-16,3349,コスモス薬品,コスモス薬品,skip,duplicate,high,"kabutan,nikkei,tdnet",5
2026-05-16,334A,ビジュアル・プロセッシング・ジャパン,VPJ,skip,duplicate,high,"kabutan,tdnet",7
2026-05-16,334A,ビジュアル・プロセッシング・ジャパン,ビジュアル・プロセッシング・ジャパン,skip,duplicate,high,"kabutan,nikkei",4
2026-05-16,3350,メタプラネット,メタプラネット,skip,duplicate,high,"kabutan,nikkei,tdnet",36
2026-05-16,3350,メタプラネット,メタプラ,skip,duplicate,high,kabutan,2
2026-05-16,3352,バッファロー,バッファロー,skip,duplicate,high,"kabutan,nikkei,tdnet",6
2026-05-16,3353,メディカル一光ｸﾞﾙｰﾌﾟ,メディ一光G,skip,duplicate,high,"kabutan,tdnet",7
2026-05-16,3353,メディカル一光ｸﾞﾙｰﾌﾟ,メディカル一光グループ,skip,duplicate,high,"kabutan,nikkei",4
2026-05-16,3355,クリヤマﾎｰﾙﾃﾞｨﾝｸﾞｽ,クリヤマHD,skip,duplicate,high,kabutan,4
2026-05-16,3355,クリヤマﾎｰﾙﾃﾞｨﾝｸﾞｽ,クリヤマホールディングス,skip,duplicate,high,"kabutan,nikkei",4
2026-05-16,3358,Trailhead Global Holdings,Trailhead,skip,duplicate,high,tdnet,19
2026-05-16,3358,Trailhead Global Holdings,Trailhead Global Holdings,skip,duplicate,high,"kabutan,nikkei",4
2026-05-16,3358,Trailhead Global Holdings,Trail,skip,duplicate,high,kabutan,2
2026-05-16,3359,cotta,cotta,skip,duplicate,high,"kabutan,nikkei,tdnet",8
2026-05-16,335A,ミライロ,ミライロ,skip,duplicate,high,"kabutan,nikkei,tdnet",5
2026-05-16,3360,シップヘルスケアﾎｰﾙﾃﾞｨﾝｸﾞｽ,シップHD,skip,duplicate,high,"kabutan,tdnet",6
2026-05-16,3360,シップヘルスケアﾎｰﾙﾃﾞｨﾝｸﾞｽ,シップヘルスケアホールディングス,skip,duplicate,high,"kabutan,nikkei",4
2026-05-16,3361,トーエル,トーエル,skip,duplicate,high,"kabutan,nikkei,tdnet",6
2026-05-16,336A,ダイナミックマッププラットフォーム,ダイナミクマップ,skip,duplicate,high,tdnet,5
2026-05-16,336A,ダイナミックマッププラットフォーム,ダイナミックマッププラットフォーム,skip,duplicate,high,"kabutan,nikkei",4
2026-05-16,336A,ダイナミックマッププラットフォーム,ダイナマップ,skip,duplicate,high,kabutan,2
2026-05-16,3370,フジタｺｰﾎﾟﾚｰｼｮﾝ,フジタコーポ,skip,duplicate,high,"kabutan,tdnet",4
2026-05-16,3370,フジタｺｰﾎﾟﾚｰｼｮﾝ,フジタコーポレーション,skip,duplicate,high,"kabutan,nikkei",4
2026-05-16,3371,ソフトクリエイトﾎｰﾙﾃﾞｨﾝｸﾞｽ,ソフトクリエイトホールディングス,skip,duplicate,high,"kabutan,nikkei",4
2026-05-16,3371,ソフトクリエイトﾎｰﾙﾃﾞｨﾝｸﾞｽ,ソフトクリエ,skip,duplicate,high,kabutan,2
2026-05-16,3371,ソフトクリエイトﾎｰﾙﾃﾞｨﾝｸﾞｽ,ソフトクリエHD,skip,duplicate,high,tdnet,2
2026-05-16,3372,関門海,関門海,skip,duplicate,high,"kabutan,nikkei,tdnet",6
2026-05-16,3374,内外テック,内外テック,skip,duplicate,high,"kabutan,nikkei,tdnet",9
2026-05-16,3375,ZOA,ZOA,skip,duplicate,high,"kabutan,nikkei,tdnet",6
2026-05-16,3377,バイク王＆カンパニー,バイク王,skip,duplicate,high,"kabutan,tdnet",4
2026-05-16,3377,バイク王＆カンパニー,バイク王&カンパニー,skip,duplicate,high,"kabutan,nikkei",4
2026-05-16,3382,セブン＆アイ・ﾎｰﾙﾃﾞｨﾝｸﾞｽ,7&iHD,skip,duplicate,high,tdnet,6
2026-05-16,3382,セブン＆アイ・ﾎｰﾙﾃﾞｨﾝｸﾞｽ,セブン&アイ・ホールディングス,skip,duplicate,high,"kabutan,nikkei",4
2026-05-16,3382,セブン＆アイ・ﾎｰﾙﾃﾞｨﾝｸﾞｽ,セブン&アイ,skip,duplicate,high,kabutan,2
2026-05-16,3386,コスモ・バイオ,コスモ・バイオ,skip,duplicate,high,"kabutan,nikkei,tdnet",11
2026-05-16,3387,クリエイト・レストランツ・ﾎｰﾙﾃﾞｨﾝｸﾞｽ,クリレスHD,skip,duplicate,high,"kabutan,tdnet",7
2026-05-16,3387,クリエイト・レストランツ・ﾎｰﾙﾃﾞｨﾝｸﾞｽ,クリエイト・レストランツ・ホールディングス,skip,duplicate,high,"kabutan,nikkei",4
2026-05-16,3388,明治電機工業,明治電機工業,skip,duplicate,high,"kabutan,nikkei",4
2026-05-16,338A,ZenmuTech,ZenmuTech,skip,duplicate,high,"kabutan,nikkei",5
2026-05-16,338A,ZenmuTech,ゼンムテック,skip,duplicate,high,kabutan,2
2026-05-16,338A,ZenmuTech,Zenmu,review,new_candidate,low,tdnet,1
2026-05-16,3391,ツルハﾎｰﾙﾃﾞｨﾝｸﾞｽ,ツルハHD,skip,duplicate,high,"kabutan,tdnet",12
2026-05-16,3391,ツルハﾎｰﾙﾃﾞｨﾝｸﾞｽ,ツルハホールディングス,skip,duplicate,high,"kabutan,nikkei",4
2026-05-16,3392,デリカフーズﾎｰﾙﾃﾞｨﾝｸﾞｽ,デリカフーズHD,skip,duplicate,high,tdnet,5
2026-05-16,3392,デリカフーズﾎｰﾙﾃﾞｨﾝｸﾞｽ,デリカフーズホールディングス,skip,duplicate,high,"kabutan,nikkei",4
2026-05-16,3392,デリカフーズﾎｰﾙﾃﾞｨﾝｸﾞｽ,デリカフHD,skip,duplicate,high,kabutan,2
2026-05-16,3393,スターティアﾎｰﾙﾃﾞｨﾝｸﾞｽ,スターティアホールディングス,skip,duplicate,high,"kabutan,nikkei",4
2026-05-16,3393,スターティアﾎｰﾙﾃﾞｨﾝｸﾞｽ,スタティアH,skip,duplicate,high,kabutan,2
2026-05-16,3395,サンマルクﾎｰﾙﾃﾞｨﾝｸﾞｽ,サンマルクホールディングス,skip,duplicate,high,"kabutan,nikkei",4
2026-05-16,3395,サンマルクﾎｰﾙﾃﾞｨﾝｸﾞｽ,サンマルクHD,skip,duplicate,high,tdnet,3
2026-05-16,3395,サンマルクﾎｰﾙﾃﾞｨﾝｸﾞｽ,サンマルク,skip,duplicate,high,kabutan,2
2026-05-16,3396,フェリシモ,フェリシモ,skip,duplicate,high,"kabutan,nikkei,tdnet",7
2026-05-16,3397,トリドールﾎｰﾙﾃﾞｨﾝｸﾞｽ,トリドールHD,skip,duplicate,high,tdnet,5
2026-05-16,3397,トリドールﾎｰﾙﾃﾞｨﾝｸﾞｽ,トリドールホールディングス,skip,duplicate,high,"kabutan,nikkei",4
2026-05-16,3397,トリドールﾎｰﾙﾃﾞｨﾝｸﾞｽ,トリドール,skip,duplicate,high,kabutan,2
2026-05-16,3399,丸千代山岡家,山岡家,skip,duplicate,high,"kabutan,tdnet",9
2026-05-16,3399,丸千代山岡家,丸千代山岡家,skip,duplicate,high,"kabutan,nikkei",4
2026-05-16,339A,プログレス・テクノロジーズ ｸﾞﾙｰﾌﾟ,プログレス,skip,duplicate,high,"kabutan,tdnet",11
2026-05-16,339A,プログレス・テクノロジーズ ｸﾞﾙｰﾌﾟ,プログレス・テクノロジーズ グループ,skip,duplicate,high,"kabutan,nikkei",4
2026-05-16,3401,帝人,帝人,skip,duplicate,high,"kabutan,nikkei,tdnet",10
2026-05-16,3402,東レ,東レ,skip,duplicate,high,"kabutan,nikkei,tdnet",9
2026-05-16,3405,クラレ,クラレ,skip,duplicate,high,"kabutan,nikkei,tdnet",8
2026-05-16,3407,旭化成,旭化成,skip,duplicate,high,"kabutan,nikkei,tdnet",7
2026-05-16,3409,北紡,北紡,skip,duplicate,high,"kabutan,nikkei,tdnet",8
2026-05-16,340A,ジグザグ,ジグザグ,skip,duplicate,high,"kabutan,nikkei,tdnet",9
2026-05-16,3415,TOKYO BASE,TOKYO BASE,skip,duplicate,high,"kabutan,nikkei",5
2026-05-16,3415,TOKYO BASE,トウキョウベース,skip,duplicate,high,tdnet,5
2026-05-16,3415,TOKYO BASE,T-BASE,skip,duplicate,high,kabutan,2
2026-05-16,3416,ピクスタ,ピクスタ,skip,duplicate,high,"kabutan,nikkei,tdnet",7
2026-05-16,3417,大木ヘルスケアﾎｰﾙﾃﾞｨﾝｸﾞｽ,大木ヘルスケアホールディングス,skip,duplicate,high,"kabutan,nikkei",4
2026-05-16,3417,大木ヘルスケアﾎｰﾙﾃﾞｨﾝｸﾞｽ,大木ヘルス,skip,duplicate,high,kabutan,2
2026-05-16,3418,バルニバービ,バルニバービ,skip,duplicate,high,"kabutan,nikkei",9
2026-05-16,341A,トヨコー,トヨコー,skip,duplicate,high,"kabutan,nikkei,tdnet",6
2026-05-16,3420,ケー・エフ・シー,ケー・エフ・シー,skip,duplicate,high,"kabutan,nikkei",7
2026-05-16,3421,稲葉製作所,稲葉製作,skip,duplicate,high,kabutan,6
2026-05-16,3421,稲葉製作所,稲葉製作所,skip,duplicate,high,"kabutan,nikkei",4
2026-05-16,3422,J－MAX,J-MAX,skip,duplicate,high,"kabutan,nikkei,tdnet",8
2026-05-16,3423,エスイー,エスイー,skip,duplicate,high,"kabutan,nikkei",7
2026-05-16,3426,アトムリビンテック,アトムリビンテック,skip,duplicate,high,"kabutan,nikkei",4
2026-05-16,3426,アトムリビンテック,アトムリビン,skip,duplicate,high,"kabutan,tdnet",3
2026-05-16,3431,宮地エンジニアリングｸﾞﾙｰﾌﾟ,宮地エンジニアリンググループ,skip,duplicate,high,"kabutan,nikkei",4
2026-05-16,3431,宮地エンジニアリングｸﾞﾙｰﾌﾟ,宮地エンジ,skip,duplicate,high,kabutan,2
2026-05-16,3433,トーカロ,トーカロ,skip,duplicate,high,"kabutan,nikkei,tdnet",8
2026-05-16,3434,アルファCo,アルファCo,skip,duplicate,high,"kabutan,tdnet",6
2026-05-16,3434,アルファCo,アルファ,skip,duplicate,high,"kabutan,nikkei",4
2026-05-16,3435,サンコーテクノ,サンコーテクノ,skip,duplicate,high,"kabutan,nikkei,tdnet",6
2026-05-16,3435,サンコーテクノ,サンコテクノ,skip,duplicate,high,kabutan,2
2026-05-16,3436,SUMCO,SUMCO,skip,duplicate,high,"kabutan,nikkei,tdnet",8
2026-05-16,3437,特殊電極,特殊電極,skip,duplicate,high,"kabutan,nikkei",5
2026-05-16,3439,三ツ知,三ツ知,skip,duplicate,high,"kabutan,nikkei,tdnet",5
2026-05-16,343A,IACEトラベル,IACEトラベル,skip,duplicate,high,"kabutan,nikkei",4
2026-05-16,343A,IACEトラベル,IACEトラ,skip,duplicate,high,kabutan,2
2026-05-16,3440,日創ｸﾞﾙｰﾌﾟ,日創グループ,skip,duplicate,high,"kabutan,nikkei,tdnet",10
2026-05-16,3441,山王,山王,skip,duplicate,high,"kabutan,nikkei,tdnet",11
2026-05-16,3443,川田テクノロジーズ,川田TECH,skip,duplicate,high,tdnet,7
2026-05-16,3443,川田テクノロジーズ,川田テクノロジーズ,skip,duplicate,high,"kabutan,nikkei",4
2026-05-16,3443,川田テクノロジーズ,川田テク,skip,duplicate,high,kabutan,2
2026-05-16,3444,菊池製作所,菊池製作所,skip,duplicate,high,"kabutan,nikkei",6
2026-05-16,3444,菊池製作所,菊池製作,skip,duplicate,high,kabutan,2
2026-05-16,3445,RS Technologies,RS Technologies,skip,duplicate,high,"kabutan,nikkei",5
2026-05-16,3445,RS Technologies,RSTECH,skip,duplicate,high,tdnet,5
2026-05-16,3445,RS Technologies,RSテクノ,skip,duplicate,high,kabutan,2
2026-05-16,3446,ジェイテックｺｰﾎﾟﾚｰｼｮﾝ,ジェイテックコーポレーション,skip,duplicate,high,"kabutan,nikkei",4
2026-05-16,3446,ジェイテックｺｰﾎﾟﾚｰｼｮﾝ,Jテック・C,skip,duplicate,high,kabutan,2
2026-05-16,3447,信和,信和,skip,duplicate,high,"kabutan,nikkei,tdnet",7
2026-05-16,3449,テクノフレックス,テクノフレックス,skip,duplicate,high,"kabutan,nikkei,tdnet",9
2026-05-16,3449,テクノフレックス,テクノフレ,skip,duplicate,high,kabutan,2
2026-05-16,3452,ビーロット,ビーロット,skip,duplicate,high,"kabutan,nikkei,tdnet",5
2026-05-16,3454,ファーストブラザーズ,ファーストブラザーズ,skip,duplicate,high,"kabutan,nikkei,tdnet",7
2026-05-16,3454,ファーストブラザーズ,Fブラザーズ,skip,duplicate,high,kabutan,2
2026-05-16,3457,And Doﾎｰﾙﾃﾞｨﾝｸﾞｽ,And Doホールディングス,skip,duplicate,high,"kabutan,nikkei",4
2026-05-16,3457,And Doﾎｰﾙﾃﾞｨﾝｸﾞｽ,And Do HLD,skip,duplicate,high,tdnet,3
2026-05-16,3457,And Doﾎｰﾙﾃﾞｨﾝｸﾞｽ,AndDo,skip,duplicate,high,kabutan,2
2026-05-16,3461,パルマ,パルマ,skip,duplicate,high,"kabutan,nikkei,tdnet",8
2026-05-16,3465,ケイアイスター不動産,ケイアイスター不動産,skip,duplicate,high,"kabutan,nikkei,tdnet",8
2026-05-16,3465,ケイアイスター不動産,ケイアイ不,skip,duplicate,high,kabutan,2
2026-05-16,3467,アグレ都市デザイン,アグレ都市デザイン,skip,duplicate,high,"kabutan,nikkei,tdnet",9
2026-05-16,3467,アグレ都市デザイン,アグレ都市,skip,duplicate,high,kabutan,2
2026-05-16,3469,デュアルタップ,デュアルタップ,skip,duplicate,high,"kabutan,nikkei,tdnet",8
2026-05-16,3469,デュアルタップ,デュアルT,skip,duplicate,high,kabutan,2
2026-05-16,3474,G－FACTORY,G-FAC,skip,duplicate,high,kabutan,7
2026-05-16,3474,G－FACTORY,G-FACTORY,skip,duplicate,high,"kabutan,nikkei",5
2026-05-16,3475,グッドコムアセット,グッドコムアセット,skip,duplicate,high,"kabutan,nikkei,tdnet",10
2026-05-16,3475,グッドコムアセット,グッドコムA,skip,duplicate,high,kabutan,2
2026-05-16,3477,フォーライフ,フォーライフ,skip,duplicate,high,"kabutan,nikkei",5
2026-05-16,3479,ティーケーピー,TKP,skip,duplicate,high,"kabutan,tdnet",11
2026-05-16,3479,ティーケーピー,ティーケーピー,skip,duplicate,high,"kabutan,nikkei",4
2026-05-16,3480,ジェイ・エス・ビー,ジェイ・エス・ビー,skip,duplicate,high,"kabutan,nikkei",5
2026-05-16,3480,ジェイ・エス・ビー,JSB,skip,duplicate,high,kabutan,3
2026-05-16,3482,ロードスターキャピタル,ロードスター,skip,duplicate,high,"kabutan,tdnet",11
2026-05-16,3482,ロードスターキャピタル,ロードスターキャピタル,skip,duplicate,high,"kabutan,nikkei",4
2026-05-16,3484,イノベーションﾎｰﾙﾃﾞｨﾝｸﾞｽ,イノベーションホールディングス,skip,duplicate,high,"kabutan,nikkei",4
2026-05-16,3484,イノベーションﾎｰﾙﾃﾞｨﾝｸﾞｽ,イノベHD,skip,duplicate,high,kabutan,2
2026-05-16,3486,グローバル・リンク・マネジメント,グローバル・リンク・マネジメント,skip,duplicate,high,"kabutan,nikkei",4
2026-05-16,3486,グローバル・リンク・マネジメント,グローバルリンクM,skip,duplicate,high,tdnet,3
2026-05-16,3486,グローバル・リンク・マネジメント,グロバルLM,skip,duplicate,high,kabutan,2
2026-05-16,3489,フェイスネットワーク,フェイスネットワーク,skip,duplicate,high,"kabutan,nikkei",4
2026-05-16,3489,フェイスネットワーク,フェイスNW,skip,duplicate,high,kabutan,2
2026-05-16,3490,アズ企画設計,アズ企画設計,skip,duplicate,high,"kabutan,nikkei,tdnet",16
2026-05-16,3491,GA technologies,GA technologies,skip,duplicate,high,"kabutan,nikkei",5
2026-05-16,3491,GA technologies,GAテクノ,skip,duplicate,high,kabutan,2
2026-05-16,3494,マリオン,マリオン,skip,duplicate,high,"kabutan,nikkei,tdnet",7
2026-05-16,3495,香陵住販,香陵住販,skip,duplicate,high,"kabutan,nikkei",4
2026-05-16,3496,アズーム,アズーム,skip,duplicate,high,"kabutan,nikkei,tdnet",7
2026-05-16,3498,霞ヶ関キャピタル,霞ヶ関キャピタル,skip,duplicate,high,"kabutan,nikkei,tdnet",6
2026-05-16,3498,霞ヶ関キャピタル,霞ヶ関C,skip,duplicate,high,kabutan,2
2026-05-16,3501,SUMINOE,SUMINOE,skip,duplicate,high,"kabutan,nikkei,tdnet",8
2026-05-16,3501,SUMINOE,SMINOE,skip,duplicate,high,kabutan,2
2026-05-16,350A,デジタルグリッド,デジタルグリッド,skip,duplicate,high,"kabutan,nikkei",8
2026-05-16,3512,日本フエルト,日フエルト,skip,duplicate,high,tdnet,4
2026-05-16,3512,日本フエルト,日本フエルト,skip,duplicate,high,"kabutan,nikkei",4
2026-05-16,3512,日本フエルト,フエルト,skip,duplicate,high,kabutan,2
2026-05-16,3513,イチカワ,イチカワ,skip,duplicate,high,"kabutan,nikkei,tdnet",9
2026-05-16,3521,テルマー湯ﾎｰﾙﾃﾞｨﾝｸﾞｽ,テルマー湯ホールディングス,skip,duplicate,high,"kabutan,nikkei",4
2026-05-16,3521,テルマー湯ﾎｰﾙﾃﾞｨﾝｸﾞｽ,テルマー湯HD,skip,duplicate,high,tdnet,3
2026-05-16,3521,テルマー湯ﾎｰﾙﾃﾞｨﾝｸﾞｽ,テルマー湯,skip,duplicate,high,kabutan,2
2026-05-16,3524,日東製網,日東製網,skip,duplicate,high,"kabutan,nikkei",4
2026-05-16,3524,日東製網,日東網,skip,duplicate,high,kabutan,3
2026-05-16,3529,アツギ,アツギ,skip,duplicate,high,"kabutan,nikkei",6
2026-05-16,352A,LOIVE,LOIVE,skip,duplicate,high,"kabutan,nikkei,tdnet",8
2026-05-16,352A,LOIVE,ロイブ,skip,duplicate,high,kabutan,2
2026-05-16,3536,アクサスﾎｰﾙﾃﾞｨﾝｸﾞｽ,アクサスHD,skip,duplicate,high,"kabutan,tdnet",4
2026-05-16,3536,アクサスﾎｰﾙﾃﾞｨﾝｸﾞｽ,アクサスホールディングス,skip,duplicate,high,"kabutan,nikkei",4
2026-05-16,3537,昭栄薬品,昭栄薬品,skip,duplicate,high,"kabutan,nikkei",4
2026-05-16,3538,ウイルプラスﾎｰﾙﾃﾞｨﾝｸﾞｽ,ウイルプラスHD,skip,duplicate,high,tdnet,7
2026-05-16,3538,ウイルプラスﾎｰﾙﾃﾞｨﾝｸﾞｽ,ウイルプラスホールディングス,skip,duplicate,high,"kabutan,nikkei",4
2026-05-16,3538,ウイルプラスﾎｰﾙﾃﾞｨﾝｸﾞｽ,ウイルプラス,skip,duplicate,high,kabutan,2
2026-05-16,3539,JMﾎｰﾙﾃﾞｨﾝｸﾞｽ,JMホールディングス,skip,duplicate,high,"kabutan,nikkei",5
2026-05-16,3539,JMﾎｰﾙﾃﾞｨﾝｸﾞｽ,JMHD,skip,duplicate,high,kabutan,2
2026-05-16,3541,農業総合研究所,農業総合研究所,skip,duplicate,high,"kabutan,tdnet",8
2026-05-16,3541,農業総合研究所,農業総研,skip,duplicate,high,kabutan,2
2026-05-16,3542,ベガｺｰﾎﾟﾚｰｼｮﾝ,ベガコーポレーション,skip,duplicate,high,"kabutan,nikkei",4
2026-05-16,3542,ベガｺｰﾎﾟﾚｰｼｮﾝ,VEGA,skip,duplicate,high,tdnet,3
2026-05-16,3542,ベガｺｰﾎﾟﾚｰｼｮﾝ,ベガコーポ,skip,duplicate,high,kabutan,2
2026-05-16,3543,コメダﾎｰﾙﾃﾞｨﾝｸﾞｽ,コメダ,skip,duplicate,high,"kabutan,tdnet",5
2026-05-16,3543,コメダﾎｰﾙﾃﾞｨﾝｸﾞｽ,コメダホールディングス,skip,duplicate,high,"kabutan,nikkei",4
2026-05-16,3544,サツドラﾎｰﾙﾃﾞｨﾝｸﾞｽ,サツドラHD,skip,duplicate,high,kabutan,5
2026-05-16,3544,サツドラﾎｰﾙﾃﾞｨﾝｸﾞｽ,サツドラホールディングス,skip,duplicate,high,"kabutan,nikkei",4
2026-05-16,3546,アレンザﾎｰﾙﾃﾞｨﾝｸﾞｽ,アレンザHD,skip,duplicate,high,"kabutan,tdnet",11
2026-05-16,3546,アレンザﾎｰﾙﾃﾞｨﾝｸﾞｽ,アレンザホールディングス,skip,duplicate,high,"kabutan,nikkei",4
2026-05-16,3547,串カツ田中ﾎｰﾙﾃﾞｨﾝｸﾞｽ,ユニシアHD,skip,duplicate,high,"kabutan,tdnet",12
2026-05-16,3547,串カツ田中ﾎｰﾙﾃﾞｨﾝｸﾞｽ,ユニシアホールディングス,skip,duplicate,high,"kabutan,nikkei",4
2026-05-16,3548,バロックジャパンリミテッド,バロック,skip,duplicate,high,"kabutan,tdnet",13
2026-05-16,3548,バロックジャパンリミテッド,バロックジャパンリミテッド,skip,duplicate,high,"kabutan,nikkei",4
2026-05-16,3549,クスリのアオキﾎｰﾙﾃﾞｨﾝｸﾞｽ,クスリのアオキHD,skip,duplicate,high,tdnet,6
2026-05-16,3549,クスリのアオキﾎｰﾙﾃﾞｨﾝｸﾞｽ,クスリのアオキホールディングス,skip,duplicate,high,"kabutan,nikkei",4
2026-05-16,3549,クスリのアオキﾎｰﾙﾃﾞｨﾝｸﾞｽ,クスリアオキ,skip,duplicate,high,kabutan,2
2026-05-16,3550,スタジオアタオ,スタジオアタオ,skip,duplicate,high,"kabutan,nikkei,tdnet",7
2026-05-16,3550,スタジオアタオ,ATAO,skip,duplicate,high,kabutan,2
2026-05-16,3551,ダイニック,ダイニック,skip,duplicate,high,"kabutan,nikkei,tdnet",5
2026-05-16,3553,共和レザー,共和レザー,skip,duplicate,high,"kabutan,nikkei,tdnet",9
2026-05-16,3553,共和レザー,共和レ,skip,duplicate,high,kabutan,2
2026-05-16,3556,リネットジャパンｸﾞﾙｰﾌﾟ,リネットジャパン,skip,duplicate,high,tdnet,8
2026-05-16,3556,リネットジャパンｸﾞﾙｰﾌﾟ,リネットジャパングループ,skip,duplicate,high,"kabutan,nikkei",4
2026-05-16,3556,リネットジャパンｸﾞﾙｰﾌﾟ,リネットJ,skip,duplicate,high,kabutan,2
2026-05-16,3557,ユナイテッド＆コレクティブ,U&C,skip,duplicate,high,"kabutan,tdnet",12
2026-05-16,3557,ユナイテッド＆コレクティブ,ユナイテッド&コレクティブ,skip,duplicate,high,"kabutan,nikkei",4
2026-05-16,3558,ジェイドｸﾞﾙｰﾌﾟ,ジェイドグループ,skip,duplicate,high,"kabutan,nikkei,tdnet",9
2026-05-16,3558,ジェイドｸﾞﾙｰﾌﾟ,ジェイドG,skip,duplicate,high,kabutan,2
2026-05-16,3559,ピーバンドットコム,ピーバンドットコム,skip,duplicate,high,"kabutan,nikkei,tdnet",7
2026-05-16,3559,ピーバンドットコム,PバンCOM,skip,duplicate,high,kabutan,2
2026-05-16,3560,ほぼ日,ほぼ日,skip,duplicate,high,"kabutan,nikkei,tdnet",5
2026-05-16,3561,力の源ﾎｰﾙﾃﾞｨﾝｸﾞｽ,力の源HD,skip,duplicate,high,"kabutan,tdnet",4
2026-05-16,3561,力の源ﾎｰﾙﾃﾞｨﾝｸﾞｽ,力の源ホールディングス,skip,duplicate,high,"kabutan,nikkei",4
2026-05-16,3562,No．1,No.1,skip,duplicate,high,"kabutan,nikkei,tdnet",13
2026-05-16,3563,FOOD ＆ LIFE COMPANIES,FOOD & LIFE COMPANIES,skip,duplicate,high,"kabutan,nikkei",5
2026-05-16,3563,FOOD ＆ LIFE COMPANIES,F&LC,skip,duplicate,high,kabutan,3
2026-05-16,3565,アセンテック,アセンテック,skip,duplicate,high,"kabutan,nikkei,tdnet",18
2026-05-16,3566,ユニフォームネクスト,ユニネク,skip,duplicate,high,"kabutan,tdnet",9
2026-05-16,3566,ユニフォームネクスト,ユニフォームネクスト,skip,duplicate,high,"kabutan,nikkei",4
2026-05-16,3569,セーレン,セーレン,skip,duplicate,high,"kabutan,nikkei",4
2026-05-16,3571,ソトー,ソトー,skip,duplicate,high,"kabutan,nikkei,tdnet",11
2026-05-16,3577,東海染工,東海染工,skip,duplicate,high,"kabutan,nikkei,tdnet",7
2026-05-16,3577,東海染工,東海染,skip,duplicate,high,kabutan,2
2026-05-16,3580,小松マテーレ,小松マテーレ,skip,duplicate,high,"kabutan,nikkei",9
2026-05-16,3583,オーベクス,オーベクス,skip,duplicate,high,"kabutan,nikkei,tdnet",8
2026-05-16,3591,ワコールﾎｰﾙﾃﾞｨﾝｸﾞｽ,ワコールHD,skip,duplicate,high,"kabutan,tdnet",8
2026-05-16,3591,ワコールﾎｰﾙﾃﾞｨﾝｸﾞｽ,ワコールホールディングス,skip,duplicate,high,"kabutan,nikkei",4
2026-05-16,3593,ホギメディカル,ホギメディ,skip,duplicate,high,tdnet,5
2026-05-16,3593,ホギメディカル,ホギメディカル,skip,duplicate,high,kabutan,3
2026-05-16,3593,ホギメディカル,ホギメデ,skip,duplicate,high,kabutan,2
2026-05-16,3597,自重堂,自重堂,skip,duplicate,high,"kabutan,nikkei,tdnet",5
2026-05-16,3598,山喜,山喜,skip,duplicate,high,"kabutan,nikkei,tdnet",7
2026-05-16,3600,フジックス,フジックス,skip,duplicate,high,"kabutan,nikkei,tdnet",6
2026-05-16,3607,クラウディアﾎｰﾙﾃﾞｨﾝｸﾞｽ,クラウディアホールディングス,skip,duplicate,high,"kabutan,nikkei",4
2026-05-16,3607,クラウディアﾎｰﾙﾃﾞｨﾝｸﾞｽ,クラウディア,skip,duplicate,high,kabutan,2
2026-05-16,3608,TSIﾎｰﾙﾃﾞｨﾝｸﾞｽ,TSIHD,skip,duplicate,high,"kabutan,tdnet",13
2026-05-16,3608,TSIﾎｰﾙﾃﾞｨﾝｸﾞｽ,TSIホールディングス,skip,duplicate,high,"kabutan,nikkei",4
2026-05-16,3611,マツオカｺｰﾎﾟﾚｰｼｮﾝ,マツオカ,skip,duplicate,high,"kabutan,tdnet",4
2026-05-16,3611,マツオカｺｰﾎﾟﾚｰｼｮﾝ,マツオカコーポレーション,skip,duplicate,high,"kabutan,nikkei",4
2026-05-16,3612,ワールド,ワールド,skip,duplicate,high,"kabutan,nikkei,tdnet",17
2026-05-16,3622,ネットイヤーｸﾞﾙｰﾌﾟ,ネットイヤー,skip,duplicate,high,"kabutan,tdnet",7
2026-05-16,3622,ネットイヤーｸﾞﾙｰﾌﾟ,ネットイヤーグループ,skip,duplicate,high,"kabutan,nikkei",4
2026-05-16,3623,ビリングシステム,ビリングシステム,skip,duplicate,high,"kabutan,nikkei",4
2026-05-16,3623,ビリングシステム,ビリングシス,skip,duplicate,high,kabutan,2
2026-05-16,3624,アクセルマーク,アクセルM,skip,duplicate,high,"kabutan,tdnet",8
2026-05-16,3624,アクセルマーク,アクセルマーク,skip,duplicate,high,"kabutan,nikkei",4
2026-05-16,3625,テックファームﾎｰﾙﾃﾞｨﾝｸﾞｽ,テックファームホールディングス,skip,duplicate,high,"kabutan,nikkei",4
2026-05-16,3625,テックファームﾎｰﾙﾃﾞｨﾝｸﾞｽ,テックファム,skip,duplicate,high,kabutan,2
2026-05-16,3626,TIS,TIS,skip,duplicate,high,"kabutan,nikkei,tdnet",17
2026-05-16,3627,テクミラﾎｰﾙﾃﾞｨﾝｸﾞｽ,テクミラ,skip,duplicate,high,"kabutan,tdnet",13
2026-05-16,3627,テクミラﾎｰﾙﾃﾞｨﾝｸﾞｽ,テクミラホールディングス,skip,duplicate,high,"kabutan,nikkei",4
2026-05-16,3628,データホライゾン,データHR,skip,duplicate,high,"kabutan,tdnet",6
2026-05-16,3628,データホライゾン,データホライゾン,skip,duplicate,high,"kabutan,nikkei",4
2026-05-16,3632,グリーﾎｰﾙﾃﾞｨﾝｸﾞｽ,グリーホールディングス,skip,duplicate,high,"kabutan,nikkei",4
2026-05-16,3632,グリーﾎｰﾙﾃﾞｨﾝｸﾞｽ,グリーHD,skip,duplicate,high,kabutan,3
2026-05-16,3633,GMOペパボ,GMOペパボ,skip,duplicate,high,"kabutan,nikkei",5
2026-05-16,3634,ソケッツ,ソケッツ,skip,duplicate,high,"kabutan,nikkei,tdnet",16
2026-05-16,3635,コーエーテクモﾎｰﾙﾃﾞｨﾝｸﾞｽ,コーエーテクモホールディングス,skip,duplicate,high,"kabutan,nikkei",4
2026-05-16,3635,コーエーテクモﾎｰﾙﾃﾞｨﾝｸﾞｽ,コーテクHD,skip,duplicate,high,kabutan,2
2026-05-16,3635,コーエーテクモﾎｰﾙﾃﾞｨﾝｸﾞｽ,コーエーテクモ,add,new_candidate,medium,tdnet,3
2026-05-16,3636,三菱総合研究所,三菱総合研究所,skip,duplicate,high,"kabutan,nikkei",4
2026-05-16,3636,三菱総合研究所,三菱総研,skip,duplicate,high,"kabutan,tdnet",3
2026-05-16,3639,ボルテージ,ボルテージ,skip,duplicate,high,"kabutan,nikkei",4
2026-05-16,3640,電算,電算,skip,duplicate,high,"kabutan,nikkei,tdnet",8
2026-05-16,3641,パピレス,パピレス,skip,duplicate,high,"kabutan,nikkei",4
2026-05-16,3645,メディカルネット,メディカルネット,skip,duplicate,high,"kabutan,nikkei,tdnet",9
2026-05-16,3645,メディカルネット,メディカルN,skip,duplicate,high,kabutan,2
2026-05-16,3646,駅探,駅探,skip,duplicate,high,"kabutan,nikkei,tdnet",10
2026-05-16,3647,アスリナ,アスリナ,skip,duplicate,high,"kabutan,nikkei,tdnet",10
2026-05-16,3648,AGS,AGS,skip,duplicate,high,"kabutan,nikkei,tdnet",12
2026-05-16,3649,ファインデックス,ファインデックス,skip,duplicate,high,"kabutan,nikkei,tdnet",9
2026-05-16,3649,ファインデックス,ファインデ,skip,duplicate,high,kabutan,2
2026-05-16,3652,ディジタルメディアプロフェッショナル,DMP,skip,duplicate,high,"kabutan,tdnet",6
2026-05-16,3652,ディジタルメディアプロフェッショナル,ディジタルメディアプロフェッショナル,skip,duplicate,high,"kabutan,nikkei",4
2026-05-16,3653,モルフォ,モルフォ,skip,duplicate,high,"kabutan,nikkei",10
2026-05-16,3655,ブレインパッド,ブレインパッド,skip,duplicate,high,kabutan,4
2026-05-16,3655,ブレインパッド,ブレインP,skip,duplicate,high,kabutan,2
2026-05-16,3656,KLab,KLab,skip,duplicate,high,"kabutan,nikkei,tdnet",9
2026-05-16,3657,ポールトゥウィンﾎｰﾙﾃﾞｨﾝｸﾞｽ,ポールHD,skip,duplicate,high,"kabutan,tdnet",12
2026-05-16,3657,ポールトゥウィンﾎｰﾙﾃﾞｨﾝｸﾞｽ,ポールトゥウィンホールディングス,skip,duplicate,high,"kabutan,nikkei",4
2026-05-16,3659,ネクソン,ネクソン,skip,duplicate,high,"kabutan,nikkei,tdnet",10
2026-05-16,365A,伊澤タオル,伊澤タオル,skip,duplicate,high,"kabutan,tdnet",13
2026-05-16,365A,伊澤タオル,伊沢タオル,skip,duplicate,high,"kabutan,nikkei",4
2026-05-16,3660,アイスタイル,アイスタイル,skip,duplicate,high,"kabutan,nikkei,tdnet",6
2026-05-16,3661,エムアップﾎｰﾙﾃﾞｨﾝｸﾞｽ,エムアップHD,skip,duplicate,high,tdnet,4
2026-05-16,3661,エムアップﾎｰﾙﾃﾞｨﾝｸﾞｽ,エムアップホールディングス,skip,duplicate,high,"kabutan,nikkei",4
2026-05-16,3661,エムアップﾎｰﾙﾃﾞｨﾝｸﾞｽ,エムアップ,skip,duplicate,high,kabutan,2
2026-05-16,3662,エイチームﾎｰﾙﾃﾞｨﾝｸﾞｽ,エイチームホールディングス,skip,duplicate,high,"kabutan,nikkei",4
2026-05-16,3662,エイチームﾎｰﾙﾃﾞｨﾝｸﾞｽ,エイチーム,skip,duplicate,high,kabutan,2
2026-05-16,3663,セルシス,セルシス,skip,duplicate,high,"kabutan,nikkei,tdnet",11
2026-05-16,3664,モブキャストﾎｰﾙﾃﾞｨﾝｸﾞｽ,WIZE,skip,duplicate,high,"kabutan,nikkei,tdnet",10
2026-05-16,3665,エニグモ,エニグモ,skip,duplicate,high,"kabutan,nikkei,tdnet",10
2026-05-16,3667,enish,enish,skip,duplicate,high,"kabutan,nikkei,tdnet",22
2026-05-16,3668,コロプラ,コロプラ,skip,duplicate,high,"kabutan,nikkei,tdnet",6
2026-05-16,366A,ウェルネス・コミュニケーションズ,ウェルネス・コミュニケーションズ,skip,duplicate,high,"kabutan,nikkei",4
2026-05-16,366A,ウェルネス・コミュニケーションズ,ウェルネス,skip,duplicate,high,kabutan,2
2026-05-16,366A,ウェルネス・コミュニケーションズ,ウェルネスC,skip,duplicate,high,tdnet,2
2026-05-16,3670,協立情報通信,協立情報通信,skip,duplicate,high,"kabutan,nikkei,tdnet",9
2026-05-16,3671,ソフトマックス,ソフトMAX,skip,duplicate,high,"kabutan,tdnet",5
2026-05-16,3671,ソフトマックス,ソフトマックス,skip,duplicate,high,"kabutan,nikkei",4
2026-05-16,3672,オルトプラス,オルトプラス,skip,duplicate,high,"kabutan,nikkei,tdnet",14
2026-05-16,3672,オルトプラス,オルトP,skip,duplicate,high,kabutan,2
2026-05-16,3673,ブロードリーフ,ブロドリーフ,skip,duplicate,high,"kabutan,tdnet",7
2026-05-16,3673,ブロードリーフ,ブロードリーフ,skip,duplicate,high,"kabutan,nikkei",4
2026-05-16,3674,オークファン,オークファン,skip,duplicate,high,"kabutan,nikkei",4
2026-05-16,3675,クロス・マーケティングｸﾞﾙｰﾌﾟ,クロスマーケティング,skip,duplicate,high,tdnet,6
2026-05-16,3675,クロス・マーケティングｸﾞﾙｰﾌﾟ,クロス・マーケティンググループ,skip,duplicate,high,"kabutan,nikkei",4
2026-05-16,3675,クロス・マーケティングｸﾞﾙｰﾌﾟ,クロスマーケ,skip,duplicate,high,kabutan,2
2026-05-16,3676,デジタルハーツﾎｰﾙﾃﾞｨﾝｸﾞｽ,デジハHD,skip,duplicate,high,"kabutan,tdnet",9
2026-05-16,3676,デジタルハーツﾎｰﾙﾃﾞｨﾝｸﾞｽ,デジタルハーツホールディングス,skip,duplicate,high,"kabutan,nikkei",4
2026-05-16,3678,メディアドゥ,メディアドゥ,skip,duplicate,high,"kabutan,nikkei,tdnet",14
2026-05-16,3679,じげん,じげん,skip,duplicate,high,"kabutan,nikkei,tdnet",12
2026-05-16,367A,プリモグローバルﾎｰﾙﾃﾞｨﾝｸﾞｽ,プリモGHD,skip,duplicate,high,"kabutan,tdnet",6
2026-05-16,367A,プリモグローバルﾎｰﾙﾃﾞｨﾝｸﾞｽ,プリモグローバルホールディングス,skip,duplicate,high,"kabutan,nikkei",4
2026-05-16,3680,ホットリンク,ホットリンク,skip,duplicate,high,"kabutan,nikkei",6
2026-05-16,3681,ブイキューブ,ブイキューブ,skip,duplicate,high,"kabutan,nikkei,tdnet",32
2026-05-16,3682,エンカレッジ・テクノロジ,エンカレッジ・テクノロジ,skip,duplicate,high,"kabutan,nikkei",4
2026-05-16,3682,エンカレッジ・テクノロジ,エンカレッジ,skip,duplicate,high,kabutan,2
2026-05-16,3683,サイバーリンクス,サイバーリンクス,skip,duplicate,high,"kabutan,nikkei,tdnet",13
2026-05-16,3683,サイバーリンクス,サイバーリン,skip,duplicate,high,kabutan,2
2026-05-16,3686,ディー・エル・イー,DLE,skip,duplicate,high,kabutan,7
2026-05-16,3686,ディー・エル・イー,ディー・エル・イー,skip,duplicate,high,"kabutan,nikkei",4
2026-05-16,3687,フィックスターズ,フィックスターズ,skip,duplicate,high,"kabutan,nikkei,tdnet",8
2026-05-16,3687,フィックスターズ,Fスターズ,skip,duplicate,high,kabutan,2
2026-05-16,368A,北里ｺｰﾎﾟﾚｰｼｮﾝ,北里コーポレーション,skip,duplicate,high,"kabutan,nikkei,tdnet",6
2026-05-16,368A,北里ｺｰﾎﾟﾚｰｼｮﾝ,北里,skip,duplicate,high,kabutan,2
2026-05-16,3690,イルグルム,イルグルム,skip,duplicate,high,"kabutan,nikkei,tdnet",13
2026-05-16,3691,デジタルプラス,デジタルプラス,skip,duplicate,high,"kabutan,nikkei",4
2026-05-16,3691,デジタルプラス,デジプラ,skip,duplicate,high,kabutan,2
2026-05-16,3692,FFRIセキュリティ,FFRIセキュリティ,skip,duplicate,high,"kabutan,nikkei",4
2026-05-16,3692,FFRIセキュリティ,FFRI,skip,duplicate,high,kabutan,2
2026-05-16,3694,オプティム,オプティム,skip,duplicate,high,"kabutan,nikkei,tdnet",6
2026-05-16,3695,GMOプロダクトプラットフォーム,GMO-PP,skip,duplicate,high,"kabutan,tdnet",9
2026-05-16,3695,GMOプロダクトプラットフォーム,GMOプロダクトプラットフォーム,skip,duplicate,high,"kabutan,nikkei",4
2026-05-16,3696,セレス,セレス,skip,duplicate,high,"kabutan,nikkei,tdnet",13
2026-05-16,3697,SHIFT,SHIFT,skip,duplicate,high,"kabutan,nikkei,tdnet",11
2026-05-16,3698,CRI・ミドルウェア,CRI・ミドルウェア,skip,duplicate,high,"kabutan,nikkei",4
2026-05-16,3698,CRI・ミドルウェア,CRI,skip,duplicate,high,kabutan,2
2026-05-16,369A,エータイ,エータイ,skip,duplicate,high,"kabutan,nikkei,tdnet",7
2026-05-16,3708,特種東海製紙,特種東海製紙,skip,duplicate,high,"kabutan,nikkei",4
2026-05-16,3708,特種東海製紙,特種東海,skip,duplicate,high,"kabutan,tdnet",3
2026-05-16,3710,ジョルダン,ジョルダン,skip,duplicate,high,"kabutan,nikkei,tdnet",8
2026-05-16,3712,情報企画,情報企画,skip,duplicate,high,"kabutan,nikkei,tdnet",5
2026-05-16,3719,AIストーム,AIストーム,skip,duplicate,high,"kabutan,nikkei,tdnet",14
2026-05-16,3723,日本ファルコム,日本ファルコム,skip,duplicate,high,"kabutan,nikkei",4
2026-05-16,3723,日本ファルコム,ファルコム,skip,duplicate,high,kabutan,2
2026-05-16,3726,フォーシーズHD,フォーシーズHD,skip,duplicate,high,"kabutan,nikkei,tdnet",10
2026-05-16,3726,フォーシーズHD,フォーシーズ,skip,duplicate,high,kabutan,2
2026-05-16,3727,アプリックス,APLIX,skip,duplicate,high,tdnet,7
2026-05-16,3727,アプリックス,アプリックス,skip,duplicate,high,"kabutan,nikkei",4
2026-05-16,372A,レント,レント,skip,duplicate,high,"kabutan,nikkei,tdnet",8
2026-05-16,3733,ソフトウェア・サービス,ソフトウェアS,skip,duplicate,high,tdnet,5
2026-05-16,3733,ソフトウェア・サービス,ソフトウェア・サービス,skip,duplicate,high,"kabutan,nikkei",4
2026-05-16,3733,ソフトウェア・サービス,ソフトウェア,skip,duplicate,high,kabutan,2
2026-05-16,373A,リップス,リップス,skip,duplicate,high,"kabutan,nikkei,tdnet",7
2026-05-16,3741,セック,セック,skip,duplicate,high,"kabutan,nikkei,tdnet",8
2026-05-16,3744,サイオス,サイオス,skip,duplicate,high,"kabutan,nikkei,tdnet",8
2026-05-16,3747,インタートレード,インタートレード,skip,duplicate,high,"kabutan,nikkei,tdnet",5
2026-05-16,3747,インタートレード,インタートレ,skip,duplicate,high,kabutan,2
2026-05-16,3750,ADR120S,ADR120S,skip,duplicate,high,"kabutan,nikkei,tdnet",12
2026-05-16,3750,ADR120S,ADR120,skip,duplicate,high,kabutan,2
2026-05-16,3753,フライトソリューションズ,フライト,skip,duplicate,high,"kabutan,tdnet",7
2026-05-16,3753,フライトソリューションズ,フライトソリューションズ,skip,duplicate,high,"kabutan,nikkei",4
2026-05-16,3758,アエリア,アエリア,skip,duplicate,high,"kabutan,nikkei,tdnet",7
2026-05-16,3760,ケイブ,ケイブ,skip,duplicate,high,"kabutan,nikkei,tdnet",15
2026-05-16,3762,テクマトリックス,テクマト,skip,duplicate,high,"kabutan,tdnet",8
2026-05-16,3762,テクマトリックス,テクマトリックス,skip,duplicate,high,"kabutan,nikkei",4
2026-05-16,3763,プロシップ,プロシップ,skip,duplicate,high,"kabutan,nikkei,tdnet",6
2026-05-16,3765,ガンホー・オンライン・エンターテイメント,ガンホー,skip,duplicate,high,"kabutan,tdnet",9
2026-05-16,3765,ガンホー・オンライン・エンターテイメント,ガンホー・オンライン・エンターテイメント,skip,duplicate,high,"kabutan,nikkei",4
2026-05-16,3766,システムズ・デザイン,システムズD,skip,duplicate,high,"kabutan,tdnet",7
2026-05-16,3766,システムズ・デザイン,システムズ・デザイン,skip,duplicate,high,"kabutan,nikkei",4
2026-05-16,3768,リスクモンスター,リスクモンスター,skip,duplicate,high,"kabutan,nikkei,tdnet",8
2026-05-16,3768,リスクモンスター,リスモン,skip,duplicate,high,kabutan,2
2026-05-16,3769,GMOペイメントゲートウェイ,GMOペイメントゲートウェイ,skip,duplicate,high,"kabutan,nikkei",4
2026-05-16,3769,GMOペイメントゲートウェイ,GMO-PG,skip,duplicate,high,"kabutan,tdnet",3
2026-05-16,3771,システムリサーチ,システムリサーチ,skip,duplicate,high,"kabutan,nikkei,tdnet",6
2026-05-16,3771,システムリサーチ,システムリサ,skip,duplicate,high,kabutan,2
2026-05-16,3772,ウェルス・マネジメント,ウェルス,skip,duplicate,high,"kabutan,tdnet",11
2026-05-16,3772,ウェルス・マネジメント,ウェルス・マネジメント,skip,duplicate,high,"kabutan,nikkei",4
2026-05-16,3773,アドバンスト・メディア,AMI,skip,duplicate,high,kabutan,6
2026-05-16,3773,アドバンスト・メディア,アドバンスト・メディア,skip,duplicate,high,"kabutan,nikkei",4
2026-05-16,3774,インターネットイニシアティブ,インターネットイニシアティブ,skip,duplicate,high,"kabutan,nikkei",4
2026-05-16,3774,インターネットイニシアティブ,IIJ,skip,duplicate,high,kabutan,2
2026-05-16,3776,ブロードバンドタワー,BBタワー,skip,duplicate,high,"kabutan,tdnet",9
2026-05-16,3776,ブロードバンドタワー,ブロードバンドタワー,skip,duplicate,high,"kabutan,nikkei",4
2026-05-16,3777,環境フレンドリーﾎｰﾙﾃﾞｨﾝｸﾞｽ,環境フレンドリー,skip,duplicate,high,tdnet,12
2026-05-16,3777,環境フレンドリーﾎｰﾙﾃﾞｨﾝｸﾞｽ,環境フレンドリーホールディングス,skip,duplicate,high,"kabutan,nikkei",4
2026-05-16,3777,環境フレンドリーﾎｰﾙﾃﾞｨﾝｸﾞｽ,環境フレンド,skip,duplicate,high,kabutan,2
2026-05-16,3778,さくらインターネット,さくらインターネット,skip,duplicate,high,"kabutan,nikkei,tdnet",12
2026-05-16,3778,さくらインターネット,さくらネット,skip,duplicate,high,kabutan,2
2026-05-16,3779,ジェイ・エスコムﾎｰﾙﾃﾞｨﾝｸﾞｽ,J・エスコムHD,skip,duplicate,high,tdnet,5
2026-05-16,3779,ジェイ・エスコムﾎｰﾙﾃﾞｨﾝｸﾞｽ,ジェイ・エスコムホールディングス,skip,duplicate,high,"kabutan,nikkei",4
2026-05-16,3779,ジェイ・エスコムﾎｰﾙﾃﾞｨﾝｸﾞｽ,Jエスコム,skip,duplicate,high,kabutan,2
2026-05-16,3787,テクノマセマティカル,テクノマセマ,skip,duplicate,high,kabutan,6
2026-05-16,3787,テクノマセマティカル,テクノマセマティカル,skip,duplicate,high,"kabutan,nikkei",4
2026-05-16,3788,GMOグローバルサイン・ﾎｰﾙﾃﾞｨﾝｸﾞｽ,GMOグローバルサイン・ホールディングス,skip,duplicate,high,"kabutan,nikkei",4
2026-05-16,3788,GMOグローバルサイン・ﾎｰﾙﾃﾞｨﾝｸﾞｽ,GMO-GS,skip,duplicate,high,kabutan,2
2026-05-16,3788,GMOグローバルサイン・ﾎｰﾙﾃﾞｨﾝｸﾞｽ,GMOGSHD,skip,duplicate,high,tdnet,2
2026-05-16,378A,ヒット,ヒット,skip,duplicate,high,"kabutan,nikkei",4
2026-05-16,3791,IGポート,IGポート,skip,duplicate,high,"kabutan,nikkei,tdnet",5
2026-05-16,3793,ドリコム,ドリコム,skip,duplicate,high,"kabutan,nikkei,tdnet",10
2026-05-16,3796,いい生活,いい生活,skip,duplicate,high,"kabutan,nikkei,tdnet",9
2026-05-16,3798,ULSｸﾞﾙｰﾌﾟ,ULSグループ,skip,duplicate,high,"kabutan,nikkei,tdnet",10
2026-05-16,3798,ULSｸﾞﾙｰﾌﾟ,ULSグルプ,skip,duplicate,high,kabutan,2
2026-05-16,3799,キーウェアソリューションズ,キーウェアソリューションズ,skip,duplicate,high,"kabutan,nikkei",4
2026-05-16,3799,キーウェアソリューションズ,キーウェア,skip,duplicate,high,kabutan,2
2026-05-16,3800,ユニリタ,ユニリタ,skip,duplicate,high,"kabutan,nikkei",6
2026-05-16,3802,エコミック,エコミック,skip,duplicate,high,"kabutan,nikkei",4
2026-05-16,3803,イメージ情報開発,イメージ情,skip,duplicate,high,tdnet,10
2026-05-16,3803,イメージ情報開発,イメージ情報開発,skip,duplicate,high,"kabutan,nikkei",4
2026-05-16,3803,イメージ情報開発,イメージ情報,skip,duplicate,high,kabutan,2
2026-05-16,3804,システム ディ,システム ディ,skip,duplicate,high,"kabutan,nikkei",9
2026-05-16,3807,フィスコ,フィスコ,skip,duplicate,high,"kabutan,nikkei,tdnet",14
2026-05-16,3810,サイバーステップﾎｰﾙﾃﾞｨﾝｸﾞｽ,サイバーステップHD,skip,duplicate,high,tdnet,19
2026-05-16,3810,サイバーステップﾎｰﾙﾃﾞｨﾝｸﾞｽ,サイバーステップホールディングス,skip,duplicate,high,"kabutan,nikkei",4
2026-05-16,3810,サイバーステップﾎｰﾙﾃﾞｨﾝｸﾞｽ,CSHD,skip,duplicate,high,kabutan,2
2026-05-16,3815,メディア工房,メディア工房,skip,duplicate,high,"kabutan,nikkei",4
2026-05-16,3815,メディア工房,メディア,skip,duplicate,high,tdnet,3
2026-05-16,3816,大和コンピューター,大和コン,skip,duplicate,high,kabutan,4
2026-05-16,3816,大和コンピューター,大和コンピューター,skip,duplicate,high,"kabutan,nikkei",4
2026-05-16,3817,SRAﾎｰﾙﾃﾞｨﾝｸﾞｽ,SRAHD,skip,duplicate,high,"kabutan,tdnet",7
2026-05-16,3817,SRAﾎｰﾙﾃﾞｨﾝｸﾞｽ,SRAホールディングス,skip,duplicate,high,"kabutan,nikkei",4
2026-05-16,3823,THE WHY HOW DO COMPANY,WHY HOW DO,skip,duplicate,high,tdnet,19
2026-05-16,3823,THE WHY HOW DO COMPANY,THE WHY HOW DO COMPANY,skip,duplicate,high,"kabutan,nikkei",5
2026-05-16,3823,THE WHY HOW DO COMPANY,WHDC,review,new_candidate,low,kabutan,1
2026-05-16,3825,リミックスポイント,REMIX,skip,duplicate,high,tdnet,6
2026-05-16,3825,リミックスポイント,リミックスポイント,skip,duplicate,high,"kabutan,nikkei",4
2026-05-16,3825,リミックスポイント,リミックス,skip,duplicate,high,kabutan,2
2026-05-16,3826,システムインテグレータ,システムインテグレータ,skip,duplicate,high,"kabutan,nikkei",4
2026-05-16,3834,朝日ネット,朝日ネット,skip,duplicate,high,"kabutan,nikkei,tdnet",8
2026-05-16,3835,eBASE,eBASE,skip,duplicate,high,"kabutan,nikkei,tdnet",11
2026-05-16,3836,アバントｸﾞﾙｰﾌﾟ,アバントグループ,skip,duplicate,high,"kabutan,nikkei,tdnet",10
2026-05-16,3836,アバントｸﾞﾙｰﾌﾟ,アバントG,skip,duplicate,high,kabutan,2
2026-05-16,3837,アドソル日進,アドソル日進,skip,duplicate,high,"kabutan,nikkei,tdnet",10
2026-05-16,3839,ODKソリューションズ,ODK,skip,duplicate,high,"kabutan,tdnet",7
2026-05-16,3839,ODKソリューションズ,ODKソリューションズ,skip,duplicate,high,"kabutan,nikkei",4
2026-05-16,3840,パス,PATH,skip,duplicate,high,tdnet,22
2026-05-16,3840,パス,パス,skip,duplicate,high,"kabutan,nikkei",4
2026-05-16,3841,ジーダット,ジーダット,skip,duplicate,high,"kabutan,nikkei",5
2026-05-16,3842,ネクストジェン,ネクストジェン,skip,duplicate,high,"kabutan,nikkei,tdnet",10
2026-05-16,3842,ネクストジェン,ネクスジェン,skip,duplicate,high,kabutan,2
2026-05-16,3843,フリービット,フリービット,skip,duplicate,high,"kabutan,nikkei",6
2026-05-16,3844,コムチュア,コムチュア,skip,duplicate,high,"kabutan,nikkei",6
2026-05-16,3845,アイフリークモバイル,アイフリーク,skip,duplicate,high,kabutan,4
2026-05-16,3845,アイフリークモバイル,アイフリークモバイル,skip,duplicate,high,"kabutan,nikkei",4
2026-05-16,3848,データ・アプリケーション,データアプリ,skip,duplicate,high,"kabutan,tdnet",7
2026-05-16,3848,データ・アプリケーション,データ・アプリケーション,skip,duplicate,high,"kabutan,nikkei",4
2026-05-16,3850,NTTデータ・イントラマート,NTTDIM,skip,duplicate,high,tdnet,4
2026-05-16,3850,NTTデータ・イントラマート,NTTDイン,skip,duplicate,high,kabutan,2
2026-05-16,3850,NTTデータ・イントラマート,NTTデータ・イントラマート,skip,duplicate,high,nikkei,2
2026-05-16,3850,NTTデータ・イントラマート,エヌ・ティ・ティ・データ・イントラマート,skip,duplicate,high,kabutan,2
2026-05-16,3851,日本一ソフトウェア,日本一ソフトウェア,skip,duplicate,high,"kabutan,nikkei",4
2026-05-16,3851,日本一ソフトウェア,日本一ソフト,skip,duplicate,high,kabutan,2
2026-05-16,3853,アステリア,アステリア,skip,duplicate,high,"kabutan,nikkei",5
2026-05-16,3854,アイル,アイル,skip,duplicate,high,"kabutan,nikkei,tdnet",8
2026-05-16,3856,Abalance,Abalance,skip,duplicate,high,"kabutan,nikkei,tdnet",27
2026-05-16,3856,Abalance,Aバランス,skip,duplicate,high,kabutan,2
2026-05-16,3858,ユビキタスAI,ユビキタスAI,skip,duplicate,high,"kabutan,nikkei",5
2026-05-16,3858,ユビキタスAI,ユビAI,skip,duplicate,high,kabutan,2
2026-05-16,3861,王子ﾎｰﾙﾃﾞｨﾝｸﾞｽ,王子HD,skip,duplicate,high,"kabutan,tdnet",8
2026-05-16,3861,王子ﾎｰﾙﾃﾞｨﾝｸﾞｽ,王子ホールディングス,skip,duplicate,high,"kabutan,nikkei",4
2026-05-16,3863,日本製紙,日本製紙,skip,duplicate,high,"kabutan,nikkei",4
2026-05-16,3863,日本製紙,日本紙,skip,duplicate,high,kabutan,2
2026-05-16,3864,三菱製紙,三菱紙,skip,duplicate,high,kabutan,4
2026-05-16,3864,三菱製紙,三菱製紙,skip,duplicate,high,"kabutan,nikkei",4
2026-05-16,3865,北越ｺｰﾎﾟﾚｰｼｮﾝ,北越コーポレーション,skip,duplicate,high,"kabutan,nikkei",11
2026-05-16,3865,北越ｺｰﾎﾟﾚｰｼｮﾝ,北越コーポ,skip,duplicate,high,kabutan,2
2026-05-16,386A,みのや,みのや,skip,duplicate,high,"kabutan,nikkei,tdnet",7
2026-05-16,3877,中越パルプ工業,中越パルプ工業,skip,duplicate,high,"kabutan,nikkei",4
2026-05-16,3877,中越パルプ工業,中越パル,skip,duplicate,high,tdnet,3
2026-05-16,3877,中越パルプ工業,中越パ,skip,duplicate,high,kabutan,2
2026-05-16,3878,巴川ｺｰﾎﾟﾚｰｼｮﾝ,巴川コーポレーション,skip,duplicate,high,"kabutan,nikkei",4
2026-05-16,3878,巴川ｺｰﾎﾟﾚｰｼｮﾝ,巴川コーポ,skip,duplicate,high,kabutan,2
2026-05-16,387A,フラー,フラー,skip,duplicate,high,"kabutan,nikkei,tdnet",6
2026-05-16,3880,大王製紙,大王紙,skip,duplicate,high,kabutan,7
2026-05-16,3880,大王製紙,大王製紙,skip,duplicate,high,"kabutan,nikkei",4
2026-05-16,3891,ニッポン高度紙工業,ニッポン高度紙工業,skip,duplicate,high,"kabutan,nikkei",4
2026-05-16,3891,ニッポン高度紙工業,高度紙,skip,duplicate,high,"kabutan,tdnet",4
2026-05-16,3892,岡山製紙,岡山製紙,skip,duplicate,high,"kabutan,nikkei,tdnet",5
2026-05-16,3895,ハビックス,ハビックス,skip,duplicate,high,"kabutan,nikkei,tdnet",9
2026-05-16,3896,阿波製紙,阿波製紙,skip,duplicate,high,"kabutan,nikkei,tdnet",9
2026-05-16,3900,クラウドワークス,クラウドワークス,skip,duplicate,high,"kabutan,nikkei",5
2026-05-16,3900,クラウドワークス,クラウドW,skip,duplicate,high,kabutan,2
2026-05-16,3901,マークラインズ,マークラインズ,skip,duplicate,high,"kabutan,nikkei",5
2026-05-16,3901,マークラインズ,Mラインズ,skip,duplicate,high,kabutan,2
2026-05-16,3902,メディカル・データ・ビジョン,MDV,skip,duplicate,high,"kabutan,tdnet",8
2026-05-16,3902,メディカル・データ・ビジョン,メディカル・データ・ビジョン,skip,duplicate,high,kabutan,3
2026-05-16,3903,gumi,gumi,skip,duplicate,high,"kabutan,nikkei,tdnet",14
2026-05-16,3904,カヤック,カヤック,skip,duplicate,high,"kabutan,nikkei",7
2026-05-16,3905,データセクション,データセクション,skip,duplicate,high,"kabutan,nikkei,tdnet",10
2026-05-16,3905,データセクション,データセク,skip,duplicate,high,kabutan,2
2026-05-16,3907,シリコンスタジオ,シリコンスタジオ,skip,duplicate,high,"kabutan,nikkei,tdnet",7
2026-05-16,3907,シリコンスタジオ,シリコンスタ,skip,duplicate,high,kabutan,2
2026-05-16,3908,コラボス,コラボス,skip,duplicate,high,"kabutan,nikkei,tdnet",9
2026-05-16,3909,ショーケース,ショーケース,skip,duplicate,high,"kabutan,nikkei,tdnet",7
2026-05-16,3910,エムケイシステム,エムケイシステム,skip,duplicate,high,"kabutan,nikkei,tdnet",9
2026-05-16,3910,エムケイシステム,MKシステム,skip,duplicate,high,kabutan,2
2026-05-16,3911,Aiming,Aiming,skip,duplicate,high,"kabutan,nikkei,tdnet",11
2026-05-16,3912,モバイルファクトリー,モバファク,skip,duplicate,high,"kabutan,tdnet",5
2026-05-16,3912,モバイルファクトリー,モバイルファクトリー,skip,duplicate,high,"kabutan,nikkei",4
2026-05-16,3913,GreenBee,GreenBee,skip,duplicate,high,"kabutan,nikkei,tdnet",9
2026-05-16,3913,GreenBee,GreenB,skip,duplicate,high,kabutan,2
2026-05-16,3914,JIG－SAW,JIG-SAW,skip,duplicate,high,"kabutan,nikkei,tdnet",10
2026-05-16,3915,テラスカイ,テラスカイ,skip,duplicate,high,"kabutan,nikkei,tdnet",8
2026-05-16,3916,デジタル・インフォメーション・テクノロジー,デジタル・インフォメーション・テクノロジー,skip,duplicate,high,"kabutan,nikkei",4
2026-05-16,3916,デジタル・インフォメーション・テクノロジー,DIT,skip,duplicate,high,kabutan,2
2026-05-16,3917,アイリッジ,アイリッジ,skip,duplicate,high,"kabutan,nikkei,tdnet",7
2026-05-16,3918,PCIﾎｰﾙﾃﾞｨﾝｸﾞｽ,PCIホールディングス,skip,duplicate,high,"kabutan,nikkei",4
2026-05-16,3918,PCIﾎｰﾙﾃﾞｨﾝｸﾞｽ,PCIHD,skip,duplicate,high,kabutan,2
2026-05-16,3920,アイビーシー,アイビーシー,skip,duplicate,high,"kabutan,nikkei",6
2026-05-16,3921,ネオジャパン,ネオジャパン,skip,duplicate,high,"kabutan,nikkei,tdnet",10
2026-05-16,3922,PR TIMES,PR TIMES,skip,duplicate,high,"kabutan,nikkei,tdnet",14
2026-05-16,3922,PR TIMES,PRTIME,skip,duplicate,high,kabutan,2
2026-05-16,3923,ラクス,ラクス,skip,duplicate,high,"kabutan,nikkei,tdnet",10
2026-05-16,3924,ランドコンピュータ,ランドコンピュータ,skip,duplicate,high,kabutan,6
2026-05-16,3924,ランドコンピュータ,ランドコンピ,skip,duplicate,high,kabutan,2
2026-05-16,3925,ダブルスタンダード,ダブルスタンダード,skip,duplicate,high,"kabutan,nikkei,tdnet",7
2026-05-16,3925,ダブルスタンダード,ダブスタ,skip,duplicate,high,kabutan,2
2026-05-16,3926,オープンドア,オープンドア,skip,duplicate,high,"kabutan,nikkei,tdnet",9
2026-05-16,3927,フーバーブレイン,フーバーブレイン,skip,duplicate,high,"kabutan,nikkei,tdnet",6
2026-05-16,3927,フーバーブレイン,F-ブレイン,skip,duplicate,high,kabutan,2
2026-05-16,3928,マイネット,マイネット,skip,duplicate,high,"kabutan,nikkei,tdnet",11
2026-05-16,3929,ソーシャルワイヤー,ソーシャルワイヤー,skip,duplicate,high,"kabutan,nikkei",4
2026-05-16,3929,ソーシャルワイヤー,Sワイヤー,skip,duplicate,high,kabutan,2
2026-05-16,3930,はてな,はてな,skip,duplicate,high,"kabutan,nikkei,tdnet",11
2026-05-16,3931,バリューゴルフ,バリューゴルフ,skip,duplicate,high,"kabutan,nikkei,tdnet",13
2026-05-16,3931,バリューゴルフ,Vゴルフ,skip,duplicate,high,kabutan,2
2026-05-16,3932,アカツキ,アカツキ,skip,duplicate,high,"kabutan,nikkei,tdnet",11
2026-05-16,3933,チエル,チエル,skip,duplicate,high,"kabutan,nikkei,tdnet",10
2026-05-16,3934,ベネフィットジャパン,ベネフィットジャパン,skip,duplicate,high,"kabutan,nikkei,tdnet",9
2026-05-16,3934,ベネフィットジャパン,ベネフィJ,skip,duplicate,high,kabutan,2
2026-05-16,3935,エディア,エディア,skip,duplicate,high,"kabutan,nikkei,tdnet",9
2026-05-16,3936,グローバルウェイ,グローバルウェイ,skip,duplicate,high,"kabutan,nikkei,tdnet",9
2026-05-16,3937,Ubicomﾎｰﾙﾃﾞｨﾝｸﾞｽ,Ubicom,skip,duplicate,high,"kabutan,tdnet",9
2026-05-16,3937,Ubicomﾎｰﾙﾃﾞｨﾝｸﾞｽ,Ubicomホールディングス,skip,duplicate,high,"kabutan,nikkei",4
2026-05-16,3939,カナミックネットワーク,カナミックN,skip,duplicate,high,"kabutan,tdnet",4
2026-05-16,3939,カナミックネットワーク,カナミックネットワーク,skip,duplicate,high,"kabutan,nikkei",4
2026-05-16,3940,ノムラシステムｺｰﾎﾟﾚｰｼｮﾝ,ノムラシステムコーポレーション,skip,duplicate,high,"kabutan,nikkei",4
2026-05-16,3940,ノムラシステムｺｰﾎﾟﾚｰｼｮﾝ,ノムラシス,skip,duplicate,high,kabutan,2
2026-05-16,3941,レンゴー,レンゴー,skip,duplicate,high,"kabutan,nikkei,tdnet",7
2026-05-16,3943,大石産業,大石産業,skip,duplicate,high,"kabutan,nikkei,tdnet",8
2026-05-16,3944,古林紙工,古林紙工,skip,duplicate,high,"kabutan,nikkei,tdnet",8
2026-05-16,3944,古林紙工,古林紙,skip,duplicate,high,kabutan,2
2026-05-16,3945,スーパーバッグ,スパバック,skip,duplicate,high,tdnet,4
2026-05-16,3945,スーパーバッグ,スーパーバッグ,skip,duplicate,high,"kabutan,nikkei",4
2026-05-16,3945,スーパーバッグ,スパバッグ,skip,duplicate,high,kabutan,2
2026-05-16,3946,トーモク,トーモク,skip,duplicate,high,"kabutan,nikkei,tdnet",6
2026-05-16,3947,ダイナパック,ダイナパック,skip,duplicate,high,"kabutan,nikkei",6
2026-05-16,3948,光ビジネスフォーム,光ビジネス,skip,duplicate,high,"kabutan,tdnet",5
2026-05-16,3948,光ビジネスフォーム,光ビジネスフォーム,skip,duplicate,high,"kabutan,nikkei",4
2026-05-16,3950,ザ・パック,ザ・パック,skip,duplicate,high,"kabutan,nikkei,tdnet",9
2026-05-16,3951,朝日印刷,朝日印刷,skip,duplicate,high,"kabutan,nikkei,tdnet",11
2026-05-16,3953,大村紙業,大村紙業,skip,duplicate,high,"kabutan,nikkei,tdnet",5
2026-05-16,3954,昭和パックス,昭和パックス,skip,duplicate,high,"kabutan,nikkei",4
2026-05-16,3955,イムラ,イムラ,skip,duplicate,high,"kabutan,nikkei",6
2026-05-16,3958,笹徳印刷,笹徳印刷,skip,duplicate,high,"kabutan,nikkei,tdnet",7
2026-05-16,3961,シルバーエッグ・テクノロジー,シルバエッグ,skip,duplicate,high,kabutan,2
2026-05-16,3961,シルバーエッグ・テクノロジー,シルバーエッグ・テクノロジー,skip,duplicate,high,kabutan,2
2026-05-16,3962,チェンジﾎｰﾙﾃﾞｨﾝｸﾞｽ,チェンジホールディングス,skip,duplicate,high,"kabutan,nikkei",4
2026-05-16,3962,チェンジﾎｰﾙﾃﾞｨﾝｸﾞｽ,チェンジHD,skip,duplicate,high,kabutan,3
2026-05-16,3963,シンクロ・フード,シンクロ・フード,skip,duplicate,high,"kabutan,nikkei,tdnet",5
2026-05-16,3963,シンクロ・フード,シンクロ,skip,duplicate,high,kabutan,2
2026-05-16,3964,オークネット,オークネット,skip,duplicate,high,"kabutan,nikkei,tdnet",9
2026-05-16,3965,キャピタル・アセット・プランニング,キャピタル・アセット・プランニング,skip,duplicate,high,"kabutan,nikkei",4
2026-05-16,3965,キャピタル・アセット・プランニング,キャピタルA,skip,duplicate,high,kabutan,2
2026-05-16,3967,エルテス,エルテス,skip,duplicate,high,"kabutan,nikkei,tdnet",14
2026-05-16,3968,セグエｸﾞﾙｰﾌﾟ,セグエグループ,skip,duplicate,high,"kabutan,nikkei",4
2026-05-16,3968,セグエｸﾞﾙｰﾌﾟ,セグエ,skip,duplicate,high,tdnet,3
2026-05-16,3968,セグエｸﾞﾙｰﾌﾟ,セグエG,skip,duplicate,high,kabutan,2
2026-05-16,3969,エイトレッド,エイトレッド,skip,duplicate,high,"kabutan,nikkei,tdnet",5
2026-05-16,3970,イノベーション,イノベーション,skip,duplicate,high,"kabutan,nikkei,tdnet",12
2026-05-16,3970,イノベーション,イノベーショ,skip,duplicate,high,kabutan,2
2026-05-16,3974,SCAT,SCAT,skip,duplicate,high,"kabutan,nikkei",8
2026-05-16,3976,シャノン,シャノン,skip,duplicate,high,"kabutan,nikkei",7
2026-05-16,3979,うるる,うるる,skip,duplicate,high,"kabutan,nikkei,tdnet",8
2026-05-16,3981,ビーグリー,ビーグリー,skip,duplicate,high,"kabutan,nikkei,tdnet",8
2026-05-16,3983,オロ,オロ,skip,duplicate,high,"kabutan,nikkei,tdnet",13
2026-05-16,3984,ユーザーローカル,ユーザーローカル,skip,duplicate,high,"kabutan,nikkei,tdnet",11
2026-05-16,3984,ユーザーローカル,ユーザーロカ,skip,duplicate,high,kabutan,2
2026-05-16,3985,テモナ,テモナ,skip,duplicate,high,"kabutan,nikkei,tdnet",8
2026-05-16,3986,ビーブレイクシステムズ,ビーブレイク,skip,duplicate,high,kabutan,4
2026-05-16,3986,ビーブレイクシステムズ,ビーブレイクシステムズ,skip,duplicate,high,"kabutan,nikkei",4
2026-05-16,3987,エコモット,エコモット,skip,duplicate,high,"kabutan,nikkei,tdnet",8
2026-05-16,3988,SYSﾎｰﾙﾃﾞｨﾝｸﾞｽ,SYSHD,skip,duplicate,high,kabutan,4
2026-05-16,3988,SYSﾎｰﾙﾃﾞｨﾝｸﾞｽ,SYSホールディングス,skip,duplicate,high,"kabutan,nikkei",4
2026-05-16,3989,シェアリングテクノロジー,シェアリングテクノロジー,skip,duplicate,high,"kabutan,nikkei",4
2026-05-16,3989,シェアリングテクノロジー,シェアテク,skip,duplicate,high,kabutan,2
2026-05-16,3991,ウォンテッドリー,ウォンテッドリー,skip,duplicate,high,"kabutan,nikkei,tdnet",6
2026-05-16,3991,ウォンテッドリー,ウォンテッド,skip,duplicate,high,kabutan,2
2026-05-16,3992,ニーズウェル,ニーズウェル,skip,duplicate,high,"kabutan,nikkei,tdnet",7
2026-05-16,3993,PKSHA Technology,PKSHA,skip,duplicate,high,tdnet,6
2026-05-16,3993,PKSHA Technology,PKSHA Technology,skip,duplicate,high,"kabutan,nikkei",5
2026-05-16,3993,PKSHA Technology,パークシャ,skip,duplicate,high,kabutan,2
2026-05-16,3994,マネーフォワード,マネーフォワード,skip,duplicate,high,"kabutan,nikkei,tdnet",11
2026-05-16,3994,マネーフォワード,マネフォ,skip,duplicate,high,kabutan,2
2026-05-16,3996,サインポスト,サインポスト,skip,duplicate,high,"kabutan,nikkei,tdnet",9
2026-05-16,3997,トレードワークス,トレードワークス,skip,duplicate,high,"kabutan,nikkei,tdnet",13
2026-05-16,3997,トレードワークス,Tワークス,skip,duplicate,high,kabutan,2
2026-05-16,3998,すららネット,すららネット,skip,duplicate,high,"kabutan,nikkei",7
2026-05-16,4004,レゾナック・ﾎｰﾙﾃﾞｨﾝｸﾞｽ,レゾナックHD,skip,duplicate,high,tdnet,4
2026-05-16,4004,レゾナック・ﾎｰﾙﾃﾞｨﾝｸﾞｽ,レゾナック・ホールディングス,skip,duplicate,high,"kabutan,nikkei",4
2026-05-16,4004,レゾナック・ﾎｰﾙﾃﾞｨﾝｸﾞｽ,レゾナック,skip,duplicate,high,kabutan,2
2026-05-16,4005,住友化学,住友化,skip,duplicate,high,"kabutan,tdnet",6
2026-05-16,4005,住友化学,住友化学,skip,duplicate,high,"kabutan,nikkei",4
2026-05-16,4008,住友精化,住友精化,skip,duplicate,high,"kabutan,nikkei",6
2026-05-16,4011,ヘッドウォータース,ヘッドウォーター,skip,duplicate,high,tdnet,14
2026-05-16,4011,ヘッドウォータース,ヘッドウォータース,skip,duplicate,high,"kabutan,nikkei",4
2026-05-16,4011,ヘッドウォータース,ヘッドウォ,skip,duplicate,high,kabutan,2
2026-05-16,4012,アクシス,アクシス,skip,duplicate,high,"kabutan,nikkei,tdnet",11
2026-05-16,4013,勤次郎,勤次郎,skip,duplicate,high,"kabutan,nikkei,tdnet",9
2026-05-16,4014,カラダノート,カラダノート,skip,duplicate,high,"kabutan,nikkei,tdnet",9
2026-05-16,4015,ペイクラウドﾎｰﾙﾃﾞｨﾝｸﾞｽ,ペイクラウドHD,skip,duplicate,high,tdnet,8
2026-05-16,4015,ペイクラウドﾎｰﾙﾃﾞｨﾝｸﾞｽ,ペイクラウドホールディングス,skip,duplicate,high,"kabutan,nikkei",4
2026-05-16,4015,ペイクラウドﾎｰﾙﾃﾞｨﾝｸﾞｽ,ペイクラウド,skip,duplicate,high,kabutan,2
2026-05-16,4016,MITﾎｰﾙﾃﾞｨﾝｸﾞｽ,MITホールディングス,skip,duplicate,high,"kabutan,nikkei",4
2026-05-16,4016,MITﾎｰﾙﾃﾞｨﾝｸﾞｽ,ミット,skip,duplicate,high,kabutan,2
2026-05-16,4016,MITﾎｰﾙﾃﾞｨﾝｸﾞｽ,MITHD,review,new_candidate,low,tdnet,2
2026-05-16,4017,クリーマ,クリーマ,skip,duplicate,high,"kabutan,nikkei,tdnet",10
2026-05-16,4019,スタメン,スタメン,skip,duplicate,high,"kabutan,nikkei,tdnet",6
2026-05-16,4020,ビートレンド,ビートレンド,skip,duplicate,high,"kabutan,nikkei",5
2026-05-16,4021,日産化学,日産化,skip,duplicate,high,"kabutan,tdnet",6
2026-05-16,4021,日産化学,日産化学,skip,duplicate,high,"kabutan,nikkei",4
2026-05-16,4022,ラサ工業,ラサ工業,skip,duplicate,high,"kabutan,nikkei",4
2026-05-16,4022,ラサ工業,ラサ工,skip,duplicate,high,kabutan,2
2026-05-16,4023,クレハ,クレハ,skip,duplicate,high,"kabutan,nikkei,tdnet",12
2026-05-16,4025,多木化学,多木化学,skip,duplicate,high,"kabutan,nikkei,tdnet",7
2026-05-16,4025,多木化学,多木化,skip,duplicate,high,kabutan,2
2026-05-16,4026,神島化学工業,神島化学工業,skip,duplicate,high,"kabutan,nikkei",6
2026-05-16,4026,神島化学工業,神島化,skip,duplicate,high,kabutan,2
2026-05-16,4027,テイカ,テイカ,skip,duplicate,high,"kabutan,nikkei,tdnet",10
2026-05-16,4028,石原産業,石原産業,skip,duplicate,high,"kabutan,nikkei",4
2026-05-16,4028,石原産業,石原産,skip,duplicate,high,"kabutan,tdnet",3
2026-05-16,402A,アクセルスペースﾎｰﾙﾃﾞｨﾝｸﾞｽ,アクセルスペース,skip,duplicate,high,tdnet,12
2026-05-16,402A,アクセルスペースﾎｰﾙﾃﾞｨﾝｸﾞｽ,アクセルスペースホールディングス,skip,duplicate,high,"kabutan,nikkei",4
2026-05-16,402A,アクセルスペースﾎｰﾙﾃﾞｨﾝｸﾞｽ,アクセルHD,skip,duplicate,high,kabutan,2
2026-05-16,4031,片倉コープアグリ,片倉コープアグリ,skip,duplicate,high,"kabutan,nikkei",6
2026-05-16,4031,片倉コープアグリ,片倉コープ,skip,duplicate,high,kabutan,2
2026-05-16,4040,南海化学,南海化学,skip,duplicate,high,"kabutan,nikkei",7
2026-05-16,4041,日本曹達,日曹達,skip,duplicate,high,kabutan,5
2026-05-16,4041,日本曹達,日本曹達,skip,duplicate,high,"kabutan,nikkei",4
2026-05-16,4042,東ソー,東ソー,skip,duplicate,high,"kabutan,nikkei,tdnet",10
2026-05-16,4043,トクヤマ,トクヤマ,skip,duplicate,high,"kabutan,nikkei,tdnet",9
2026-05-16,4044,セントラル硝子,セントラル硝子,skip,duplicate,high,"kabutan,nikkei",4
2026-05-16,4044,セントラル硝子,セ硝子,skip,duplicate,high,kabutan,2
2026-05-16,4045,東亞合成,東亜合,skip,duplicate,high,tdnet,6
2026-05-16,4045,東亞合成,東亜合成,skip,duplicate,high,nikkei,2
2026-05-16,4045,東亞合成,東亞合成,skip,duplicate,high,kabutan,2
2026-05-16,4045,東亞合成,東合成,skip,duplicate,high,kabutan,2
2026-05-16,4046,大阪ソーダ,大阪ソーダ,skip,duplicate,high,"kabutan,nikkei,tdnet",14
2026-05-16,4047,関東電化工業,関東電化工業,skip,duplicate,high,"kabutan,nikkei",4
2026-05-16,4047,関東電化工業,関電化,skip,duplicate,high,"kabutan,tdnet",4
2026-05-16,4051,GMOフィナンシャルゲート,GMOフィナンシャルゲート,skip,duplicate,high,"kabutan,nikkei",4
2026-05-16,4051,GMOフィナンシャルゲート,GMO-FG,skip,duplicate,high,kabutan,2
2026-05-16,4052,フィーチャ,フィーチャ,skip,duplicate,high,"kabutan,nikkei,tdnet",6
2026-05-16,4053,Sun Asterisk,Sun Asterisk,skip,duplicate,high,"kabutan,nikkei",4
2026-05-16,4053,Sun Asterisk,サンアスタ,skip,duplicate,high,kabutan,2
2026-05-16,4054,日本情報クリエイト,日本情報クリエイト,skip,duplicate,high,"kabutan,nikkei",4
2026-05-16,4054,日本情報クリエイト,日本情報C,skip,duplicate,high,kabutan,2
2026-05-16,4055,ティアンドエスｸﾞﾙｰﾌﾟ,ティアンドエスG,skip,duplicate,high,tdnet,5
2026-05-16,4055,ティアンドエスｸﾞﾙｰﾌﾟ,ティアンドエスグループ,skip,duplicate,high,"kabutan,nikkei",4
2026-05-16,4055,ティアンドエスｸﾞﾙｰﾌﾟ,T&S・G,skip,duplicate,high,kabutan,2
2026-05-16,4056,ニューラルｸﾞﾙｰﾌﾟ,ニューラル,skip,duplicate,high,tdnet,7
2026-05-16,4056,ニューラルｸﾞﾙｰﾌﾟ,ニューラルグループ,skip,duplicate,high,"kabutan,nikkei",4
2026-05-16,4056,ニューラルｸﾞﾙｰﾌﾟ,ニューラルG,skip,duplicate,high,kabutan,2
2026-05-16,4057,インターファクトリー,インターファクトリー,skip,duplicate,high,"kabutan,nikkei",4
2026-05-16,4057,インターファクトリー,インタファク,skip,duplicate,high,kabutan,2
2026-05-16,4057,インターファクトリー,インタファクトリ,add,new_candidate,medium,tdnet,1
2026-05-16,4058,トヨクモ,トヨクモ,skip,duplicate,high,"kabutan,nikkei,tdnet",9
2026-05-16,4059,まぐまぐ,まぐまぐ,skip,duplicate,high,"kabutan,nikkei,tdnet",6
2026-05-16,4060,rakumo,rakumo,skip,duplicate,high,"kabutan,nikkei,tdnet",7
2026-05-16,4061,デンカ,デンカ,skip,duplicate,high,"kabutan,nikkei",11
2026-05-16,4062,イビデン,イビデン,skip,duplicate,high,"kabutan,nikkei,tdnet",18
2026-05-16,4063,信越化学工業,信越化,skip,duplicate,high,"kabutan,tdnet",5
2026-05-16,4063,信越化学工業,信越化学工業,skip,duplicate,high,"kabutan,nikkei",4
2026-05-16,4064,日本カーバイド工業,カーバイド,skip,duplicate,high,"kabutan,tdnet",7
2026-05-16,4064,日本カーバイド工業,日本カーバイド工業,skip,duplicate,high,"kabutan,nikkei",4
2026-05-16,4068,ベイシス,ベイシス,skip,duplicate,high,"kabutan,nikkei,tdnet",8
2026-05-16,4069,BlueMeme,BlueMeme,skip,duplicate,high,"kabutan,nikkei,tdnet",9
2026-05-16,4069,BlueMeme,ブルーミーム,skip,duplicate,high,kabutan,2
2026-05-16,4071,プラスアルファ・コンサルティング,プラスアルファ,skip,duplicate,high,tdnet,6
2026-05-16,4071,プラスアルファ・コンサルティング,プラスアルファ・コンサルティング,skip,duplicate,high,"kabutan,nikkei",4
2026-05-16,4071,プラスアルファ・コンサルティング,PAコンサル,skip,duplicate,high,kabutan,2
2026-05-16,4072,電算システムﾎｰﾙﾃﾞｨﾝｸﾞｽ,電算システムホールディングス,skip,duplicate,high,"kabutan,nikkei",4
2026-05-16,4072,電算システムﾎｰﾙﾃﾞｨﾝｸﾞｽ,電算システムHD,skip,duplicate,high,tdnet,3
2026-05-16,4072,電算システムﾎｰﾙﾃﾞｨﾝｸﾞｽ,Densan System,skip,duplicate,high,reuters,2
2026-05-16,4072,電算システムﾎｰﾙﾃﾞｨﾝｸﾞｽ,Densan System Holdings Co Ltd,skip,duplicate,high,reuters,2
2026-05-16,4072,電算システムﾎｰﾙﾃﾞｨﾝｸﾞｽ,電算システム,skip,duplicate,high,kabutan,2
2026-05-16,4073,ジィ・シィ企画,ジィ・シィ企画,skip,duplicate,high,"kabutan,nikkei",4
2026-05-16,4073,ジィ・シィ企画,ジィ・シィ,skip,duplicate,high,kabutan,2
2026-05-16,4074,ラキール,ラキール,skip,duplicate,high,"kabutan,nikkei,tdnet",7
2026-05-16,4075,ブレインズテクノロジー,ブレインズ,skip,duplicate,high,kabutan,4
2026-05-16,4075,ブレインズテクノロジー,ブレインズテクノロジー,skip,duplicate,high,"kabutan,nikkei",4
2026-05-16,4076,シイエヌエス,シイエヌエス,skip,duplicate,high,"kabutan,nikkei,tdnet",7
2026-05-16,4078,堺化学工業,堺化学,skip,duplicate,high,kabutan,5
2026-05-16,4078,堺化学工業,堺化学工業,skip,duplicate,high,"kabutan,nikkei",4
2026-05-16,407A,UNICONﾎｰﾙﾃﾞｨﾝｸﾞｽ,UNICONホールディングス,skip,duplicate,high,"kabutan,nikkei",4
2026-05-16,407A,UNICONﾎｰﾙﾃﾞｨﾝｸﾞｽ,UNICON,skip,duplicate,high,kabutan,3
2026-05-16,4082,第一稀元素化学工業,稀元素,skip,duplicate,high,"kabutan,tdnet",9
2026-05-16,4082,第一稀元素化学工業,第一稀元素化学工業,skip,duplicate,high,"kabutan,nikkei",4
2026-05-16,4088,エア・ウォーター,エア・ウォーター,skip,duplicate,high,"kabutan,nikkei,tdnet",8
2026-05-16,4088,エア・ウォーター,エアウォータ,skip,duplicate,high,kabutan,2
2026-05-16,4091,日本酸素ﾎｰﾙﾃﾞｨﾝｸﾞｽ,日本酸素HD,skip,duplicate,high,"kabutan,tdnet",12
2026-05-16,4091,日本酸素ﾎｰﾙﾃﾞｨﾝｸﾞｽ,日本酸素ホールディングス,skip,duplicate,high,"kabutan,nikkei",4
2026-05-16,4092,日本化学工業,日本化,skip,duplicate,high,"kabutan,tdnet",5
2026-05-16,4092,日本化学工業,日本化学工業,skip,duplicate,high,"kabutan,nikkei",4
2026-05-16,4093,東邦アセチレン,東邦アセチレン,skip,duplicate,high,"kabutan,nikkei,tdnet",5
2026-05-16,4093,東邦アセチレン,アセチレン,skip,duplicate,high,kabutan,2
2026-05-16,4094,日本化学産業,日本化学産業,skip,duplicate,high,"kabutan,nikkei",4
2026-05-16,4094,日本化学産業,日化学産,skip,duplicate,high,tdnet,3
2026-05-16,4094,日本化学産業,日化産,skip,duplicate,high,kabutan,2
2026-05-16,4095,日本パーカライジング,日パーカライ,skip,duplicate,high,tdnet,7
2026-05-16,4095,日本パーカライジング,日本パーカライジング,skip,duplicate,high,"kabutan,nikkei",4
2026-05-16,4095,日本パーカライジング,パーカライ,skip,duplicate,high,kabutan,2
2026-05-16,4097,高圧ガス工業,高圧ガス,skip,duplicate,high,"kabutan,tdnet",5
2026-05-16,4097,高圧ガス工業,高圧ガス工業,skip,duplicate,high,"kabutan,nikkei",4
2026-05-16,4098,チタン工業,チタン工業,skip,duplicate,high,"kabutan,nikkei",4
2026-05-16,4098,チタン工業,チタン,skip,duplicate,high,kabutan,2
2026-05-16,4098,チタン工業,チタン工,add,new_candidate,medium,tdnet,1
2026-05-16,4099,四国化成ﾎｰﾙﾃﾞｨﾝｸﾞｽ,四国化成ホールディングス,skip,duplicate,high,"kabutan,nikkei",4
2026-05-16,4099,四国化成ﾎｰﾙﾃﾞｨﾝｸﾞｽ,四国化HD,skip,duplicate,high,kabutan,2
2026-05-16,409A,オリオンビール,オリオンビール,skip,duplicate,high,"kabutan,nikkei",5
2026-05-16,409A,オリオンビール,オリオン,skip,duplicate,high,kabutan,2
2026-05-16,4100,戸田工業,戸田工,skip,duplicate,high,"kabutan,tdnet",5
2026-05-16,4100,戸田工業,戸田工業,skip,duplicate,high,"kabutan,nikkei",4
2026-05-16,4102,丸尾カルシウム,丸尾カルシウム,skip,duplicate,high,"kabutan,nikkei,tdnet",10
2026-05-16,4102,丸尾カルシウム,丸尾カル,skip,duplicate,high,kabutan,2
2026-05-16,4107,伊勢化学工業,伊勢化,skip,duplicate,high,"kabutan,tdnet",4
2026-05-16,4107,伊勢化学工業,伊勢化学工業,skip,duplicate,high,"kabutan,nikkei",4
2026-05-16,4109,ステラ ケミファ,ステラ ケミファ,skip,duplicate,high,"kabutan,nikkei,tdnet",9
2026-05-16,4109,ステラ ケミファ,ステラケミ,skip,duplicate,high,kabutan,2
2026-05-16,410A,GMOコマース,GMOコマース,skip,duplicate,high,"kabutan,nikkei,tdnet",9
2026-05-16,410A,GMOコマース,GMOコマス,skip,duplicate,high,kabutan,2
2026-05-16,4112,保土谷化学工業,保土谷化,skip,duplicate,high,tdnet,8
2026-05-16,4112,保土谷化学工業,保土谷化学工業,skip,duplicate,high,"kabutan,nikkei",4
2026-05-16,4112,保土谷化学工業,保土谷,skip,duplicate,high,kabutan,2
2026-05-16,4113,田岡化学工業,田岡化学工業,skip,duplicate,high,"kabutan,nikkei",4
2026-05-16,4113,田岡化学工業,田岡化,skip,duplicate,high,kabutan,2
2026-05-16,4114,日本触媒,日本触媒,skip,duplicate,high,"kabutan,nikkei",4
2026-05-16,4114,日本触媒,日触媒,skip,duplicate,high,kabutan,2
2026-05-16,4116,大日精化工業,大日精化工業,skip,duplicate,high,"kabutan,nikkei",4
2026-05-16,4116,大日精化工業,大日精化,skip,duplicate,high,tdnet,3
2026-05-16,4116,大日精化工業,大日精,skip,duplicate,high,kabutan,2
2026-05-16,4118,カネカ,カネカ,skip,duplicate,high,"kabutan,nikkei,tdnet",9
2026-05-16,4119,日本ピグメントﾎｰﾙﾃﾞｨﾝｸﾞｽ,日本ピグメントホールディングス,skip,duplicate,high,"kabutan,nikkei",4
2026-05-16,4119,日本ピグメントﾎｰﾙﾃﾞｨﾝｸﾞｽ,日ピグHD,skip,duplicate,high,kabutan,2
2026-05-16,4120,スガイ化学工業,スガイ化学工業,skip,duplicate,high,"kabutan,nikkei,tdnet",9
2026-05-16,4120,スガイ化学工業,スガイ,skip,duplicate,high,kabutan,2
2026-05-16,4124,大阪油化工業,大阪油化工業,skip,duplicate,high,"kabutan,nikkei,tdnet",7
2026-05-16,4124,大阪油化工業,大阪油化,skip,duplicate,high,kabutan,2
2026-05-16,4125,三和油化工業,三和油化工業,skip,duplicate,high,"kabutan,nikkei,tdnet",7
2026-05-16,414A,オーバーラップﾎｰﾙﾃﾞｨﾝｸﾞｽ,オーバーラップ,skip,duplicate,high,tdnet,4
2026-05-16,414A,オーバーラップﾎｰﾙﾃﾞｨﾝｸﾞｽ,オーバーラップホールディングス,skip,duplicate,high,"kabutan,nikkei",4
2026-05-16,414A,オーバーラップﾎｰﾙﾃﾞｨﾝｸﾞｽ,オーバラップ,skip,duplicate,high,kabutan,2
2026-05-16,4151,協和キリン,協和キリン,skip,duplicate,high,"kabutan,nikkei,tdnet",12
2026-05-16,415A,GMO TECHﾎｰﾙﾃﾞｨﾝｸﾞｽ,GMO TECHホールディングス,skip,duplicate,high,"kabutan,nikkei",4
2026-05-16,415A,GMO TECHﾎｰﾙﾃﾞｨﾝｸﾞｽ,GMOテック,skip,duplicate,high,kabutan,2
2026-05-16,4165,プレイド,プレイド,skip,duplicate,high,"kabutan,nikkei",5
2026-05-16,4166,かっこ,かっこ,skip,duplicate,high,"kabutan,nikkei,tdnet",11
2026-05-16,4167,ココペリ,ココペリ,skip,duplicate,high,"kabutan,nikkei,tdnet",5
2026-05-16,4168,ヤプリ,ヤプリ,skip,duplicate,high,"kabutan,nikkei,tdnet",10
2026-05-16,4169,ENECHANGE,ENECHANGE,skip,duplicate,high,"kabutan,nikkei",5
2026-05-16,4169,ENECHANGE,エネチェンジ,skip,duplicate,high,kabutan,5
2026-05-16,416A,富士ユナイトﾎｰﾙﾃﾞｨﾝｸﾞｽ,富士ユナイトHD,skip,duplicate,high,tdnet,5
2026-05-16,416A,富士ユナイトﾎｰﾙﾃﾞｨﾝｸﾞｽ,富士ユナイトホールディングス,skip,duplicate,high,"kabutan,nikkei",4
2026-05-16,416A,富士ユナイトﾎｰﾙﾃﾞｨﾝｸﾞｽ,富士ユナイト,skip,duplicate,high,kabutan,2
2026-05-16,4170,Kaizen Platform,Kaizen Platform,skip,duplicate,high,"kabutan,nikkei",5
2026-05-16,4170,Kaizen Platform,カイゼン,skip,duplicate,high,kabutan,2
2026-05-16,4170,Kaizen Platform,KaizenPF,add,new_candidate,medium,tdnet,1
2026-05-16,4171,グローバルインフォメーション,グローバルI,skip,duplicate,high,"kabutan,tdnet",5
2026-05-16,4171,グローバルインフォメーション,グローバルインフォメーション,skip,duplicate,high,"kabutan,nikkei",4
2026-05-16,4172,Hiクラテス,Hiクラテス,skip,duplicate,high,"kabutan,nikkei",4
2026-05-16,4174,アピリッツ,アピリッツ,skip,duplicate,high,"kabutan,nikkei,tdnet",12
2026-05-16,4175,coly,coly,skip,duplicate,high,"kabutan,nikkei,tdnet",13
2026-05-16,4175,coly,コリー,skip,duplicate,high,kabutan,2
2026-05-16,4176,ココナラ,ココナラ,skip,duplicate,high,"kabutan,nikkei,tdnet",6
2026-05-16,4177,i‐plug,i-plug,skip,duplicate,high,"kabutan,nikkei,tdnet",9
2026-05-16,4178,Sharing Innovations,Sharing Innovations,skip,duplicate,high,"kabutan,nikkei",5
2026-05-16,4178,Sharing Innovations,Sイノベ,skip,duplicate,high,kabutan,2
2026-05-16,4179,ジーネクスト,ジーネクスト,skip,duplicate,high,"kabutan,nikkei",4
2026-05-16,417A,ブルーゾーンﾎｰﾙﾃﾞｨﾝｸﾞｽ,ブルーゾーンHD,skip,duplicate,high,tdnet,5
2026-05-16,417A,ブルーゾーンﾎｰﾙﾃﾞｨﾝｸﾞｽ,ブルーゾーンホールディングス,skip,duplicate,high,"kabutan,nikkei",4
2026-05-16,417A,ブルーゾーンﾎｰﾙﾃﾞｨﾝｸﾞｽ,ブルーゾーン,skip,duplicate,high,kabutan,2
2026-05-16,4180,Appier Group,Appier,skip,duplicate,high,"kabutan,tdnet",5
2026-05-16,4180,Appier Group,Appier Group,skip,duplicate,high,"kabutan,nikkei",4
2026-05-16,4182,三菱瓦斯化学,菱瓦斯化,skip,duplicate,high,tdnet,5
2026-05-16,4182,三菱瓦斯化学,三菱ガス化学,skip,duplicate,high,"kabutan,nikkei",4
2026-05-16,4182,三菱瓦斯化学,菱ガス化,skip,duplicate,high,kabutan,2
2026-05-16,4183,三井化学,三井化学,skip,duplicate,high,"kabutan,nikkei,tdnet",7
2026-05-16,4186,東京応化工業,東応化,skip,duplicate,high,"kabutan,tdnet",6
2026-05-16,4186,東京応化工業,東京応化工業,skip,duplicate,high,"kabutan,nikkei",4
2026-05-16,4187,大阪有機化学工業,大有機化,skip,duplicate,high,tdnet,4
2026-05-16,4187,大阪有機化学工業,大阪有機化学工業,skip,duplicate,high,"kabutan,nikkei",4
2026-05-16,4187,大阪有機化学工業,大有機,skip,duplicate,high,kabutan,2
2026-05-16,4188,三菱ケミカルｸﾞﾙｰﾌﾟ,三菱ケミカルグループ,skip,duplicate,high,"kabutan,nikkei,tdnet",6
2026-05-16,4188,三菱ケミカルｸﾞﾙｰﾌﾟ,三菱ケミG,skip,duplicate,high,kabutan,2
2026-05-16,4189,KHネオケム,KHネオケム,skip,duplicate,high,"kabutan,nikkei,tdnet",7
2026-05-16,4192,スパイダープラス,スパイダープラス,skip,duplicate,high,"kabutan,nikkei,tdnet",12
2026-05-16,4192,スパイダープラス,スパイダー,skip,duplicate,high,kabutan,2
2026-05-16,4193,ファブリカﾎｰﾙﾃﾞｨﾝｸﾞｽ,ファブリカホールディングス,skip,duplicate,high,"kabutan,nikkei",4
2026-05-16,4193,ファブリカﾎｰﾙﾃﾞｨﾝｸﾞｽ,ファブリカ,skip,duplicate,high,kabutan,2
2026-05-16,4193,ファブリカﾎｰﾙﾃﾞｨﾝｸﾞｽ,ファブリカHD,skip,duplicate,high,tdnet,2
2026-05-16,4194,ビジョナル,ビジョナル,skip,duplicate,high,"kabutan,nikkei,tdnet",9
2026-05-16,4196,ネオマーケティング,ネオマーケ,skip,duplicate,high,"kabutan,tdnet",5
2026-05-16,4196,ネオマーケティング,ネオマーケティング,skip,duplicate,high,"kabutan,nikkei",4
2026-05-16,4197,アスマーク,アスマーク,skip,duplicate,high,"kabutan,nikkei,tdnet",6
2026-05-16,4198,テンダ,テンダ,skip,duplicate,high,"kabutan,nikkei,tdnet",5
2026-05-16,4199,ワンダープラネット,ワンプラ,skip,duplicate,high,"kabutan,tdnet",5
2026-05-16,4199,ワンダープラネット,ワンダープラネット,skip,duplicate,high,"kabutan,nikkei",4
2026-05-16,4202,ダイセル,ダイセル,skip,duplicate,high,"kabutan,nikkei,tdnet",7
2026-05-16,4203,住友ベークライト,住友ベーク,skip,duplicate,high,tdnet,6
2026-05-16,4203,住友ベークライト,住友ベークライト,skip,duplicate,high,"kabutan,nikkei",4
2026-05-16,4203,住友ベークライト,住友ベ,skip,duplicate,high,kabutan,2
2026-05-16,4204,積水化学工業,積水化,skip,duplicate,high,"kabutan,tdnet",4
2026-05-16,4204,積水化学工業,積水化学工業,skip,duplicate,high,"kabutan,nikkei",4
2026-05-16,4205,日本ゼオン,日本ゼオン,skip,duplicate,high,"kabutan,nikkei",4
2026-05-16,4205,日本ゼオン,ゼオン,skip,duplicate,high,kabutan,2
2026-05-16,4206,アイカ工業,アイカ工,skip,duplicate,high,tdnet,6
2026-05-16,4206,アイカ工業,アイカ工業,skip,duplicate,high,"kabutan,nikkei",4
2026-05-16,4206,アイカ工業,アイカ,skip,duplicate,high,kabutan,2
2026-05-16,4208,UBE,UBE,skip,duplicate,high,"kabutan,nikkei,tdnet",11
2026-05-16,4212,積水樹脂,積水樹脂,skip,duplicate,high,"kabutan,nikkei,tdnet",10
2026-05-16,4212,積水樹脂,積水樹,skip,duplicate,high,kabutan,2
2026-05-16,4216,旭有機材,旭有機材,skip,duplicate,high,"kabutan,nikkei,tdnet",9
2026-05-16,4218,ニチバン,ニチバン,skip,duplicate,high,"kabutan,nikkei",8
2026-05-16,421A,ムービン・ストラテジック・キャリア,ムービン,skip,duplicate,high,"kabutan,tdnet",8
2026-05-16,421A,ムービン・ストラテジック・キャリア,ムービン・ストラテジック・キャリア,skip,duplicate,high,"kabutan,nikkei",4
2026-05-16,4220,リケンテクノス,リケンテクノス,skip,duplicate,high,"kabutan,nikkei,tdnet",10
2026-05-16,4220,リケンテクノス,リケンテクノ,skip,duplicate,high,kabutan,2
2026-05-16,4221,大倉工業,大倉工,skip,duplicate,high,"kabutan,tdnet",8
2026-05-16,4221,大倉工業,大倉工業,skip,duplicate,high,"kabutan,nikkei",4
2026-05-16,4222,児玉化学工業,児玉化,skip,duplicate,high,"kabutan,tdnet",15
2026-05-16,4222,児玉化学工業,児玉化学工業,skip,duplicate,high,"kabutan,nikkei",4
2026-05-16,4224,ロンシール工業,ロンシール工業,skip,duplicate,high,"kabutan,nikkei",4
2026-05-16,4224,ロンシール工業,ロンシール,skip,duplicate,high,kabutan,2
2026-05-16,4228,積水化成品工業,積水化成,skip,duplicate,high,tdnet,4
2026-05-16,4228,積水化成品工業,積水化成品工業,skip,duplicate,high,"kabutan,nikkei",4
2026-05-16,4228,積水化成品工業,積化成,skip,duplicate,high,kabutan,2
2026-05-16,4229,群栄化学工業,群栄化,skip,duplicate,high,"kabutan,tdnet",5
2026-05-16,4229,群栄化学工業,群栄化学工業,skip,duplicate,high,"kabutan,nikkei",4
2026-05-16,4231,タイガースポリマー,タイガーポリ,skip,duplicate,high,tdnet,9
2026-05-16,4231,タイガースポリマー,タイガースポリマー,skip,duplicate,high,"kabutan,nikkei",4
2026-05-16,4231,タイガースポリマー,タイガポリ,skip,duplicate,high,kabutan,2
2026-05-16,4234,サンエー化研,サンエー化研,skip,duplicate,high,"kabutan,nikkei,tdnet",7
2026-05-16,4235,ウルトラファブリックス・ﾎｰﾙﾃﾞｨﾝｸﾞｽ,ウルトラファブリックス・ホールディングス,skip,duplicate,high,"kabutan,nikkei",4
2026-05-16,4235,ウルトラファブリックス・ﾎｰﾙﾃﾞｨﾝｸﾞｽ,UFHD,skip,duplicate,high,"kabutan,tdnet",3
2026-05-16,4237,フジプレアム,フジプレアム,skip,duplicate,high,"kabutan,nikkei",5
2026-05-16,4238,ミライアル,ミライアル,skip,duplicate,high,"kabutan,nikkei,tdnet",11
2026-05-16,423A,ライオン事務器,ライオン事務器,skip,duplicate,high,"kabutan,nikkei",5
2026-05-16,423A,ライオン事務器,ライオン事務,skip,duplicate,high,kabutan,2
2026-05-16,4240,クラスターテクノロジー,クラスターテクノロジー,skip,duplicate,high,"kabutan,nikkei",4
2026-05-16,4240,クラスターテクノロジー,クラスターT,skip,duplicate,high,tdnet,3
2026-05-16,4240,クラスターテクノロジー,クラスター,skip,duplicate,high,kabutan,2
2026-05-16,4241,アテクト,アテクト,skip,duplicate,high,"kabutan,nikkei,tdnet",10
2026-05-16,4242,タカギセイコー,タカギセイコー,skip,duplicate,high,"kabutan,nikkei,tdnet",7
2026-05-16,4242,タカギセイコー,タカギセイコ,skip,duplicate,high,kabutan,2
2026-05-16,4243,ニックス,ニックス,skip,duplicate,high,"kabutan,nikkei,tdnet",5
2026-05-16,4245,ダイキアクシス,ダイキアクシス,skip,duplicate,high,"kabutan,nikkei,tdnet",7
2026-05-16,4245,ダイキアクシス,D・アクシス,skip,duplicate,high,kabutan,2
2026-05-16,4246,ダイキョーニシカワ,DNC,skip,duplicate,high,"kabutan,tdnet",9
2026-05-16,4246,ダイキョーニシカワ,ダイキョーニシカワ,skip,duplicate,high,"kabutan,nikkei",4
2026-05-16,4247,ポバール興業,ポバール興業,skip,duplicate,high,"kabutan,nikkei,tdnet",7
2026-05-16,4248,竹本容器,竹本容器,skip,duplicate,high,"kabutan,nikkei,tdnet",10
2026-05-16,4249,森六,森六,skip,duplicate,high,"kabutan,nikkei,tdnet",8
2026-05-16,4251,恵和,恵和,skip,duplicate,high,"kabutan,nikkei",5
2026-05-16,4255,THECOO,THECOO,skip,duplicate,high,"kabutan,nikkei,tdnet",8
2026-05-16,4256,サインド,サインド,skip,duplicate,high,"kabutan,nikkei,tdnet",6
2026-05-16,4258,網屋,網屋,skip,duplicate,high,"kabutan,nikkei,tdnet",12
2026-05-16,4259,エクサウィザーズ,エクサウィザーズ,skip,duplicate,high,"kabutan,nikkei,tdnet",13
2026-05-16,4259,エクサウィザーズ,エクサWiz,skip,duplicate,high,kabutan,2
2026-05-16,4260,ハイブリッドテクノロジーズ,ハイブリッドテクノロジーズ,skip,duplicate,high,"kabutan,nikkei",4
2026-05-16,4260,ハイブリッドテクノロジーズ,ハイブリッド,skip,duplicate,high,kabutan,2
2026-05-16,4260,ハイブリッドテクノロジーズ,ハイブリッドテク,skip,duplicate,high,tdnet,2
2026-05-16,4261,アジアクエスト,アジアクエスト,skip,duplicate,high,"kabutan,nikkei",8
2026-05-16,4261,アジアクエスト,アジアQ,skip,duplicate,high,kabutan,2
2026-05-16,4262,ニフティライフスタイル,ニフティライフ,skip,duplicate,high,tdnet,7
2026-05-16,4262,ニフティライフスタイル,ニフティライフスタイル,skip,duplicate,high,"kabutan,nikkei",4
2026-05-16,4262,ニフティライフスタイル,ニフティLS,skip,duplicate,high,kabutan,2
2026-05-16,4263,サスメド,サスメド,skip,duplicate,high,"kabutan,nikkei,tdnet",7
2026-05-16,4264,セキュア,セキュア,skip,duplicate,high,"kabutan,nikkei,tdnet",10
2026-05-16,4265,Institution for a Global Society,Institution for a Global Society,skip,duplicate,high,"kabutan,nikkei",5
2026-05-16,4265,Institution for a Global Society,IGS,skip,duplicate,high,kabutan,2
2026-05-16,4270,BeeX,BeeX,skip,duplicate,high,"kabutan,nikkei,tdnet",10
2026-05-16,4272,日本化薬,日化薬,skip,duplicate,high,"kabutan,tdnet",11
2026-05-16,4272,日本化薬,日本化薬,skip,duplicate,high,"kabutan,nikkei",4
2026-05-16,4274,細谷火工,細谷火工,skip,duplicate,high,"kabutan,nikkei,tdnet",6
2026-05-16,4274,細谷火工,細火工,skip,duplicate,high,kabutan,2
2026-05-16,4275,カーリット,カーリット,skip,duplicate,high,"kabutan,nikkei,tdnet",8
2026-05-16,4284,ソルクシーズ,ソルクシーズ,skip,duplicate,high,"kabutan,nikkei,tdnet",6
2026-05-16,4286,CLﾎｰﾙﾃﾞｨﾝｸﾞｽ,CLホールディングス,skip,duplicate,high,"kabutan,nikkei,tdnet",9
2026-05-16,4286,CLﾎｰﾙﾃﾞｨﾝｸﾞｽ,CLHD,skip,duplicate,high,kabutan,2
2026-05-16,4287,ジャストプランニング,ジャストプラ,skip,duplicate,high,kabutan,9
2026-05-16,4287,ジャストプランニング,ジャストプランニング,skip,duplicate,high,"kabutan,nikkei",4
2026-05-16,4288,アズジェント,アズジェント,skip,duplicate,high,"kabutan,nikkei,tdnet",6
2026-05-16,428A,サイプレス・ﾎｰﾙﾃﾞｨﾝｸﾞｽ,サイプレスHD,skip,duplicate,high,tdnet,4
2026-05-16,428A,サイプレス・ﾎｰﾙﾃﾞｨﾝｸﾞｽ,サイプレス・ホールディングス,skip,duplicate,high,"kabutan,nikkei",4
2026-05-16,428A,サイプレス・ﾎｰﾙﾃﾞｨﾝｸﾞｽ,サイプレス,skip,duplicate,high,kabutan,2
2026-05-16,4290,プレステージ・ｲﾝﾀｰﾅｼｮﾅﾙ,プレステージ・インターナショナル,skip,duplicate,high,"kabutan,nikkei",4
2026-05-16,4293,セプテーニ・ﾎｰﾙﾃﾞｨﾝｸﾞｽ,セプテーニHD,skip,duplicate,high,tdnet,10
2026-05-16,4293,セプテーニ・ﾎｰﾙﾃﾞｨﾝｸﾞｽ,セプテーニ・ホールディングス,skip,duplicate,high,"kabutan,nikkei",4
2026-05-16,4293,セプテーニ・ﾎｰﾙﾃﾞｨﾝｸﾞｽ,セプテニHD,skip,duplicate,high,kabutan,2
2026-05-16,4299,ハイマックス,ハイマックス,skip,duplicate,high,"kabutan,nikkei,tdnet",9
2026-05-16,429A,テクセンドフォトマスク,テクセンド,skip,duplicate,high,"kabutan,tdnet",6
2026-05-16,429A,テクセンドフォトマスク,テクセンドフォトマスク,skip,duplicate,high,"kabutan,nikkei",4
2026-05-16,4301,アミューズ,アミューズ,skip,duplicate,high,"kabutan,nikkei",5
2026-05-16,4307,野村総合研究所,NRI,skip,duplicate,high,tdnet,8
2026-05-16,4307,野村総合研究所,野村総合研究所,skip,duplicate,high,"kabutan,nikkei",4
2026-05-16,4307,野村総合研究所,野村総研,skip,duplicate,high,kabutan,2
2026-05-16,4308,Jストリーム,Jストリーム,skip,duplicate,high,"kabutan,nikkei,tdnet",6
2026-05-16,4310,ドリームインキュベータ,ドリームインキュベータ,skip,duplicate,high,"kabutan,nikkei",4
2026-05-16,4310,ドリームインキュベータ,ドリームI,skip,duplicate,high,kabutan,2
2026-05-16,4316,ビーマップ,ビーマップ,skip,duplicate,high,"kabutan,nikkei,tdnet",7
2026-05-16,4317,レイ,レイ,skip,duplicate,high,"kabutan,nikkei,tdnet",8
2026-05-16,4318,クイック,クイック,skip,duplicate,high,"kabutan,nikkei,tdnet",11
2026-05-16,431A,ユーソナー,ユーソナー,skip,duplicate,high,"kabutan,nikkei,tdnet",7
2026-05-16,4320,CEﾎｰﾙﾃﾞｨﾝｸﾞｽ,CEHD,skip,duplicate,high,"kabutan,tdnet",4
2026-05-16,4320,CEﾎｰﾙﾃﾞｨﾝｸﾞｽ,CEホールディングス,skip,duplicate,high,"kabutan,nikkei",4
2026-05-16,4323,日本システム技術,日本システム技術,skip,duplicate,high,"kabutan,nikkei,tdnet",12
2026-05-16,4323,日本システム技術,日シス技術,skip,duplicate,high,kabutan,2
2026-05-16,4324,電通ｸﾞﾙｰﾌﾟ,電通グループ,skip,duplicate,high,"kabutan,nikkei,tdnet",6
2026-05-16,4326,インテージﾎｰﾙﾃﾞｨﾝｸﾞｽ,インテージホールディングス,skip,duplicate,high,"kabutan,nikkei",4
2026-05-16,4326,インテージﾎｰﾙﾃﾞｨﾝｸﾞｽ,インテージHD,skip,duplicate,high,tdnet,3
2026-05-16,4326,インテージﾎｰﾙﾃﾞｨﾝｸﾞｽ,インテージH,skip,duplicate,high,kabutan,2
2026-05-16,4331,テイクアンドギヴ・ニーズ,T&Gニーズ,skip,duplicate,high,"kabutan,tdnet",10
2026-05-16,4331,テイクアンドギヴ・ニーズ,テイクアンドギヴ・ニーズ,skip,duplicate,high,"kabutan,nikkei",4
2026-05-16,4333,東邦システムサイエンス,東邦システム,skip,duplicate,high,kabutan,6
2026-05-16,4333,東邦システムサイエンス,東邦システムサイエンス,skip,duplicate,high,kabutan,2
2026-05-16,4334,ユークス,ユークス,skip,duplicate,high,"kabutan,nikkei",6
2026-05-16,4335,IPSﾎｰﾙﾃﾞｨﾝｸﾞｽ,IPSホールディングス,skip,duplicate,high,"kabutan,nikkei",4
2026-05-16,4335,IPSﾎｰﾙﾃﾞｨﾝｸﾞｽ,IPSHD,skip,duplicate,high,"kabutan,tdnet",3
2026-05-16,4337,ぴあ,ぴあ,skip,duplicate,high,"kabutan,nikkei",4
2026-05-16,4341,西菱電機,西菱電機,skip,duplicate,high,"kabutan,nikkei",6
2026-05-16,4343,イオンファンタジー,イオンファン,skip,duplicate,high,"kabutan,tdnet",11
2026-05-16,4343,イオンファンタジー,イオンファンタジー,skip,duplicate,high,"kabutan,nikkei",4
2026-05-16,4344,ソースネクスト,ソースネクスト,skip,duplicate,high,"kabutan,nikkei,tdnet",9
2026-05-16,4344,ソースネクスト,ソースネクス,skip,duplicate,high,kabutan,2
2026-05-16,4345,シーティーエス,シーティーエス,skip,duplicate,high,"kabutan,nikkei,tdnet",11
2026-05-16,4345,シーティーエス,CTS,skip,duplicate,high,kabutan,3
2026-05-16,4346,NEXYZ．Group,NEXYZ.G,skip,duplicate,high,tdnet,4
2026-05-16,4346,NEXYZ．Group,NEXYZ.Group,skip,duplicate,high,"kabutan,nikkei",4
2026-05-16,4346,NEXYZ．Group,NEXYZ.,skip,duplicate,high,kabutan,2
2026-05-16,4347,ブロードメディア,ブロードメディア,skip,duplicate,high,"kabutan,nikkei,tdnet",9
2026-05-16,4347,ブロードメディア,ブロメディア,skip,duplicate,high,kabutan,2
2026-05-16,4350,メディカルシステムネットワーク,メディシス,skip,duplicate,high,"kabutan,tdnet",5
2026-05-16,4350,メディカルシステムネットワーク,メディカルシステムネットワーク,skip,duplicate,high,"kabutan,nikkei",4
2026-05-16,4351,山田再生系債権回収総合事務所,山田債権,skip,duplicate,high,"kabutan,tdnet",4
2026-05-16,4351,山田再生系債権回収総合事務所,山田再生系債権回収総合事務所,skip,duplicate,high,"kabutan,nikkei",4
2026-05-16,4356,応用技術,応用技術,skip,duplicate,high,"kabutan,nikkei,tdnet",5
2026-05-16,4360,マナック・ケミカル・パートナーズ,マナック・ケミカルP,skip,duplicate,high,tdnet,5
2026-05-16,4360,マナック・ケミカル・パートナーズ,マナック・ケミカル・パートナーズ,skip,duplicate,high,"kabutan,nikkei",4
2026-05-16,4360,マナック・ケミカル・パートナーズ,MCPs,skip,duplicate,high,kabutan,2
2026-05-16,4361,川口化学工業,川口化,skip,duplicate,high,"kabutan,tdnet",4
2026-05-16,4361,川口化学工業,川口化学工業,skip,duplicate,high,"kabutan,nikkei",4
2026-05-16,4362,日本精化,日本精化,skip,duplicate,high,"kabutan,nikkei,tdnet",8
2026-05-16,4362,日本精化,日精化,skip,duplicate,high,kabutan,2
2026-05-16,4365,松本油脂製薬,松本油脂製薬,skip,duplicate,high,"kabutan,nikkei",4
2026-05-16,4365,松本油脂製薬,松本油脂,skip,duplicate,high,kabutan,2
2026-05-16,4366,ダイトーケミックス,ダイトーケミックス,skip,duplicate,high,"kabutan,nikkei,tdnet",11
2026-05-16,4366,ダイトーケミックス,ダイトーケミ,skip,duplicate,high,kabutan,2
2026-05-16,4367,広栄化学,広栄化学,skip,duplicate,high,"kabutan,nikkei,tdnet",7
2026-05-16,4368,扶桑化学工業,扶桑化学,skip,duplicate,high,"kabutan,tdnet",6
2026-05-16,4368,扶桑化学工業,扶桑化学工業,skip,duplicate,high,"kabutan,nikkei",4
2026-05-16,4369,トリケミカル研究所,トリケミカル,skip,duplicate,high,kabutan,6
2026-05-16,4369,トリケミカル研究所,トリケミカル研究所,skip,duplicate,high,"kabutan,nikkei",4
2026-05-16,436A,サイバーソリューションズ,サイバーソリューションズ,skip,duplicate,high,"kabutan,nikkei",4
2026-05-16,436A,サイバーソリューションズ,サイバーSOL,skip,duplicate,high,tdnet,3
2026-05-16,436A,サイバーソリューションズ,サイバSOL,skip,duplicate,high,kabutan,2
2026-05-16,4370,モビルス,モビルス,skip,duplicate,high,"kabutan,nikkei,tdnet",9
2026-05-16,4371,コアコンセプト・テクノロジー,CCT,skip,duplicate,high,"kabutan,tdnet",7
2026-05-16,4371,コアコンセプト・テクノロジー,コアコンセプト・テクノロジー,skip,duplicate,high,"kabutan,nikkei",4
2026-05-16,4372,ユミルリンク,ユミルリンク,skip,duplicate,high,"kabutan,nikkei,tdnet",9
2026-05-16,4373,シンプレクス・ﾎｰﾙﾃﾞｨﾝｸﾞｽ,シンプレクス・ホールディングス,skip,duplicate,high,"kabutan,nikkei",4
2026-05-16,4373,シンプレクス・ﾎｰﾙﾃﾞｨﾝｸﾞｽ,シンプレクスHD,skip,duplicate,high,tdnet,3
2026-05-16,4373,シンプレクス・ﾎｰﾙﾃﾞｨﾝｸﾞｽ,シンプレクス,skip,duplicate,high,kabutan,2
2026-05-16,4374,ROBOT PAYMENT,ロボペイ,skip,duplicate,high,"kabutan,tdnet",17
2026-05-16,4374,ROBOT PAYMENT,ROBOT PAYMENT,skip,duplicate,high,"kabutan,nikkei",5
2026-05-16,4375,セーフィー,セーフィー,skip,duplicate,high,"kabutan,nikkei,tdnet",9
2026-05-16,4376,くふうカンパニーﾎｰﾙﾃﾞｨﾝｸﾞｽ,くふうカンパニーホールディングス,skip,duplicate,high,"kabutan,nikkei",4
2026-05-16,4376,くふうカンパニーﾎｰﾙﾃﾞｨﾝｸﾞｽ,くふうカンパ,skip,duplicate,high,kabutan,2
2026-05-16,4376,くふうカンパニーﾎｰﾙﾃﾞｨﾝｸﾞｽ,くふうカンパニー,add,new_candidate,medium,tdnet,2
2026-05-16,4377,ワンキャリア,ワンキャリア,skip,duplicate,high,"kabutan,nikkei,tdnet",15
2026-05-16,4378,CINC,CINC,skip,duplicate,high,"kabutan,nikkei",7
2026-05-16,4379,Photosynth,フォトシンス,skip,duplicate,high,"kabutan,tdnet",7
2026-05-16,4379,Photosynth,Photosynth,skip,duplicate,high,"kabutan,nikkei",5
2026-05-16,4380,Mマート,Mマート,skip,duplicate,high,"kabutan,nikkei,tdnet",8
2026-05-16,4381,ビープラッツ,ビープラッツ,skip,duplicate,high,"kabutan,nikkei,tdnet",12
2026-05-16,4382,HEROZ,HEROZ,skip,duplicate,high,"kabutan,nikkei,tdnet",14
2026-05-16,4384,ラクスル,ラクスル,skip,duplicate,high,"kabutan,nikkei,tdnet",14
2026-05-16,4385,メルカリ,メルカリ,skip,duplicate,high,"kabutan,nikkei,tdnet",7
2026-05-16,4386,SIGｸﾞﾙｰﾌﾟ,SIGグループ,skip,duplicate,high,"kabutan,nikkei",4
2026-05-16,4386,SIGｸﾞﾙｰﾌﾟ,SIGG,skip,duplicate,high,kabutan,2
2026-05-16,4387,ZUU,ZUU,skip,duplicate,high,"kabutan,nikkei,tdnet",12
2026-05-16,4388,エーアイ,エーアイ,skip,duplicate,high,"kabutan,nikkei",4
2026-05-16,4389,プロパティデータバンク,プロパティDBK,skip,duplicate,high,tdnet,9
2026-05-16,4389,プロパティデータバンク,プロパティデータバンク,skip,duplicate,high,"kabutan,nikkei",4
2026-05-16,4389,プロパティデータバンク,プロパテDB,skip,duplicate,high,kabutan,2
2026-05-16,438A,インフキュリオン,インフキュリオン,skip,duplicate,high,"kabutan,nikkei,tdnet",8
2026-05-16,438A,インフキュリオン,インフ,skip,duplicate,high,kabutan,2
2026-05-16,4390,IPS,ips,skip,duplicate,high,tdnet,6
2026-05-16,4390,IPS,アイ・ピー・エス,skip,duplicate,high,kabutan,4
2026-05-16,4390,IPS,アイ・ピー・エス(アイピーエス),skip,duplicate,high,nikkei,2
2026-05-16,4391,ロジザード,ロジザード,skip,duplicate,high,"kabutan,nikkei",4
2026-05-16,4392,FIG,FIG,skip,duplicate,high,"kabutan,nikkei,tdnet",10
2026-05-16,4393,バンク・オブ・イノベーション,バンク・オブ・イノベーション,skip,duplicate,high,"kabutan,nikkei",4
2026-05-16,4393,バンク・オブ・イノベーション,バンクオブイノベ,skip,duplicate,high,tdnet,3
2026-05-16,4393,バンク・オブ・イノベーション,バンクオブイ,skip,duplicate,high,kabutan,2
2026-05-16,4394,エクスモーション,エクスモーション,skip,duplicate,high,"kabutan,nikkei",6
2026-05-16,4394,エクスモーション,エクスM,skip,duplicate,high,kabutan,2
2026-05-16,4395,アクリート,アクリート,skip,duplicate,high,"kabutan,nikkei,tdnet",14
2026-05-16,4396,システムサポートﾎｰﾙﾃﾞｨﾝｸﾞｽ,システムサポートホールディングス,skip,duplicate,high,"kabutan,nikkei",4
2026-05-16,4396,システムサポートﾎｰﾙﾃﾞｨﾝｸﾞｽ,システムサポ,skip,duplicate,high,kabutan,2
2026-05-16,4397,チームスピリット,チームスピリット,skip,duplicate,high,"kabutan,nikkei,tdnet",8
2026-05-16,4397,チームスピリット,チムスピ,skip,duplicate,high,kabutan,2
2026-05-16,4398,ブロードバンドセキュリティ,BBSec,skip,duplicate,high,"kabutan,tdnet",5
2026-05-16,4398,ブロードバンドセキュリティ,ブロードバンドセキュリティ,skip,duplicate,high,"kabutan,nikkei",4
2026-05-16,4401,ADEKA,ADEKA,skip,duplicate,high,"kabutan,nikkei,tdnet",7
2026-05-16,4403,日油,日油,skip,duplicate,high,"kabutan,nikkei,tdnet",10
2026-05-16,4404,ミヨシ油脂,ミヨシ油脂,skip,duplicate,high,"kabutan,nikkei,tdnet",5
2026-05-16,4404,ミヨシ油脂,ミヨシ,skip,duplicate,high,kabutan,2
2026-05-16,4406,新日本理化,新日本理化,skip,duplicate,high,"kabutan,nikkei,tdnet",8
2026-05-16,4406,新日本理化,日理化,skip,duplicate,high,kabutan,2
2026-05-16,4409,東邦化学工業,東邦化学工業,skip,duplicate,high,"kabutan,nikkei",4
2026-05-16,4409,東邦化学工業,東邦化,skip,duplicate,high,"kabutan,tdnet",3
2026-05-16,4410,ハリマ化成ｸﾞﾙｰﾌﾟ,ハリマ化成G,skip,duplicate,high,"kabutan,tdnet",6
2026-05-16,4410,ハリマ化成ｸﾞﾙｰﾌﾟ,ハリマ化成グループ,skip,duplicate,high,"kabutan,nikkei",4
2026-05-16,4412,サイエンスアーツ,サイエンスアーツ,skip,duplicate,high,"kabutan,nikkei,tdnet",6
2026-05-16,4412,サイエンスアーツ,サイエンスA,skip,duplicate,high,kabutan,2
2026-05-16,4413,ボードルア,ボードルア,skip,duplicate,high,"kabutan,nikkei,tdnet",7
2026-05-16,4414,フレクト,フレクト,skip,duplicate,high,"kabutan,nikkei,tdnet",11
2026-05-16,4415,ブロードエンタープライズ,ブロードエンター,skip,duplicate,high,tdnet,10
2026-05-16,4415,ブロードエンタープライズ,ブロードエンタープライズ,skip,duplicate,high,"kabutan,nikkei",4
2026-05-16,4415,ブロードエンタープライズ,ブロードE,skip,duplicate,high,kabutan,2
2026-05-16,4416,True Data,True Data,skip,duplicate,high,"kabutan,nikkei,tdnet",8
2026-05-16,4416,True Data,トゥルーD,skip,duplicate,high,kabutan,2
2026-05-16,4417,グローバルセキュリティエキスパート,グローバルセキュリティエキスパート,skip,duplicate,high,"kabutan,nikkei",4
2026-05-16,4417,グローバルセキュリティエキスパート,Gセキュリ,skip,duplicate,high,kabutan,2
2026-05-16,4417,グローバルセキュリティエキスパート,グローバルセキュ,add,new_candidate,medium,tdnet,7
2026-05-16,4418,JDSC,JDSC,skip,duplicate,high,"kabutan,nikkei",4
2026-05-16,4419,Finatextﾎｰﾙﾃﾞｨﾝｸﾞｽ,Finatext,skip,duplicate,high,tdnet,7
2026-05-16,4419,Finatextﾎｰﾙﾃﾞｨﾝｸﾞｽ,Finatextホールディングス,skip,duplicate,high,"kabutan,nikkei",4
2026-05-16,4419,Finatextﾎｰﾙﾃﾞｨﾝｸﾞｽ,フィナHD,skip,duplicate,high,kabutan,2
2026-05-16,4420,イーソル,イーソル,skip,duplicate,high,"kabutan,nikkei,tdnet",6
2026-05-16,4421,ディ・アイ・システム,ディ・アイ・システム,skip,duplicate,high,"kabutan,nikkei",4
2026-05-16,4421,ディ・アイ・システム,DIシステム,skip,duplicate,high,"kabutan,tdnet",3
2026-05-16,4422,VALUENEX,VALUENEX,skip,duplicate,high,"kabutan,nikkei",7
2026-05-16,4422,VALUENEX,VNX,review,new_candidate,low,kabutan,1
2026-05-16,4424,Amazia,Amazia,skip,duplicate,high,"kabutan,nikkei",6
2026-05-16,4425,Kudan,Kudan,skip,duplicate,high,"kabutan,nikkei,tdnet",8
2026-05-16,4427,EduLab,EduLab,skip,duplicate,high,"kabutan,nikkei,tdnet",13
2026-05-16,4427,EduLab,エデュラボ,skip,duplicate,high,kabutan,2
2026-05-16,4428,シノプス,シノプス,skip,duplicate,high,"kabutan,nikkei,tdnet",6
2026-05-16,4429,リックソフト,リックソフト,skip,duplicate,high,"kabutan,nikkei,tdnet",8
2026-05-16,442A,クラシコ,クラシコ,skip,duplicate,high,"kabutan,nikkei",5
2026-05-16,4430,東海ソフト,東海ソフト,skip,duplicate,high,"kabutan,nikkei,tdnet",7
2026-05-16,4431,スマレジ,スマレジ,skip,duplicate,high,"kabutan,nikkei",9
2026-05-16,4432,ウイングアーク1st,ウイングアーク1st,skip,duplicate,high,"kabutan,nikkei",4
2026-05-16,4432,ウイングアーク1st,ウイングアク,skip,duplicate,high,kabutan,2
2026-05-16,4432,ウイングアーク1st,ウイングアーク,add,new_candidate,medium,tdnet,4
2026-05-16,4433,ヒト・コミュニケーションズ・ﾎｰﾙﾃﾞｨﾝｸﾞｽ,ヒトコムHD,skip,duplicate,high,"kabutan,tdnet",4
2026-05-16,4433,ヒト・コミュニケーションズ・ﾎｰﾙﾃﾞｨﾝｸﾞｽ,ヒト・コミュニケーションズ・ホールディングス,skip,duplicate,high,"kabutan,nikkei",4
2026-05-16,4434,サーバーワークス,サーバーワークス,skip,duplicate,high,"kabutan,nikkei,tdnet",11
2026-05-16,4434,サーバーワークス,サーバワクス,skip,duplicate,high,kabutan,2
2026-05-16,4436,ミンカブ・ジ・インフォノイド,ミンカブ・ジ・インフォノイド,skip,duplicate,high,"kabutan,nikkei",4
2026-05-16,4436,ミンカブ・ジ・インフォノイド,ミンカブ,skip,duplicate,high,kabutan,2
2026-05-16,4437,gooddaysﾎｰﾙﾃﾞｨﾝｸﾞｽ,GDH,skip,duplicate,high,kabutan,5
2026-05-16,4437,gooddaysﾎｰﾙﾃﾞｨﾝｸﾞｽ,gooddaysホールディングス,skip,duplicate,high,"kabutan,nikkei",4
2026-05-16,4438,Welby,Welby,skip,duplicate,high,"kabutan,nikkei,tdnet",10
2026-05-16,4439,東名,東名,skip,duplicate,high,"kabutan,nikkei,tdnet",10
2026-05-16,4440,ヴィッツ,ヴィッツ,skip,duplicate,high,"kabutan,nikkei,tdnet",5
2026-05-16,4441,トビラシステムズ,トビラシステムズ,skip,duplicate,high,"kabutan,nikkei",9
2026-05-16,4441,トビラシステムズ,トビラシステ,skip,duplicate,high,kabutan,2
2026-05-16,4442,バルテス・ﾎｰﾙﾃﾞｨﾝｸﾞｽ,バルテスHD,skip,duplicate,high,"kabutan,tdnet",4
2026-05-16,4442,バルテス・ﾎｰﾙﾃﾞｨﾝｸﾞｽ,バルテス・ホールディングス,skip,duplicate,high,"kabutan,nikkei",4
2026-05-16,4443,Sansan,Sansan,skip,duplicate,high,"kabutan,nikkei,tdnet",8
2026-05-16,4444,インフォネット,インフォネット,skip,duplicate,high,"kabutan,nikkei,tdnet",16
2026-05-16,4444,インフォネット,インフォネ,skip,duplicate,high,kabutan,2
2026-05-16,4445,リビン・テクノロジーズ,リビンT,skip,duplicate,high,"kabutan,tdnet",13
2026-05-16,4445,リビン・テクノロジーズ,リビン・テクノロジーズ,skip,duplicate,high,"kabutan,nikkei",4
2026-05-16,4446,Link－Uｸﾞﾙｰﾌﾟ,Link-Uグループ,skip,duplicate,high,"kabutan,nikkei",7
2026-05-16,4446,Link－Uｸﾞﾙｰﾌﾟ,リンクユーG,skip,duplicate,high,kabutan,2
2026-05-16,4447,ピー・ビーシステムズ,ピー・ビーシステムズ,skip,duplicate,high,"kabutan,nikkei",4
2026-05-16,4447,ピー・ビーシステムズ,PBシステム,skip,duplicate,high,kabutan,2
2026-05-16,4448,kubell,kubell,skip,duplicate,high,"kabutan,nikkei",8
2026-05-16,4449,ギフティ,ギフティ,skip,duplicate,high,"kabutan,nikkei,tdnet",8
2026-05-16,4450,パワーソリューションズ,パワーソリューションズ,skip,duplicate,high,"kabutan,nikkei",4
2026-05-16,4450,パワーソリューションズ,パワーソリュ,skip,duplicate,high,kabutan,2
2026-05-16,4450,パワーソリューションズ,PSOL,review,new_candidate,low,tdnet,2
2026-05-16,4452,花王,花王,skip,duplicate,high,"kabutan,nikkei,tdnet",10
2026-05-16,4461,第一工業製薬,第一工業,skip,duplicate,high,tdnet,7
2026-05-16,4461,第一工業製薬,第一工業製薬,skip,duplicate,high,"kabutan,nikkei",4
2026-05-16,4461,第一工業製薬,一工薬,skip,duplicate,high,kabutan,2
2026-05-16,4462,石原ケミカル,石原ケミカル,skip,duplicate,high,"kabutan,nikkei",5
2026-05-16,4462,石原ケミカル,石原ケミ,skip,duplicate,high,kabutan,2
2026-05-16,4463,日華化学,日華化学,skip,duplicate,high,"kabutan,nikkei,tdnet",7
2026-05-16,4464,ソフト99ｺｰﾎﾟﾚｰｼｮﾝ,ソフト99コーポレーション,skip,duplicate,high,"kabutan,nikkei",4
2026-05-16,4464,ソフト99ｺｰﾎﾟﾚｰｼｮﾝ,ソフト99,skip,duplicate,high,kabutan,3
2026-05-16,4465,ニイタカ,ニイタカ,skip,duplicate,high,"kabutan,nikkei",5
2026-05-16,446A,ノースサンド,ノースサンド,skip,duplicate,high,"kabutan,nikkei,tdnet",13
2026-05-16,4471,三洋化成工業,三洋化成工業,skip,duplicate,high,"kabutan,nikkei",4
2026-05-16,4471,三洋化成工業,三洋化,skip,duplicate,high,kabutan,2
2026-05-16,4475,HENNGE,HENNGE,skip,duplicate,high,"kabutan,nikkei,tdnet",11
2026-05-16,4476,AI CROSS,AI CROSS,skip,duplicate,high,"kabutan,nikkei",5
2026-05-16,4476,AI CROSS,AIクロス,skip,duplicate,high,kabutan,2
2026-05-16,4477,BASE,BASE,skip,duplicate,high,"kabutan,nikkei,tdnet",10
2026-05-16,4478,フリー,フリー,skip,duplicate,high,"kabutan,nikkei,tdnet",8
2026-05-16,4479,マクアケ,マクアケ,skip,duplicate,high,"kabutan,nikkei,tdnet",7
2026-05-16,4480,メドレー,メドレー,skip,duplicate,high,"kabutan,nikkei,tdnet",12
2026-05-16,4481,ベース,ベース,skip,duplicate,high,"kabutan,nikkei",5
2026-05-16,4482,ウィルズ,ウィルズ,skip,duplicate,high,"kabutan,nikkei",5
2026-05-16,4483,JMDC,JMDC,skip,duplicate,high,"kabutan,nikkei,tdnet",8
2026-05-16,4484,ランサーズ,ランサーズ,skip,duplicate,high,"kabutan,nikkei,tdnet",9
2026-05-16,4486,ユナイトアンドグロウ,ユナイトアンドグロウ,skip,duplicate,high,"kabutan,nikkei",4
2026-05-16,4486,ユナイトアンドグロウ,ユナイト,skip,duplicate,high,kabutan,2
2026-05-16,4487,スペースマーケット,スペースマーケッ,skip,duplicate,high,tdnet,5
2026-05-16,4487,スペースマーケット,スペースマーケット,skip,duplicate,high,"kabutan,nikkei",4
2026-05-16,4487,スペースマーケット,スペースマ,skip,duplicate,high,kabutan,2
2026-05-16,4488,AI inside,AI inside,skip,duplicate,high,"kabutan,nikkei,tdnet",8
2026-05-16,4488,AI inside,AIins,skip,duplicate,high,kabutan,2
2026-05-16,4490,ビザスク,ビザスク,skip,duplicate,high,"kabutan,nikkei,tdnet",10
2026-05-16,4491,コンピューターマネージメント,コンピューターマネージメント,skip,duplicate,high,"kabutan,nikkei",4
2026-05-16,4491,コンピューターマネージメント,Cマネージメント,skip,duplicate,high,tdnet,3
2026-05-16,4491,コンピューターマネージメント,Cマネージ,skip,duplicate,high,kabutan,2
2026-05-16,4492,ゼネテック,ゼネテック,skip,duplicate,high,"kabutan,nikkei,tdnet",10
2026-05-16,4493,サイバーセキュリティクラウド,サイバーセキュリティクラウド,skip,duplicate,high,"kabutan,nikkei",4
2026-05-16,4493,サイバーセキュリティクラウド,サイバーセキ,skip,duplicate,high,kabutan,2
2026-05-16,4493,サイバーセキュリティクラウド,サイバーセキュリ,add,new_candidate,medium,tdnet,3
2026-05-16,4494,バリオセキュア,バリオセキュア,skip,duplicate,high,"kabutan,nikkei,tdnet",8
2026-05-16,4494,バリオセキュア,バリオ,skip,duplicate,high,kabutan,2
2026-05-16,4495,アイキューブドシステムズ,アイキューブドシステムズ,skip,duplicate,high,"kabutan,nikkei",4
2026-05-16,4495,アイキューブドシステムズ,i3,skip,duplicate,high,kabutan,2
2026-05-16,4495,アイキューブドシステムズ,アイキューブド,add,new_candidate,medium,tdnet,2
2026-05-16,4496,コマースOneﾎｰﾙﾃﾞｨﾝｸﾞｽ,コマースワン,skip,duplicate,high,"kabutan,tdnet",11
2026-05-16,4496,コマースOneﾎｰﾙﾃﾞｨﾝｸﾞｽ,コマースOneホールディングス,skip,duplicate,high,"kabutan,nikkei",4
2026-05-16,4498,サイバートラスト,サイバートラスト,skip,duplicate,high,"kabutan,nikkei,tdnet",13
2026-05-16,4498,サイバートラスト,サイバトラス,skip,duplicate,high,kabutan,2
2026-05-16,4499,Speee,Speee,skip,duplicate,high,"kabutan,nikkei,tdnet",9
2026-05-16,4499,Speee,スピー,skip,duplicate,high,kabutan,2
2026-05-16,4502,武田薬品工業,武田薬,skip,duplicate,high,tdnet,6
2026-05-16,4502,武田薬品工業,武田薬品工業,skip,duplicate,high,"kabutan,nikkei",4
2026-05-16,4502,武田薬品工業,武田,skip,duplicate,high,kabutan,2
2026-05-16,4503,アステラス製薬,アステラス薬,skip,duplicate,high,tdnet,8
2026-05-16,4503,アステラス製薬,アステラス製薬,skip,duplicate,high,"kabutan,nikkei",4
2026-05-16,4503,アステラス製薬,アステラス,skip,duplicate,high,kabutan,2
2026-05-16,4506,住友ファーマ,住友ファーマ,skip,duplicate,high,"kabutan,nikkei,tdnet",14
2026-05-16,4507,塩野義製薬,塩野義薬,skip,duplicate,high,tdnet,11
2026-05-16,4507,塩野義製薬,塩野義製薬,skip,duplicate,high,"kabutan,nikkei",4
2026-05-16,4507,塩野義製薬,塩野義,skip,duplicate,high,kabutan,2
2026-05-16,4512,わかもと製薬,わかもと,skip,duplicate,high,"kabutan,tdnet",8
2026-05-16,4512,わかもと製薬,わかもと製薬,skip,duplicate,high,"kabutan,nikkei",4
2026-05-16,4516,日本新薬,日本新薬,skip,duplicate,high,"kabutan,nikkei",4
2026-05-16,4519,中外製薬,中外薬,skip,duplicate,high,"kabutan,tdnet",9
2026-05-16,4519,中外製薬,中外製薬,skip,duplicate,high,"kabutan,nikkei",4
2026-05-16,4521,科研製薬,科研薬,skip,duplicate,high,"kabutan,tdnet",7
2026-05-16,4521,科研製薬,科研製薬,skip,duplicate,high,"kabutan,nikkei",4
2026-05-16,4523,エーザイ,エーザイ,skip,duplicate,high,"kabutan,nikkei,tdnet",7
2026-05-16,4524,森下仁丹,森下仁丹,skip,duplicate,high,"kabutan,nikkei",4
2026-05-16,4524,森下仁丹,仁丹,skip,duplicate,high,"kabutan,tdnet",3
2026-05-16,4526,理研ビタミン,理研ビタミン,skip,duplicate,high,"kabutan,nikkei,tdnet",10
2026-05-16,4526,理研ビタミン,理ビタ,skip,duplicate,high,kabutan,2
2026-05-16,4527,ロート製薬,ロート薬,skip,duplicate,high,tdnet,6
2026-05-16,4527,ロート製薬,ロート製薬,skip,duplicate,high,"kabutan,nikkei",4
2026-05-16,4527,ロート製薬,ロート,skip,duplicate,high,kabutan,2
2026-05-16,4528,小野薬品工業,小野薬,skip,duplicate,high,kabutan,6
2026-05-16,4528,小野薬品工業,小野薬品工業,skip,duplicate,high,"kabutan,nikkei",4
2026-05-16,4530,久光製薬,久光薬,skip,duplicate,high,"kabutan,tdnet",8
2026-05-16,4530,久光製薬,久光製薬,skip,duplicate,high,kabutan,3
2026-05-16,4531,有機合成薬品工業,有機合成薬品工業,skip,duplicate,high,"kabutan,nikkei",4
2026-05-16,4531,有機合成薬品工業,有機薬,skip,duplicate,high,kabutan,4
2026-05-16,4534,持田製薬,持田薬,skip,duplicate,high,kabutan,6
2026-05-16,4534,持田製薬,持田製薬,skip,duplicate,high,"kabutan,nikkei",4
2026-05-16,4536,参天製薬,参天製薬,skip,duplicate,high,"kabutan,nikkei",4
2026-05-16,4536,参天製薬,参天薬,skip,duplicate,high,"kabutan,tdnet",3
2026-05-16,4538,扶桑薬品工業,扶桑薬,skip,duplicate,high,"kabutan,tdnet",6
2026-05-16,4538,扶桑薬品工業,扶桑薬品工業,skip,duplicate,high,"kabutan,nikkei",4
2026-05-16,4539,日本ケミファ,日本ケミファ,skip,duplicate,high,"kabutan,nikkei",4
2026-05-16,4539,日本ケミファ,ケミファ,skip,duplicate,high,kabutan,2
2026-05-16,4539,日本ケミファ,日ケミファ,skip,duplicate,high,tdnet,2
2026-05-16,4540,ツムラ,ツムラ,skip,duplicate,high,"kabutan,nikkei",6
2026-05-16,4543,テルモ,テルモ,skip,duplicate,high,"kabutan,nikkei",4
2026-05-16,4544,H．U．ｸﾞﾙｰﾌﾟﾎｰﾙﾃﾞｨﾝｸﾞｽ,HUグループHD,skip,duplicate,high,tdnet,6
2026-05-16,4544,H．U．ｸﾞﾙｰﾌﾟﾎｰﾙﾃﾞｨﾝｸﾞｽ,H.U.グループホールディングス,skip,duplicate,high,"kabutan,nikkei",4
2026-05-16,4544,H．U．ｸﾞﾙｰﾌﾟﾎｰﾙﾃﾞｨﾝｸﾞｽ,HUグループ,skip,duplicate,high,kabutan,2
2026-05-16,4547,キッセイ薬品工業,キッセイ薬,skip,duplicate,high,tdnet,8
2026-05-16,4547,キッセイ薬品工業,キッセイ薬品工業,skip,duplicate,high,"kabutan,nikkei",4
2026-05-16,4547,キッセイ薬品工業,キッセイ,skip,duplicate,high,kabutan,2
2026-05-16,4548,生化学工業,生化学,skip,duplicate,high,"kabutan,tdnet",6
2026-05-16,4548,生化学工業,生化学工業,skip,duplicate,high,"kabutan,nikkei",4
2026-05-16,4549,栄研化学,栄研化学,skip,duplicate,high,"kabutan,nikkei",4
2026-05-16,4549,栄研化学,栄研化,skip,duplicate,high,kabutan,3
2026-05-16,4552,JCRファーマ,JCRファーマ,skip,duplicate,high,"kabutan,nikkei,tdnet",13
2026-05-16,4552,JCRファーマ,JCRファ,skip,duplicate,high,kabutan,2
2026-05-16,4553,東和薬品,東和薬品,skip,duplicate,high,"kabutan,nikkei,tdnet",5
2026-05-16,4554,富士製薬工業,富士製薬,skip,duplicate,high,"kabutan,tdnet",6
2026-05-16,4554,富士製薬工業,富士製薬工業,skip,duplicate,high,"kabutan,nikkei",4
2026-05-16,4556,カイノス,カイノス,skip,duplicate,high,"kabutan,nikkei,tdnet",9
2026-05-16,4558,中京医薬品,中京医薬品,skip,duplicate,high,"kabutan,nikkei",4
2026-05-16,4558,中京医薬品,中京医薬,skip,duplicate,high,"kabutan,tdnet",3
2026-05-16,4559,ゼリア新薬工業,ゼリア新薬,skip,duplicate,high,"kabutan,tdnet",7
2026-05-16,4559,ゼリア新薬工業,ゼリア新薬工業,skip,duplicate,high,"kabutan,nikkei",4
2026-05-16,4563,アンジェス,アンジェス,skip,duplicate,high,"kabutan,nikkei,tdnet",15
2026-05-16,4564,オンコセラピー・サイエンス,オンコセラピー・サイエンス,skip,duplicate,high,"kabutan,nikkei",4
2026-05-16,4564,オンコセラピー・サイエンス,オンコセラピ,skip,duplicate,high,kabutan,2
2026-05-16,4564,オンコセラピー・サイエンス,OTS,review,new_candidate,low,tdnet,5
2026-05-16,4565,ネクセラファーマ,ネクセラファーマ,skip,duplicate,high,"kabutan,nikkei,tdnet",16
2026-05-16,4565,ネクセラファーマ,ネクセラ,skip,duplicate,high,kabutan,2
2026-05-16,4568,第一三共,第一三共,skip,duplicate,high,"kabutan,nikkei,tdnet",16
2026-05-16,4569,杏林製薬,杏林製薬,skip,duplicate,high,"kabutan,nikkei,tdnet",15
2026-05-16,456A,HUMAN MADE,HUMAN MADE,skip,duplicate,high,"kabutan,nikkei",5
2026-05-16,456A,HUMAN MADE,ヒュマメイド,skip,duplicate,high,kabutan,2
2026-05-16,4570,免疫生物研究所,免疫生物研究所,skip,duplicate,high,"kabutan,nikkei,tdnet",9
2026-05-16,4570,免疫生物研究所,免疫生物研,skip,duplicate,high,kabutan,2
2026-05-16,4571,NANOﾎｰﾙﾃﾞｨﾝｸﾞｽ,NANO,skip,duplicate,high,tdnet,9
2026-05-16,4571,NANOﾎｰﾙﾃﾞｨﾝｸﾞｽ,NANOホールディングス,skip,duplicate,high,"kabutan,nikkei",4
2026-05-16,4571,NANOﾎｰﾙﾃﾞｨﾝｸﾞｽ,NANOHD,skip,duplicate,high,kabutan,2
2026-05-16,4572,カルナバイオサイエンス,カルナバイオ,skip,duplicate,high,"kabutan,tdnet",7
2026-05-16,4572,カルナバイオサイエンス,カルナバイオサイエンス,skip,duplicate,high,"kabutan,nikkei",4
2026-05-16,4574,大幸薬品,大幸薬品,skip,duplicate,high,"kabutan,nikkei,tdnet",6
2026-05-16,4575,キャンバス,CANBAS,skip,duplicate,high,"kabutan,tdnet",5
2026-05-16,4575,キャンバス,キャンバス,skip,duplicate,high,"kabutan,nikkei",4
2026-05-16,4576,デ・ウエスタン・セラピテクス研究所,デ・ウエスタン・セラピテクス研究所,skip,duplicate,high,"kabutan,nikkei",4
2026-05-16,4576,デ・ウエスタン・セラピテクス研究所,DWセラピ研,skip,duplicate,high,kabutan,2
2026-05-16,4576,デ・ウエスタン・セラピテクス研究所,DWTI,review,new_candidate,low,tdnet,3
2026-05-16,4577,ダイト,ダイト,skip,duplicate,high,"kabutan,nikkei,tdnet",11
2026-05-16,4578,大塚ﾎｰﾙﾃﾞｨﾝｸﾞｽ,大塚HD,skip,duplicate,high,"kabutan,tdnet",10
2026-05-16,4578,大塚ﾎｰﾙﾃﾞｨﾝｸﾞｽ,大塚ホールディングス,skip,duplicate,high,"kabutan,nikkei",4
2026-05-16,4579,ラクオリア創薬,ラクオリア創薬,skip,duplicate,high,"kabutan,nikkei,tdnet",7
2026-05-16,4579,ラクオリア創薬,ラクオリア,skip,duplicate,high,kabutan,2
2026-05-16,4582,シンバイオ製薬,シンバイオ製薬,skip,duplicate,high,"kabutan,nikkei,tdnet",21
2026-05-16,4582,シンバイオ製薬,シンバイオ,skip,duplicate,high,kabutan,2
2026-05-16,4583,カイオム・バイオサイエンス,カイオム,skip,duplicate,high,"kabutan,tdnet",14
2026-05-16,4583,カイオム・バイオサイエンス,カイオム・バイオサイエンス,skip,duplicate,high,"kabutan,nikkei",4
2026-05-16,4584,キッズウェル・バイオ,キッズバイオ,skip,duplicate,high,"kabutan,tdnet",10
2026-05-16,4584,キッズウェル・バイオ,キッズウェル・バイオ,skip,duplicate,high,"kabutan,nikkei",4
2026-05-16,4586,メドレックス,メドレックス,skip,duplicate,high,"kabutan,nikkei",4
2026-05-16,4587,ペプチドリーム,ペプチドリーム,skip,duplicate,high,"kabutan,nikkei,tdnet",7
2026-05-16,4587,ペプチドリーム,ペプドリ,skip,duplicate,high,kabutan,2
2026-05-16,4588,オンコリスバイオファーマ,オンコリスバイオ,skip,duplicate,high,tdnet,8
2026-05-16,4588,オンコリスバイオファーマ,オンコリスバイオファーマ,skip,duplicate,high,"kabutan,nikkei",4
2026-05-16,4588,オンコリスバイオファーマ,オンコリス,skip,duplicate,high,kabutan,2
2026-05-16,4591,リボミック,リボミック,skip,duplicate,high,"kabutan,nikkei,tdnet",13
2026-05-16,4592,サンバイオ,サンバイオ,skip,duplicate,high,"kabutan,nikkei,tdnet",9
2026-05-16,4593,ヘリオス,ヘリオス,skip,duplicate,high,"kabutan,nikkei,tdnet",7
2026-05-16,4594,ブライトパス・バイオ,ブライトパス,skip,duplicate,high,kabutan,8
2026-05-16,4594,ブライトパス・バイオ,ブライトパス・バイオ,skip,duplicate,high,"kabutan,nikkei",4
2026-05-16,4595,ミズホメディー,ミズホメディー,skip,duplicate,high,"kabutan,nikkei",7
2026-05-16,4595,ミズホメディー,ミズホメディ,skip,duplicate,high,kabutan,2
2026-05-16,4596,窪田製薬ﾎｰﾙﾃﾞｨﾝｸﾞｽ,窪田製薬HD,skip,duplicate,high,"kabutan,tdnet",22
2026-05-16,4596,窪田製薬ﾎｰﾙﾃﾞｨﾝｸﾞｽ,窪田製薬ホールディングス,skip,duplicate,high,"kabutan,nikkei",4
2026-05-16,4597,ソレイジア・ファーマ,ソレイジア,skip,duplicate,high,kabutan,7
2026-05-16,4597,ソレイジア・ファーマ,ソレイジア・ファーマ,skip,duplicate,high,"kabutan,nikkei",4
2026-05-16,4598,Delta－Fly Pharma,DELTA-P,skip,duplicate,high,tdnet,11
2026-05-16,4598,Delta－Fly Pharma,Delta-Fly Pharma,skip,duplicate,high,"kabutan,nikkei",5
2026-05-16,4598,Delta－Fly Pharma,デルタフライ,skip,duplicate,high,kabutan,2
2026-05-16,4599,ステムリム,ステムリム,skip,duplicate,high,"kabutan,nikkei,tdnet",10
2026-05-16,460A,BRANU,BRANU,skip,duplicate,high,"kabutan,nikkei,tdnet",10
2026-05-16,4611,大日本塗料,大日塗料,skip,duplicate,high,tdnet,6
2026-05-16,4611,大日本塗料,大日本塗料,skip,duplicate,high,"kabutan,nikkei",4
2026-05-16,4611,大日本塗料,大日塗,skip,duplicate,high,kabutan,2
2026-05-16,4612,日本ペイントﾎｰﾙﾃﾞｨﾝｸﾞｽ,日本ペイントホールディングス,skip,duplicate,high,"kabutan,nikkei",4
2026-05-16,4612,日本ペイントﾎｰﾙﾃﾞｨﾝｸﾞｽ,日本ペHD,skip,duplicate,high,kabutan,2
2026-05-16,4613,関西ペイント,関西ペイント,skip,duplicate,high,"kabutan,nikkei",4
2026-05-16,4613,関西ペイント,関ペイント,skip,duplicate,high,tdnet,3
2026-05-16,4613,関西ペイント,関西ペ,skip,duplicate,high,kabutan,2
2026-05-16,4615,神東塗料,神東塗料,skip,duplicate,high,"kabutan,nikkei,tdnet",9
2026-05-16,4615,神東塗料,神東塗,skip,duplicate,high,kabutan,2
2026-05-16,4616,川上塗料,川上塗料,skip,duplicate,high,"kabutan,nikkei,tdnet",6
2026-05-16,4616,川上塗料,川上塗,skip,duplicate,high,kabutan,2
2026-05-16,4617,中国塗料,中国塗料,skip,duplicate,high,"kabutan,nikkei,tdnet",8
2026-05-16,4617,中国塗料,中国塗,skip,duplicate,high,kabutan,2
2026-05-16,4619,日本特殊塗料,日特塗料,skip,duplicate,high,tdnet,5
2026-05-16,4619,日本特殊塗料,日本特殊塗料,skip,duplicate,high,"kabutan,nikkei",4
2026-05-16,4619,日本特殊塗料,日特塗,skip,duplicate,high,kabutan,2
2026-05-16,4620,藤倉化成,藤倉化,skip,duplicate,high,"kabutan,tdnet",4
2026-05-16,4620,藤倉化成,藤倉化成,skip,duplicate,high,"kabutan,nikkei",4
2026-05-16,4623,アサヒペン,アサヒペン,skip,duplicate,high,"kabutan,nikkei,tdnet",5
2026-05-16,4624,イサム塗料,イサム塗料,skip,duplicate,high,"kabutan,nikkei,tdnet",7
2026-05-16,4624,イサム塗料,イサム,skip,duplicate,high,kabutan,2
2026-05-16,4625,アトミクス,アトミクス,skip,duplicate,high,"kabutan,nikkei",4
2026-05-16,4626,太陽ﾎｰﾙﾃﾞｨﾝｸﾞｽ,太陽HD,skip,duplicate,high,"kabutan,tdnet",10
2026-05-16,4626,太陽ﾎｰﾙﾃﾞｨﾝｸﾞｽ,太陽ホールディングス,skip,duplicate,high,"kabutan,nikkei",4
2026-05-16,4627,ナトコ,ナトコ,skip,duplicate,high,"kabutan,nikkei,tdnet",7
2026-05-16,4628,エスケー化研,エスケー化研,skip,duplicate,high,"kabutan,nikkei,tdnet",7
2026-05-16,4629,大伸化学,大伸化学,skip,duplicate,high,"kabutan,nikkei,tdnet",8
2026-05-16,462A,FUNDINNO,FUNDINNO,skip,duplicate,high,"kabutan,nikkei",5
2026-05-16,462A,FUNDINNO,ファンディノ,skip,duplicate,high,kabutan,2
2026-05-16,4631,DIC,DIC,skip,duplicate,high,"kabutan,nikkei",6
2026-05-16,4633,サカタインクス,サカタインクス,skip,duplicate,high,"kabutan,nikkei,tdnet",11
2026-05-16,4633,サカタインクス,サカタINX,skip,duplicate,high,kabutan,2
2026-05-16,4634,artience,artience,skip,duplicate,high,"kabutan,nikkei,tdnet",13
2026-05-16,4634,artience,artien,skip,duplicate,high,kabutan,2
2026-05-16,4635,東京インキ,東インキ,skip,duplicate,high,kabutan,5
2026-05-16,4635,東京インキ,東京インキ,skip,duplicate,high,"kabutan,nikkei",4
2026-05-16,463A,インテリックスﾎｰﾙﾃﾞｨﾝｸﾞｽ,インテリックスHD,skip,duplicate,high,tdnet,5
2026-05-16,463A,インテリックスﾎｰﾙﾃﾞｨﾝｸﾞｽ,インテリックスホールディングス,skip,duplicate,high,"kabutan,nikkei",4
2026-05-16,463A,インテリックスﾎｰﾙﾃﾞｨﾝｸﾞｽ,インテリクス,skip,duplicate,high,kabutan,2
2026-05-16,4641,アルプス技研,アルプス技研,skip,duplicate,high,"kabutan,nikkei",4
2026-05-16,4641,アルプス技研,アルプス技,skip,duplicate,high,kabutan,3
2026-05-16,4642,オリジナル設計,オリジナル設,skip,duplicate,high,"kabutan,tdnet",4
2026-05-16,4642,オリジナル設計,オリジナル設計,skip,duplicate,high,"kabutan,nikkei",4
2026-05-16,4644,イマジニア,イマジニア,skip,duplicate,high,"kabutan,nikkei",4
2026-05-16,4645,市進ﾎｰﾙﾃﾞｨﾝｸﾞｽ,市進HD,skip,duplicate,high,"kabutan,tdnet",6
2026-05-16,4645,市進ﾎｰﾙﾃﾞｨﾝｸﾞｽ,市進ホールディングス,skip,duplicate,high,"kabutan,nikkei",4
2026-05-16,464A,QPSﾎｰﾙﾃﾞｨﾝｸﾞｽ,QPSHD,skip,duplicate,high,"kabutan,tdnet",13
2026-05-16,464A,QPSﾎｰﾙﾃﾞｨﾝｸﾞｽ,QPSホールディングス,skip,duplicate,high,"kabutan,nikkei",4
2026-05-16,4650,SDエンターテイメント,SDエンターテイメント,skip,duplicate,high,"kabutan,nikkei",4
2026-05-16,4650,SDエンターテイメント,SDエンター,skip,duplicate,high,kabutan,3
2026-05-16,4651,サニックスﾎｰﾙﾃﾞｨﾝｸﾞｽ,サニックスホールディングス,skip,duplicate,high,"kabutan,nikkei",4
2026-05-16,4651,サニックスﾎｰﾙﾃﾞｨﾝｸﾞｽ,サニックスH,skip,duplicate,high,kabutan,2
2026-05-16,4657,環境管理センター,環境管理,skip,duplicate,high,"kabutan,tdnet",4
2026-05-16,4657,環境管理センター,環境管理センター,skip,duplicate,high,"kabutan,nikkei",4
2026-05-16,4658,日本空調サービス,日本空調,skip,duplicate,high,"kabutan,tdnet",5
2026-05-16,4658,日本空調サービス,日本空調サービス,skip,duplicate,high,"kabutan,nikkei",4
2026-05-16,4659,エイジス,エイジス,skip,duplicate,high,"kabutan,nikkei,tdnet",12
2026-05-16,4661,オリエンタルランド,OLC,skip,duplicate,high,"kabutan,tdnet",8
2026-05-16,4661,オリエンタルランド,オリエンタルランド,skip,duplicate,high,"kabutan,nikkei",4
2026-05-16,4662,フォーカスシステムズ,フォーカスシステムズ,skip,duplicate,high,"kabutan,nikkei",6
2026-05-16,4662,フォーカスシステムズ,フォーカス,skip,duplicate,high,kabutan,2
2026-05-16,4664,アール・エス・シー,アール・エス・シー,skip,duplicate,high,"kabutan,tdnet",6
2026-05-16,4664,アール・エス・シー,RSC,skip,duplicate,high,"kabutan,nikkei",4
2026-05-16,4665,ダスキン,ダスキン,skip,duplicate,high,"kabutan,nikkei,tdnet",6
2026-05-16,4666,パーク24,パーク24,skip,duplicate,high,"kabutan,nikkei,tdnet",12
2026-05-16,4667,アイサンテクノロジー,アイサンテクノロジー,skip,duplicate,high,"kabutan,nikkei",4
2026-05-16,4667,アイサンテクノロジー,アイサンテク,skip,duplicate,high,kabutan,2
2026-05-16,4667,アイサンテクノロジー,アイサンテクノロ,skip,duplicate,high,tdnet,2
2026-05-16,4668,明光ネットワークジャパン,明光ネット,skip,duplicate,high,"kabutan,tdnet",11
2026-05-16,4668,明光ネットワークジャパン,明光ネットワークジャパン,skip,duplicate,high,"kabutan,nikkei",4
2026-05-16,4671,ファルコﾎｰﾙﾃﾞｨﾝｸﾞｽ,ファルコHD,skip,duplicate,high,"kabutan,tdnet",5
2026-05-16,4671,ファルコﾎｰﾙﾃﾞｨﾝｸﾞｽ,ファルコホールディングス,skip,duplicate,high,"kabutan,nikkei",4
2026-05-16,4673,川崎地質,川崎地質,skip,duplicate,high,"kabutan,nikkei,tdnet",7
2026-05-16,4674,クレスコ,クレスコ,skip,duplicate,high,"kabutan,nikkei,tdnet",7
2026-05-16,4676,フジ・メディア・ﾎｰﾙﾃﾞｨﾝｸﾞｽ,フジHD,skip,duplicate,high,"kabutan,tdnet",9
2026-05-16,4676,フジ・メディア・ﾎｰﾙﾃﾞｨﾝｸﾞｽ,フジ・メディア・ホールディングス,skip,duplicate,high,"kabutan,nikkei",4
2026-05-16,4678,秀英予備校,秀英,skip,duplicate,high,"kabutan,tdnet",4
2026-05-16,4678,秀英予備校,秀英予備校,skip,duplicate,high,"kabutan,nikkei",4
2026-05-16,4679,田谷,田谷,skip,duplicate,high,"kabutan,nikkei,tdnet",12
2026-05-16,4680,ラウンドワン,ラウンドワン,skip,duplicate,high,"kabutan,nikkei,tdnet",7
2026-05-16,4681,リゾートトラスト,リゾートトラ,skip,duplicate,high,"kabutan,tdnet",6
2026-05-16,4681,リゾートトラスト,リゾートトラスト,skip,duplicate,high,"kabutan,nikkei",4
2026-05-16,4684,オービック,オービック,skip,duplicate,high,"kabutan,nikkei,tdnet",8
2026-05-16,4685,菱友システムズ,菱友システム,skip,duplicate,high,"kabutan,tdnet",4
2026-05-16,4685,菱友システムズ,菱友システムズ,skip,duplicate,high,"kabutan,nikkei",4
2026-05-16,4686,ジャストシステム,ジャストシステム,skip,duplicate,high,"kabutan,nikkei,tdnet",7
2026-05-16,4686,ジャストシステム,ジャスト,skip,duplicate,high,kabutan,2
2026-05-16,4687,TDCソフト,TDCソフト,skip,duplicate,high,"kabutan,nikkei,tdnet",6
2026-05-16,4689,LINEヤフー,LINEヤフー,skip,duplicate,high,"kabutan,nikkei,tdnet",9
2026-05-16,4689,LINEヤフー,ラインヤフー,skip,duplicate,high,kabutan,2
2026-05-16,4690,日本パレットプール,日パレット,skip,duplicate,high,"kabutan,tdnet",7
2026-05-16,4690,日本パレットプール,日本パレットプール,skip,duplicate,high,kabutan,3
2026-05-16,4691,ワシントンホテル,ワシントンホテル,skip,duplicate,high,"kabutan,nikkei,tdnet",8
2026-05-16,4691,ワシントンホテル,ワシントンH,skip,duplicate,high,kabutan,2
2026-05-16,4694,ビー・エム・エル,BML,skip,duplicate,high,kabutan,11
2026-05-16,4694,ビー・エム・エル,ビー・エム・エル,skip,duplicate,high,"kabutan,nikkei",4
2026-05-16,469A,フィットクルー,フィットクルー,skip,duplicate,high,"kabutan,nikkei,tdnet",10
2026-05-16,469A,フィットクルー,フィットクル,skip,duplicate,high,kabutan,2
2026-05-16,4704,トレンドマイクロ,トレンド,skip,duplicate,high,kabutan,4
2026-05-16,4704,トレンドマイクロ,トレンドマイクロ,skip,duplicate,high,"kabutan,nikkei",4
2026-05-16,4705,クリップｺｰﾎﾟﾚｰｼｮﾝ,クリップコーポレーション,skip,duplicate,high,"kabutan,nikkei",4
2026-05-16,4705,クリップｺｰﾎﾟﾚｰｼｮﾝ,クリップ,skip,duplicate,high,kabutan,2
2026-05-16,4707,キタック,キタック,skip,duplicate,high,"kabutan,nikkei",5
2026-05-16,4709,IDﾎｰﾙﾃﾞｨﾝｸﾞｽ,IDホールディングス,skip,duplicate,high,"kabutan,nikkei,tdnet",7
2026-05-16,4709,IDﾎｰﾙﾃﾞｨﾝｸﾞｽ,IDHD,skip,duplicate,high,kabutan,2
2026-05-16,4712,KeyHolder,KeyH,skip,duplicate,high,kabutan,7
2026-05-16,4712,KeyHolder,KeyHolder,skip,duplicate,high,"kabutan,nikkei",5
2026-05-16,4714,リソー教育ｸﾞﾙｰﾌﾟ,リソー教育G,skip,duplicate,high,"kabutan,tdnet",5
2026-05-16,4714,リソー教育ｸﾞﾙｰﾌﾟ,リソー教育グループ,skip,duplicate,high,"kabutan,nikkei",4
2026-05-16,4716,日本オラクル,日本オラクル,skip,duplicate,high,"kabutan,nikkei",6
2026-05-16,4718,早稲田アカデミー,早稲アカ,skip,duplicate,high,"kabutan,tdnet",6
2026-05-16,4718,早稲田アカデミー,早稲田アカデミー,skip,duplicate,high,"kabutan,nikkei",4
2026-05-16,4719,アルファシステムズ,アルファシステムズ,skip,duplicate,high,"kabutan,nikkei,tdnet",8
2026-05-16,4719,アルファシステムズ,アルファ,skip,duplicate,high,kabutan,2
2026-05-16,471A,NSｸﾞﾙｰﾌﾟ,NSグループ,skip,duplicate,high,"kabutan,nikkei,tdnet",6
2026-05-16,4720,城南進学研究社,城南進研,skip,duplicate,high,"kabutan,tdnet",7
2026-05-16,4720,城南進学研究社,城南進学研究社,skip,duplicate,high,"kabutan,nikkei",4
2026-05-16,4722,フューチャー,フューチャー,skip,duplicate,high,"kabutan,nikkei,tdnet",11
2026-05-16,4725,CAC Holdings,CACHD,skip,duplicate,high,tdnet,5
2026-05-16,4725,CAC Holdings,CAC Holdings,skip,duplicate,high,"kabutan,nikkei",4
2026-05-16,4725,CAC Holdings,CAC,skip,duplicate,high,kabutan,3
2026-05-16,4728,トーセ,トーセ,skip,duplicate,high,"kabutan,nikkei,tdnet",9
2026-05-16,472A,ミラティブ,ミラティブ,skip,duplicate,high,"kabutan,nikkei",8
2026-05-16,4732,ユー・エス・エス,USS,skip,duplicate,high,"kabutan,tdnet",8
2026-05-16,4732,ユー・エス・エス,ユー・エス・エス,skip,duplicate,high,"kabutan,nikkei",4
2026-05-16,4733,オービックビジネスコンサルタント,OBC,skip,duplicate,high,"kabutan,tdnet",5
2026-05-16,4733,オービックビジネスコンサルタント,オービックビジネスコンサルタント,skip,duplicate,high,"kabutan,nikkei",4
2026-05-16,4735,京進,京進,skip,duplicate,high,"kabutan,nikkei,tdnet",6
2026-05-16,4736,日本ラッド,日本ラッド,skip,duplicate,high,"kabutan,nikkei,tdnet",7
2026-05-16,4743,アイティフォー,アイティフォー,skip,duplicate,high,"kabutan,nikkei",4
2026-05-16,4743,アイティフォー,ITFOR,skip,duplicate,high,kabutan,3
2026-05-16,4746,東計電算,東計電算,skip,duplicate,high,"kabutan,nikkei,tdnet",14
2026-05-16,4750,ダイサン,ダイサン,skip,duplicate,high,"kabutan,nikkei,tdnet",7
2026-05-16,4751,サイバーエージェント,サイバーエージェント,skip,duplicate,high,"kabutan,nikkei,tdnet",7
2026-05-16,4751,サイバーエージェント,サイバー,skip,duplicate,high,kabutan,2
2026-05-16,4752,昭和システムエンジニアリング,昭和システム,skip,duplicate,high,"kabutan,tdnet",4
2026-05-16,4752,昭和システムエンジニアリング,昭和システムエンジニアリング,skip,duplicate,high,"kabutan,nikkei",4
2026-05-16,4754,トスネット,トスネット,skip,duplicate,high,"kabutan,nikkei",4
2026-05-16,4755,楽天ｸﾞﾙｰﾌﾟ,楽天グループ,skip,duplicate,high,"kabutan,nikkei,tdnet",11
2026-05-16,475A,ギミック,ギミック,skip,duplicate,high,"kabutan,nikkei,tdnet",6
2026-05-16,4760,アルファ,アルファ,skip,duplicate,high,"kabutan,nikkei,tdnet",5
2026-05-16,4760,アルファ,ALPHA,skip,duplicate,high,kabutan,3
2026-05-16,4761,さくらケーシーエス,さくらKCS,skip,duplicate,high,"kabutan,tdnet",13
2026-05-16,4761,さくらケーシーエス,さくらケーシーエス,skip,duplicate,high,"kabutan,nikkei",4
2026-05-16,4762,エックスネット,XNET,skip,duplicate,high,"kabutan,tdnet",6
2026-05-16,4762,エックスネット,エックスネット,skip,duplicate,high,"kabutan,nikkei",4
2026-05-16,4763,クリーク・アンド・リバー社,C&R社,skip,duplicate,high,tdnet,4
2026-05-16,4763,クリーク・アンド・リバー社,クリーク・アンド・リバー社,skip,duplicate,high,"kabutan,nikkei",4
2026-05-16,4763,クリーク・アンド・リバー社,C&R,skip,duplicate,high,kabutan,2
2026-05-16,4765,SBIグローバルアセットマネジメント,SBIGアセットM,skip,duplicate,high,tdnet,7
2026-05-16,4765,SBIグローバルアセットマネジメント,SBIグローバルアセットマネジメント,skip,duplicate,high,"kabutan,nikkei",4
2026-05-16,4765,SBIグローバルアセットマネジメント,SBIGAM,skip,duplicate,high,kabutan,2
2026-05-16,4766,ピーエイ,ピーエイ,skip,duplicate,high,"kabutan,nikkei,tdnet",7
2026-05-16,4767,テー・オー・ダブリュー,テー・オー・ダブリュー,skip,duplicate,high,"kabutan,nikkei",4
2026-05-16,4767,テー・オー・ダブリュー,TOW,skip,duplicate,high,kabutan,3
2026-05-16,4768,大塚商会,大塚商会,skip,duplicate,high,"kabutan,nikkei,tdnet",7
2026-05-16,476A,辻・本郷ITコンサルティング,辻・本郷ITコンサルティング,skip,duplicate,high,"kabutan,nikkei",4
2026-05-16,476A,辻・本郷ITコンサルティング,辻本郷ITC,skip,duplicate,high,kabutan,2
2026-05-16,4771,エフアンドエム,エフアンドエム,skip,duplicate,high,"kabutan,nikkei,tdnet",6
2026-05-16,4771,エフアンドエム,F&M,skip,duplicate,high,kabutan,3
2026-05-16,4772,SM ENTERTAINMENT JAPAN,SM ENTERTAINMENT JAPAN,skip,duplicate,high,"kabutan,nikkei",5
2026-05-16,4772,SM ENTERTAINMENT JAPAN,SM ENTER,skip,duplicate,high,tdnet,4
2026-05-16,4772,SM ENTERTAINMENT JAPAN,SMEJ,skip,duplicate,high,kabutan,2
2026-05-16,4776,サイボウズ,CYBOZU,skip,duplicate,high,tdnet,6
2026-05-16,4776,サイボウズ,サイボウズ,skip,duplicate,high,"kabutan,nikkei",4
2026-05-16,4777,ガーラ,ガーラ,skip,duplicate,high,"kabutan,nikkei,tdnet",10
2026-05-16,477A,スタートライン,スタートライン,skip,duplicate,high,"kabutan,nikkei,tdnet",9
2026-05-16,477A,スタートライン,スタートL,skip,duplicate,high,kabutan,2
2026-05-16,4783,NCD,NCD,skip,duplicate,high,"kabutan,nikkei,tdnet",9
2026-05-16,4784,GMOインターネット,GMOインターネット,skip,duplicate,high,"kabutan,nikkei,tdnet",11
2026-05-16,4784,GMOインターネット,GMOインタ,skip,duplicate,high,kabutan,2
2026-05-16,478A,フツパー,フツパー,skip,duplicate,high,"kabutan,nikkei",5
2026-05-16,4792,山田コンサルティングｸﾞﾙｰﾌﾟ,山田コンサル,skip,duplicate,high,"kabutan,tdnet",5
2026-05-16,4792,山田コンサルティングｸﾞﾙｰﾌﾟ,山田コンサルティンググループ,skip,duplicate,high,"kabutan,nikkei",4
2026-05-16,479A,PRONI,PRONI,skip,duplicate,high,"kabutan,nikkei",5
2026-05-16,4800,オリコン,オリコン,skip,duplicate,high,"kabutan,nikkei,tdnet",9
2026-05-16,4801,セントラルスポーツ,セントラルスポーツ,skip,duplicate,high,"kabutan,nikkei",4
2026-05-16,4801,セントラルスポーツ,セントラルS,skip,duplicate,high,kabutan,2
2026-05-16,4801,セントラルスポーツ,セントラルSP,skip,duplicate,high,tdnet,2
2026-05-16,4809,パラカ,パラカ,skip,duplicate,high,"kabutan,nikkei,tdnet",6
2026-05-16,480A,リブ・コンサルティング,リブコンサル,skip,duplicate,high,kabutan,6
2026-05-16,480A,リブ・コンサルティング,リブ・コンサルティング,skip,duplicate,high,"kabutan,nikkei",4
2026-05-16,4811,ドリーム・アーツ,ドリーム・アーツ,skip,duplicate,high,"kabutan,nikkei",6
2026-05-16,4811,ドリーム・アーツ,ドリムアーツ,skip,duplicate,high,kabutan,2
2026-05-16,4812,電通総研,電通総研,skip,duplicate,high,"kabutan,nikkei,tdnet",7
2026-05-16,4813,ACCESS,ACCESS,skip,duplicate,high,"kabutan,nikkei,tdnet",13
2026-05-16,4814,ネクストウェア,ネクストウェア,skip,duplicate,high,"kabutan,nikkei,tdnet",6
2026-05-16,4814,ネクストウェア,ネクスウェア,skip,duplicate,high,kabutan,2
2026-05-16,4816,東映アニメーション,東映アニメ,skip,duplicate,high,"kabutan,tdnet",7
2026-05-16,4816,東映アニメーション,東映アニメーション,skip,duplicate,high,"kabutan,nikkei",4
2026-05-16,4819,デジタルガレージ,デジタルガレージ,skip,duplicate,high,"kabutan,nikkei,tdnet",8
2026-05-16,4819,デジタルガレージ,Dガレージ,skip,duplicate,high,kabutan,2
2026-05-16,4820,イーエムシステムズ,EMシステムズ,skip,duplicate,high,tdnet,6
2026-05-16,4820,イーエムシステムズ,イーエムシステムズ,skip,duplicate,high,"kabutan,nikkei",4
2026-05-16,4820,イーエムシステムズ,EMシステム,skip,duplicate,high,kabutan,2
2026-05-16,4825,ウェザーニューズ,ウェザーニューズ,skip,duplicate,high,"kabutan,nikkei",4
2026-05-16,4825,ウェザーニューズ,WNIウェザ,skip,duplicate,high,kabutan,2
2026-05-16,4826,CIJ,CIJ,skip,duplicate,high,"kabutan,nikkei,tdnet",8
2026-05-16,4828,ビジネスエンジニアリング,ビジネスエンジニアリング,skip,duplicate,high,"kabutan,nikkei",4
2026-05-16,4828,ビジネスエンジニアリング,ビーエンジ,skip,duplicate,high,kabutan,2
2026-05-16,4829,日本エンタープライズ,日本エンタープライズ,skip,duplicate,high,"kabutan,nikkei,tdnet",9
2026-05-16,4829,日本エンタープライズ,日エンター,skip,duplicate,high,kabutan,2
2026-05-16,4832,JFEシステムズ,JFE-SI,skip,duplicate,high,tdnet,5
2026-05-16,4832,JFEシステムズ,JFEシステムズ,skip,duplicate,high,"kabutan,nikkei",4
2026-05-16,4832,JFEシステムズ,JFEシステ,skip,duplicate,high,kabutan,2
2026-05-16,4833,Def consulting,Def consulting,skip,duplicate,high,"kabutan,nikkei",5
2026-05-16,4833,Def consulting,Defコンサル,skip,duplicate,high,tdnet,4
2026-05-16,4833,Def consulting,Defコン,skip,duplicate,high,kabutan,2
2026-05-16,4838,スペースシャワーSKIYAKIﾎｰﾙﾃﾞｨﾝｸﾞｽ,SSSKHD,skip,duplicate,high,"kabutan,tdnet",4
2026-05-16,4838,スペースシャワーSKIYAKIﾎｰﾙﾃﾞｨﾝｸﾞｽ,スペースシャワーSKIYAKIホールディングス,skip,duplicate,high,"kabutan,nikkei",4
2026-05-16,4839,WOWOW,WOWOW,skip,duplicate,high,"kabutan,nikkei,tdnet",9
2026-05-16,483A,テラテクノロジー,テラテクノロジー,skip,duplicate,high,"kabutan,nikkei",4
2026-05-16,483A,テラテクノロジー,テラテクノ,skip,duplicate,high,kabutan,2
2026-05-16,4840,トライアイズ,トライアイズ,skip,duplicate,high,"kabutan,nikkei,tdnet",19
2026-05-16,4845,スカラ,スカラ,skip,duplicate,high,"kabutan,nikkei",7
2026-05-16,4847,インテリジェント ウェイブ,インテリジェント ウェイブ,skip,duplicate,high,"kabutan,nikkei",4
2026-05-16,4847,インテリジェント ウェイブ,IWI,skip,duplicate,high,tdnet,3
2026-05-16,4847,インテリジェント ウェイブ,インテリW,skip,duplicate,high,kabutan,2
2026-05-16,4848,フルキャストﾎｰﾙﾃﾞｨﾝｸﾞｽ,フルキャストホールディングス,skip,duplicate,high,"kabutan,nikkei",4
2026-05-16,4848,フルキャストﾎｰﾙﾃﾞｨﾝｸﾞｽ,フルキャスト,skip,duplicate,high,kabutan,2
2026-05-16,4849,エン,エン,skip,duplicate,high,"kabutan,nikkei",6
2026-05-16,485A,パワーエックス,パワーエックス,skip,duplicate,high,"kabutan,nikkei,tdnet",22
2026-05-16,485A,パワーエックス,PowerX,skip,duplicate,high,kabutan,3
2026-05-16,4880,セルソース,セルソース,skip,duplicate,high,"kabutan,nikkei,tdnet",9
2026-05-16,4881,ファンペップ,ファンペップ,skip,duplicate,high,"kabutan,nikkei,tdnet",13
2026-05-16,4882,ペルセウスプロテオミクス,ペルセウス,skip,duplicate,high,"kabutan,tdnet",11
2026-05-16,4882,ペルセウスプロテオミクス,ペルセウスプロテオミクス,skip,duplicate,high,"kabutan,nikkei",4
2026-05-16,4883,モダリス,モダリス,skip,duplicate,high,"kabutan,nikkei,tdnet",16
2026-05-16,4884,クリングルファーマ,クリングル,skip,duplicate,high,"kabutan,tdnet",12
2026-05-16,4884,クリングルファーマ,クリングルファーマ,skip,duplicate,high,"kabutan,nikkei",4
2026-05-16,4885,室町ケミカル,室町ケミカル,skip,duplicate,high,"kabutan,nikkei,tdnet",10
2026-05-16,4886,あすか製薬ﾎｰﾙﾃﾞｨﾝｸﾞｽ,あすか製薬HD,skip,duplicate,high,tdnet,8
2026-05-16,4886,あすか製薬ﾎｰﾙﾃﾞｨﾝｸﾞｽ,あすか製薬ホールディングス,skip,duplicate,high,"kabutan,nikkei",4
2026-05-16,4886,あすか製薬ﾎｰﾙﾃﾞｨﾝｸﾞｽ,あすか薬HD,skip,duplicate,high,kabutan,2
2026-05-16,4887,サワイｸﾞﾙｰﾌﾟﾎｰﾙﾃﾞｨﾝｸﾞｽ,サワイグループホールディングス,skip,duplicate,high,"kabutan,nikkei",4
2026-05-16,4887,サワイｸﾞﾙｰﾌﾟﾎｰﾙﾃﾞｨﾝｸﾞｽ,サワイGHD,skip,duplicate,high,kabutan,2
2026-05-16,4888,ステラファーマ,ステラファーマ,skip,duplicate,high,"kabutan,nikkei,tdnet",14
2026-05-16,4888,ステラファーマ,ステラファ,skip,duplicate,high,kabutan,2
2026-05-16,4889,レナサイエンス,レナサイエンス,skip,duplicate,high,"kabutan,nikkei,tdnet",17
2026-05-16,4889,レナサイエンス,レナ,skip,duplicate,high,kabutan,2
2026-05-16,4890,坪田ラボ,坪田ラボ,skip,duplicate,high,"kabutan,nikkei",4
2026-05-16,4891,ティムス,ティムス,skip,duplicate,high,"kabutan,nikkei,tdnet",11
2026-05-16,4892,サイフューズ,サイフューズ,skip,duplicate,high,"kabutan,nikkei,tdnet",11
2026-05-16,4893,ノイルイミューン・バイオテック,ノイルイミューン,skip,duplicate,high,tdnet,4
2026-05-16,4893,ノイルイミューン・バイオテック,ノイルイミューン・バイオテック,skip,duplicate,high,"kabutan,nikkei",4
2026-05-16,4893,ノイルイミューン・バイオテック,ノイル,skip,duplicate,high,kabutan,2
2026-05-16,4894,クオリプス,クオリプス,skip,duplicate,high,"kabutan,nikkei",5
2026-05-16,4896,ケイファーマ,ケイファーマ,skip,duplicate,high,"kabutan,nikkei",8
2026-05-16,4901,富士フイルムﾎｰﾙﾃﾞｨﾝｸﾞｽ,富士フイルム,skip,duplicate,high,"kabutan,tdnet",4
2026-05-16,4901,富士フイルムﾎｰﾙﾃﾞｨﾝｸﾞｽ,富士フイルムホールディングス,skip,duplicate,high,"kabutan,nikkei",4
2026-05-16,4902,コニカミノルタ,コニカミノルタ,skip,duplicate,high,"kabutan,nikkei,tdnet",6
2026-05-16,4902,コニカミノルタ,コニカミノル,skip,duplicate,high,kabutan,2
2026-05-16,4911,資生堂,資生堂,skip,duplicate,high,"kabutan,nikkei,tdnet",11
2026-05-16,4912,ライオン,ライオン,skip,duplicate,high,"kabutan,nikkei,tdnet",6
2026-05-16,4914,高砂香料工業,高砂香料,skip,duplicate,high,tdnet,6
2026-05-16,4914,高砂香料工業,高砂香料工業,skip,duplicate,high,"kabutan,nikkei",4
2026-05-16,4914,高砂香料工業,高砂香,skip,duplicate,high,kabutan,2
2026-05-16,4917,マンダム,マンダム,skip,duplicate,high,"kabutan,tdnet",8
2026-05-16,4918,アイビー化粧品,アイビー,skip,duplicate,high,"kabutan,tdnet",6
2026-05-16,4918,アイビー化粧品,アイビー化粧品,skip,duplicate,high,"kabutan,nikkei",4
2026-05-16,4919,ミルボン,ミルボン,skip,duplicate,high,"kabutan,nikkei,tdnet",6
2026-05-16,4920,日本色材工業研究所,日本色材,skip,duplicate,high,"kabutan,tdnet",8
2026-05-16,4920,日本色材工業研究所,日本色材工業研究所,skip,duplicate,high,"kabutan,nikkei",4
2026-05-16,4922,コーセーﾎｰﾙﾃﾞｨﾝｸﾞｽ,コーセーHD,skip,duplicate,high,"kabutan,tdnet",7
2026-05-16,4922,コーセーﾎｰﾙﾃﾞｨﾝｸﾞｽ,コーセーホールディングス,skip,duplicate,high,"kabutan,nikkei",4
2026-05-16,4923,コタ,COTA,skip,duplicate,high,"kabutan,tdnet",14
2026-05-16,4923,コタ,コタ,skip,duplicate,high,"kabutan,nikkei",4
2026-05-16,4925,ハーバー研究所,HABA,skip,duplicate,high,tdnet,4
2026-05-16,4925,ハーバー研究所,ハーバー研究所,skip,duplicate,high,"kabutan,nikkei",4
2026-05-16,4925,ハーバー研究所,ハーバー研,skip,duplicate,high,kabutan,2
2026-05-16,4926,シーボン,シーボン,skip,duplicate,high,"kabutan,nikkei,tdnet",8
2026-05-16,4927,ポーラ・オルビスﾎｰﾙﾃﾞｨﾝｸﾞｽ,ポーラオルHD,skip,duplicate,high,tdnet,4
2026-05-16,4927,ポーラ・オルビスﾎｰﾙﾃﾞｨﾝｸﾞｽ,ポーラ・オルビスホールディングス,skip,duplicate,high,"kabutan,nikkei",4
2026-05-16,4927,ポーラ・オルビスﾎｰﾙﾃﾞｨﾝｸﾞｽ,ポーラHD,skip,duplicate,high,kabutan,2
2026-05-16,4928,ノエビアﾎｰﾙﾃﾞｨﾝｸﾞｽ,ノエビアホールディングス,skip,duplicate,high,"kabutan,nikkei",4
2026-05-16,4928,ノエビアﾎｰﾙﾃﾞｨﾝｸﾞｽ,ノエビアHD,skip,duplicate,high,"kabutan,tdnet",3
2026-05-16,4929,アジュバンﾎｰﾙﾃﾞｨﾝｸﾞｽ,アジュバンホールディングス,skip,duplicate,high,"kabutan,nikkei",4
2026-05-16,4929,アジュバンﾎｰﾙﾃﾞｨﾝｸﾞｽ,アジュバン,skip,duplicate,high,kabutan,2
2026-05-16,4929,アジュバンﾎｰﾙﾃﾞｨﾝｸﾞｽ,アジュバンHD,add,new_candidate,medium,tdnet,3
2026-05-16,4931,新日本製薬,新日本製薬,skip,duplicate,high,"kabutan,nikkei,tdnet",6
2026-05-16,4932,アルマード,アルマード,skip,duplicate,high,"kabutan,nikkei,tdnet",5
2026-05-16,4933,I－ne,I-ne,skip,duplicate,high,"kabutan,nikkei,tdnet",14
2026-05-16,4934,プレミアアンチエイジング,プレミアアンチエイジング,skip,duplicate,high,"kabutan,nikkei",4
2026-05-16,4934,プレミアアンチエイジング,Pアンチエイ,skip,duplicate,high,kabutan,2
2026-05-16,4935,リベルタ,リベルタ,skip,duplicate,high,"kabutan,nikkei,tdnet",23
2026-05-16,4936,アクシージア,アクシージア,skip,duplicate,high,"kabutan,nikkei",6
2026-05-16,4937,Waqoo,Waqoo,skip,duplicate,high,"kabutan,nikkei,tdnet",8
2026-05-16,4937,Waqoo,ワクー,skip,duplicate,high,kabutan,2
2026-05-16,4951,エステー,エステー,skip,duplicate,high,"kabutan,nikkei,tdnet",9
2026-05-16,4956,コニシ,コニシ,skip,duplicate,high,"kabutan,nikkei,tdnet",7
2026-05-16,4957,ヤスハラケミカル,ヤスハラケミ,skip,duplicate,high,kabutan,3
2026-05-16,4957,ヤスハラケミカル,ヤスハラケミカル,skip,duplicate,high,kabutan,2
2026-05-16,4958,長谷川香料,長谷川香料,skip,duplicate,high,"kabutan,nikkei",4
2026-05-16,4958,長谷川香料,長谷川香,skip,duplicate,high,tdnet,3
2026-05-16,4960,ケミプロ化成,ケミプロ化成,skip,duplicate,high,"kabutan,nikkei,tdnet",5
2026-05-16,4960,ケミプロ化成,ケミプロ,skip,duplicate,high,kabutan,2
2026-05-16,4966,上村工業,上村工業,skip,duplicate,high,"kabutan,nikkei,tdnet",7
2026-05-16,4966,上村工業,上村工,skip,duplicate,high,kabutan,2
2026-05-16,4967,小林製薬,小林製薬,skip,duplicate,high,"kabutan,nikkei,tdnet",7
2026-05-16,4968,荒川化学工業,荒川化学工業,skip,duplicate,high,"kabutan,nikkei",4
2026-05-16,4968,荒川化学工業,荒川化,skip,duplicate,high,kabutan,2
2026-05-16,4970,東洋合成工業,東洋合成,skip,duplicate,high,"kabutan,tdnet",6
2026-05-16,4970,東洋合成工業,東洋合成工業,skip,duplicate,high,"kabutan,nikkei",4
2026-05-16,4971,メック,メック,skip,duplicate,high,"kabutan,nikkei,tdnet",8
2026-05-16,4972,綜研化学,綜研化学,skip,duplicate,high,"kabutan,nikkei,tdnet",6
2026-05-16,4973,日本高純度化学,日本高純度化学,skip,duplicate,high,"kabutan,nikkei",4
2026-05-16,4973,日本高純度化学,高純度化,skip,duplicate,high,tdnet,3
2026-05-16,4973,日本高純度化学,日本高純度,skip,duplicate,high,kabutan,2
2026-05-16,4974,タカラバイオ,タカラバイオ,skip,duplicate,high,"kabutan,nikkei,tdnet",10
2026-05-16,4975,JCU,JCU,skip,duplicate,high,"kabutan,nikkei,tdnet",10
2026-05-16,4976,東洋ドライルーブ,東洋ドライルーブ,skip,duplicate,high,"kabutan,nikkei",4
2026-05-16,4976,東洋ドライルーブ,東洋ドライ,skip,duplicate,high,kabutan,2
2026-05-16,4976,東洋ドライルーブ,ドライルーブ,add,new_candidate,medium,tdnet,1
2026-05-16,4977,新田ゼラチン,新田ゼラチン,skip,duplicate,high,"kabutan,nikkei",4
2026-05-16,4977,新田ゼラチン,ニッタゼラチン,skip,duplicate,high,tdnet,2
2026-05-16,4978,リプロセル,リプロセル,skip,duplicate,high,"kabutan,nikkei",5
2026-05-16,4979,OATアグリオ,OATアグリオ,skip,duplicate,high,"kabutan,nikkei,tdnet",8
2026-05-16,4979,OATアグリオ,OATアグリ,skip,duplicate,high,kabutan,2
2026-05-16,4980,デクセリアルズ,デクセリアルズ,skip,duplicate,high,"kabutan,nikkei,tdnet",6
2026-05-16,4980,デクセリアルズ,デクセリ,skip,duplicate,high,kabutan,2
2026-05-16,4985,アース製薬,アース製薬,skip,duplicate,high,"kabutan,nikkei,tdnet",9
2026-05-16,4990,昭和化学工業,昭和化,skip,duplicate,high,kabutan,4
2026-05-16,4990,昭和化学工業,昭和化学工業,skip,duplicate,high,"kabutan,nikkei",4
2026-05-16,4992,北興化学工業,北興化,skip,duplicate,high,"kabutan,tdnet",8
2026-05-16,4992,北興化学工業,北興化学工業,skip,duplicate,high,"kabutan,nikkei",4
2026-05-16,4994,大成ラミックｸﾞﾙｰﾌﾟ,大成ラミックグループ,skip,duplicate,high,"kabutan,nikkei",4
2026-05-16,4994,大成ラミックｸﾞﾙｰﾌﾟ,大成ラミック,skip,duplicate,high,kabutan,2
2026-05-16,4994,大成ラミックｸﾞﾙｰﾌﾟ,大成ラミックG,skip,duplicate,high,tdnet,2
2026-05-16,4996,クミアイ化学工業,クミアイ化,skip,duplicate,high,kabutan,5
2026-05-16,4996,クミアイ化学工業,クミアイ化学工業,skip,duplicate,high,"kabutan,nikkei",4
2026-05-16,4997,日本農薬,日本農薬,skip,duplicate,high,"kabutan,nikkei",4
2026-05-16,4997,日本農薬,日農薬,skip,duplicate,high,"kabutan,tdnet",3
2026-05-16,4998,フマキラー,フマキラー,skip,duplicate,high,"kabutan,nikkei,tdnet",5
2026-05-16,4998,フマキラー,フマキラ,skip,duplicate,high,kabutan,2
2026-05-16,500A,TOブックス,TOブックス,skip,duplicate,high,"kabutan,nikkei",7
2026-05-16,5010,日本精蝋,日本精蝋,skip,duplicate,high,"kabutan,nikkei",4
2026-05-16,5010,日本精蝋,日精蝋,skip,duplicate,high,kabutan,3
2026-05-16,5011,ニチレキｸﾞﾙｰﾌﾟ,ニチレキグループ,skip,duplicate,high,"kabutan,nikkei",4
2026-05-16,5011,ニチレキｸﾞﾙｰﾌﾟ,ニチレキG,skip,duplicate,high,kabutan,2
2026-05-16,5013,ユシロ,ユシロ,skip,duplicate,high,"kabutan,nikkei,tdnet",5
2026-05-16,5015,ビーピー・カストロール,ビーピー・カストロール,skip,duplicate,high,"kabutan,nikkei",4
2026-05-16,5015,ビーピー・カストロール,BPカストロ,skip,duplicate,high,kabutan,2
2026-05-16,5016,JX金属,JX金属,skip,duplicate,high,"kabutan,nikkei,tdnet",15
2026-05-16,5018,MORESCO,MORESCO,skip,duplicate,high,"kabutan,nikkei,tdnet",7
2026-05-16,5018,MORESCO,MORESC,skip,duplicate,high,kabutan,2
2026-05-16,5019,出光興産,出光興産,skip,duplicate,high,"kabutan,nikkei,tdnet",18
2026-05-16,5020,ENEOSﾎｰﾙﾃﾞｨﾝｸﾞｽ,ENEOS,skip,duplicate,high,"kabutan,tdnet",6
2026-05-16,5020,ENEOSﾎｰﾙﾃﾞｨﾝｸﾞｽ,ENEOSホールディングス,skip,duplicate,high,"kabutan,nikkei",4
2026-05-16,5021,コスモエネルギーﾎｰﾙﾃﾞｨﾝｸﾞｽ,コスモエネルギーHD,skip,duplicate,high,tdnet,5
2026-05-16,5021,コスモエネルギーﾎｰﾙﾃﾞｨﾝｸﾞｽ,コスモエネルギーホールディングス,skip,duplicate,high,"kabutan,nikkei",4
2026-05-16,5021,コスモエネルギーﾎｰﾙﾃﾞｨﾝｸﾞｽ,コスモHD,skip,duplicate,high,kabutan,2
2026-05-16,5025,マーキュリー,マーキュリー,skip,duplicate,high,"kabutan,nikkei,tdnet",12
2026-05-16,5026,トリプルアイズ,トリプルアイズ,skip,duplicate,high,"kabutan,nikkei,tdnet",10
2026-05-16,5026,トリプルアイズ,トリプルアイ,skip,duplicate,high,kabutan,2
2026-05-16,5027,AnyMind Group,AnyMind Group,skip,duplicate,high,"kabutan,nikkei",4
2026-05-16,5027,AnyMind Group,エニマインド,skip,duplicate,high,kabutan,2
2026-05-16,5028,セカンドサイトアナリティカ,セカンドサイト,skip,duplicate,high,tdnet,4
2026-05-16,5028,セカンドサイトアナリティカ,セカンドサイトアナリティカ,skip,duplicate,high,"kabutan,nikkei",4
2026-05-16,5028,セカンドサイトアナリティカ,セカンドX,skip,duplicate,high,kabutan,2
2026-05-16,5029,サークレイス,サークレイス,skip,duplicate,high,"kabutan,nikkei,tdnet",7
2026-05-16,5031,モイ,モイ,skip,duplicate,high,"kabutan,nikkei,tdnet",9
2026-05-16,5032,ANYCOLOR,ANYCOLOR,skip,duplicate,high,"kabutan,nikkei",8
2026-05-16,5032,ANYCOLOR,エニーカラー,skip,duplicate,high,kabutan,2
2026-05-16,5033,ヌーラボ,ヌーラボ,skip,duplicate,high,"kabutan,nikkei,tdnet",9
2026-05-16,5034,unerry,unerry,skip,duplicate,high,"kabutan,nikkei,tdnet",7
2026-05-16,5034,unerry,ウネリー,skip,duplicate,high,kabutan,2
2026-05-16,5035,HOUSEI,HOUSEI,skip,duplicate,high,"kabutan,nikkei,tdnet",10
2026-05-16,5036,日本ビジネスシステムズ,日本ビジネスシステムズ,skip,duplicate,high,"kabutan,nikkei",4
2026-05-16,5036,日本ビジネスシステムズ,日本ビジネスシステム,skip,duplicate,high,tdnet,3
2026-05-16,5036,日本ビジネスシステムズ,JBS,skip,duplicate,high,kabutan,2
2026-05-16,5038,eWeLL,eWeLL,skip,duplicate,high,"kabutan,nikkei,tdnet",11
2026-05-16,504A,イノバセル,イノバセル,skip,duplicate,high,"kabutan,nikkei,tdnet",14
2026-05-16,505A,ギークリー,ギークリー,skip,duplicate,high,"kabutan,nikkei,tdnet",9
2026-05-16,5071,ヴィス,ヴィス,skip,duplicate,high,"kabutan,nikkei,tdnet",6
2026-05-16,5074,テスﾎｰﾙﾃﾞｨﾝｸﾞｽ,テスホールディングス,skip,duplicate,high,"kabutan,nikkei,tdnet",8
2026-05-16,5074,テスﾎｰﾙﾃﾞｨﾝｸﾞｽ,テスHD,skip,duplicate,high,kabutan,2
2026-05-16,5076,インフロニア・ﾎｰﾙﾃﾞｨﾝｸﾞｽ,インフロニアHD,skip,duplicate,high,tdnet,5
2026-05-16,5076,インフロニア・ﾎｰﾙﾃﾞｨﾝｸﾞｽ,インフロニア・ホールディングス,skip,duplicate,high,"kabutan,nikkei",4
2026-05-16,5076,インフロニア・ﾎｰﾙﾃﾞｨﾝｸﾞｽ,インフロニア,skip,duplicate,high,kabutan,2
2026-05-16,5078,セレｺｰﾎﾟﾚｰｼｮﾝ,セレコーポレーション,skip,duplicate,high,"kabutan,nikkei,tdnet",10
2026-05-16,5078,セレｺｰﾎﾟﾚｰｼｮﾝ,セレ,skip,duplicate,high,kabutan,2
2026-05-16,5079,ノバック,ノバック,skip,duplicate,high,"kabutan,nikkei,tdnet",8
2026-05-16,5101,横浜ゴム,横浜ゴム,skip,duplicate,high,"kabutan,nikkei",4
2026-05-16,5101,横浜ゴム,浜ゴム,skip,duplicate,high,"kabutan,tdnet",4
2026-05-16,5103,昭和ﾎｰﾙﾃﾞｨﾝｸﾞｽ,昭和HD,skip,duplicate,high,"kabutan,tdnet",6
2026-05-16,5103,昭和ﾎｰﾙﾃﾞｨﾝｸﾞｽ,昭和ホールディングス,skip,duplicate,high,"kabutan,nikkei",4
2026-05-16,5105,TOYO TIRE,TOYO TIRE,skip,duplicate,high,"kabutan,nikkei",9
2026-05-16,5105,TOYO TIRE,TOYO,skip,duplicate,high,kabutan,2
2026-05-16,5108,ブリヂストン,ブリヂストン,skip,duplicate,high,"kabutan,nikkei",4
2026-05-16,5108,ブリヂストン,ブリヂス,skip,duplicate,high,tdnet,2
2026-05-16,5110,住友ゴム工業,住友ゴム工業,skip,duplicate,high,"kabutan,nikkei",4
2026-05-16,5110,住友ゴム工業,住友ゴム,skip,duplicate,high,tdnet,3
2026-05-16,5110,住友ゴム工業,住友ゴ,skip,duplicate,high,kabutan,2
2026-05-16,5121,藤倉コンポジット,藤コンポ,skip,duplicate,high,"kabutan,tdnet",6
2026-05-16,5121,藤倉コンポジット,藤倉コンポジット,skip,duplicate,high,"kabutan,nikkei",4
2026-05-16,5122,オカモト,オカモト,skip,duplicate,high,"kabutan,nikkei,tdnet",12
2026-05-16,5125,ファインズ,ファインズ,skip,duplicate,high,"kabutan,nikkei",4
2026-05-16,5126,ポーターズ,ポーターズ,skip,duplicate,high,"kabutan,nikkei,tdnet",9
2026-05-16,5129,FIXER,FIXER,skip,duplicate,high,"kabutan,nikkei,tdnet",13
2026-05-16,5131,リンカーズ,リンカーズ,skip,duplicate,high,"kabutan,nikkei",7
2026-05-16,5132,pluszero,pluszero,skip,duplicate,high,"kabutan,nikkei,tdnet",11
2026-05-16,5132,pluszero,プラスゼロ,skip,duplicate,high,kabutan,2
2026-05-16,5133,テリロジーﾎｰﾙﾃﾞｨﾝｸﾞｽ,テリロジーHD,skip,duplicate,high,tdnet,5
2026-05-16,5133,テリロジーﾎｰﾙﾃﾞｨﾝｸﾞｽ,テリロジーホールディングス,skip,duplicate,high,"kabutan,nikkei",4
2026-05-16,5133,テリロジーﾎｰﾙﾃﾞｨﾝｸﾞｽ,テリロジHD,skip,duplicate,high,kabutan,2
2026-05-16,5134,POPER,POPER,skip,duplicate,high,"kabutan,nikkei,tdnet",12
2026-05-16,5136,tripla,tripla,skip,duplicate,high,"kabutan,nikkei",9
2026-05-16,5136,tripla,トリプラ,skip,duplicate,high,kabutan,2
2026-05-16,5137,スマートドライブ,スマートドライブ,skip,duplicate,high,"kabutan,nikkei",4
2026-05-16,5137,スマートドライブ,スマートD,skip,duplicate,high,kabutan,2
2026-05-16,5138,Rebase,Rebase,skip,duplicate,high,"kabutan,nikkei,tdnet",8
2026-05-16,5138,Rebase,リベース,skip,duplicate,high,kabutan,2
2026-05-16,5139,オープンワーク,オープンワーク,skip,duplicate,high,"kabutan,nikkei",9
2026-05-16,5139,オープンワーク,オープンW,skip,duplicate,high,kabutan,2
2026-05-16,5142,アキレス,アキレス,skip,duplicate,high,"kabutan,nikkei",5
2026-05-16,5161,西川ゴム工業,西川ゴム,skip,duplicate,high,"kabutan,tdnet",10
2026-05-16,5161,西川ゴム工業,西川ゴム工業,skip,duplicate,high,"kabutan,nikkei",4
2026-05-16,5162,朝日ラバー,朝日ラバー,skip,duplicate,high,"kabutan,nikkei,tdnet",5
2026-05-16,5184,ニチリン,ニチリン,skip,duplicate,high,"kabutan,nikkei,tdnet",7
2026-05-16,5185,フコク,フコク,skip,duplicate,high,"kabutan,nikkei,tdnet",11
2026-05-16,5186,ニッタ,ニッタ,skip,duplicate,high,"kabutan,nikkei,tdnet",11
2026-05-16,5187,クリエートメディック,クリエート,skip,duplicate,high,"kabutan,tdnet",11
2026-05-16,5187,クリエートメディック,クリエートメディック,skip,duplicate,high,"kabutan,nikkei",4
2026-05-16,5189,櫻護謨,桜ゴム,skip,duplicate,high,kabutan,3
2026-05-16,5189,櫻護謨,桜護謨,skip,duplicate,high,nikkei,2
2026-05-16,5189,櫻護謨,櫻護謨,skip,duplicate,high,kabutan,2
2026-05-16,5192,三ツ星ベルト,三ツ星ベルト,skip,duplicate,high,"kabutan,nikkei",4
2026-05-16,5192,三ツ星ベルト,三星ベ,skip,duplicate,high,kabutan,2
2026-05-16,5194,相模ゴム工業,相模ゴム工業,skip,duplicate,high,"kabutan,nikkei",4
2026-05-16,5194,相模ゴム工業,相模ゴ,skip,duplicate,high,kabutan,2
2026-05-16,5195,バンドー化学,バンドー化学,skip,duplicate,high,"kabutan,nikkei",4
2026-05-16,5195,バンドー化学,バンドー,skip,duplicate,high,kabutan,2
2026-05-16,5199,不二ラテックス,不二ラテックス,skip,duplicate,high,"kabutan,nikkei",4
2026-05-16,5199,不二ラテックス,不二ラテ,skip,duplicate,high,kabutan,2
2026-05-16,5201,AGC,AGC,skip,duplicate,high,"kabutan,nikkei",5
2026-05-16,5202,日本板硝子,板硝子,skip,duplicate,high,"kabutan,tdnet",12
2026-05-16,5202,日本板硝子,日本板硝子,skip,duplicate,high,"kabutan,nikkei",4
2026-05-16,5204,石塚硝子,石塚硝,skip,duplicate,high,"kabutan,tdnet",7
2026-05-16,5204,石塚硝子,石塚硝子,skip,duplicate,high,"kabutan,nikkei",4
2026-05-16,5208,有沢製作所,有沢製,skip,duplicate,high,"kabutan,tdnet",6
2026-05-16,5208,有沢製作所,有沢製作所,skip,duplicate,high,"kabutan,nikkei",4
2026-05-16,5210,日本山村硝子,日山村硝,skip,duplicate,high,"kabutan,tdnet",5
2026-05-16,5210,日本山村硝子,日本山村硝子,skip,duplicate,high,"kabutan,nikkei",4
2026-05-16,5214,日本電気硝子,日電硝,skip,duplicate,high,"kabutan,tdnet",9
2026-05-16,5214,日本電気硝子,日本電気硝子,skip,duplicate,high,"kabutan,nikkei",4
2026-05-16,5216,倉元製作所,倉元,skip,duplicate,high,"kabutan,tdnet",7
2026-05-16,5216,倉元製作所,倉元製作所,skip,duplicate,high,"kabutan,nikkei",4
2026-05-16,5218,オハラ,オハラ,skip,duplicate,high,"kabutan,nikkei",7
2026-05-16,5232,住友大阪セメント,住友大阪,skip,duplicate,high,kabutan,4
2026-05-16,5232,住友大阪セメント,住友大阪セメント,skip,duplicate,high,"kabutan,nikkei",4
2026-05-16,5233,太平洋セメント,太平洋セメ,skip,duplicate,high,"kabutan,tdnet",13
2026-05-16,5233,太平洋セメント,太平洋セメント,skip,duplicate,high,"kabutan,nikkei",4
2026-05-16,5237,ノザワ,ノザワ,skip,duplicate,high,"kabutan,nikkei",8
2026-05-16,5240,monoAI technology,monoAI technology,skip,duplicate,high,"kabutan,nikkei",5
2026-05-16,5240,monoAI technology,monoAI,skip,duplicate,high,"kabutan,tdnet",4
2026-05-16,5242,アイズ,アイズ,skip,duplicate,high,"kabutan,nikkei",5
2026-05-16,5243,note,note,skip,duplicate,high,"kabutan,nikkei,tdnet",15
2026-05-16,5243,note,ノート,skip,duplicate,high,kabutan,2
2026-05-16,5244,jig．jp,jig.jp,skip,duplicate,high,"kabutan,nikkei,tdnet",8
2026-05-16,5246,ELEMENTS,ELEMENTS,skip,duplicate,high,"kabutan,nikkei,tdnet",11
2026-05-16,5246,ELEMENTS,エレメンツ,skip,duplicate,high,kabutan,2
2026-05-16,5247,BTM,BTM,skip,duplicate,high,"kabutan,nikkei,tdnet",7
2026-05-16,5248,テクノロジーズ,テクノロジーズ,skip,duplicate,high,"kabutan,nikkei,tdnet",15
2026-05-16,5248,テクノロジーズ,テクノロジー,skip,duplicate,high,kabutan,2
2026-05-16,5250,GMOプライム・ストラテジー,GMOプライム,skip,duplicate,high,tdnet,5
2026-05-16,5250,GMOプライム・ストラテジー,GMOプライム・ストラテジー,skip,duplicate,high,"kabutan,nikkei",4
2026-05-16,5250,GMOプライム・ストラテジー,GMOプラ,skip,duplicate,high,kabutan,2
2026-05-16,5252,日本ナレッジ,日本ナレッジ,skip,duplicate,high,"kabutan,nikkei,tdnet",5
2026-05-16,5253,カバー,カバー,skip,duplicate,high,"kabutan,nikkei",5
2026-05-16,5254,Arent,Arent,skip,duplicate,high,"kabutan,nikkei,tdnet",9
2026-05-16,5255,モンスターラボ,モンスターラボ,skip,duplicate,high,"kabutan,nikkei,tdnet",23
2026-05-16,5255,モンスターラボ,モンラボ,skip,duplicate,high,kabutan,2
2026-05-16,5256,Fusic,Fusic,skip,duplicate,high,"kabutan,nikkei,tdnet",8
2026-05-16,5256,Fusic,フュージック,skip,duplicate,high,kabutan,2
2026-05-16,5257,ノバシステム,ノバシステム,skip,duplicate,high,"kabutan,nikkei,tdnet",7
2026-05-16,5258,トランザクション・メディア・ネットワークス,トランザクション・メディア・ネットワークス,skip,duplicate,high,"kabutan,nikkei",4
2026-05-16,5258,トランザクション・メディア・ネットワークス,TMN,skip,duplicate,high,kabutan,2
2026-05-16,5259,BBDイニシアティブ,BBDイニシアティブ,skip,duplicate,high,kabutan,3
2026-05-16,5259,BBDイニシアティブ,BBDイニシ,skip,duplicate,high,kabutan,2
2026-05-16,5259,BBDイニシアティブ,BBDI,review,new_candidate,low,tdnet,1
2026-05-16,5261,リソルﾎｰﾙﾃﾞｨﾝｸﾞｽ,リソル,skip,duplicate,high,"kabutan,tdnet",4
2026-05-16,5261,リソルﾎｰﾙﾃﾞｨﾝｸﾞｽ,リソルホールディングス,skip,duplicate,high,"kabutan,nikkei",4
2026-05-16,5262,日本ヒューム,日ヒューム,skip,duplicate,high,tdnet,9
2026-05-16,5262,日本ヒューム,日本ヒューム,skip,duplicate,high,"kabutan,nikkei",4
2026-05-16,5262,日本ヒューム,日ヒュム,skip,duplicate,high,kabutan,2
2026-05-16,5268,旭コンクリート工業,旭コンクリート工業,skip,duplicate,high,"kabutan,nikkei",4
2026-05-16,5268,旭コンクリート工業,旭コン,skip,duplicate,high,kabutan,2
2026-05-16,5269,日本コンクリート工業,日本コンクリート工業,skip,duplicate,high,"kabutan,nikkei",4
2026-05-16,5269,日本コンクリート工業,日コン,skip,duplicate,high,kabutan,2
2026-05-16,5269,日本コンクリート工業,日コンクリ,add,new_candidate,medium,tdnet,1
2026-05-16,5271,トーヨーアサノ,トーヨーアサノ,skip,duplicate,high,"kabutan,nikkei,tdnet",9
2026-05-16,5271,トーヨーアサノ,トーヨアサノ,skip,duplicate,high,kabutan,2
2026-05-16,5273,三谷セキサン,三谷セキサン,skip,duplicate,high,"kabutan,nikkei",4
2026-05-16,5273,三谷セキサン,三谷セキ,skip,duplicate,high,kabutan,2
2026-05-16,5279,日本興業,日本興業,skip,duplicate,high,"kabutan,nikkei,tdnet",9
2026-05-16,5280,ヨシコン,ヨシコン,skip,duplicate,high,"kabutan,nikkei,tdnet",10
2026-05-16,5282,ジオスター,ジオスター,skip,duplicate,high,"kabutan,nikkei",8
2026-05-16,5283,高見澤,高見沢,skip,duplicate,high,"kabutan,nikkei",4
2026-05-16,5283,高見澤,高見澤,skip,duplicate,high,"kabutan,tdnet",4
2026-05-16,5284,ヤマウﾎｰﾙﾃﾞｨﾝｸﾞｽ,ヤマウHD,skip,duplicate,high,"kabutan,tdnet",7
2026-05-16,5284,ヤマウﾎｰﾙﾃﾞｨﾝｸﾞｽ,ヤマウホールディングス,skip,duplicate,high,"kabutan,nikkei",4
2026-05-16,5285,ヤマックス,ヤマックス,skip,duplicate,high,"kabutan,nikkei",8
2026-05-16,5287,イトーヨーギョー,イトーヨーギョー,skip,duplicate,high,"kabutan,nikkei,tdnet",5
2026-05-16,5287,イトーヨーギョー,イトヨーギョ,skip,duplicate,high,kabutan,2
2026-05-16,5288,アジアパイルﾎｰﾙﾃﾞｨﾝｸﾞｽ,アジアパイルホールディングス,skip,duplicate,high,"kabutan,nikkei",4
2026-05-16,5288,アジアパイルﾎｰﾙﾃﾞｨﾝｸﾞｽ,アジアパイル,skip,duplicate,high,kabutan,2
2026-05-16,5288,アジアパイルﾎｰﾙﾃﾞｨﾝｸﾞｽ,アジアパイルHD,skip,duplicate,high,tdnet,2
2026-05-16,5290,ベルテクスｺｰﾎﾟﾚｰｼｮﾝ,ベルテクス,skip,duplicate,high,kabutan,4
2026-05-16,5290,ベルテクスｺｰﾎﾟﾚｰｼｮﾝ,ベルテクスコーポレーション,skip,duplicate,high,"kabutan,nikkei",4
2026-05-16,5301,東海カーボン,東海カーボン,skip,duplicate,high,"kabutan,nikkei,tdnet",11
2026-05-16,5302,日本カーボン,日カーボン,skip,duplicate,high,tdnet,4
2026-05-16,5302,日本カーボン,日本カーボン,skip,duplicate,high,"kabutan,nikkei",4
2026-05-16,5302,日本カーボン,カーボン,skip,duplicate,high,kabutan,2
2026-05-16,5304,SECカーボン,SECカーボン,skip,duplicate,high,"kabutan,nikkei,tdnet",7
2026-05-16,5304,SECカーボン,SECカーボ,skip,duplicate,high,kabutan,2
2026-05-16,5310,東洋炭素,東洋炭素,skip,duplicate,high,"kabutan,nikkei,tdnet",7
2026-05-16,5331,ノリタケ,ノリタケ,skip,duplicate,high,"kabutan,nikkei",4
2026-05-16,5332,TOTO,TOTO,skip,duplicate,high,"kabutan,nikkei,tdnet",11
2026-05-16,5333,日本碍子,NGK,skip,duplicate,high,"kabutan,nikkei,tdnet",10
2026-05-16,5334,日本特殊陶業,日特殊陶,skip,duplicate,high,tdnet,6
2026-05-16,5334,日本特殊陶業,日本特殊陶業,skip,duplicate,high,"kabutan,nikkei",4
2026-05-16,5334,日本特殊陶業,特殊陶,skip,duplicate,high,kabutan,2
2026-05-16,5337,ダントーﾎｰﾙﾃﾞｨﾝｸﾞｽ,ダントーHD,skip,duplicate,high,kabutan,6
2026-05-16,5337,ダントーﾎｰﾙﾃﾞｨﾝｸﾞｽ,ダントーホールディングス,skip,duplicate,high,"kabutan,nikkei",4
2026-05-16,5341,ASAHI EITOﾎｰﾙﾃﾞｨﾝｸﾞｽ,ASAHI EITO,skip,duplicate,high,tdnet,11
2026-05-16,5341,ASAHI EITOﾎｰﾙﾃﾞｨﾝｸﾞｽ,ASAHI EITOホールディングス,skip,duplicate,high,"kabutan,nikkei",4
2026-05-16,5341,ASAHI EITOﾎｰﾙﾃﾞｨﾝｸﾞｽ,アサヒエイト,skip,duplicate,high,kabutan,2
2026-05-16,5344,MARUWA,MARUWA,skip,duplicate,high,"kabutan,nikkei",5
2026-05-16,5351,品川リフラ,品川リフラ,skip,duplicate,high,"kabutan,nikkei,tdnet",7
2026-05-16,5352,黒崎播磨,黒崎播磨,skip,duplicate,high,kabutan,6
2026-05-16,5355,日本坩堝,ルツボ,skip,duplicate,high,kabutan,2
2026-05-16,5355,日本坩堝,日本ルツボ,skip,duplicate,high,nikkei,2
2026-05-16,5355,日本坩堝,日本坩堝,skip,duplicate,high,kabutan,2
2026-05-16,5355,日本坩堝,日坩堝,add,new_candidate,medium,tdnet,1
2026-05-16,5356,美濃窯業,美濃窯業,skip,duplicate,high,"kabutan,nikkei",4
2026-05-16,5356,美濃窯業,美濃窯,skip,duplicate,high,kabutan,2
2026-05-16,5357,ヨータイ,ヨータイ,skip,duplicate,high,"kabutan,nikkei,tdnet",7
2026-05-16,5363,東京窯業,TYK,skip,duplicate,high,"kabutan,nikkei",5
2026-05-16,5367,ニッカトー,ニッカトー,skip,duplicate,high,"kabutan,nikkei,tdnet",9
2026-05-16,5368,日本インシュレーション,日本インシュレ,skip,duplicate,high,tdnet,4
2026-05-16,5368,日本インシュレーション,日本インシュレーション,skip,duplicate,high,"kabutan,nikkei",4
2026-05-16,5368,日本インシュレーション,日本インシュ,skip,duplicate,high,kabutan,2
2026-05-16,5380,新東,新東,skip,duplicate,high,"kabutan,nikkei,tdnet",6
2026-05-16,5381,マイポックス,マイポックス,skip,duplicate,high,"kabutan,nikkei,tdnet",5
2026-05-16,5384,フジミインコーポレーテッド,FUJIMI,skip,duplicate,high,tdnet,8
2026-05-16,5384,フジミインコーポレーテッド,フジミインコーポレーテッド,skip,duplicate,high,"kabutan,nikkei",4
2026-05-16,5384,フジミインコーポレーテッド,フジミインコ,skip,duplicate,high,kabutan,2
2026-05-16,5386,鶴弥,鶴弥,skip,duplicate,high,"kabutan,nikkei,tdnet",8
2026-05-16,5388,クニミネ工業,クニミネ工業,skip,duplicate,high,"kabutan,nikkei,tdnet",7
2026-05-16,5388,クニミネ工業,クニミネ,skip,duplicate,high,kabutan,2
2026-05-16,5391,エーアンドエーマテリアル,A&Aマテリアル,skip,duplicate,high,tdnet,5
2026-05-16,5391,エーアンドエーマテリアル,エーアンドエーマテリアル,skip,duplicate,high,"kabutan,nikkei",4
2026-05-16,5391,エーアンドエーマテリアル,A&AM,skip,duplicate,high,kabutan,2
2026-05-16,5393,ニチアス,ニチアス,skip,duplicate,high,"kabutan,nikkei,tdnet",9
2026-05-16,5401,日本製鉄,日本製鉄,skip,duplicate,high,"kabutan,nikkei,tdnet",12
2026-05-16,5406,神戸製鋼所,神戸鋼,skip,duplicate,high,"kabutan,tdnet",7
2026-05-16,5406,神戸製鋼所,神戸製鋼所,skip,duplicate,high,"kabutan,nikkei",4
2026-05-16,5408,中山製鋼所,中山鋼,skip,duplicate,high,kabutan,6
2026-05-16,5408,中山製鋼所,中山製鋼所,skip,duplicate,high,"kabutan,nikkei",4
2026-05-16,5410,合同製鐵,合同鉄,skip,duplicate,high,"kabutan,tdnet",6
2026-05-16,5410,合同製鐵,合同製鉄,skip,duplicate,high,nikkei,2
2026-05-16,5410,合同製鐵,合同製鐵,skip,duplicate,high,kabutan,2
2026-05-16,5411,JFEﾎｰﾙﾃﾞｨﾝｸﾞｽ,JFE,skip,duplicate,high,"kabutan,tdnet",5
2026-05-16,5411,JFEﾎｰﾙﾃﾞｨﾝｸﾞｽ,JFEホールディングス,skip,duplicate,high,"kabutan,nikkei",4
2026-05-16,5423,東京製鐵,東製鉄,skip,duplicate,high,tdnet,5
2026-05-16,5423,東京製鐵,東京製鉄,skip,duplicate,high,"kabutan,nikkei",4
2026-05-16,5423,東京製鐵,東京製鐵,skip,duplicate,high,kabutan,2
2026-05-16,5440,共英製鋼,共英製鋼,skip,duplicate,high,"kabutan,nikkei,tdnet",5
2026-05-16,5444,大和工業,大和工,skip,duplicate,high,"kabutan,tdnet",8
2026-05-16,5444,大和工業,大和工業,skip,duplicate,high,"kabutan,nikkei",4
2026-05-16,5445,東京鐵鋼,東京鉄,skip,duplicate,high,"kabutan,tdnet",8
2026-05-16,5445,東京鐵鋼,東京鉄鋼,skip,duplicate,high,nikkei,2
2026-05-16,5445,東京鐵鋼,東京鐵鋼,skip,duplicate,high,kabutan,2
2026-05-16,5446,北越メタル,北越メタル,skip,duplicate,high,"kabutan,nikkei",6
2026-05-16,5446,北越メタル,北越メ,skip,duplicate,high,kabutan,2
2026-05-16,5449,大阪製鐵,大阪製鉄,skip,duplicate,high,"kabutan,nikkei,tdnet",12
2026-05-16,5449,大阪製鐵,大阪製鐵,skip,duplicate,high,kabutan,2
2026-05-16,5451,ヨドコウ,ヨドコウ,skip,duplicate,high,"kabutan,nikkei,tdnet",16
2026-05-16,5458,高砂鐵工,高砂鉄,skip,duplicate,high,"kabutan,tdnet",3
2026-05-16,5458,高砂鐵工,高砂鉄工,skip,duplicate,high,nikkei,2
2026-05-16,5458,高砂鐵工,高砂鐵工,skip,duplicate,high,kabutan,2
2026-05-16,5461,中部鋼鈑,中部鋼鈑,skip,duplicate,high,"kabutan,nikkei",8
2026-05-16,5463,丸一鋼管,丸一鋼管,skip,duplicate,high,"kabutan,nikkei,tdnet",6
2026-05-16,5463,丸一鋼管,丸一管,skip,duplicate,high,kabutan,2
2026-05-16,5464,モリ工業,モリ工業,skip,duplicate,high,"kabutan,nikkei,tdnet",6
2026-05-16,5471,大同特殊鋼,大同特鋼,skip,duplicate,high,"kabutan,tdnet",6
2026-05-16,5471,大同特殊鋼,大同特殊鋼,skip,duplicate,high,"kabutan,nikkei",4
2026-05-16,5480,日本冶金工業,冶金工,skip,duplicate,high,"kabutan,tdnet",6
2026-05-16,5480,日本冶金工業,日本冶金工業,skip,duplicate,high,"kabutan,nikkei",4
2026-05-16,5482,愛知製鋼,愛知鋼,skip,duplicate,high,"kabutan,tdnet",7
2026-05-16,5482,愛知製鋼,愛知製鋼,skip,duplicate,high,"kabutan,nikkei",4
2026-05-16,5484,東北特殊鋼,東北鋼,skip,duplicate,high,"kabutan,tdnet",8
2026-05-16,5484,東北特殊鋼,東北特殊鋼,skip,duplicate,high,"kabutan,nikkei",4
2026-05-16,5491,日本金属,日本金属,skip,duplicate,high,"kabutan,nikkei",7
2026-05-16,5491,日本金属,日金属,skip,duplicate,high,kabutan,2
2026-05-16,5527,property technologies,propetec,skip,duplicate,high,tdnet,6
2026-05-16,5527,property technologies,property technologies,skip,duplicate,high,"kabutan,nikkei",5
2026-05-16,5527,property technologies,プロパテクノ,skip,duplicate,high,kabutan,2
2026-05-16,5532,リアルゲイト,リアルゲイト,skip,duplicate,high,"kabutan,nikkei,tdnet",13
2026-05-16,5533,エリッツﾎｰﾙﾃﾞｨﾝｸﾞｽ,エリッツホールディングス,skip,duplicate,high,"kabutan,nikkei",4
2026-05-16,5533,エリッツﾎｰﾙﾃﾞｨﾝｸﾞｽ,エリッツHD,skip,duplicate,high,kabutan,2
2026-05-16,5535,ミガロﾎｰﾙﾃﾞｨﾝｸﾞｽ,ミガロHD,skip,duplicate,high,"kabutan,tdnet",5
2026-05-16,5535,ミガロﾎｰﾙﾃﾞｨﾝｸﾞｽ,ミガロホールディングス,skip,duplicate,high,"kabutan,nikkei",4
2026-05-16,5537,AlbaLink,AlbaLink,skip,duplicate,high,"kabutan,nikkei,tdnet",15
2026-05-16,5537,AlbaLink,アルバリンク,skip,duplicate,high,kabutan,2
2026-05-16,5541,大平洋金属,大平洋金,skip,duplicate,high,tdnet,4
2026-05-16,5541,大平洋金属,大平洋金属,skip,duplicate,high,"kabutan,nikkei",4
2026-05-16,5541,大平洋金属,大平金,skip,duplicate,high,kabutan,2
2026-05-16,5542,新報国マテリアル,新報国マテリアル,skip,duplicate,high,"kabutan,nikkei,tdnet",5
2026-05-16,5542,新報国マテリアル,報国マテリア,skip,duplicate,high,kabutan,2
2026-05-16,5563,新日本電工,新日本電工,skip,duplicate,high,"kabutan,nikkei,tdnet",9
2026-05-16,5570,ジェノバ,ジェノバ,skip,duplicate,high,"kabutan,nikkei",4
2026-05-16,5571,エキサイトﾎｰﾙﾃﾞｨﾝｸﾞｽ,エキサイトホールディングス,skip,duplicate,high,"kabutan,nikkei",4
2026-05-16,5571,エキサイトﾎｰﾙﾃﾞｨﾝｸﾞｽ,エキサイト,skip,duplicate,high,kabutan,2
2026-05-16,5572,Ridge－i,リッジアイ,skip,duplicate,high,"kabutan,tdnet",9
2026-05-16,5572,Ridge－i,Ridge-i,skip,duplicate,high,"kabutan,nikkei",5
2026-05-16,5574,ABEJA,ABEJA,skip,duplicate,high,"kabutan,nikkei,tdnet",9
2026-05-16,5575,Globee,Globee,skip,duplicate,high,"kabutan,nikkei,tdnet",11
2026-05-16,5575,Globee,グロービー,skip,duplicate,high,kabutan,2
2026-05-16,5576,オービーシステム,オービーシステム,skip,duplicate,high,"kabutan,nikkei,tdnet",8
2026-05-16,5576,オービーシステム,OBシステム,skip,duplicate,high,kabutan,2
2026-05-16,5578,ARアドバンストテクノロジ,ARアドバンストテクノロジ,skip,duplicate,high,"kabutan,nikkei",4
2026-05-16,5578,ARアドバンストテクノロジ,ARアドバン,skip,duplicate,high,kabutan,2
2026-05-16,5578,ARアドバンストテクノロジ,ARアドバンスト,add,new_candidate,medium,tdnet,3
2026-05-16,5580,プロディライト,プロディライト,skip,duplicate,high,"kabutan,nikkei,tdnet",9
2026-05-16,5580,プロディライト,プロディ,skip,duplicate,high,kabutan,2
2026-05-16,5582,グリッド,グリッド,skip,duplicate,high,"kabutan,nikkei",4
2026-05-16,5586,Laboro．AI,Laboro.AI,skip,duplicate,high,"kabutan,nikkei,tdnet",8
2026-05-16,5586,Laboro．AI,ラボロAI,skip,duplicate,high,kabutan,2
2026-05-16,5587,インバウンドプラットフォーム,インバウンドプラットフォーム,skip,duplicate,high,"kabutan,nikkei",4
2026-05-16,5587,インバウンドプラットフォーム,インバPF,skip,duplicate,high,kabutan,2
2026-05-16,5588,ファーストアカウンティング,ファーストA,skip,duplicate,high,kabutan,8
2026-05-16,5588,ファーストアカウンティング,ファーストアカウンティング,skip,duplicate,high,"kabutan,nikkei",4
2026-05-16,5589,オートサーバー,オートサーバー,skip,duplicate,high,"kabutan,nikkei,tdnet",10
2026-05-16,5589,オートサーバー,オートサーバ,skip,duplicate,high,kabutan,2
2026-05-16,5590,ネットスターズ,ネットスターズ,skip,duplicate,high,"kabutan,nikkei,tdnet",6
2026-05-16,5590,ネットスターズ,ネットスタズ,skip,duplicate,high,kabutan,2
2026-05-16,5591,AVILEN,AVILEN,skip,duplicate,high,"kabutan,nikkei",11
2026-05-16,5591,AVILEN,アヴィレン,skip,duplicate,high,kabutan,2
2026-05-16,5592,くすりの窓口,くすりの窓口,skip,duplicate,high,"kabutan,nikkei,tdnet",6
2026-05-16,5597,ブルーイノベーション,ブルーイノベーション,skip,duplicate,high,"kabutan,nikkei",4
2026-05-16,5597,ブルーイノベーション,ブルーイノベ,skip,duplicate,high,kabutan,3
2026-05-16,5599,S＆J,S&J,skip,duplicate,high,"kabutan,nikkei,tdnet",14
2026-05-16,5602,栗本鐵工所,栗本鉄,skip,duplicate,high,kabutan,3
2026-05-16,5602,栗本鐵工所,栗本鉄工所,skip,duplicate,high,nikkei,2
2026-05-16,5602,栗本鐵工所,栗本鐵工所,skip,duplicate,high,kabutan,2
2026-05-16,5603,虹技,虹技,skip,duplicate,high,"kabutan,nikkei,tdnet",7
2026-05-16,5609,日本鋳造,日本鋳造,skip,duplicate,high,"kabutan,nikkei",4
2026-05-16,5609,日本鋳造,日鋳造,skip,duplicate,high,"kabutan,tdnet",4
2026-05-16,5612,日本鋳鉄管,日本鋳鉄管,skip,duplicate,high,"kabutan,nikkei",4
2026-05-16,5612,日本鋳鉄管,日鋳鉄管,skip,duplicate,high,tdnet,4
2026-05-16,5612,日本鋳鉄管,鋳鉄管,skip,duplicate,high,kabutan,2
2026-05-16,5616,雨風太陽,雨風太陽,skip,duplicate,high,"kabutan,nikkei",5
2026-05-16,5618,ナイル,ナイル,skip,duplicate,high,"kabutan,nikkei",6
2026-05-16,5619,マーソ,マーソ,skip,duplicate,high,"kabutan,nikkei",6
2026-05-16,5621,ヒューマンテクノロジーズ,ヒューマンテクノロジーズ,skip,duplicate,high,"kabutan,nikkei",4
2026-05-16,5621,ヒューマンテクノロジーズ,ヒューマンT,skip,duplicate,high,kabutan,2
2026-05-16,5631,日本製鋼所,日本製鋼所,skip,duplicate,high,"kabutan,nikkei",4
2026-05-16,5631,日本製鋼所,日製鋼,skip,duplicate,high,kabutan,2
2026-05-16,5632,三菱製鋼,三菱製鋼,skip,duplicate,high,"kabutan,nikkei",8
2026-05-16,5632,三菱製鋼,菱製鋼,skip,duplicate,high,kabutan,2
2026-05-16,5644,メタルアート,メタルアート,skip,duplicate,high,"kabutan,nikkei,tdnet",13
2026-05-16,5658,日亜鋼業,日亜鋼業,skip,duplicate,high,"kabutan,nikkei",4
2026-05-16,5658,日亜鋼業,日亜鋼,skip,duplicate,high,kabutan,2
2026-05-16,5659,日本精線,日精線,skip,duplicate,high,"kabutan,tdnet",5
2026-05-16,5659,日本精線,日本精線,skip,duplicate,high,"kabutan,nikkei",4
2026-05-16,5660,神鋼鋼線工業,神鋼鋼線,skip,duplicate,high,tdnet,4
2026-05-16,5660,神鋼鋼線工業,神鋼鋼線工業,skip,duplicate,high,"kabutan,nikkei",4
2026-05-16,5660,神鋼鋼線工業,神鋼線,skip,duplicate,high,kabutan,2
2026-05-16,5695,パウダーテック,パウダテック,skip,duplicate,high,"kabutan,tdnet",9
2026-05-16,5695,パウダーテック,パウダーテック,skip,duplicate,high,"kabutan,nikkei",4
2026-05-16,5697,サンユウ,サンユウ,skip,duplicate,high,"kabutan,nikkei,tdnet",8
2026-05-16,5698,エンビプロ・ﾎｰﾙﾃﾞｨﾝｸﾞｽ,エンビプロHD,skip,duplicate,high,tdnet,4
2026-05-16,5698,エンビプロ・ﾎｰﾙﾃﾞｨﾝｸﾞｽ,エンビプロ・ホールディングス,skip,duplicate,high,"kabutan,nikkei",4
2026-05-16,5698,エンビプロ・ﾎｰﾙﾃﾞｨﾝｸﾞｽ,エンビプロ,skip,duplicate,high,kabutan,2
2026-05-16,5699,イボキン,イボキン,skip,duplicate,high,"kabutan,nikkei",4
2026-05-16,5702,大紀アルミニウム工業所,大紀アルミニウム工業所,skip,duplicate,high,"kabutan,nikkei",4
2026-05-16,5702,大紀アルミニウム工業所,大紀ア,skip,duplicate,high,kabutan,2
2026-05-16,5702,大紀アルミニウム工業所,大紀アルミ,skip,duplicate,high,tdnet,2
2026-05-16,5703,日本軽金属ﾎｰﾙﾃﾞｨﾝｸﾞｽ,日本軽金属ホールディングス,skip,duplicate,high,"kabutan,nikkei",4
2026-05-16,5703,日本軽金属ﾎｰﾙﾃﾞｨﾝｸﾞｽ,日軽金HD,skip,duplicate,high,kabutan,3
2026-05-16,5704,JMC,JMC,skip,duplicate,high,"kabutan,nikkei,tdnet",9
2026-05-16,5706,三井金属,三井金属,skip,duplicate,high,"kabutan,nikkei",4
2026-05-16,5707,東邦亜鉛,東邦鉛,skip,duplicate,high,"kabutan,tdnet",15
2026-05-16,5707,東邦亜鉛,東邦亜鉛,skip,duplicate,high,"kabutan,nikkei",4
2026-05-16,5711,三菱マテリアル,三菱マ,skip,duplicate,high,kabutan,5
2026-05-16,5711,三菱マテリアル,三菱マテリアル,skip,duplicate,high,"kabutan,nikkei",4
2026-05-16,5713,住友金属鉱山,住友鉱,skip,duplicate,high,"kabutan,tdnet",7
2026-05-16,5713,住友金属鉱山,住友金属鉱山,skip,duplicate,high,"kabutan,nikkei",4
2026-05-16,5714,DOWAﾎｰﾙﾃﾞｨﾝｸﾞｽ,DOWA,skip,duplicate,high,kabutan,4
2026-05-16,5714,DOWAﾎｰﾙﾃﾞｨﾝｸﾞｽ,DOWAホールディングス,skip,duplicate,high,"kabutan,nikkei",4
2026-05-16,5715,古河機械金属,古河機金,skip,duplicate,high,"kabutan,tdnet",5
2026-05-16,5715,古河機械金属,古河機械金属,skip,duplicate,high,"kabutan,nikkei",4
2026-05-16,5721,エス・サイエンス,エスクリプトエナジー,skip,duplicate,high,"kabutan,nikkei,tdnet",10
2026-05-16,5721,エス・サイエンス,Sクリプトエ,skip,duplicate,high,kabutan,2
2026-05-16,5724,アサカ理研,アサカ理研,skip,duplicate,high,"kabutan,nikkei",4
2026-05-16,5726,大阪チタニウムテクノロジーズ,大阪チタ,skip,duplicate,high,"kabutan,tdnet",6
2026-05-16,5726,大阪チタニウムテクノロジーズ,大阪チタニウムテクノロジーズ,skip,duplicate,high,"kabutan,nikkei",4
2026-05-16,5727,東邦チタニウム,邦チタニウム,skip,duplicate,high,tdnet,7
2026-05-16,5727,東邦チタニウム,東邦チタニウム,skip,duplicate,high,"kabutan,nikkei",4
2026-05-16,5727,東邦チタニウム,邦チタ,skip,duplicate,high,kabutan,2
2026-05-16,5729,日本精鉱,日本精鉱,skip,duplicate,high,"kabutan,nikkei",4
2026-05-16,5729,日本精鉱,日精鉱,skip,duplicate,high,"kabutan,tdnet",3
2026-05-16,5741,UACJ,UACJ,skip,duplicate,high,"kabutan,nikkei",5
2026-05-16,5742,エヌアイシ・オートテック,NIC,skip,duplicate,high,"kabutan,tdnet",5
2026-05-16,5742,エヌアイシ・オートテック,エヌアイシ・オートテック,skip,duplicate,high,"kabutan,nikkei",4
2026-05-16,5753,日本伸銅,日本伸銅,skip,duplicate,high,"kabutan,nikkei",4
2026-05-16,5753,日本伸銅,日伸銅,skip,duplicate,high,kabutan,2
2026-05-16,5757,CKサンエツ,CKサンエツ,skip,duplicate,high,"kabutan,nikkei,tdnet",5
2026-05-16,5801,古河電気工業,古河電気工業,skip,duplicate,high,"kabutan,nikkei",4
2026-05-16,5801,古河電気工業,古河電,skip,duplicate,high,kabutan,2
2026-05-16,5802,住友電気工業,住友電気工業,skip,duplicate,high,"kabutan,nikkei",4
2026-05-16,5802,住友電気工業,住友電,skip,duplicate,high,kabutan,2
2026-05-16,5803,フジクラ,フジクラ,skip,duplicate,high,"kabutan,nikkei",10
2026-05-16,5805,SWCC,SWCC,skip,duplicate,high,"kabutan,nikkei",7
2026-05-16,5816,オーナンバ,オーナンバ,skip,duplicate,high,"kabutan,nikkei,tdnet",5
2026-05-16,5817,JMACS,JMACS,skip,duplicate,high,"kabutan,nikkei,tdnet",6
2026-05-16,5819,カナレ電気,カナレ電気,skip,duplicate,high,"kabutan,nikkei,tdnet",7
2026-05-16,5820,三ッ星,三ッ星,skip,duplicate,high,"kabutan,nikkei,tdnet",11
2026-05-16,5821,平河ヒューテック,平河ヒューテ,skip,duplicate,high,"kabutan,tdnet",7
2026-05-16,5821,平河ヒューテック,平河ヒューテック,skip,duplicate,high,"kabutan,nikkei",4
2026-05-16,5830,いよぎんﾎｰﾙﾃﾞｨﾝｸﾞｽ,いよぎんHD,skip,duplicate,high,"kabutan,tdnet",9
2026-05-16,5830,いよぎんﾎｰﾙﾃﾞｨﾝｸﾞｽ,いよぎんホールディングス,skip,duplicate,high,"kabutan,nikkei",4
2026-05-16,5831,しずおかフィナンシャルｸﾞﾙｰﾌﾟ,しずおかFG,skip,duplicate,high,"kabutan,tdnet",11
2026-05-16,5831,しずおかフィナンシャルｸﾞﾙｰﾌﾟ,しずおかフィナンシャルグループ,skip,duplicate,high,"kabutan,nikkei",4
2026-05-16,5832,ちゅうぎんフィナンシャルｸﾞﾙｰﾌﾟ,ちゅうぎんフィナンシャルグループ,skip,duplicate,high,"kabutan,nikkei",4
2026-05-16,5832,ちゅうぎんフィナンシャルｸﾞﾙｰﾌﾟ,ちゅうぎんFG,skip,duplicate,high,tdnet,3
2026-05-16,5832,ちゅうぎんフィナンシャルｸﾞﾙｰﾌﾟ,ちゅうぎんF,skip,duplicate,high,kabutan,2
2026-05-16,5834,SBIリーシングサービス,SBIリーシング,skip,duplicate,high,tdnet,8
2026-05-16,5834,SBIリーシングサービス,SBIリーシングサービス,skip,duplicate,high,"kabutan,nikkei",4
2026-05-16,5834,SBIリーシングサービス,SBIリーシ,skip,duplicate,high,kabutan,2
2026-05-16,5838,楽天銀行,楽天銀行,skip,duplicate,high,"kabutan,nikkei,tdnet",9
2026-05-16,5838,楽天銀行,楽天銀,skip,duplicate,high,kabutan,2
2026-05-16,5842,インテグラル,インテグラル,skip,duplicate,high,"kabutan,nikkei,tdnet",13
2026-05-16,5843,ニッポンインシュア,ニッポンインシュア,skip,duplicate,high,"kabutan,nikkei",4
2026-05-16,5843,ニッポンインシュア,インシュア,skip,duplicate,high,kabutan,2
2026-05-16,5844,京都フィナンシャルｸﾞﾙｰﾌﾟ,京都FG,skip,duplicate,high,"kabutan,tdnet",10
2026-05-16,5844,京都フィナンシャルｸﾞﾙｰﾌﾟ,京都フィナンシャルグループ,skip,duplicate,high,"kabutan,nikkei",4
2026-05-16,5845,全保連,全保連,skip,duplicate,high,"kabutan,nikkei,tdnet",7
2026-05-16,5851,リョービ,リョービ,skip,duplicate,high,"kabutan,nikkei,tdnet",5
2026-05-16,5852,アーレスティ,アーレスティ,skip,duplicate,high,"kabutan,nikkei",5
2026-05-16,5856,エルアイイーエイチ,エルアイイーエイチ,skip,duplicate,high,"kabutan,nikkei,tdnet",18
2026-05-16,5856,エルアイイーエイチ,LIEH,skip,duplicate,high,kabutan,2
2026-05-16,5857,AREﾎｰﾙﾃﾞｨﾝｸﾞｽ,AREHD,skip,duplicate,high,"kabutan,tdnet",8
2026-05-16,5857,AREﾎｰﾙﾃﾞｨﾝｸﾞｽ,AREホールディングス,skip,duplicate,high,"kabutan,nikkei",4
2026-05-16,5858,STG,STG,skip,duplicate,high,"kabutan,nikkei",5
2026-05-16,5867,エスネットワークス,エスネット,skip,duplicate,high,"kabutan,tdnet",8
2026-05-16,5867,エスネットワークス,エスネットワークス,skip,duplicate,high,"kabutan,nikkei",4
2026-05-16,5868,ロココ,ロココ,skip,duplicate,high,"kabutan,nikkei,tdnet",6
2026-05-16,5869,早稲田学習研究会,早稲田学習研究会,skip,duplicate,high,"kabutan,nikkei,tdnet",7
2026-05-16,5869,早稲田学習研究会,早稲田学習研,skip,duplicate,high,kabutan,2
2026-05-16,5870,ナルネットコミュニケーションズ,ナルネット,skip,duplicate,high,kabutan,4
2026-05-16,5870,ナルネットコミュニケーションズ,ナルネットコミュニケーションズ,skip,duplicate,high,"kabutan,nikkei",4
2026-05-16,5871,SOLIZE Holdings,SOLIZE Holdings,skip,duplicate,high,"kabutan,nikkei",4
2026-05-16,5871,SOLIZE Holdings,SOLIZE,skip,duplicate,high,kabutan,3
2026-05-16,5871,SOLIZE Holdings,SOLIZE HD,skip,duplicate,high,tdnet,2
2026-05-16,5884,クラダシ,クラダシ,skip,duplicate,high,"kabutan,nikkei,tdnet",6
2026-05-16,5885,ジーデップ・アドバンス,ジーデップ・アドバンス,skip,duplicate,high,"kabutan,nikkei,tdnet",10
2026-05-16,5885,ジーデップ・アドバンス,ジーデップ,skip,duplicate,high,kabutan,2
2026-05-16,5888,DAIWA CYCLE,ダイワサイクル,skip,duplicate,high,tdnet,7
2026-05-16,5888,DAIWA CYCLE,DAIWA CYCLE,skip,duplicate,high,"kabutan,nikkei",5
2026-05-16,5888,DAIWA CYCLE,Dサイクル,skip,duplicate,high,kabutan,2
2026-05-16,5889,Japan Eyewear Holdings,JEH,skip,duplicate,high,kabutan,8
2026-05-16,5889,Japan Eyewear Holdings,Japan Eyewear Holdings,skip,duplicate,high,"kabutan,nikkei",4
2026-05-16,5891,魁力屋,魁力屋,skip,duplicate,high,"kabutan,nikkei",6
2026-05-16,5892,yutori,yutori,skip,duplicate,high,"kabutan,nikkei,tdnet",14
2026-05-16,5892,yutori,ユトリ,skip,duplicate,high,kabutan,2
2026-05-16,5900,ダイケン,ダイケン,skip,duplicate,high,"kabutan,nikkei,tdnet",7
2026-05-16,5901,東洋製罐ｸﾞﾙｰﾌﾟﾎｰﾙﾃﾞｨﾝｸﾞｽ,洋缶HD,skip,duplicate,high,"kabutan,tdnet",10
2026-05-16,5901,東洋製罐ｸﾞﾙｰﾌﾟﾎｰﾙﾃﾞｨﾝｸﾞｽ,東洋製缶グループホールディングス,skip,duplicate,high,nikkei,2
2026-05-16,5901,東洋製罐ｸﾞﾙｰﾌﾟﾎｰﾙﾃﾞｨﾝｸﾞｽ,東洋製罐グループホールディングス,skip,duplicate,high,kabutan,2
2026-05-16,5902,ホッカンﾎｰﾙﾃﾞｨﾝｸﾞｽ,ホッカンHD,skip,duplicate,high,"kabutan,tdnet",5
2026-05-16,5902,ホッカンﾎｰﾙﾃﾞｨﾝｸﾞｽ,ホッカンホールディングス,skip,duplicate,high,"kabutan,nikkei",4
2026-05-16,5903,シンポ,SHINPO,skip,duplicate,high,"kabutan,nikkei,tdnet",11
2026-05-16,5903,シンポ,シンポ,skip,duplicate,high,kabutan,2
2026-05-16,5905,日本製罐,日缶,skip,duplicate,high,tdnet,7
2026-05-16,5905,日本製罐,日カン,skip,duplicate,high,kabutan,2
2026-05-16,5905,日本製罐,日本製缶,skip,duplicate,high,nikkei,2
2026-05-16,5905,日本製罐,日本製罐,skip,duplicate,high,kabutan,2
2026-05-16,5906,エムケー精工,エムケー精工,skip,duplicate,high,"kabutan,nikkei,tdnet",6
2026-05-16,5909,コロナ,コロナ,skip,duplicate,high,"kabutan,nikkei,tdnet",7
2026-05-16,5911,横河ブリッジﾎｰﾙﾃﾞｨﾝｸﾞｽ,横河ブリッジホールディングス,skip,duplicate,high,"kabutan,nikkei",4
2026-05-16,5911,横河ブリッジﾎｰﾙﾃﾞｨﾝｸﾞｽ,横河ブHD,skip,duplicate,high,kabutan,3
2026-05-16,5915,駒井ハルテック,駒井ハルテック,skip,duplicate,high,"kabutan,nikkei,tdnet",8
2026-05-16,5915,駒井ハルテック,駒井ハルテク,skip,duplicate,high,kabutan,2
2026-05-16,5918,瀧上工業,滝上工,skip,duplicate,high,"kabutan,tdnet",3
2026-05-16,5918,瀧上工業,滝上工業,skip,duplicate,high,nikkei,2
2026-05-16,5918,瀧上工業,瀧上工業,skip,duplicate,high,kabutan,2
2026-05-16,5921,川岸工業,川岸工業,skip,duplicate,high,"kabutan,nikkei",4
2026-05-16,5921,川岸工業,川岸工,skip,duplicate,high,"kabutan,tdnet",3
2026-05-16,5922,那須電機鉄工,那須鉄,skip,duplicate,high,"kabutan,tdnet",6
2026-05-16,5922,那須電機鉄工,那須電機鉄工,skip,duplicate,high,"kabutan,nikkei",4
2026-05-16,5923,高田機工,高田機工,skip,duplicate,high,"kabutan,nikkei",5
2026-05-16,5923,高田機工,高田機,skip,duplicate,high,kabutan,2
2026-05-16,5928,アルメタックス,アルメタックス,skip,duplicate,high,"kabutan,nikkei,tdnet",8
2026-05-16,5928,アルメタックス,アルメタクス,skip,duplicate,high,kabutan,2
2026-05-16,5929,三和ﾎｰﾙﾃﾞｨﾝｸﾞｽ,三和HD,skip,duplicate,high,"kabutan,tdnet",7
2026-05-16,5929,三和ﾎｰﾙﾃﾞｨﾝｸﾞｽ,三和ホールディングス,skip,duplicate,high,"kabutan,nikkei",4
2026-05-16,5930,文化シヤッター,文化シヤッター,skip,duplicate,high,"kabutan,nikkei",4
2026-05-16,5930,文化シヤッター,文化シヤタ,skip,duplicate,high,kabutan,2
2026-05-16,5932,三協立山,三協立山,skip,duplicate,high,"kabutan,nikkei,tdnet",9
2026-05-16,5933,アルインコ,アルインコ,skip,duplicate,high,"kabutan,nikkei,tdnet",10
2026-05-16,5936,東洋シヤッター,東洋シヤッター,skip,duplicate,high,"kabutan,nikkei",4
2026-05-16,5936,東洋シヤッター,洋シヤター,skip,duplicate,high,tdnet,3
2026-05-16,5936,東洋シヤッター,洋シヤタ,skip,duplicate,high,kabutan,2
2026-05-16,5938,LIXIL,LIXIL,skip,duplicate,high,"kabutan,nikkei,tdnet",10
2026-05-16,5939,大谷工業,大谷工業,skip,duplicate,high,"kabutan,nikkei,tdnet",6
2026-05-16,5940,不二サッシ,不二サッシ,skip,duplicate,high,"kabutan,nikkei",5
2026-05-16,5941,中西製作所,中西製作所,skip,duplicate,high,"kabutan,nikkei,tdnet",8
2026-05-16,5941,中西製作所,中西製,skip,duplicate,high,kabutan,2
2026-05-16,5942,日本フイルコン,日本フイルコン,skip,duplicate,high,"kabutan,nikkei",4
2026-05-16,5942,日本フイルコン,フイルコン,skip,duplicate,high,kabutan,2
2026-05-16,5943,ノーリツ,ノーリツ,skip,duplicate,high,"kabutan,nikkei,tdnet",10
2026-05-16,5945,天龍製鋸,天龍製鋸,skip,duplicate,high,"kabutan,nikkei",5
2026-05-16,5945,天龍製鋸,天竜製鋸,skip,duplicate,high,kabutan,2
2026-05-16,5946,長府製作所,長府製作所,skip,duplicate,high,"kabutan,nikkei",4
2026-05-16,5946,長府製作所,長府製,skip,duplicate,high,"kabutan,tdnet",3
2026-05-16,5947,リンナイ,リンナイ,skip,duplicate,high,"kabutan,nikkei",6
2026-05-16,5949,ユニプレス,ユニプレス,skip,duplicate,high,"kabutan,nikkei,tdnet",9
2026-05-16,5950,日本パワーファスニング,日本パワーファス,skip,duplicate,high,tdnet,4
2026-05-16,5950,日本パワーファスニング,日本パワーファスニング,skip,duplicate,high,"kabutan,nikkei",4
2026-05-16,5950,日本パワーファスニング,パワーファス,skip,duplicate,high,kabutan,2
2026-05-16,5951,ダイニチ工業,ダイニチ工業,skip,duplicate,high,"kabutan,nikkei",4
2026-05-16,5951,ダイニチ工業,ダイニチ工,skip,duplicate,high,tdnet,3
2026-05-16,5952,アマテイ,アマテイ,skip,duplicate,high,"kabutan,nikkei",4
2026-05-16,5955,ワイズﾎｰﾙﾃﾞｨﾝｸﾞｽ,ワイズHD,skip,duplicate,high,"kabutan,tdnet",5
2026-05-16,5955,ワイズﾎｰﾙﾃﾞｨﾝｸﾞｽ,ワイズホールディングス,skip,duplicate,high,"kabutan,nikkei",4
2026-05-16,5956,トーソー,トーソー,skip,duplicate,high,"kabutan,nikkei,tdnet",5
2026-05-16,5957,日東精工,日東精工,skip,duplicate,high,"kabutan,nikkei",4
2026-05-16,5957,日東精工,日東精,skip,duplicate,high,kabutan,2
2026-05-16,5958,三洋工業,三洋工,skip,duplicate,high,"kabutan,tdnet",9
2026-05-16,5958,三洋工業,三洋工業,skip,duplicate,high,"kabutan,nikkei",4
2026-05-16,5959,岡部,岡部,skip,duplicate,high,"kabutan,nikkei,tdnet",12
2026-05-16,5962,浅香工業,浅香工業,skip,duplicate,high,"kabutan,nikkei",4
2026-05-16,5962,浅香工業,浅香工,skip,duplicate,high,kabutan,2
2026-05-16,5965,フジマック,フジマック,skip,duplicate,high,"kabutan,nikkei,tdnet",7
2026-05-16,5966,京都機械工具,京都機械工具,skip,duplicate,high,tdnet,6
2026-05-16,5966,京都機械工具,KTC,skip,duplicate,high,"kabutan,nikkei",4
2026-05-16,5967,TONE,TONE,skip,duplicate,high,"kabutan,nikkei,tdnet",6
2026-05-16,5969,ロブテックス,ロブテックス,skip,duplicate,high,"kabutan,nikkei",5
2026-05-16,5970,ジーテクト,ジーテクト,skip,duplicate,high,"kabutan,nikkei,tdnet",6
2026-05-16,5971,共和工業所,共和工業所,skip,duplicate,high,"kabutan,nikkei",4
2026-05-16,5971,共和工業所,共和工業,skip,duplicate,high,kabutan,3
2026-05-16,5973,トーアミ,トーアミ,skip,duplicate,high,"kabutan,nikkei,tdnet",7
2026-05-16,5974,中国工業,中国工業,skip,duplicate,high,"kabutan,nikkei",4
2026-05-16,5974,中国工業,中国工,skip,duplicate,high,kabutan,2
2026-05-16,5975,東プレ,東プレ,skip,duplicate,high,"kabutan,nikkei,tdnet",10
2026-05-16,5976,高周波熱錬,ネツレン,skip,duplicate,high,"kabutan,nikkei",8
2026-05-16,5976,高周波熱錬,高周波熱錬,skip,duplicate,high,kabutan,2
2026-05-16,5981,東京製綱,東京製綱,skip,duplicate,high,"kabutan,nikkei",4
2026-05-16,5981,東京製綱,東京綱,skip,duplicate,high,kabutan,2
2026-05-16,5982,マルゼン,マルゼン,skip,duplicate,high,"kabutan,nikkei,tdnet",8
2026-05-16,5983,イワブチ,イワブチ,skip,duplicate,high,"kabutan,nikkei,tdnet",6
2026-05-16,5984,兼房,兼房,skip,duplicate,high,"kabutan,nikkei,tdnet",6
2026-05-16,5985,サンコール,サンコール,skip,duplicate,high,"kabutan,nikkei,tdnet",7
2026-05-16,5986,モリテック スチール,モリテック,skip,duplicate,high,kabutan,6
2026-05-16,5986,モリテック スチール,モリテック スチール,skip,duplicate,high,"kabutan,nikkei",4
2026-05-16,5987,オーネックス,オーネックス,skip,duplicate,high,"kabutan,nikkei,tdnet",5
2026-05-16,5988,パイオラックス,パイオラックス,skip,duplicate,high,"kabutan,nikkei,tdnet",14
2026-05-16,5988,パイオラックス,パイオラック,skip,duplicate,high,kabutan,2
2026-05-16,5989,エイチワン,エイチワン,skip,duplicate,high,"kabutan,nikkei,tdnet",7
2026-05-16,5990,スーパーツール,スーパーツール,skip,duplicate,high,"kabutan,nikkei,tdnet",9
2026-05-16,5990,スーパーツール,スーパツール,skip,duplicate,high,kabutan,2
2026-05-16,5991,日本発條,ニッパツ,skip,duplicate,high,"kabutan,nikkei,tdnet",7
2026-05-16,5992,中央発條,中央発条,skip,duplicate,high,"nikkei,tdnet",8
2026-05-16,5992,中央発條,中央発條,skip,duplicate,high,kabutan,2
2026-05-16,5992,中央発條,中発条,skip,duplicate,high,kabutan,2
2026-05-16,5994,ファインシンター,ファインシンター,skip,duplicate,high,"kabutan,nikkei,tdnet",12
2026-05-16,5994,ファインシンター,ファインシン,skip,duplicate,high,kabutan,2
2026-05-16,5997,協立エアテック,協立エアテク,skip,duplicate,high,"kabutan,tdnet",4
2026-05-16,5997,協立エアテック,協立エアテック,skip,duplicate,high,"kabutan,nikkei",4
2026-05-16,5998,アドバネクス,アドバネクス,skip,duplicate,high,"kabutan,nikkei,tdnet",9
2026-05-16,6005,三浦工業,三浦工業,skip,duplicate,high,"kabutan,nikkei",4
2026-05-16,6005,三浦工業,三浦工,skip,duplicate,high,kabutan,2
2026-05-16,6013,タクマ,タクマ,skip,duplicate,high,"kabutan,nikkei",7
2026-05-16,6016,ジャパンエンジンｺｰﾎﾟﾚｰｼｮﾝ,ジャパンエンジンコーポレーション,skip,duplicate,high,"kabutan,nikkei",4
2026-05-16,6016,ジャパンエンジンｺｰﾎﾟﾚｰｼｮﾝ,ジャパンエン,skip,duplicate,high,kabutan,2
2026-05-16,6018,阪神内燃機工業,阪神内燃機工業,skip,duplicate,high,"kabutan,nikkei,tdnet",7
2026-05-16,6018,阪神内燃機工業,阪神燃,skip,duplicate,high,kabutan,2
2026-05-16,6022,赤阪鐵工所,赤阪鉄,skip,duplicate,high,"kabutan,tdnet",3
2026-05-16,6022,赤阪鐵工所,赤阪鉄工所,skip,duplicate,high,nikkei,2
2026-05-16,6022,赤阪鐵工所,赤阪鐵工所,skip,duplicate,high,kabutan,2
2026-05-16,6023,ダイハツインフィニアース,ダイハツインフィ,skip,duplicate,high,tdnet,4
2026-05-16,6023,ダイハツインフィニアース,ダイハツインフィニアース,skip,duplicate,high,"kabutan,nikkei",4
2026-05-16,6023,ダイハツインフィニアース,ダイハツイン,skip,duplicate,high,kabutan,2
2026-05-16,6027,弁護士ドットコム,弁護士ドットコム,skip,duplicate,high,"kabutan,nikkei,tdnet",8
2026-05-16,6027,弁護士ドットコム,弁護士COM,skip,duplicate,high,kabutan,2
2026-05-16,6029,アトラｸﾞﾙｰﾌﾟ,アトラG,skip,duplicate,high,"kabutan,tdnet",6
2026-05-16,6029,アトラｸﾞﾙｰﾌﾟ,アトラグループ,skip,duplicate,high,"kabutan,nikkei",4
2026-05-16,6030,アドベンチャー,アドベンチャー,skip,duplicate,high,"kabutan,nikkei,tdnet",8
2026-05-16,6030,アドベンチャー,アドベンチャ,skip,duplicate,high,kabutan,2
2026-05-16,6031,ZETA,ZETA,skip,duplicate,high,"kabutan,nikkei,tdnet",13
2026-05-16,6033,エクストリーム,エクストリーム,skip,duplicate,high,"kabutan,nikkei",5
2026-05-16,6033,エクストリーム,エクストリム,skip,duplicate,high,kabutan,2
2026-05-16,6034,MRT,MRT,skip,duplicate,high,"kabutan,nikkei,tdnet",12
2026-05-16,6035,アイ・アールジャパンﾎｰﾙﾃﾞｨﾝｸﾞｽ,アイ・アールジャパンホールディングス,skip,duplicate,high,"kabutan,nikkei",4
2026-05-16,6035,アイ・アールジャパンﾎｰﾙﾃﾞｨﾝｸﾞｽ,IRジャパン,skip,duplicate,high,kabutan,2
2026-05-16,6036,KeePer技研,KeePer技研,skip,duplicate,high,"kabutan,nikkei,tdnet",8
2026-05-16,6036,KeePer技研,KeePer,skip,duplicate,high,kabutan,2
2026-05-16,6037,楽待,楽待,skip,duplicate,high,"kabutan,nikkei,tdnet",10
2026-05-16,6038,イード,イード,skip,duplicate,high,"kabutan,nikkei",5
2026-05-16,6039,日本動物高度医療センター,日本動物高度医療,skip,duplicate,high,tdnet,7
2026-05-16,6039,日本動物高度医療センター,日本動物高度医療センター,skip,duplicate,high,"kabutan,nikkei",4
2026-05-16,6039,日本動物高度医療センター,動物高度医療,skip,duplicate,high,kabutan,2
2026-05-16,6040,日本スキー場開発,日本スキー,skip,duplicate,high,"kabutan,tdnet",7
2026-05-16,6040,日本スキー場開発,日本スキー場開発,skip,duplicate,high,"kabutan,nikkei",4
2026-05-16,6042,ニッキ,ニッキ,skip,duplicate,high,"kabutan,nikkei,tdnet",5
2026-05-16,6044,三機サービス,三機サービス,skip,duplicate,high,"kabutan,nikkei,tdnet",6
2026-05-16,6045,レントラックス,レントラックス,skip,duplicate,high,"kabutan,nikkei,tdnet",8
2026-05-16,6045,レントラックス,レントラクス,skip,duplicate,high,kabutan,2
2026-05-16,6046,リンクバル,リンクバル,skip,duplicate,high,"kabutan,nikkei,tdnet",11
2026-05-16,6047,Gunosy,Gunosy,skip,duplicate,high,"kabutan,nikkei,tdnet",7
2026-05-16,6049,イトクロ,イトクロ,skip,duplicate,high,"kabutan,nikkei",6
2026-05-16,6050,イー・ガーディアン,イー・ガーディアン,skip,duplicate,high,"kabutan,nikkei",4
2026-05-16,6050,イー・ガーディアン,Eガーディアン,skip,duplicate,high,tdnet,2
2026-05-16,6050,イー・ガーディアン,イーガーディ,skip,duplicate,high,kabutan,2
2026-05-16,6054,リブセンス,リブセンス,skip,duplicate,high,"kabutan,nikkei",5
2026-05-16,6055,ジャパンマテリアル,Jマテリアル,skip,duplicate,high,"kabutan,tdnet",6
2026-05-16,6055,ジャパンマテリアル,ジャパンマテリアル,skip,duplicate,high,"kabutan,nikkei",4
2026-05-16,6058,ベクトル,ベクトル,skip,duplicate,high,"kabutan,nikkei,tdnet",9
2026-05-16,6059,ウチヤマﾎｰﾙﾃﾞｨﾝｸﾞｽ,ウチヤマHD,skip,duplicate,high,"kabutan,tdnet",12
2026-05-16,6059,ウチヤマﾎｰﾙﾃﾞｨﾝｸﾞｽ,ウチヤマホールディングス,skip,duplicate,high,"kabutan,nikkei",4
2026-05-16,6061,ユニバーサル園芸社,ユニバーサル園芸社,skip,duplicate,high,"kabutan,nikkei",4
2026-05-16,6061,ユニバーサル園芸社,ユニバー園芸,skip,duplicate,high,kabutan,2
2026-05-16,6062,チャーム・ケア・ｺｰﾎﾟﾚｰｼｮﾝ,チャームケア,skip,duplicate,high,"kabutan,tdnet",5
2026-05-16,6062,チャーム・ケア・ｺｰﾎﾟﾚｰｼｮﾝ,チャーム・ケア・コーポレーション,skip,duplicate,high,"kabutan,nikkei",4
2026-05-16,6063,日本エマージェンシーアシスタンス,EAJ,skip,duplicate,high,kabutan,5
2026-05-16,6063,日本エマージェンシーアシスタンス,日本エマージェンシーアシスタンス,skip,duplicate,high,"kabutan,nikkei",4
2026-05-16,6069,トレンダーズ,トレンダーズ,skip,duplicate,high,"kabutan,nikkei",4
2026-05-16,6069,トレンダーズ,トレンダ,skip,duplicate,high,kabutan,2
2026-05-16,6070,キャリアリンク,キャリアリンク,skip,duplicate,high,"kabutan,nikkei,tdnet",8
2026-05-16,6070,キャリアリンク,キャリアL,skip,duplicate,high,kabutan,2
2026-05-16,6071,IBJ,IBJ,skip,duplicate,high,"kabutan,nikkei,tdnet",11
2026-05-16,6072,地盤ネットﾎｰﾙﾃﾞｨﾝｸﾞｽ,地盤ネットHD,skip,duplicate,high,tdnet,8
2026-05-16,6072,地盤ネットﾎｰﾙﾃﾞｨﾝｸﾞｽ,地盤ネットホールディングス,skip,duplicate,high,"kabutan,nikkei",4
2026-05-16,6072,地盤ネットﾎｰﾙﾃﾞｨﾝｸﾞｽ,地盤HD,skip,duplicate,high,kabutan,2
2026-05-16,6073,アサンテ,アサンテ,skip,duplicate,high,"kabutan,nikkei,tdnet",7
2026-05-16,6074,ジェイエスエス,JSS,skip,duplicate,high,"kabutan,tdnet",6
2026-05-16,6074,ジェイエスエス,ジェイエスエス,skip,duplicate,high,"kabutan,nikkei",4
2026-05-16,6078,バリューHR,バリューHR,skip,duplicate,high,"kabutan,nikkei,tdnet",11
2026-05-16,6080,M＆Aキャピタルパートナーズ,M&Aキャピタルパートナーズ,skip,duplicate,high,"kabutan,nikkei",4
2026-05-16,6080,M＆Aキャピタルパートナーズ,M&Aキャピタル,skip,duplicate,high,tdnet,3
2026-05-16,6080,M＆Aキャピタルパートナーズ,M&Aキャピ,skip,duplicate,high,kabutan,2
2026-05-16,6081,アライドアーキテクツ,アライドアーキ,skip,duplicate,high,tdnet,19
2026-05-16,6081,アライドアーキテクツ,アライドアーキテクツ,skip,duplicate,high,"kabutan,nikkei",4
2026-05-16,6081,アライドアーキテクツ,アライドアキ,skip,duplicate,high,kabutan,2
2026-05-16,6082,ライドオンエクスプレスﾎｰﾙﾃﾞｨﾝｸﾞｽ,ライドオンエクスプレスホールディングス,skip,duplicate,high,"kabutan,nikkei",4
2026-05-16,6082,ライドオンエクスプレスﾎｰﾙﾃﾞｨﾝｸﾞｽ,ライドオンE,skip,duplicate,high,kabutan,2
2026-05-16,6083,ERIﾎｰﾙﾃﾞｨﾝｸﾞｽ,ERIHD,skip,duplicate,high,"kabutan,tdnet",5
2026-05-16,6083,ERIﾎｰﾙﾃﾞｨﾝｸﾞｽ,ERIホールディングス,skip,duplicate,high,"kabutan,nikkei",4
2026-05-16,6085,アーキテクツ・スタジオ・ジャパン,アーキテクツSJ,skip,duplicate,high,tdnet,10
2026-05-16,6085,アーキテクツ・スタジオ・ジャパン,アーキテクツ・スタジオ・ジャパン,skip,duplicate,high,"kabutan,nikkei",4
2026-05-16,6085,アーキテクツ・スタジオ・ジャパン,アーキテクツ,skip,duplicate,high,kabutan,2
2026-05-16,6086,シンメンテﾎｰﾙﾃﾞｨﾝｸﾞｽ,シンメンテホールディングス,skip,duplicate,high,"kabutan,nikkei",4
2026-05-16,6086,シンメンテﾎｰﾙﾃﾞｨﾝｸﾞｽ,シンメンテHD,skip,duplicate,high,tdnet,3
2026-05-16,6086,シンメンテﾎｰﾙﾃﾞｨﾝｸﾞｽ,シンメンテ,skip,duplicate,high,kabutan,2
2026-05-16,6087,アビスト,アビスト,skip,duplicate,high,"kabutan,nikkei,tdnet",7
2026-05-16,6088,シグマクシス・ﾎｰﾙﾃﾞｨﾝｸﾞｽ,シグマクシスHD,skip,duplicate,high,tdnet,8
2026-05-16,6088,シグマクシス・ﾎｰﾙﾃﾞｨﾝｸﾞｽ,シグマクシス・ホールディングス,skip,duplicate,high,"kabutan,nikkei",4
2026-05-16,6088,シグマクシス・ﾎｰﾙﾃﾞｨﾝｸﾞｽ,シグマクシス,skip,duplicate,high,kabutan,2
2026-05-16,6089,ウィルｸﾞﾙｰﾌﾟ,ウィルグループ,skip,duplicate,high,"kabutan,nikkei",5
2026-05-16,6089,ウィルｸﾞﾙｰﾌﾟ,ウィルG,skip,duplicate,high,kabutan,2
2026-05-16,6090,ヒューマン・メタボローム・テクノロジーズ,HMT,skip,duplicate,high,"kabutan,tdnet",4
2026-05-16,6090,ヒューマン・メタボローム・テクノロジーズ,ヒューマン・メタボローム・テクノロジーズ,skip,duplicate,high,"kabutan,nikkei",4
2026-05-16,6091,ウエスコﾎｰﾙﾃﾞｨﾝｸﾞｽ,ウエスコHD,skip,duplicate,high,"kabutan,tdnet",6
2026-05-16,6091,ウエスコﾎｰﾙﾃﾞｨﾝｸﾞｽ,ウエスコホールディングス,skip,duplicate,high,"kabutan,nikkei",4
2026-05-16,6092,エンバイオ・ﾎｰﾙﾃﾞｨﾝｸﾞｽ,エンバイオHD,skip,duplicate,high,tdnet,8
2026-05-16,6092,エンバイオ・ﾎｰﾙﾃﾞｨﾝｸﾞｽ,エンバイオ・ホールディングス,skip,duplicate,high,"kabutan,nikkei",4
2026-05-16,6092,エンバイオ・ﾎｰﾙﾃﾞｨﾝｸﾞｽ,エンバイオH,skip,duplicate,high,kabutan,2
2026-05-16,6093,エスクロー・エージェント・ジャパン,エスクロー・エージェント・ジャパン,skip,duplicate,high,"kabutan,nikkei",4
2026-05-16,6093,エスクロー・エージェント・ジャパン,エスクロAJ,skip,duplicate,high,kabutan,2
2026-05-16,6093,エスクロー・エージェント・ジャパン,エスクローAJ,add,new_candidate,medium,tdnet,2
2026-05-16,6094,フリークアウト・ﾎｰﾙﾃﾞｨﾝｸﾞｽ,フリークアウト・ホールディングス,skip,duplicate,high,"kabutan,nikkei",4
2026-05-16,6094,フリークアウト・ﾎｰﾙﾃﾞｨﾝｸﾞｽ,フリークHD,skip,duplicate,high,kabutan,2
2026-05-16,6096,レアジョブ,レアジョブ,skip,duplicate,high,"kabutan,nikkei,tdnet",9
2026-05-16,6098,リクルートﾎｰﾙﾃﾞｨﾝｸﾞｽ,リクルートHD,skip,duplicate,high,tdnet,6
2026-05-16,6098,リクルートﾎｰﾙﾃﾞｨﾝｸﾞｽ,リクルートホールディングス,skip,duplicate,high,"kabutan,nikkei",4
2026-05-16,6098,リクルートﾎｰﾙﾃﾞｨﾝｸﾞｽ,リクルート,skip,duplicate,high,kabutan,2
2026-05-16,6099,エラン,エラン,skip,duplicate,high,"kabutan,nikkei,tdnet",7
2026-05-16,6101,ツガミ,ツガミ,skip,duplicate,high,"kabutan,nikkei,tdnet",6
2026-05-16,6103,オークマ,オークマ,skip,duplicate,high,"kabutan,nikkei,tdnet",9
2026-05-16,6104,芝浦機械,芝浦機械,skip,duplicate,high,"kabutan,nikkei",4
2026-05-16,6104,芝浦機械,芝浦機,skip,duplicate,high,kabutan,2
2026-05-16,6113,アマダ,アマダ,skip,duplicate,high,"kabutan,nikkei",7
2026-05-16,6118,アイダエンジニアリング,アイダ,skip,duplicate,high,"kabutan,tdnet",7
2026-05-16,6118,アイダエンジニアリング,アイダエンジニアリング,skip,duplicate,high,"kabutan,nikkei",4
2026-05-16,6125,岡本工作機械製作所,岡本工作機械製作所,skip,duplicate,high,"kabutan,nikkei",4
2026-05-16,6125,岡本工作機械製作所,岡本工,skip,duplicate,high,kabutan,2
2026-05-16,6134,FUJI,FUJI,skip,duplicate,high,"kabutan,nikkei,tdnet",6
2026-05-16,6135,牧野フライス製作所,牧野フライス,skip,duplicate,high,tdnet,10
2026-05-16,6135,牧野フライス製作所,牧野フライス製作所,skip,duplicate,high,"kabutan,nikkei",4
2026-05-16,6135,牧野フライス製作所,牧野フ,skip,duplicate,high,kabutan,2
2026-05-16,6136,オーエスジー,OSG,skip,duplicate,high,"kabutan,nikkei,tdnet",7
2026-05-16,6137,小池酸素工業,小池酸工,skip,duplicate,high,tdnet,4
2026-05-16,6137,小池酸素工業,小池酸素工業,skip,duplicate,high,"kabutan,nikkei",4
2026-05-16,6137,小池酸素工業,小池工,skip,duplicate,high,kabutan,2
2026-05-16,6138,ダイジェット工業,ダイジェット工業,skip,duplicate,high,"kabutan,nikkei",4
2026-05-16,6138,ダイジェット工業,ダイジェト,skip,duplicate,high,kabutan,2
2026-05-16,6140,旭ダイヤモンド工業,旭ダイヤ,skip,duplicate,high,"kabutan,tdnet",6
2026-05-16,6140,旭ダイヤモンド工業,旭ダイヤモンド工業,skip,duplicate,high,"kabutan,nikkei",4
2026-05-16,6141,DMG森精機,DMG森精機,skip,duplicate,high,"kabutan,nikkei,tdnet",10
2026-05-16,6143,ソディック,ソディック,skip,duplicate,high,"kabutan,nikkei,tdnet",9
2026-05-16,6144,西部電機,西部電機,skip,duplicate,high,"kabutan,nikkei",4
2026-05-16,6145,NITTOKU,NITTOKU,skip,duplicate,high,"kabutan,nikkei,tdnet",13
2026-05-16,6145,NITTOKU,NITTOK,skip,duplicate,high,kabutan,2
2026-05-16,6146,ディスコ,ディスコ,skip,duplicate,high,"kabutan,nikkei,tdnet",7
2026-05-16,6147,ヤマザキ,ヤマザキ,skip,duplicate,high,"kabutan,nikkei,tdnet",7
2026-05-16,6149,小田原エンジニアリング,小田原エンジニアリング,skip,duplicate,high,"kabutan,nikkei",4
2026-05-16,6149,小田原エンジニアリング,小田原エンジ,skip,duplicate,high,kabutan,2
2026-05-16,6149,小田原エンジニアリング,小田原エン,add,new_candidate,medium,tdnet,2
2026-05-16,6150,タケダ機械,タケダ機械,skip,duplicate,high,"kabutan,nikkei,tdnet",5
2026-05-16,6151,日東工器,日東工器,skip,duplicate,high,"kabutan,nikkei",5
2026-05-16,6155,高松機械工業,高松機械,skip,duplicate,high,"kabutan,tdnet",4
2026-05-16,6155,高松機械工業,高松機械工業,skip,duplicate,high,"kabutan,nikkei",4
2026-05-16,6156,エーワン精密,エーワン精密,skip,duplicate,high,"kabutan,nikkei,tdnet",5
2026-05-16,6157,日進工具,日進工具,skip,duplicate,high,"kabutan,nikkei,tdnet",12
2026-05-16,6158,和井田製作所,和井田,skip,duplicate,high,"kabutan,tdnet",4
2026-05-16,6158,和井田製作所,和井田製作所,skip,duplicate,high,"kabutan,nikkei",4
2026-05-16,6159,ミクロン精密,ミクロン精密,skip,duplicate,high,"kabutan,nikkei,tdnet",6
2026-05-16,6159,ミクロン精密,ミクロン,skip,duplicate,high,kabutan,2
2026-05-16,6161,エスティック,エスティック,skip,duplicate,high,"kabutan,nikkei,tdnet",7
2026-05-16,6165,パンチ工業,パンチ,skip,duplicate,high,"kabutan,tdnet",10
2026-05-16,6165,パンチ工業,パンチ工業,skip,duplicate,high,"kabutan,nikkei",4
2026-05-16,6166,中村超硬,中村超硬,skip,duplicate,high,"kabutan,nikkei,tdnet",13
2026-05-16,6167,冨士ダイス,冨士ダイス,skip,duplicate,high,"kabutan,nikkei,tdnet",5
2026-05-16,6171,土木管理総合試験所,土木管理総合試験所,skip,duplicate,high,"kabutan,nikkei",4
2026-05-16,6171,土木管理総合試験所,土木管理,skip,duplicate,high,kabutan,2
2026-05-16,6173,アクアライン,アクアライン,skip,duplicate,high,"kabutan,nikkei,tdnet",17
2026-05-16,6176,ブランジスタ,ブランジスタ,skip,duplicate,high,"kabutan,nikkei",6
2026-05-16,6177,AppBank,AppBank,skip,duplicate,high,"kabutan,nikkei,tdnet",12
2026-05-16,6177,AppBank,アップバンク,skip,duplicate,high,kabutan,2
2026-05-16,6178,日本郵政,日本郵政,skip,duplicate,high,"kabutan,nikkei",10
2026-05-16,6180,GMOメディア,GMOメディア,skip,duplicate,high,"kabutan,nikkei,tdnet",6
2026-05-16,6180,GMOメディア,GMOメディ,skip,duplicate,high,kabutan,2
2026-05-16,6181,タメニー,タメニー,skip,duplicate,high,"kabutan,nikkei",7
2026-05-16,6182,メタリアル,メタリアル,skip,duplicate,high,"kabutan,nikkei,tdnet",12
2026-05-16,6183,ベルシステム24ﾎｰﾙﾃﾞｨﾝｸﾞｽ,ベル24HD,skip,duplicate,high,"kabutan,tdnet",9
2026-05-16,6183,ベルシステム24ﾎｰﾙﾃﾞｨﾝｸﾞｽ,ベルシステム24ホールディングス,skip,duplicate,high,"kabutan,nikkei",4
2026-05-16,6184,鎌倉新書,鎌倉新書,skip,duplicate,high,"kabutan,nikkei",8
2026-05-16,6185,SMN,SMN,skip,duplicate,high,"kabutan,nikkei,tdnet",10
2026-05-16,6186,一蔵,一蔵,skip,duplicate,high,"kabutan,nikkei,tdnet",6
2026-05-16,6189,グローバルキッズCOMPANY,グローバルキッズCOMPANY,skip,duplicate,high,"kabutan,nikkei",4
2026-05-16,6189,グローバルキッズCOMPANY,Gキッズ,skip,duplicate,high,kabutan,2
2026-05-16,6190,フェニックスバイオ,フェニックスバイオ,skip,duplicate,high,"kabutan,nikkei",4
2026-05-16,6190,フェニックスバイオ,フェニクスB,skip,duplicate,high,kabutan,2
2026-05-16,6191,エアトリ,エアトリ,skip,duplicate,high,"kabutan,nikkei",6
2026-05-16,6193,バーチャレクス・ﾎｰﾙﾃﾞｨﾝｸﾞｽ,バーチャレクス・ホールディングス,skip,duplicate,high,"kabutan,nikkei",4
2026-05-16,6193,バーチャレクス・ﾎｰﾙﾃﾞｨﾝｸﾞｽ,バーチャレク,skip,duplicate,high,kabutan,2
2026-05-16,6193,バーチャレクス・ﾎｰﾙﾃﾞｨﾝｸﾞｽ,バーチャレクス,add,new_candidate,medium,tdnet,4
2026-05-16,6194,アトラエ,アトラエ,skip,duplicate,high,"kabutan,nikkei,tdnet",7
2026-05-16,6195,ホープ,ホープ,skip,duplicate,high,"kabutan,nikkei,tdnet",14
2026-05-16,6196,ストライク,ストライクG,skip,duplicate,high,"kabutan,tdnet",7
2026-05-16,6196,ストライク,ストライクグループ,skip,duplicate,high,"kabutan,nikkei",4
2026-05-16,6197,ソラスト,ソラスト,skip,duplicate,high,"kabutan,nikkei,tdnet",15
2026-05-16,6198,キャリア,キャリア,skip,duplicate,high,"kabutan,nikkei,tdnet",7
2026-05-16,6198,キャリア,Career,skip,duplicate,high,kabutan,3
2026-05-16,6199,セラク,セラク,skip,duplicate,high,"kabutan,nikkei,tdnet",11
2026-05-16,6200,インソース,インソース,skip,duplicate,high,"kabutan,nikkei,tdnet",9
2026-05-16,6201,豊田自動織機,豊田織,skip,duplicate,high,"kabutan,tdnet",17
2026-05-16,6201,豊田自動織機,豊田自動織機,skip,duplicate,high,"kabutan,nikkei",4
2026-05-16,6203,豊和工業,豊和工業,skip,duplicate,high,"kabutan,nikkei",4
2026-05-16,6203,豊和工業,豊和工,skip,duplicate,high,"kabutan,tdnet",3
2026-05-16,6208,石川製作所,石川製,skip,duplicate,high,"kabutan,tdnet",6
2026-05-16,6208,石川製作所,石川製作所,skip,duplicate,high,"kabutan,nikkei",4
2026-05-16,6209,リケンNPR,リケンNPR,skip,duplicate,high,"kabutan,nikkei,tdnet",7
2026-05-16,6210,TOYOイノベックス,TOYOイノベックス,skip,duplicate,high,kabutan,4
2026-05-16,6210,TOYOイノベックス,TOYOイノ,skip,duplicate,high,kabutan,2
2026-05-16,6217,津田駒工業,津田駒工業,skip,duplicate,high,"kabutan,nikkei",4
2026-05-16,6217,津田駒工業,津田駒,skip,duplicate,high,kabutan,2
2026-05-16,6217,津田駒工業,津田駒工,add,new_candidate,medium,tdnet,1
2026-05-16,6218,エンシュウ,エンシュウ,skip,duplicate,high,"kabutan,nikkei",5
2026-05-16,6222,島精機製作所,島精機,skip,duplicate,high,"kabutan,tdnet",9
2026-05-16,6222,島精機製作所,島精機製作所,skip,duplicate,high,"kabutan,nikkei",4
2026-05-16,6223,西部技研,西部技研,skip,duplicate,high,"kabutan,nikkei,tdnet",8
2026-05-16,6224,JRC,JRC,skip,duplicate,high,"kabutan,nikkei,tdnet",11
2026-05-16,6226,守谷輸送機工業,守谷輸送機工業,skip,duplicate,high,"kabutan,nikkei,tdnet",10
2026-05-16,6226,守谷輸送機工業,守谷輸送機,skip,duplicate,high,kabutan,2
2026-05-16,6227,AIメカテック,AIメカテック,skip,duplicate,high,"kabutan,nikkei",4
2026-05-16,6227,AIメカテック,AIメカ,skip,duplicate,high,kabutan,2
2026-05-16,6228,ジェイ・イー・ティ,ジェイ・イー・ティ,skip,duplicate,high,"kabutan,nikkei,tdnet",12
2026-05-16,6228,ジェイ・イー・ティ,JET,skip,duplicate,high,kabutan,3
2026-05-16,6229,オーケーエム,オーケーエム,skip,duplicate,high,"kabutan,nikkei",4
2026-05-16,6230,SANEI,SANEI,skip,duplicate,high,"kabutan,nikkei,tdnet",7
2026-05-16,6231,木村工機,木村工機,skip,duplicate,high,"kabutan,nikkei,tdnet",9
2026-05-16,6232,ACSL,ACSL,skip,duplicate,high,"kabutan,nikkei,tdnet",15
2026-05-16,6233,KLASS,KLASS,skip,duplicate,high,"kabutan,nikkei",5
2026-05-16,6235,オプトラン,オプトラン,skip,duplicate,high,"kabutan,nikkei,tdnet",10
2026-05-16,6237,イワキポンプ,イワキポンプ,skip,duplicate,high,"kabutan,nikkei,tdnet",10
2026-05-16,6237,イワキポンプ,イワキ,skip,duplicate,high,kabutan,2
2026-05-16,6238,フリュー,フリュー,skip,duplicate,high,"kabutan,nikkei,tdnet",14
2026-05-16,6239,ナガオカ,ナガオカ,skip,duplicate,high,"kabutan,nikkei,tdnet",8
2026-05-16,6240,ヤマシンフィルタ,ヤマシンフィルタ,skip,duplicate,high,"kabutan,nikkei",4
2026-05-16,6240,ヤマシンフィルタ,ヤマシン―F,skip,duplicate,high,kabutan,2
2026-05-16,6245,ヒラノテクシード,ヒラノテクシード,skip,duplicate,high,"kabutan,nikkei,tdnet",9
2026-05-16,6245,ヒラノテクシード,ヒラノテク,skip,duplicate,high,kabutan,2
2026-05-16,6246,テクノスマート,テクノスマート,skip,duplicate,high,"kabutan,nikkei,tdnet",10
2026-05-16,6246,テクノスマート,Tスマート,skip,duplicate,high,kabutan,2
2026-05-16,6247,日阪製作所,日阪製作所,skip,duplicate,high,"kabutan,nikkei",4
2026-05-16,6247,日阪製作所,日阪製,skip,duplicate,high,kabutan,2
2026-05-16,6248,横田製作所,横田製作所,skip,duplicate,high,"kabutan,nikkei,tdnet",7
2026-05-16,6248,横田製作所,横田製,skip,duplicate,high,kabutan,2
2026-05-16,6249,ゲームカードﾎｰﾙﾃﾞｨﾝｸﾞｽ,ゲームカードホールディングス,skip,duplicate,high,"kabutan,nikkei",4
2026-05-16,6249,ゲームカードﾎｰﾙﾃﾞｨﾝｸﾞｽ,ゲームカード,skip,duplicate,high,kabutan,2
2026-05-16,6250,やまびこ,やまびこ,skip,duplicate,high,"kabutan,nikkei",6
2026-05-16,6254,野村マイクロ・サイエンス,野村マイクロ・サイエンス,skip,duplicate,high,"kabutan,nikkei",4
2026-05-16,6254,野村マイクロ・サイエンス,野村マイクロ,skip,duplicate,high,kabutan,2
2026-05-16,6255,エヌ・ピー・シー,エヌ・ピー・シー,skip,duplicate,high,"kabutan,nikkei",6
2026-05-16,6255,エヌ・ピー・シー,NPC,skip,duplicate,high,tdnet,4
2026-05-16,6257,藤商事,藤商事,skip,duplicate,high,"kabutan,nikkei,tdnet",8
2026-05-16,6258,平田機工,平田機工,skip,duplicate,high,"kabutan,nikkei",5
2026-05-16,6262,PEGASUS,PEGASUS,skip,duplicate,high,"kabutan,nikkei",7
2026-05-16,6262,PEGASUS,ペガサス,skip,duplicate,high,kabutan,2
2026-05-16,6264,マルマエ,マルマエ,skip,duplicate,high,"kabutan,nikkei,tdnet",6
2026-05-16,6265,コンバム,コンバム,skip,duplicate,high,"kabutan,nikkei,tdnet",9
2026-05-16,6266,タツモ,タツモ,skip,duplicate,high,"kabutan,nikkei,tdnet",7
2026-05-16,6267,ゼネラルパッカー,ゼネラルパッカー,skip,duplicate,high,"kabutan,nikkei",4
2026-05-16,6267,ゼネラルパッカー,ゼネラルパ,skip,duplicate,high,kabutan,2
2026-05-16,6268,ナブテスコ,ナブテスコ,skip,duplicate,high,"kabutan,nikkei,tdnet",6
2026-05-16,6269,三井海洋開発,三井海洋開発,skip,duplicate,high,"kabutan,nikkei",4
2026-05-16,6269,三井海洋開発,三井海洋,skip,duplicate,high,kabutan,2
2026-05-16,6272,レオン自動機,レオン自動機,skip,duplicate,high,"kabutan,nikkei",4
2026-05-16,6272,レオン自動機,レオン,skip,duplicate,high,kabutan,2
2026-05-16,6273,SMC,SMC,skip,duplicate,high,"kabutan,nikkei",7
2026-05-16,6276,シリウスビジョン,シリウスV,skip,duplicate,high,"kabutan,tdnet",6
2026-05-16,6276,シリウスビジョン,シリウスビジョン,skip,duplicate,high,"kabutan,nikkei",4
2026-05-16,6277,ホソカワミクロン,ホソカワミクロン,skip,duplicate,high,"kabutan,nikkei,tdnet",8
2026-05-16,6277,ホソカワミクロン,ホソミクロン,skip,duplicate,high,kabutan,2
2026-05-16,6278,ユニオンツール,ユニオンツール,skip,duplicate,high,"kabutan,nikkei,tdnet",8
2026-05-16,6278,ユニオンツール,ユニオンツル,skip,duplicate,high,kabutan,2
2026-05-16,6279,瑞光,瑞光,skip,duplicate,high,"kabutan,nikkei,tdnet",8
2026-05-16,6282,オイレス工業,オイレス工業,skip,duplicate,high,"kabutan,nikkei",4
2026-05-16,6282,オイレス工業,オイレス,skip,duplicate,high,kabutan,2
2026-05-16,6284,日精エー・エス・ビー機械,ASB機械,skip,duplicate,high,"kabutan,tdnet",5
2026-05-16,6284,日精エー・エス・ビー機械,日精エー・エス・ビー機械,skip,duplicate,high,"kabutan,nikkei",4
2026-05-16,6286,靜甲,靜甲,skip,duplicate,high,kabutan,6
2026-05-16,6286,靜甲,静甲,skip,duplicate,high,"kabutan,nikkei",4
2026-05-16,6287,サトー,サトー,skip,duplicate,high,"kabutan,nikkei,tdnet",6
2026-05-16,6289,技研製作所,技研製作所,skip,duplicate,high,"kabutan,nikkei,tdnet",6
2026-05-16,6289,技研製作所,技研製,skip,duplicate,high,kabutan,2
2026-05-16,6291,日本エアーテック,エアーテック,skip,duplicate,high,"kabutan,tdnet",6
2026-05-16,6291,日本エアーテック,日本エアーテック,skip,duplicate,high,"kabutan,nikkei",4
2026-05-16,6292,カワタ,カワタ,skip,duplicate,high,"kabutan,nikkei,tdnet",5
2026-05-16,6293,日精樹脂工業,日精樹脂,skip,duplicate,high,kabutan,5
2026-05-16,6293,日精樹脂工業,日精樹脂工業,skip,duplicate,high,kabutan,2
2026-05-16,6294,オカダアイヨン,オカダアイヨン,skip,duplicate,high,"kabutan,nikkei,tdnet",5
2026-05-16,6294,オカダアイヨン,オカアイヨン,skip,duplicate,high,kabutan,2
2026-05-16,6298,ワイエイシイﾎｰﾙﾃﾞｨﾝｸﾞｽ,ワイエイシイHD,skip,duplicate,high,tdnet,6
2026-05-16,6298,ワイエイシイﾎｰﾙﾃﾞｨﾝｸﾞｽ,ワイエイシイホールディングス,skip,duplicate,high,"kabutan,nikkei",4
2026-05-16,6298,ワイエイシイﾎｰﾙﾃﾞｨﾝｸﾞｽ,ワイエイシイ,skip,duplicate,high,kabutan,2
2026-05-16,6301,小松製作所,コマツ,skip,duplicate,high,"kabutan,nikkei,tdnet",10
2026-05-16,6302,住友重機械工業,住友重,skip,duplicate,high,"kabutan,tdnet",7
2026-05-16,6302,住友重機械工業,住友重機械工業,skip,duplicate,high,"kabutan,nikkei",4
2026-05-16,6305,日立建機,日立建機,skip,duplicate,high,"kabutan,nikkei,tdnet",8
2026-05-16,6306,日工,日工,skip,duplicate,high,"kabutan,nikkei",6
2026-05-16,6307,サンセイ,サンセイ,skip,duplicate,high,"kabutan,nikkei",4
2026-05-16,6309,巴工業,巴工業,skip,duplicate,high,"kabutan,nikkei",6
2026-05-16,6310,井関農機,井関農機,skip,duplicate,high,"kabutan,nikkei",4
2026-05-16,6310,井関農機,井関農,skip,duplicate,high,kabutan,2
2026-05-16,6315,TOWA,TOWA,skip,duplicate,high,"kabutan,nikkei,tdnet",6
2026-05-16,6316,丸山製作所,丸山製,skip,duplicate,high,"kabutan,tdnet",5
2026-05-16,6316,丸山製作所,丸山製作所,skip,duplicate,high,"kabutan,nikkei",4
2026-05-16,6317,北川鉄工所,北川鉄工所,skip,duplicate,high,"kabutan,nikkei",4
2026-05-16,6317,北川鉄工所,北川鉄,skip,duplicate,high,"kabutan,tdnet",3
2026-05-16,6322,タクミナ,タクミナ,skip,duplicate,high,"kabutan,nikkei,tdnet",7
2026-05-16,6323,ローツェ,ローツェ,skip,duplicate,high,"kabutan,nikkei,tdnet",8
2026-05-16,6324,ハーモニック・ドライブ・システムズ,ハーモニック,skip,duplicate,high,"kabutan,tdnet",6
2026-05-16,6324,ハーモニック・ドライブ・システムズ,ハーモニック・ドライブ・システムズ,skip,duplicate,high,"kabutan,nikkei",4
2026-05-16,6325,タカキタ,タカキタ,skip,duplicate,high,"kabutan,nikkei,tdnet",6
2026-05-16,6326,クボタ,クボタ,skip,duplicate,high,"kabutan,nikkei,tdnet",7
2026-05-16,6327,北川精機,北川精機,skip,duplicate,high,"kabutan,nikkei,tdnet",6
2026-05-16,6328,荏原実業,荏原実業,skip,duplicate,high,"kabutan,nikkei,tdnet",12
2026-05-16,6330,東洋エンジニアリング,洋エンジ,skip,duplicate,high,tdnet,10
2026-05-16,6330,東洋エンジニアリング,東洋エンジニアリング,skip,duplicate,high,"kabutan,nikkei",4
2026-05-16,6330,東洋エンジニアリング,東洋エンジ,skip,duplicate,high,kabutan,2
2026-05-16,6331,三菱化工機,三菱化工機,skip,duplicate,high,"kabutan,nikkei",4
2026-05-16,6331,三菱化工機,化工機,skip,duplicate,high,kabutan,2
2026-05-16,6332,月島ﾎｰﾙﾃﾞｨﾝｸﾞｽ,月島HD,skip,duplicate,high,"kabutan,tdnet",5
2026-05-16,6332,月島ﾎｰﾙﾃﾞｨﾝｸﾞｽ,月島ホールディングス,skip,duplicate,high,"kabutan,nikkei",4
2026-05-16,6333,帝国電機製作所,TEIKOKU,skip,duplicate,high,"kabutan,nikkei,tdnet",7
2026-05-16,6333,帝国電機製作所,TEIKOK,skip,duplicate,high,kabutan,2
2026-05-16,6334,明治機械,明治機,skip,duplicate,high,"kabutan,tdnet",8
2026-05-16,6334,明治機械,明治機械,skip,duplicate,high,"kabutan,nikkei",4
2026-05-16,6335,東京機械製作所,東京機,skip,duplicate,high,"kabutan,tdnet",8
2026-05-16,6335,東京機械製作所,東京機械製作所,skip,duplicate,high,"kabutan,nikkei",4
2026-05-16,6336,石井表記,石井表記,skip,duplicate,high,"kabutan,nikkei",11
2026-05-16,6337,テセック,テセック,skip,duplicate,high,"kabutan,nikkei,tdnet",10
2026-05-16,6338,タカトリ,タカトリ,skip,duplicate,high,"kabutan,nikkei",4
2026-05-16,6339,新東工業,新東工,skip,duplicate,high,"kabutan,tdnet",6
2026-05-16,6339,新東工業,新東工業,skip,duplicate,high,"kabutan,nikkei",4
2026-05-16,6340,澁谷工業,渋谷工,skip,duplicate,high,"kabutan,tdnet",4
2026-05-16,6340,澁谷工業,渋谷工業,skip,duplicate,high,nikkei,2
2026-05-16,6340,澁谷工業,澁谷工業,skip,duplicate,high,kabutan,2
2026-05-16,6342,太平製作所,太平製作所,skip,duplicate,high,"kabutan,nikkei,tdnet",8
2026-05-16,6342,太平製作所,太平製,skip,duplicate,high,kabutan,2
2026-05-16,6343,フリージア・マクロス,フリージア・マクロス,skip,duplicate,high,"kabutan,nikkei",4
2026-05-16,6343,フリージア・マクロス,フリージア,skip,duplicate,high,kabutan,2
2026-05-16,6345,アイチ ｺｰﾎﾟﾚｰｼｮﾝ,アイチコーポレーション,skip,duplicate,high,"kabutan,nikkei",4
2026-05-16,6345,アイチ ｺｰﾎﾟﾚｰｼｮﾝ,アイチ,skip,duplicate,high,tdnet,3
2026-05-16,6345,アイチ ｺｰﾎﾟﾚｰｼｮﾝ,アイチコーポ,skip,duplicate,high,kabutan,2
2026-05-16,6346,キクカワエンタープライズ,キクカワ,skip,duplicate,high,"kabutan,tdnet",6
2026-05-16,6346,キクカワエンタープライズ,キクカワエンタープライズ,skip,duplicate,high,"kabutan,nikkei",4
2026-05-16,6347,プラコー,プラコー,skip,duplicate,high,"kabutan,nikkei",4
2026-05-16,6349,小森ｺｰﾎﾟﾚｰｼｮﾝ,小森,skip,duplicate,high,"kabutan,tdnet",4
2026-05-16,6349,小森ｺｰﾎﾟﾚｰｼｮﾝ,小森コーポレーション,skip,duplicate,high,"kabutan,nikkei",4
2026-05-16,6351,鶴見製作所,鶴見製,skip,duplicate,high,"kabutan,tdnet",6
2026-05-16,6351,鶴見製作所,鶴見製作所,skip,duplicate,high,"kabutan,nikkei",4
2026-05-16,6356,日本ギア工業,日本ギア工業,skip,duplicate,high,"kabutan,nikkei",4
2026-05-16,6356,日本ギア工業,日ギア,skip,duplicate,high,"kabutan,tdnet",3
2026-05-16,6357,三精テクノロジーズ,三精テクノロジーズ,skip,duplicate,high,"kabutan,nikkei,tdnet",7
2026-05-16,6357,三精テクノロジーズ,三精テクノロ,skip,duplicate,high,kabutan,2
2026-05-16,6358,酒井重工業,酒井重,skip,duplicate,high,kabutan,5
2026-05-16,6358,酒井重工業,酒井重工業,skip,duplicate,high,"kabutan,nikkei",4
2026-05-16,6360,東京自働機械製作所,東京自働機械製作所,skip,duplicate,high,"kabutan,nikkei",4
2026-05-16,6360,東京自働機械製作所,東自機,skip,duplicate,high,"kabutan,tdnet",4
2026-05-16,6361,荏原製作所,荏原製,skip,duplicate,high,tdnet,7
2026-05-16,6361,荏原製作所,荏原,skip,duplicate,high,"kabutan,nikkei",4
2026-05-16,6361,荏原製作所,荏原製作所,skip,duplicate,high,kabutan,2
2026-05-16,6363,酉島製作所,酉島製作所,skip,duplicate,high,"kabutan,nikkei",4
2026-05-16,6363,酉島製作所,酉島,skip,duplicate,high,kabutan,2
2026-05-16,6363,酉島製作所,酉島製,skip,duplicate,high,tdnet,2
2026-05-16,6364,AIRMAN,AIRMAN,skip,duplicate,high,"kabutan,nikkei,tdnet",11
2026-05-16,6365,電業社機械製作所,電業社機械製作所,skip,duplicate,high,"kabutan,nikkei",4
2026-05-16,6365,電業社機械製作所,電業社,skip,duplicate,high,kabutan,2
2026-05-16,6366,千代田化工建設,千代化建,skip,duplicate,high,tdnet,6
2026-05-16,6366,千代田化工建設,千代田化工建設,skip,duplicate,high,"kabutan,nikkei",4
2026-05-16,6366,千代田化工建設,千代建,skip,duplicate,high,kabutan,2
2026-05-16,6367,ダイキン工業,ダイキン工,skip,duplicate,high,tdnet,9
2026-05-16,6367,ダイキン工業,ダイキン工業,skip,duplicate,high,"kabutan,nikkei",4
2026-05-16,6367,ダイキン工業,ダイキン,skip,duplicate,high,kabutan,2
2026-05-16,6368,オルガノ,オルガノ,skip,duplicate,high,"kabutan,nikkei",4
2026-05-16,6369,トーヨーカネツ,トーヨーカネツ,skip,duplicate,high,"kabutan,nikkei,tdnet",10
2026-05-16,6369,トーヨーカネツ,トヨカネツ,skip,duplicate,high,kabutan,2
2026-05-16,6370,栗田工業,栗田工,skip,duplicate,high,"kabutan,tdnet",4
2026-05-16,6370,栗田工業,栗田工業,skip,duplicate,high,"kabutan,nikkei",4
2026-05-16,6371,椿本チエイン,椿本チエイン,skip,duplicate,high,"kabutan,nikkei,tdnet",8
2026-05-16,6371,椿本チエイン,椿本チ,skip,duplicate,high,kabutan,2
2026-05-16,6376,日機装,日機装,skip,duplicate,high,"kabutan,nikkei,tdnet",7
2026-05-16,6378,木村化工機,木村化工機,skip,duplicate,high,"kabutan,nikkei",4
2026-05-16,6378,木村化工機,木村化工,skip,duplicate,high,tdnet,3
2026-05-16,6378,木村化工機,木村化,skip,duplicate,high,kabutan,2
2026-05-16,6379,レイズネクスト,レイズネクスト,skip,duplicate,high,"kabutan,nikkei",5
2026-05-16,6379,レイズネクスト,レイズネク,skip,duplicate,high,kabutan,2
2026-05-16,6380,オリエンタルチエン工業,オリチエン工業,skip,duplicate,high,tdnet,9
2026-05-16,6380,オリエンタルチエン工業,オリエンタルチエン工業,skip,duplicate,high,"kabutan,nikkei",4
2026-05-16,6380,オリエンタルチエン工業,オリチェン,skip,duplicate,high,kabutan,2
2026-05-16,6381,アネスト岩田,アネスト岩田,skip,duplicate,high,"kabutan,nikkei,tdnet",11
2026-05-16,6382,トリニティ工業,トリニ工,skip,duplicate,high,"kabutan,tdnet",7
2026-05-16,6382,トリニティ工業,トリニティ工業,skip,duplicate,high,"kabutan,nikkei",4
2026-05-16,6383,ダイフク,ダイフク,skip,duplicate,high,"kabutan,nikkei",4
2026-05-16,6384,昭和真空,昭和真空,skip,duplicate,high,"kabutan,nikkei,tdnet",7
2026-05-16,6387,サムコ,サムコ,skip,duplicate,high,"kabutan,nikkei",5
2026-05-16,6390,加藤製作所,加藤製作所,skip,duplicate,high,"kabutan,nikkei",4
2026-05-16,6390,加藤製作所,加藤製,skip,duplicate,high,kabutan,2
2026-05-16,6391,加地テック,加地テック,skip,duplicate,high,"kabutan,nikkei,tdnet",10
2026-05-16,6392,ヤマダｺｰﾎﾟﾚｰｼｮﾝ,ヤマダコーポレーション,skip,duplicate,high,"kabutan,nikkei",4
2026-05-16,6392,ヤマダｺｰﾎﾟﾚｰｼｮﾝ,ヤマダコーポ,skip,duplicate,high,"kabutan,tdnet",3
2026-05-16,6393,油研工業,油研工業,skip,duplicate,high,"kabutan,nikkei",4
2026-05-16,6393,油研工業,油研工,skip,duplicate,high,kabutan,2
2026-05-16,6395,タダノ,タダノ,skip,duplicate,high,"kabutan,nikkei,tdnet",10
2026-05-16,6396,宇野澤組鐵工所,宇野沢組鉄工所,skip,duplicate,high,nikkei,2
2026-05-16,6396,宇野澤組鐵工所,宇野沢鉄,skip,duplicate,high,tdnet,2
2026-05-16,6396,宇野澤組鐵工所,宇野澤組鐵工所,skip,duplicate,high,kabutan,2
2026-05-16,6396,宇野澤組鐵工所,宇野鉄,skip,duplicate,high,kabutan,2
2026-05-16,6400,不二精機,不二精機,skip,duplicate,high,"kabutan,nikkei",4
2026-05-16,6402,兼松エンジニアリング,兼松エンジニアリング,skip,duplicate,high,"kabutan,nikkei",4
2026-05-16,6402,兼松エンジニアリング,兼松エンジニア,skip,duplicate,high,tdnet,3
2026-05-16,6402,兼松エンジニアリング,兼松エンジ,skip,duplicate,high,kabutan,2
2026-05-16,6403,水道機工,水道機工,skip,duplicate,high,"kabutan,nikkei,tdnet",11
2026-05-16,6403,水道機工,水道機,skip,duplicate,high,kabutan,2
2026-05-16,6405,鈴茂器工,鈴茂器工,skip,duplicate,high,"kabutan,nikkei",7
2026-05-16,6406,フジテック,フジテック,skip,duplicate,high,kabutan,3
2026-05-16,6407,CKD,CKD,skip,duplicate,high,"kabutan,nikkei,tdnet",11
2026-05-16,6408,小倉クラッチ,小倉クラッチ,skip,duplicate,high,"kabutan,nikkei",5
2026-05-16,6408,小倉クラッチ,クラッチ,skip,duplicate,high,kabutan,2
2026-05-16,6412,平和,平和,skip,duplicate,high,"kabutan,nikkei",5
2026-05-16,6413,理想科学工業,理想科学,skip,duplicate,high,"kabutan,tdnet",6
2026-05-16,6413,理想科学工業,理想科学工業,skip,duplicate,high,"kabutan,nikkei",4
2026-05-16,6417,SANKYO,SANKYO,skip,duplicate,high,"kabutan,nikkei",6
2026-05-16,6418,日本金銭機械,日本金銭機械,skip,duplicate,high,"kabutan,nikkei",4
2026-05-16,6418,日本金銭機械,日金銭,skip,duplicate,high,kabutan,4
2026-05-16,6419,マースｸﾞﾙｰﾌﾟﾎｰﾙﾃﾞｨﾝｸﾞｽ,マースグループHD,skip,duplicate,high,tdnet,5
2026-05-16,6419,マースｸﾞﾙｰﾌﾟﾎｰﾙﾃﾞｨﾝｸﾞｽ,マースグループホールディングス,skip,duplicate,high,"kabutan,nikkei",4
2026-05-16,6419,マースｸﾞﾙｰﾌﾟﾎｰﾙﾃﾞｨﾝｸﾞｽ,マースGHD,skip,duplicate,high,kabutan,2
2026-05-16,6420,ガリレイ,ガリレイ,skip,duplicate,high,"kabutan,nikkei,tdnet",9
2026-05-16,6424,高見沢サイバネティックス,高見サイ,skip,duplicate,high,"kabutan,tdnet",11
2026-05-16,6424,高見沢サイバネティックス,高見沢サイバネティックス,skip,duplicate,high,"kabutan,nikkei",4
2026-05-16,6425,ユニバーサルエンターテインメント,ユニバーサル,skip,duplicate,high,"kabutan,tdnet",10
2026-05-16,6425,ユニバーサルエンターテインメント,ユニバーサルエンターテインメント,skip,duplicate,high,"kabutan,nikkei",4
2026-05-16,6428,オーイズミ,オーイズミ,skip,duplicate,high,"kabutan,nikkei,tdnet",5
2026-05-16,6430,ダイコク電機,ダイコク電,skip,duplicate,high,kabutan,6
2026-05-16,6430,ダイコク電機,ダイコク電機,skip,duplicate,high,"kabutan,nikkei",4
2026-05-16,6432,竹内製作所,竹内製作所,skip,duplicate,high,"kabutan,nikkei,tdnet",8
2026-05-16,6433,ヒーハイスト,ヒーハイスト,skip,duplicate,high,"kabutan,nikkei",4
2026-05-16,6436,アマノ,アマノ,skip,duplicate,high,"kabutan,nikkei,tdnet",8
2026-05-16,6440,JUKI,JUKI,skip,duplicate,high,"kabutan,nikkei,tdnet",11
2026-05-16,6444,サンデン,サンデン,skip,duplicate,high,"kabutan,nikkei,tdnet",12
2026-05-16,6445,ジャノメ,ジャノメ,skip,duplicate,high,"kabutan,nikkei,tdnet",8
2026-05-16,6448,ブラザー工業,ブラザー,skip,duplicate,high,"kabutan,tdnet",10
2026-05-16,6448,ブラザー工業,ブラザー工業,skip,duplicate,high,"kabutan,nikkei",4
2026-05-16,6454,マックス,マックス,skip,duplicate,high,"kabutan,nikkei,tdnet",19
2026-05-16,6455,モリタﾎｰﾙﾃﾞｨﾝｸﾞｽ,モリタHD,skip,duplicate,high,"kabutan,tdnet",7
2026-05-16,6455,モリタﾎｰﾙﾃﾞｨﾝｸﾞｽ,モリタホールディングス,skip,duplicate,high,"kabutan,nikkei",4
2026-05-16,6457,グローリー,グローリー,skip,duplicate,high,"kabutan,nikkei,tdnet",10
2026-05-16,6458,新晃工業,新晃工業,skip,duplicate,high,"kabutan,nikkei,tdnet",10
2026-05-16,6458,新晃工業,新晃工,skip,duplicate,high,kabutan,2
2026-05-16,6459,大和冷機工業,大和冷機工業,skip,duplicate,high,"kabutan,nikkei",4
2026-05-16,6459,大和冷機工業,大和冷,skip,duplicate,high,kabutan,2
2026-05-16,6460,セガサミーﾎｰﾙﾃﾞｨﾝｸﾞｽ,セガサミーホールディングス,skip,duplicate,high,"kabutan,nikkei",4
2026-05-16,6460,セガサミーﾎｰﾙﾃﾞｨﾝｸﾞｽ,セガサミー,skip,duplicate,high,kabutan,2
2026-05-16,6463,TPR,TPR,skip,duplicate,high,"kabutan,nikkei",9
2026-05-16,6464,ツバキ・ナカシマ,ツバキ・ナカシマ,skip,duplicate,high,"kabutan,nikkei,tdnet",11
2026-05-16,6464,ツバキ・ナカシマ,ツバキナカ,skip,duplicate,high,kabutan,2
2026-05-16,6465,ホシザキ,ホシザキ,skip,duplicate,high,"kabutan,nikkei,tdnet",13
2026-05-16,6466,TVE,TVE,skip,duplicate,high,"kabutan,nikkei,tdnet",6
2026-05-16,6467,ニチダイ,ニチダイ,skip,duplicate,high,"kabutan,nikkei,tdnet",8
2026-05-16,6469,放電精密加工研究所,放電精密,skip,duplicate,high,"kabutan,tdnet",4
2026-05-16,6469,放電精密加工研究所,放電精密加工研究所,skip,duplicate,high,"kabutan,nikkei",4
2026-05-16,6470,大豊工業,大豊工業,skip,duplicate,high,"kabutan,nikkei,tdnet",13
2026-05-16,6471,日本精工,日本精工,skip,duplicate,high,"kabutan,nikkei,tdnet",9
2026-05-16,6471,日本精工,日精工,skip,duplicate,high,kabutan,2
2026-05-16,6472,NTN,NTN,skip,duplicate,high,"kabutan,nikkei,tdnet",11
2026-05-16,6473,ジェイテクト,ジェイテクト,skip,duplicate,high,"kabutan,nikkei,tdnet",10
2026-05-16,6474,不二越,不二越,skip,duplicate,high,"kabutan,nikkei",7
2026-05-16,6479,ミネベアミツミ,ミネベアミツミ,skip,duplicate,high,"kabutan,nikkei,tdnet",10
2026-05-16,6479,ミネベアミツミ,ミネベア,skip,duplicate,high,kabutan,2
2026-05-16,6480,日本トムソン,日トムソン,skip,duplicate,high,tdnet,4
2026-05-16,6480,日本トムソン,日本トムソン,skip,duplicate,high,"kabutan,nikkei",4
2026-05-16,6480,日本トムソン,トムソン,skip,duplicate,high,kabutan,2
2026-05-16,6481,THK,THK,skip,duplicate,high,"kabutan,nikkei,tdnet",10
2026-05-16,6482,YUSHIN,YUSHIN,skip,duplicate,high,"kabutan,nikkei",6
2026-05-16,6484,KVK,KVK,skip,duplicate,high,"kabutan,nikkei,tdnet",6
2026-05-16,6485,前澤給装工業,前沢給装,skip,duplicate,high,kabutan,2
2026-05-16,6485,前澤給装工業,前沢給装工業,skip,duplicate,high,nikkei,2
2026-05-16,6485,前澤給装工業,前澤給装工業,skip,duplicate,high,kabutan,2
2026-05-16,6486,イーグル工業,イーグル工業,skip,duplicate,high,"kabutan,nikkei",4
2026-05-16,6486,イーグル工業,イーグル工,skip,duplicate,high,kabutan,2
2026-05-16,6488,ヨシタケ,ヨシタケ,skip,duplicate,high,"kabutan,nikkei",4
2026-05-16,6489,前澤工業,前沢工業,skip,duplicate,high,"kabutan,nikkei",4
2026-05-16,6489,前澤工業,前澤工業,skip,duplicate,high,kabutan,2
2026-05-16,6489,前澤工業,前沢工,add,new_candidate,medium,tdnet,4
2026-05-16,6490,PILLAR,PILLAR,skip,duplicate,high,"kabutan,nikkei",6
2026-05-16,6492,岡野バルブ製造,岡野バルブ製造,skip,duplicate,high,"kabutan,nikkei",4
2026-05-16,6492,岡野バルブ製造,岡野バル,skip,duplicate,high,tdnet,3
2026-05-16,6492,岡野バルブ製造,岡野バ,skip,duplicate,high,kabutan,2
2026-05-16,6493,NITTAN,NITTAN,skip,duplicate,high,"kabutan,nikkei,tdnet",9
2026-05-16,6494,NFKﾎｰﾙﾃﾞｨﾝｸﾞｽ,NFKHD,skip,duplicate,high,"kabutan,tdnet",6
2026-05-16,6494,NFKﾎｰﾙﾃﾞｨﾝｸﾞｽ,NFKホールディングス,skip,duplicate,high,"kabutan,nikkei",4
2026-05-16,6495,宮入バルブ製作所,宮入バルブ製作所,skip,duplicate,high,"kabutan,nikkei",4
2026-05-16,6495,宮入バルブ製作所,宮入バル,skip,duplicate,high,tdnet,3
2026-05-16,6495,宮入バルブ製作所,宮入バ,skip,duplicate,high,kabutan,2
2026-05-16,6496,中北製作所,中北製作所,skip,duplicate,high,"kabutan,nikkei,tdnet",5
2026-05-16,6496,中北製作所,中北製,skip,duplicate,high,kabutan,2
2026-05-16,6497,ハマイ,ハマイ,skip,duplicate,high,"kabutan,nikkei,tdnet",7
2026-05-16,6498,キッツ,キッツ,skip,duplicate,high,"kabutan,nikkei,tdnet",8
2026-05-16,6501,日立製作所,日立,skip,duplicate,high,"kabutan,tdnet",14
2026-05-16,6501,日立製作所,日立製作所,skip,duplicate,high,"kabutan,nikkei",4
2026-05-16,6503,三菱電機,三菱電,skip,duplicate,high,"kabutan,tdnet",9
2026-05-16,6503,三菱電機,三菱電機,skip,duplicate,high,"kabutan,nikkei",4
2026-05-16,6504,富士電機,富士電機,skip,duplicate,high,"kabutan,nikkei,tdnet",7
2026-05-16,6505,東洋電機製造,東洋電機製造,skip,duplicate,high,"kabutan,nikkei",4
2026-05-16,6505,東洋電機製造,東洋電,skip,duplicate,high,"kabutan,tdnet",3
2026-05-16,6506,安川電機,安川電,skip,duplicate,high,"kabutan,tdnet",5
2026-05-16,6506,安川電機,安川電機,skip,duplicate,high,"kabutan,nikkei",4
2026-05-16,6507,シンフォニアテクノロジー,シンフォニア テクノロジー,skip,duplicate,high,"kabutan,nikkei",4
2026-05-16,6507,シンフォニアテクノロジー,シンフォニア,skip,duplicate,high,"kabutan,tdnet",3
2026-05-16,6508,明電舎,明電舎,skip,duplicate,high,"kabutan,nikkei",7
2026-05-16,6513,オリジン,オリジン,skip,duplicate,high,"kabutan,nikkei,tdnet",14
2026-05-16,6516,山洋電気,山洋電気,skip,duplicate,high,"kabutan,nikkei,tdnet",9
2026-05-16,6516,山洋電気,山洋電,skip,duplicate,high,kabutan,2
2026-05-16,6517,デンヨー,デンヨー,skip,duplicate,high,"kabutan,nikkei",4
2026-05-16,6518,三相電機,三相電機,skip,duplicate,high,"kabutan,nikkei",4
2026-05-16,6521,オキサイド,オキサイド,skip,duplicate,high,"kabutan,nikkei,tdnet",14
2026-05-16,6522,アスタリスク,アスタリスク,skip,duplicate,high,"kabutan,nikkei,tdnet",9
2026-05-16,6523,PHCﾎｰﾙﾃﾞｨﾝｸﾞｽ,PHCホールディングス,skip,duplicate,high,"kabutan,nikkei",4
2026-05-16,6523,PHCﾎｰﾙﾃﾞｨﾝｸﾞｽ,PHCHD,skip,duplicate,high,kabutan,3
2026-05-16,6524,湖北工業,湖北工業,skip,duplicate,high,"kabutan,nikkei,tdnet",8
2026-05-16,6525,KOKUSAI ELECTRIC,KOKUSAI ELECTRIC,skip,duplicate,high,"kabutan,nikkei",5
2026-05-16,6525,KOKUSAI ELECTRIC,KOKUSAI,skip,duplicate,high,tdnet,3
2026-05-16,6525,KOKUSAI ELECTRIC,コクサイエレ,skip,duplicate,high,kabutan,2
2026-05-16,6526,ソシオネクスト,ソシオネクスト,skip,duplicate,high,"kabutan,nikkei,tdnet",7
2026-05-16,6526,ソシオネクスト,ソシオネクス,skip,duplicate,high,kabutan,2
2026-05-16,6532,ベイカレント,ベイカレント,skip,duplicate,high,"kabutan,nikkei,tdnet",11
2026-05-16,6533,Orchestra Holdings,Orchestra Holdings,skip,duplicate,high,"kabutan,nikkei",4
2026-05-16,6533,Orchestra Holdings,オーケストラ,skip,duplicate,high,kabutan,2
2026-05-16,6535,アイモバイル,アイモバイル,skip,duplicate,high,"kabutan,nikkei",6
2026-05-16,6537,WASHハウス,WASHハウス,skip,duplicate,high,"kabutan,nikkei,tdnet",8
2026-05-16,6537,WASHハウス,WASHハウ,skip,duplicate,high,kabutan,2
2026-05-16,6538,ディスラプターズ,ディスラプターズ,skip,duplicate,high,"kabutan,nikkei,tdnet",5
2026-05-16,6538,ディスラプターズ,ディスラプタ,skip,duplicate,high,kabutan,2
2026-05-16,6539,MS－Japan,MS-Japan,skip,duplicate,high,"kabutan,nikkei,tdnet",6
2026-05-16,6539,MS－Japan,MSジャパン,skip,duplicate,high,kabutan,2
2026-05-16,6540,船場,船場,skip,duplicate,high,"kabutan,nikkei,tdnet",6
2026-05-16,6543,日宣,日宣,skip,duplicate,high,"kabutan,nikkei,tdnet",8
2026-05-16,6544,ジャパンエレベーターサービスﾎｰﾙﾃﾞｨﾝｸﾞｽ,ジャパンエレベーターサービスホールディングス,skip,duplicate,high,"kabutan,nikkei",4
2026-05-16,6544,ジャパンエレベーターサービスﾎｰﾙﾃﾞｨﾝｸﾞｽ,Jエレベータ,skip,duplicate,high,kabutan,2
2026-05-16,6545,インターネットインフィニティー,IIF,skip,duplicate,high,"kabutan,tdnet",7
2026-05-16,6545,インターネットインフィニティー,インターネットインフィニティー,skip,duplicate,high,"kabutan,nikkei",4
2026-05-16,6546,フルテック,フルテック,skip,duplicate,high,"kabutan,nikkei",12
2026-05-16,6547,グリーンズ,グリーンズ,skip,duplicate,high,"kabutan,nikkei,tdnet",11
2026-05-16,6548,旅工房,旅工房,skip,duplicate,high,"kabutan,nikkei,tdnet",9
2026-05-16,6549,ディーエムソリューションズ,ディーエムソリュ,skip,duplicate,high,tdnet,4
2026-05-16,6549,ディーエムソリューションズ,ディーエムソリューションズ,skip,duplicate,high,"kabutan,nikkei",4
2026-05-16,6549,ディーエムソリューションズ,DMソリュ,skip,duplicate,high,kabutan,2
2026-05-16,6551,ツナグｸﾞﾙｰﾌﾟ・ﾎｰﾙﾃﾞｨﾝｸﾞｽ,ツナググループ・ホールディングス,skip,duplicate,high,"kabutan,nikkei",4
2026-05-16,6551,ツナグｸﾞﾙｰﾌﾟ・ﾎｰﾙﾃﾞｨﾝｸﾞｽ,ツナグGHD,skip,duplicate,high,kabutan,3
2026-05-16,6552,GameWith,GameWith,skip,duplicate,high,"kabutan,nikkei,tdnet",7
2026-05-16,6552,GameWith,ゲームウィズ,skip,duplicate,high,kabutan,2
2026-05-16,6554,エスユーエス,エスユーエス,skip,duplicate,high,"kabutan,nikkei,tdnet",7
2026-05-16,6555,MS＆Consulting,MS&Consulting,skip,duplicate,high,"kabutan,nikkei",5
2026-05-16,6555,MS＆Consulting,MSコンサル,skip,duplicate,high,"kabutan,tdnet",5
2026-05-16,6557,AIAIｸﾞﾙｰﾌﾟ,AIAI,skip,duplicate,high,"kabutan,tdnet",13
2026-05-16,6557,AIAIｸﾞﾙｰﾌﾟ,AIAIグループ,skip,duplicate,high,"kabutan,nikkei",4
2026-05-16,6558,クックビズ,クックビズ,skip,duplicate,high,"kabutan,nikkei,tdnet",10
2026-05-16,6560,エル・ティー・エス,LTS,skip,duplicate,high,kabutan,9
2026-05-16,6560,エル・ティー・エス,エル・ティー・エス,skip,duplicate,high,"kabutan,nikkei",4
2026-05-16,6561,HANATOUR JAPAN,HANATOUR,skip,duplicate,high,tdnet,7
2026-05-16,6561,HANATOUR JAPAN,HANATOUR JAPAN,skip,duplicate,high,"kabutan,nikkei",5
2026-05-16,6561,HANATOUR JAPAN,ハナツアーJ,skip,duplicate,high,kabutan,2
2026-05-16,6562,ジーニー,ジーニー,skip,duplicate,high,"kabutan,nikkei",5
2026-05-16,6563,みらいワークス,みらいワークス,skip,duplicate,high,"kabutan,nikkei",4
2026-05-16,6563,みらいワークス,みらいWKS,skip,duplicate,high,kabutan,2
2026-05-16,6564,ミダックﾎｰﾙﾃﾞｨﾝｸﾞｽ,ミダックHD,skip,duplicate,high,kabutan,5
2026-05-16,6564,ミダックﾎｰﾙﾃﾞｨﾝｸﾞｽ,ミダックホールディングス,skip,duplicate,high,"kabutan,nikkei",4
2026-05-16,6565,ABホテル,ABホテル,skip,duplicate,high,"kabutan,nikkei,tdnet",9
2026-05-16,6566,要興業,要興業,skip,duplicate,high,"kabutan,nikkei,tdnet",7
2026-05-16,6568,神戸天然物化学,神戸天然物化学,skip,duplicate,high,"kabutan,nikkei",5
2026-05-16,6568,神戸天然物化学,神戸天然物化,skip,duplicate,high,kabutan,2
2026-05-16,6570,共和ｺｰﾎﾟﾚｰｼｮﾝ,共和コーポレーション,skip,duplicate,high,"kabutan,nikkei",4
2026-05-16,6570,共和ｺｰﾎﾟﾚｰｼｮﾝ,共和コーポ,skip,duplicate,high,kabutan,2
2026-05-16,6571,キュービーネットﾎｰﾙﾃﾞｨﾝｸﾞｽ,キュービーネットHD,skip,duplicate,high,tdnet,4
2026-05-16,6571,キュービーネットﾎｰﾙﾃﾞｨﾝｸﾞｽ,キュービーネットホールディングス,skip,duplicate,high,"kabutan,nikkei",4
2026-05-16,6571,キュービーネットﾎｰﾙﾃﾞｨﾝｸﾞｽ,QBNHD,skip,duplicate,high,kabutan,2
2026-05-16,6572,オープンｸﾞﾙｰﾌﾟ,オープンG,skip,duplicate,high,"kabutan,tdnet",7
2026-05-16,6572,オープンｸﾞﾙｰﾌﾟ,オープングループ,skip,duplicate,high,"kabutan,nikkei",4
2026-05-16,6573,CRAVIA,CRAVIA,skip,duplicate,high,"kabutan,nikkei,tdnet",19
2026-05-16,6574,コンヴァノ,コンヴァノ,skip,duplicate,high,"kabutan,nikkei,tdnet",14
2026-05-16,6577,ベストワンドットコム,ベストワンドット,skip,duplicate,high,tdnet,4
2026-05-16,6577,ベストワンドットコム,ベストワンドットコム,skip,duplicate,high,"kabutan,nikkei",4
2026-05-16,6577,ベストワンドットコム,ベストワン,skip,duplicate,high,kabutan,2
2026-05-16,6578,コレックﾎｰﾙﾃﾞｨﾝｸﾞｽ,コレックHD,skip,duplicate,high,"kabutan,tdnet",15
2026-05-16,6578,コレックﾎｰﾙﾃﾞｨﾝｸﾞｽ,コレックホールディングス,skip,duplicate,high,"kabutan,nikkei",4
2026-05-16,6579,ログリー,ログリー,skip,duplicate,high,"kabutan,nikkei,tdnet",8
2026-05-16,6580,ライトアップ,ライトアップ,skip,duplicate,high,"kabutan,nikkei,tdnet",11
2026-05-16,6584,三櫻工業,三桜工,skip,duplicate,high,"kabutan,tdnet",9
2026-05-16,6584,三櫻工業,三桜工業,skip,duplicate,high,nikkei,2
2026-05-16,6584,三櫻工業,三櫻工業,skip,duplicate,high,kabutan,2
2026-05-16,6586,マキタ,マキタ,skip,duplicate,high,"kabutan,nikkei,tdnet",12
2026-05-16,6588,東芝テック,東芝テック,skip,duplicate,high,"kabutan,nikkei,tdnet",10
2026-05-16,6590,芝浦メカトロニクス,芝浦メカトロニクス,skip,duplicate,high,"kabutan,nikkei",4
2026-05-16,6590,芝浦メカトロニクス,芝浦,skip,duplicate,high,kabutan,2
2026-05-16,6592,マブチモーター,マブチモーター,skip,duplicate,high,"kabutan,nikkei,tdnet",10
2026-05-16,6592,マブチモーター,マブチ,skip,duplicate,high,kabutan,2
2026-05-16,6594,ニデック,ニデック,skip,duplicate,high,"kabutan,nikkei,tdnet",17
2026-05-16,6597,HPCシステムズ,HPCシステムズ,skip,duplicate,high,"kabutan,nikkei,tdnet",6
2026-05-16,6597,HPCシステムズ,HPCシス,skip,duplicate,high,kabutan,2
2026-05-16,6599,エブレン,エブレン,skip,duplicate,high,"kabutan,nikkei",4
2026-05-16,6612,バルミューダ,バルミューダ,skip,duplicate,high,"kabutan,nikkei",7
2026-05-16,6613,QDレーザ,QDレーザ,skip,duplicate,high,"kabutan,nikkei,tdnet",13
2026-05-16,6614,シキノハイテック,シキノハイテック,skip,duplicate,high,"kabutan,nikkei,tdnet",5
2026-05-16,6614,シキノハイテック,シキノHT,skip,duplicate,high,kabutan,2
2026-05-16,6615,ユー・エム・シー・エレクトロニクス,UMCエレ,skip,duplicate,high,kabutan,4
2026-05-16,6615,ユー・エム・シー・エレクトロニクス,ユー・エム・シー・エレクトロニクス,skip,duplicate,high,"kabutan,nikkei",4
2026-05-16,6616,トレックス・セミコンダクター,トレックス・セミコンダクター,skip,duplicate,high,"kabutan,nikkei",4
2026-05-16,6616,トレックス・セミコンダクター,トレックスセミ,skip,duplicate,high,tdnet,3
2026-05-16,6616,トレックス・セミコンダクター,TOREX,skip,duplicate,high,kabutan,2
2026-05-16,6617,東光高岳,東光高岳,skip,duplicate,high,"kabutan,nikkei,tdnet",13
2026-05-16,6619,ダブル・スコープ,WSCOPE,skip,duplicate,high,"kabutan,tdnet",10
2026-05-16,6619,ダブル・スコープ,ダブル・スコープ,skip,duplicate,high,"kabutan,nikkei",4
2026-05-16,6620,宮越ﾎｰﾙﾃﾞｨﾝｸﾞｽ,宮越HD,skip,duplicate,high,"kabutan,tdnet",4
2026-05-16,6620,宮越ﾎｰﾙﾃﾞｨﾝｸﾞｽ,宮越ホールディングス,skip,duplicate,high,"kabutan,nikkei",4
2026-05-16,6622,ダイヘン,ダイヘン,skip,duplicate,high,"kabutan,nikkei,tdnet",9
2026-05-16,6625,JALCOﾎｰﾙﾃﾞｨﾝｸﾞｽ,JALCO HD,skip,duplicate,high,tdnet,9
2026-05-16,6625,JALCOﾎｰﾙﾃﾞｨﾝｸﾞｽ,JALCOホールディングス,skip,duplicate,high,"kabutan,nikkei",4
2026-05-16,6625,JALCOﾎｰﾙﾃﾞｨﾝｸﾞｽ,JALCO,skip,duplicate,high,kabutan,3
2026-05-16,6626,SEMITEC,SEMITEC,skip,duplicate,high,"kabutan,nikkei,tdnet",10
2026-05-16,6626,SEMITEC,SEMTEC,skip,duplicate,high,kabutan,2
2026-05-16,6627,テラプローブ,テラプローブ,skip,duplicate,high,"kabutan,nikkei,tdnet",8
2026-05-16,6629,テクノホライゾン,テクノホライゾン,skip,duplicate,high,"kabutan,nikkei,tdnet",9
2026-05-16,6629,テクノホライゾン,Tホライゾン,skip,duplicate,high,kabutan,2
2026-05-16,6630,ヤーマン,ヤーマン,skip,duplicate,high,"kabutan,nikkei",6
2026-05-16,6632,JVCケンウッド,JVCKW,skip,duplicate,high,tdnet,10
2026-05-16,6632,JVCケンウッド,JVCケンウッド,skip,duplicate,high,"kabutan,nikkei",4
2026-05-16,6632,JVCケンウッド,JVCケンウ,skip,duplicate,high,kabutan,2
2026-05-16,6633,CGSﾎｰﾙﾃﾞｨﾝｸﾞｽ,CGSホールディングス,skip,duplicate,high,"kabutan,nikkei",4
2026-05-16,6633,CGSﾎｰﾙﾃﾞｨﾝｸﾞｽ,CGSHD,skip,duplicate,high,"kabutan,tdnet",3
2026-05-16,6634,ネクスｸﾞﾙｰﾌﾟ,JNグループ,skip,duplicate,high,"kabutan,nikkei,tdnet",12
2026-05-16,6635,大日光・エンジニアリング,大日光,skip,duplicate,high,kabutan,5
2026-05-16,6635,大日光・エンジニアリング,大日光・エンジニアリング,skip,duplicate,high,"kabutan,nikkei",4
2026-05-16,6637,寺崎電気産業,寺崎電気産業,skip,duplicate,high,"kabutan,nikkei",4
2026-05-16,6637,寺崎電気産業,寺崎電気,skip,duplicate,high,kabutan,2
2026-05-16,6638,ミマキエンジニアリング,ミマキエンジニアリング,skip,duplicate,high,"kabutan,nikkei",4
2026-05-16,6638,ミマキエンジニアリング,ミマキエンジ,skip,duplicate,high,kabutan,2
2026-05-16,6643,戸上電機製作所,戸上電,skip,duplicate,high,"kabutan,tdnet",6
2026-05-16,6643,戸上電機製作所,戸上電機製作所,skip,duplicate,high,"kabutan,nikkei",4
2026-05-16,6644,大崎電気工業,大崎電,skip,duplicate,high,"kabutan,tdnet",12
2026-05-16,6644,大崎電気工業,大崎電気工業,skip,duplicate,high,"kabutan,nikkei",4
2026-05-16,6645,オムロン,オムロン,skip,duplicate,high,"kabutan,nikkei,tdnet",9
2026-05-16,6647,森尾電機,森尾電機,skip,duplicate,high,"kabutan,nikkei",4
2026-05-16,6647,森尾電機,森尾電,skip,duplicate,high,"kabutan,tdnet",3
2026-05-16,6648,かわでん,かわでん,skip,duplicate,high,"kabutan,nikkei,tdnet",6
2026-05-16,6651,日東工業,日東工業,skip,duplicate,high,"kabutan,nikkei",4
2026-05-16,6651,日東工業,日東工,skip,duplicate,high,kabutan,3
2026-05-16,6652,IDEC,IDEC,skip,duplicate,high,"kabutan,nikkei",5
2026-05-16,6653,正興電機製作所,正興電機製作所,skip,duplicate,high,"kabutan,nikkei,tdnet",7
2026-05-16,6653,正興電機製作所,正興電,skip,duplicate,high,kabutan,2
2026-05-16,6654,不二電機工業,不二電機工業,skip,duplicate,high,"kabutan,nikkei,tdnet",8
2026-05-16,6654,不二電機工業,不二電機,skip,duplicate,high,kabutan,2
2026-05-16,6656,インスペック,インスペック,skip,duplicate,high,"kabutan,nikkei",4
2026-05-16,6658,シライ電子工業,シライ電子,skip,duplicate,high,kabutan,4
2026-05-16,6658,シライ電子工業,シライ電子工業,skip,duplicate,high,"kabutan,nikkei",4
2026-05-16,6659,メディアリンクス,メディアリンクス,skip,duplicate,high,"kabutan,nikkei,tdnet",10
2026-05-16,6659,メディアリンクス,メディアL,skip,duplicate,high,kabutan,2
2026-05-16,6662,ユビテック,ユビテック,skip,duplicate,high,"kabutan,nikkei,tdnet",5
2026-05-16,6663,太洋テクノレックス,太洋テクノレックス,skip,duplicate,high,"kabutan,nikkei,tdnet",8
2026-05-16,6663,太洋テクノレックス,太洋テクノ,skip,duplicate,high,kabutan,2
2026-05-16,6664,オプトエレクトロニクス,オプトエレクトロニクス,skip,duplicate,high,"kabutan,nikkei",4
2026-05-16,6664,オプトエレクトロニクス,オプトエレ,skip,duplicate,high,kabutan,2
2026-05-16,6666,リバーエレテック,リバーエレテック,skip,duplicate,high,"kabutan,nikkei",4
2026-05-16,6666,リバーエレテック,リバーエレク,skip,duplicate,high,kabutan,2
2026-05-16,6668,アドテック プラズマ テクノロジー,アドテック プラズマ テクノロジー,skip,duplicate,high,"kabutan,nikkei",4
2026-05-16,6668,アドテック プラズマ テクノロジー,ADプラズマ,skip,duplicate,high,kabutan,2
2026-05-16,6668,アドテック プラズマ テクノロジー,アドテック プラズマ,add,new_candidate,medium,tdnet,2
2026-05-16,6670,MCJ,MCJ,skip,duplicate,high,"kabutan,nikkei,tdnet",15
2026-05-16,6674,ジーエス・ユアサ ｺｰﾎﾟﾚｰｼｮﾝ,ジーエス・ユアサ コーポレーション,skip,duplicate,high,"kabutan,nikkei",4
2026-05-16,6674,ジーエス・ユアサ ｺｰﾎﾟﾚｰｼｮﾝ,GSユアサ,skip,duplicate,high,kabutan,2
2026-05-16,6675,サクサ,サクサ,skip,duplicate,high,"kabutan,nikkei",10
2026-05-16,6676,BUFFALO,バッファロー,skip,duplicate,high,"kabutan,nikkei",4
2026-05-16,6676,BUFFALO,BUFFALO,skip,duplicate,high,tdnet,3
2026-05-16,6676,BUFFALO,BUF,skip,duplicate,high,kabutan,2
2026-05-16,6677,エスケーエレクトロニクス,エスケーエレクトロニクス,skip,duplicate,high,"kabutan,nikkei",4
2026-05-16,6677,エスケーエレクトロニクス,エスケーエレク,skip,duplicate,high,tdnet,3
2026-05-16,6677,エスケーエレクトロニクス,エスケーエレ,skip,duplicate,high,kabutan,2
2026-05-16,6678,テクノメディカ,テクノメディカ,skip,duplicate,high,"kabutan,nikkei,tdnet",7
2026-05-16,6678,テクノメディカ,テクノメデカ,skip,duplicate,high,kabutan,2
2026-05-16,6694,ズーム,ズーム,skip,duplicate,high,"kabutan,nikkei",6
2026-05-16,6696,トラース・オン・プロダクト,トラースOP,skip,duplicate,high,"kabutan,tdnet",8
2026-05-16,6696,トラース・オン・プロダクト,トラース・オン・プロダクト,skip,duplicate,high,"kabutan,nikkei",4
2026-05-16,6699,ダイヤモンドエレクトリックﾎｰﾙﾃﾞｨﾝｸﾞｽ,ダイヤHD,skip,duplicate,high,"kabutan,tdnet",9
2026-05-16,6699,ダイヤモンドエレクトリックﾎｰﾙﾃﾞｨﾝｸﾞｽ,ダイヤモンドエレクトリックホールディングス,skip,duplicate,high,"kabutan,nikkei",4
2026-05-16,6701,日本電気,NEC,skip,duplicate,high,"kabutan,nikkei,tdnet",13
2026-05-16,6702,富士通,富士通,skip,duplicate,high,"kabutan,nikkei,tdnet",12
2026-05-16,6703,沖電気工業,OKI,skip,duplicate,high,"kabutan,nikkei",8
2026-05-16,6703,沖電気工業,沖電気工業,skip,duplicate,high,kabutan,2
2026-05-16,6706,電気興業,電気興,skip,duplicate,high,"kabutan,tdnet",6
2026-05-16,6706,電気興業,電気興業,skip,duplicate,high,"kabutan,nikkei",4
2026-05-16,6707,サンケン電気,サンケン電気,skip,duplicate,high,"kabutan,nikkei",4
2026-05-16,6707,サンケン電気,サンケン,skip,duplicate,high,kabutan,2
2026-05-16,6718,アイホン,アイホン,skip,duplicate,high,"kabutan,nikkei",4
2026-05-16,6721,ウインテスト,ウインテスト,skip,duplicate,high,"kabutan,nikkei,tdnet",14
2026-05-16,6723,ルネサスエレクトロニクス,ルネサス,skip,duplicate,high,"kabutan,tdnet",6
2026-05-16,6723,ルネサスエレクトロニクス,ルネサスエレクトロニクス,skip,duplicate,high,"kabutan,nikkei",4
2026-05-16,6724,セイコーエプソン,エプソン,skip,duplicate,high,"kabutan,tdnet",7
2026-05-16,6724,セイコーエプソン,セイコーエプソン,skip,duplicate,high,"kabutan,nikkei",4
2026-05-16,6727,ワコム,ワコム,skip,duplicate,high,"kabutan,nikkei,tdnet",9
2026-05-16,6728,アルバック,アルバック,skip,duplicate,high,"kabutan,nikkei,tdnet",9
2026-05-16,6730,アクセル,アクセル,skip,duplicate,high,"kabutan,nikkei,tdnet",9
2026-05-16,6731,ピクセラ,ピクセラ,skip,duplicate,high,"kabutan,nikkei,tdnet",15
2026-05-16,6734,ニューテック,ニューテック,skip,duplicate,high,kabutan,3
2026-05-16,6736,サン電子,サン電子,skip,duplicate,high,"kabutan,nikkei,tdnet",9
2026-05-16,6737,EIZO,EIZO,skip,duplicate,high,"kabutan,nikkei",10
2026-05-16,6740,ジャパンディスプレイ,ジャパンディスプレイ,skip,duplicate,high,"kabutan,nikkei",4
2026-05-16,6740,ジャパンディスプレイ,Jディスプレ,skip,duplicate,high,kabutan,2
2026-05-16,6740,ジャパンディスプレイ,JDI,review,new_candidate,low,tdnet,2
2026-05-16,6741,日本信号,日本信号,skip,duplicate,high,"kabutan,nikkei",4
2026-05-16,6742,京三製作所,京三製作所,skip,duplicate,high,"kabutan,nikkei",4
2026-05-16,6742,京三製作所,京三,skip,duplicate,high,kabutan,2
2026-05-16,6743,大同信号,大同信号,skip,duplicate,high,"kabutan,nikkei",4
2026-05-16,6743,大同信号,大同信,skip,duplicate,high,kabutan,2
2026-05-16,6744,能美防災,能美防災,skip,duplicate,high,"kabutan,nikkei,tdnet",8
2026-05-16,6745,ホーチキ,ホーチキ,skip,duplicate,high,"kabutan,nikkei,tdnet",10
2026-05-16,6748,星和電機,星和電機,skip,duplicate,high,"kabutan,nikkei,tdnet",9
2026-05-16,6748,星和電機,星和電,skip,duplicate,high,kabutan,2
2026-05-16,6750,エレコム,エレコム,skip,duplicate,high,"kabutan,nikkei,tdnet",5
2026-05-16,6752,パナソニック ﾎｰﾙﾃﾞｨﾝｸﾞｽ,パナソニックHD,skip,duplicate,high,tdnet,6
2026-05-16,6752,パナソニック ﾎｰﾙﾃﾞｨﾝｸﾞｽ,パナソニック ホールディングス,skip,duplicate,high,"kabutan,nikkei",4
2026-05-16,6752,パナソニック ﾎｰﾙﾃﾞｨﾝｸﾞｽ,パナHD,skip,duplicate,high,kabutan,2
2026-05-16,6753,シャープ,シャープ,skip,duplicate,high,"kabutan,nikkei,tdnet",12
2026-05-16,6754,アンリツ,アンリツ,skip,duplicate,high,"kabutan,nikkei,tdnet",9
2026-05-16,6757,OSGｺｰﾎﾟﾚｰｼｮﾝ,OSGコーポ,skip,duplicate,high,"kabutan,tdnet",5
2026-05-16,6757,OSGｺｰﾎﾟﾚｰｼｮﾝ,OSGコーポレーション,skip,duplicate,high,"kabutan,nikkei",4
2026-05-16,6758,ソニーｸﾞﾙｰﾌﾟ,ソニーグループ,skip,duplicate,high,"kabutan,nikkei,tdnet",12
2026-05-16,6758,ソニーｸﾞﾙｰﾌﾟ,ソニーG,skip,duplicate,high,kabutan,2
2026-05-16,6762,TDK,TDK,skip,duplicate,high,"kabutan,nikkei,tdnet",7
2026-05-16,6763,帝国通信工業,帝通工,skip,duplicate,high,"kabutan,tdnet",9
2026-05-16,6763,帝国通信工業,帝国通信工業,skip,duplicate,high,"kabutan,nikkei",4
2026-05-16,6768,タムラ製作所,タムラ製,skip,duplicate,high,tdnet,5
2026-05-16,6768,タムラ製作所,タムラ製作所,skip,duplicate,high,"kabutan,nikkei",4
2026-05-16,6768,タムラ製作所,タムラ,skip,duplicate,high,kabutan,2
2026-05-16,6769,ザインエレクトロニクス,ザイン,skip,duplicate,high,"kabutan,tdnet",6
2026-05-16,6769,ザインエレクトロニクス,ザインエレクトロニクス,skip,duplicate,high,"kabutan,nikkei",4
2026-05-16,6770,アルプスアルパイン,アルプスアルパイン,skip,duplicate,high,"kabutan,nikkei,tdnet",5
2026-05-16,6770,アルプスアルパイン,アルプスアル,skip,duplicate,high,kabutan,2
2026-05-16,6771,池上通信機,池上通,skip,duplicate,high,kabutan,4
2026-05-16,6771,池上通信機,池上通信機,skip,duplicate,high,"kabutan,nikkei",4
2026-05-16,6772,東京コスモス電機,コスモス電,skip,duplicate,high,tdnet,4
2026-05-16,6772,東京コスモス電機,東京コスモス電機,skip,duplicate,high,"kabutan,nikkei",4
2026-05-16,6772,東京コスモス電機,コスモス,skip,duplicate,high,kabutan,2
2026-05-16,6775,TBｸﾞﾙｰﾌﾟ,TBグループ,skip,duplicate,high,"kabutan,nikkei,tdnet",8
2026-05-16,6776,天昇電気工業,天昇電,skip,duplicate,high,"kabutan,tdnet",4
2026-05-16,6776,天昇電気工業,天昇電気工業,skip,duplicate,high,"kabutan,nikkei",4
2026-05-16,6777,santec Holdings,santec Holdings,skip,duplicate,high,"kabutan,nikkei",4
2026-05-16,6777,santec Holdings,santec,skip,duplicate,high,kabutan,3
2026-05-16,6778,アルチザネットワークス,アルチザネットワークス,skip,duplicate,high,"kabutan,nikkei",4
2026-05-16,6778,アルチザネットワークス,アルチザ,skip,duplicate,high,kabutan,3
2026-05-16,6779,日本電波工業,日電波,skip,duplicate,high,"kabutan,tdnet",6
2026-05-16,6779,日本電波工業,日本電波工業,skip,duplicate,high,"kabutan,nikkei",4
2026-05-16,6785,鈴木,鈴木,skip,duplicate,high,"kabutan,nikkei,tdnet",6
2026-05-16,6786,RVH,RVH,skip,duplicate,high,"kabutan,nikkei,tdnet",7
2026-05-16,6787,メイコー,メイコー,skip,duplicate,high,"kabutan,nikkei,tdnet",9
2026-05-16,6788,日本トリム,日本トリム,skip,duplicate,high,"kabutan,nikkei",5
2026-05-16,6794,フォスター電機,フォスター電,skip,duplicate,high,tdnet,7
2026-05-16,6794,フォスター電機,フォスター電機,skip,duplicate,high,"kabutan,nikkei",4
2026-05-16,6794,フォスター電機,フォスター,skip,duplicate,high,kabutan,2
2026-05-16,6797,名古屋電機工業,名古屋電機工業,skip,duplicate,high,"kabutan,nikkei,tdnet",8
2026-05-16,6797,名古屋電機工業,名古屋電機,skip,duplicate,high,kabutan,2
2026-05-16,6798,SMK,SMK,skip,duplicate,high,"kabutan,nikkei",5
2026-05-16,6800,ヨコオ,ヨコオ,skip,duplicate,high,"kabutan,nikkei",5
2026-05-16,6803,ティアック,ティアック,skip,duplicate,high,"kabutan,nikkei",5
2026-05-16,6804,ホシデン,ホシデン,skip,duplicate,high,"kabutan,nikkei,tdnet",6
2026-05-16,6806,ヒロセ電機,ヒロセ電,skip,duplicate,high,"kabutan,tdnet",10
2026-05-16,6806,ヒロセ電機,ヒロセ電機,skip,duplicate,high,"kabutan,nikkei",4
2026-05-16,6807,日本航空電子工業,航空電子,skip,duplicate,high,"kabutan,tdnet",7
2026-05-16,6807,日本航空電子工業,日本航空電子工業,skip,duplicate,high,"kabutan,nikkei",4
2026-05-16,6809,TOA,TOA,skip,duplicate,high,"kabutan,nikkei,tdnet",9
2026-05-16,6810,マクセル,マクセル,skip,duplicate,high,"kabutan,nikkei,tdnet",14
2026-05-16,6814,古野電気,古野電気,skip,duplicate,high,"kabutan,nikkei,tdnet",10
2026-05-16,6814,古野電気,古野電,skip,duplicate,high,kabutan,2
2026-05-16,6817,スミダｺｰﾎﾟﾚｰｼｮﾝ,スミダ,skip,duplicate,high,tdnet,6
2026-05-16,6817,スミダｺｰﾎﾟﾚｰｼｮﾝ,スミダコーポレーション,skip,duplicate,high,"kabutan,nikkei",4
2026-05-16,6817,スミダｺｰﾎﾟﾚｰｼｮﾝ,スミダコーポ,skip,duplicate,high,kabutan,2
2026-05-16,6819,伊豆シャボテンリゾート,伊豆シャボテンリゾート,skip,duplicate,high,"kabutan,nikkei",4
2026-05-16,6819,伊豆シャボテンリゾート,伊豆シャボ,skip,duplicate,high,kabutan,2
2026-05-16,6819,伊豆シャボテンリゾート,伊豆シャボテンR,skip,duplicate,high,tdnet,2
2026-05-16,6820,アイコム,アイコム,skip,duplicate,high,"kabutan,nikkei",4
2026-05-16,6822,大井電気,大井電気,skip,duplicate,high,"kabutan,nikkei",5
2026-05-16,6823,リオン,リオン,skip,duplicate,high,"kabutan,nikkei,tdnet",5
2026-05-16,6824,新コスモス電機,新コスモス,skip,duplicate,high,"kabutan,tdnet",6
2026-05-16,6824,新コスモス電機,新コスモス電機,skip,duplicate,high,"kabutan,nikkei",4
2026-05-16,6832,アオイ電子,アオイ電子,skip,duplicate,high,"kabutan,nikkei",4
2026-05-16,6834,精工技研,精工技研,skip,duplicate,high,"kabutan,nikkei,tdnet",9
2026-05-16,6835,アライドテレシスﾎｰﾙﾃﾞｨﾝｸﾞｽ,アライドHD,skip,duplicate,high,"kabutan,tdnet",6
2026-05-16,6835,アライドテレシスﾎｰﾙﾃﾞｨﾝｸﾞｽ,アライドテレシスホールディングス,skip,duplicate,high,"kabutan,nikkei",4
2026-05-16,6836,ぷらっとホーム,ぷらっとホーム,skip,duplicate,high,"kabutan,nikkei",4
2026-05-16,6836,ぷらっとホーム,プラット,skip,duplicate,high,tdnet,3
2026-05-16,6836,ぷらっとホーム,ぷらっと,skip,duplicate,high,kabutan,2
2026-05-16,6837,京写,京写,skip,duplicate,high,"kabutan,nikkei,tdnet",11
2026-05-16,6838,多摩川ﾎｰﾙﾃﾞｨﾝｸﾞｽ,多摩川HD,skip,duplicate,high,"kabutan,tdnet",20
2026-05-16,6838,多摩川ﾎｰﾙﾃﾞｨﾝｸﾞｽ,多摩川ホールディングス,skip,duplicate,high,"kabutan,nikkei",4
2026-05-16,6840,AKIBAﾎｰﾙﾃﾞｨﾝｸﾞｽ,AKIBA,skip,duplicate,high,"kabutan,tdnet",6
2026-05-16,6840,AKIBAﾎｰﾙﾃﾞｨﾝｸﾞｽ,AKIBAホールディングス,skip,duplicate,high,"kabutan,nikkei",4
2026-05-16,6841,横河電機,横河電,skip,duplicate,high,"kabutan,tdnet",7
2026-05-16,6841,横河電機,横河電機,skip,duplicate,high,"kabutan,nikkei",4
2026-05-16,6844,新電元工業,新電元,skip,duplicate,high,"kabutan,tdnet",7
2026-05-16,6844,新電元工業,新電元工業,skip,duplicate,high,"kabutan,nikkei",4
2026-05-16,6845,アズビル,アズビル,skip,duplicate,high,"kabutan,nikkei,tdnet",6
2026-05-16,6848,東亜ディーケーケー,東亜ディーケーケー,skip,duplicate,high,"kabutan,nikkei,tdnet",5
2026-05-16,6848,東亜ディーケーケー,東亜DKK,skip,duplicate,high,kabutan,2
2026-05-16,6849,日本光電工業,日本光電,skip,duplicate,high,"kabutan,nikkei,tdnet",11
2026-05-16,6849,日本光電工業,日本光電工業,skip,duplicate,high,kabutan,2
2026-05-16,6850,チノー,チノー,skip,duplicate,high,"kabutan,nikkei,tdnet",7
2026-05-16,6853,共和電業,共和電,skip,duplicate,high,"kabutan,tdnet",8
2026-05-16,6853,共和電業,共和電業,skip,duplicate,high,"kabutan,nikkei",4
2026-05-16,6855,日本電子材料,電子材料,skip,duplicate,high,"kabutan,tdnet",8
2026-05-16,6855,日本電子材料,日本電子材料,skip,duplicate,high,"kabutan,nikkei",4
2026-05-16,6856,堀場製作所,堀場製,skip,duplicate,high,"kabutan,tdnet",6
2026-05-16,6856,堀場製作所,堀場製作所,skip,duplicate,high,"kabutan,nikkei",4
2026-05-16,6857,アドバンテスト,アドバンテス,skip,duplicate,high,tdnet,16
2026-05-16,6857,アドバンテスト,アドバンテスト,skip,duplicate,high,"kabutan,nikkei",4
2026-05-16,6857,アドバンテスト,アドテスト,skip,duplicate,high,kabutan,2
2026-05-16,6858,小野測器,小野測器,skip,duplicate,high,"kabutan,nikkei,tdnet",11
2026-05-16,6859,エスペック,エスペック,skip,duplicate,high,"kabutan,nikkei,tdnet",7
2026-05-16,6861,キーエンス,キーエンス,skip,duplicate,high,"kabutan,nikkei,tdnet",8
2026-05-16,6862,ミナトﾎｰﾙﾃﾞｨﾝｸﾞｽ,ミナトHD,skip,duplicate,high,"kabutan,tdnet",15
2026-05-16,6862,ミナトﾎｰﾙﾃﾞｨﾝｸﾞｽ,ミナトホールディングス,skip,duplicate,high,"kabutan,nikkei",4
2026-05-16,6863,ニレコ,ニレコ,skip,duplicate,high,"kabutan,nikkei,tdnet",9
2026-05-16,6864,エヌエフﾎｰﾙﾃﾞｨﾝｸﾞｽ,エヌエフホールディングス,skip,duplicate,high,"kabutan,nikkei",4
2026-05-16,6864,エヌエフﾎｰﾙﾃﾞｨﾝｸﾞｽ,エヌエフHD,skip,duplicate,high,kabutan,3
2026-05-16,6866,日置電機,日置電,skip,duplicate,high,tdnet,7
2026-05-16,6866,日置電機,HIOKI,skip,duplicate,high,"kabutan,nikkei",4
2026-05-16,6867,リーダー電子,リーダ電子,skip,duplicate,high,tdnet,7
2026-05-16,6867,リーダー電子,リーダー電子,skip,duplicate,high,"kabutan,nikkei",4
2026-05-16,6869,シスメックス,シスメックス,skip,duplicate,high,"kabutan,nikkei,tdnet",7
2026-05-16,6870,日本フェンオール,日本フェンオール,skip,duplicate,high,"kabutan,nikkei,tdnet",9
2026-05-16,6870,日本フェンオール,フェンオール,skip,duplicate,high,kabutan,2
2026-05-16,6871,日本マイクロニクス,日本マイクロニクス,skip,duplicate,high,"kabutan,nikkei",4
2026-05-16,6871,日本マイクロニクス,日マイクロニクス,skip,duplicate,high,tdnet,3
2026-05-16,6871,日本マイクロニクス,日本マイクロ,skip,duplicate,high,kabutan,2
2026-05-16,6874,協立電機,協立電機,skip,duplicate,high,"kabutan,nikkei,tdnet",5
2026-05-16,6875,メガチップス,メガチップス,skip,duplicate,high,"kabutan,nikkei,tdnet",6
2026-05-16,6877,OBARA GROUP,OBARAG,skip,duplicate,high,"kabutan,tdnet",7
2026-05-16,6877,OBARA GROUP,OBARA GROUP,skip,duplicate,high,"kabutan,nikkei",4
2026-05-16,6882,三社電機製作所,三社電機製作所,skip,duplicate,high,"kabutan,nikkei,tdnet",10
2026-05-16,6882,三社電機製作所,三社電機,skip,duplicate,high,kabutan,2
2026-05-16,6888,アクモス,アクモス,skip,duplicate,high,"kabutan,nikkei,tdnet",9
2026-05-16,6890,フェローテック,フェローテック,skip,duplicate,high,"kabutan,nikkei,tdnet",19
2026-05-16,6890,フェローテック,フェローテク,skip,duplicate,high,kabutan,2
2026-05-16,6894,パルステック工業,パルステック工業,skip,duplicate,high,"kabutan,nikkei",4
2026-05-16,6894,パルステック工業,パルステック,skip,duplicate,high,kabutan,2
2026-05-16,6897,ツインバード,ツインバード,skip,duplicate,high,"kabutan,nikkei,tdnet",9
2026-05-16,6898,トミタ電機,トミタ電機,skip,duplicate,high,"kabutan,nikkei,tdnet",8
2026-05-16,6899,ASTI,ASTI,skip,duplicate,high,"kabutan,nikkei,tdnet",11
2026-05-16,6901,澤藤電機,沢藤電,skip,duplicate,high,"kabutan,tdnet",8
2026-05-16,6901,澤藤電機,澤藤電機,skip,duplicate,high,kabutan,2
2026-05-16,6902,デンソー,デンソー,skip,duplicate,high,"kabutan,nikkei,tdnet",14
2026-05-16,6904,原田工業,原田工業,skip,duplicate,high,"kabutan,nikkei",5
2026-05-16,6905,コーセル,コーセル,skip,duplicate,high,"kabutan,nikkei",7
2026-05-16,6907,ジオマテック,ジオマテック,skip,duplicate,high,"kabutan,nikkei,tdnet",6
2026-05-16,6908,イリソ電子工業,イリソ電子工業,skip,duplicate,high,"kabutan,nikkei,tdnet",6
2026-05-16,6908,イリソ電子工業,イリソ電子,skip,duplicate,high,kabutan,2
2026-05-16,6912,菊水ﾎｰﾙﾃﾞｨﾝｸﾞｽ,菊水HD,skip,duplicate,high,"kabutan,tdnet",5
2026-05-16,6912,菊水ﾎｰﾙﾃﾞｨﾝｸﾞｽ,菊水ホールディングス,skip,duplicate,high,"kabutan,nikkei",4
2026-05-16,6914,オプテックスｸﾞﾙｰﾌﾟ,オプテックスグループ,skip,duplicate,high,"kabutan,nikkei,tdnet",8
2026-05-16,6914,オプテックスｸﾞﾙｰﾌﾟ,オプテクスG,skip,duplicate,high,kabutan,2
2026-05-16,6915,千代田インテグレ,千代田インテグレ,skip,duplicate,high,"kabutan,nikkei",4
2026-05-16,6915,千代田インテグレ,千代田インテ,skip,duplicate,high,kabutan,2
2026-05-16,6918,アバールデータ,アバール,skip,duplicate,high,kabutan,4
2026-05-16,6918,アバールデータ,アバールデータ,skip,duplicate,high,"kabutan,nikkei",4
2026-05-16,6919,ケル,ケル,skip,duplicate,high,"kabutan,nikkei",4
2026-05-16,6920,レーザーテック,レーザーテック,skip,duplicate,high,"kabutan,nikkei,tdnet",5
2026-05-16,6920,レーザーテック,レーザーテク,skip,duplicate,high,kabutan,2
2026-05-16,6923,スタンレー電気,スタンレー電,skip,duplicate,high,tdnet,5
2026-05-16,6923,スタンレー電気,スタンレー電気,skip,duplicate,high,"kabutan,nikkei",4
2026-05-16,6923,スタンレー電気,スタンレー,skip,duplicate,high,kabutan,2
2026-05-16,6925,ウシオ電機,ウシオ電,skip,duplicate,high,"kabutan,tdnet",13
2026-05-16,6925,ウシオ電機,ウシオ電機,skip,duplicate,high,"kabutan,nikkei",4
2026-05-16,6926,岡谷電機産業,岡谷電機産業,skip,duplicate,high,"kabutan,nikkei",4
2026-05-16,6926,岡谷電機産業,OKAYA,skip,duplicate,high,kabutan,3
2026-05-16,6927,ヘリオス テクノ ホールディング,ヘリオステクノH,skip,duplicate,high,tdnet,5
2026-05-16,6927,ヘリオス テクノ ホールディング,ヘリオス テクノ ホールディング,skip,duplicate,high,"kabutan,nikkei",4
2026-05-16,6927,ヘリオス テクノ ホールディング,ヘリオスTH,skip,duplicate,high,kabutan,2
2026-05-16,6928,エノモト,エノモト,skip,duplicate,high,"kabutan,nikkei,tdnet",8
2026-05-16,6929,日本セラミック,日セラミック,skip,duplicate,high,tdnet,5
2026-05-16,6929,日本セラミック,日本セラミック,skip,duplicate,high,"kabutan,nikkei",4
2026-05-16,6929,日本セラミック,日セラ,skip,duplicate,high,kabutan,2
2026-05-16,6932,遠藤照明,遠藤照明,skip,duplicate,high,"kabutan,nikkei,tdnet",7
2026-05-16,6941,山一電機,山一電機,skip,duplicate,high,"kabutan,nikkei,tdnet",8
2026-05-16,6942,ソフィアﾎｰﾙﾃﾞｨﾝｸﾞｽ,ソフィアホールディングス,skip,duplicate,high,"kabutan,nikkei",4
2026-05-16,6942,ソフィアﾎｰﾙﾃﾞｨﾝｸﾞｽ,ソフィア,skip,duplicate,high,kabutan,2
2026-05-16,6943,NKKスイッチズ,NKK,skip,duplicate,high,"kabutan,tdnet",5
2026-05-16,6943,NKKスイッチズ,NKKスイッチズ,skip,duplicate,high,"kabutan,nikkei",4
2026-05-16,6946,日本アビオニクス,日本アビオニクス,skip,duplicate,high,"kabutan,nikkei",4
2026-05-16,6946,日本アビオニクス,日アビオ,skip,duplicate,high,tdnet,2
2026-05-16,6946,日本アビオニクス,日本アビオ,skip,duplicate,high,kabutan,2
2026-05-16,6947,図研,図研,skip,duplicate,high,"kabutan,nikkei",4
2026-05-16,6951,日本電子,日本電子,skip,duplicate,high,"kabutan,nikkei",4
2026-05-16,6951,日本電子,日電子,skip,duplicate,high,kabutan,3
2026-05-16,6952,カシオ計算機,カシオ計算機,skip,duplicate,high,"kabutan,nikkei",4
2026-05-16,6952,カシオ計算機,カシオ,skip,duplicate,high,kabutan,2
2026-05-16,6954,ファナック,ファナック,skip,duplicate,high,"kabutan,nikkei,tdnet",10
2026-05-16,6955,FDK,FDK,skip,duplicate,high,"kabutan,nikkei,tdnet",10
2026-05-16,6958,日本シイエムケイ,日本CMK,skip,duplicate,high,"kabutan,nikkei",4
2026-05-16,6960,フクダ電子,フクダ電子,skip,duplicate,high,"kabutan,nikkei,tdnet",6
2026-05-16,6960,フクダ電子,フクダ電,skip,duplicate,high,kabutan,2
2026-05-16,6961,エンプラス,エンプラス,skip,duplicate,high,"kabutan,nikkei,tdnet",6
2026-05-16,6962,大真空,大真空,skip,duplicate,high,"kabutan,nikkei",4
2026-05-16,6963,ローム,ローム,skip,duplicate,high,"kabutan,nikkei,tdnet",16
2026-05-16,6964,サンコー,サンコー,skip,duplicate,high,"kabutan,nikkei,tdnet",6
2026-05-16,6965,浜松ホトニクス,浜松ホトニクス,skip,duplicate,high,"kabutan,nikkei",4
2026-05-16,6965,浜松ホトニクス,浜松ホトニク,skip,duplicate,high,tdnet,3
2026-05-16,6965,浜松ホトニクス,ホトニクス,skip,duplicate,high,kabutan,2
2026-05-16,6966,三井ハイテック,三井ハイテク,skip,duplicate,high,kabutan,7
2026-05-16,6966,三井ハイテック,三井ハイテック,skip,duplicate,high,"kabutan,nikkei",4
2026-05-16,6969,松尾電機,松尾電機,skip,duplicate,high,"kabutan,nikkei,tdnet",7
2026-05-16,6969,松尾電機,松尾電,skip,duplicate,high,kabutan,2
2026-05-16,6971,京セラ,京セラ,skip,duplicate,high,"kabutan,nikkei,tdnet",15
2026-05-16,6976,太陽誘電,太陽誘電,skip,duplicate,high,"kabutan,nikkei,tdnet",8
2026-05-16,6977,日本抵抗器製作所,日本抵抗器製作所,skip,duplicate,high,"kabutan,nikkei",4
2026-05-16,6977,日本抵抗器製作所,抵抗器,skip,duplicate,high,kabutan,2
2026-05-16,6981,村田製作所,村田製,skip,duplicate,high,"kabutan,tdnet",12
2026-05-16,6981,村田製作所,村田製作所,skip,duplicate,high,"kabutan,nikkei",4
2026-05-16,6982,リード,リード,skip,duplicate,high,"kabutan,nikkei",4
2026-05-16,6986,双葉電子工業,双葉電子工業,skip,duplicate,high,"kabutan,nikkei",4
2026-05-16,6986,双葉電子工業,双葉電,skip,duplicate,high,kabutan,2
2026-05-16,6988,日東電工,日東電,skip,duplicate,high,"kabutan,tdnet",12
2026-05-16,6988,日東電工,日東電工,skip,duplicate,high,"kabutan,nikkei",4
2026-05-16,6989,北陸電気工業,北陸電気工業,skip,duplicate,high,"kabutan,nikkei",4
2026-05-16,6989,北陸電気工業,北電工,skip,duplicate,high,kabutan,2
2026-05-16,6993,大黒屋ﾎｰﾙﾃﾞｨﾝｸﾞｽ,大黒屋,skip,duplicate,high,"kabutan,tdnet",10
2026-05-16,6993,大黒屋ﾎｰﾙﾃﾞｨﾝｸﾞｽ,大黒屋ホールディングス,skip,duplicate,high,"kabutan,nikkei",4
2026-05-16,6994,指月電機製作所,指月電機製作所,skip,duplicate,high,"kabutan,nikkei",4
2026-05-16,6994,指月電機製作所,指月電,skip,duplicate,high,"kabutan,tdnet",3
2026-05-16,6995,東海理化電機製作所,東海理電,skip,duplicate,high,tdnet,4
2026-05-16,6995,東海理化電機製作所,東海理,skip,duplicate,high,kabutan,2
2026-05-16,6995,東海理化電機製作所,東海理化,skip,duplicate,high,nikkei,2
2026-05-16,6995,東海理化電機製作所,東海理化電機製作所,skip,duplicate,high,kabutan,2
2026-05-16,6996,ニチコン,ニチコン,skip,duplicate,high,"kabutan,nikkei,tdnet",6
2026-05-16,6997,日本ケミコン,日ケミコン,skip,duplicate,high,"kabutan,tdnet",8
2026-05-16,6997,日本ケミコン,日本ケミコン,skip,duplicate,high,"kabutan,nikkei",4
2026-05-16,6998,日本タングステン,日タングス,skip,duplicate,high,tdnet,7
2026-05-16,6998,日本タングステン,日本タングステン,skip,duplicate,high,"kabutan,nikkei",4
2026-05-16,6998,日本タングステン,タングス,skip,duplicate,high,kabutan,2
2026-05-16,6999,KOA,KOA,skip,duplicate,high,"kabutan,nikkei,tdnet",13
2026-05-16,7003,三井E＆S,三井E&S,skip,duplicate,high,"kabutan,nikkei",5
2026-05-16,7004,カナデビア,カナデビア,skip,duplicate,high,"kabutan,nikkei,tdnet",11
2026-05-16,7011,三菱重工業,三菱重,skip,duplicate,high,kabutan,4
2026-05-16,7011,三菱重工業,三菱重工業,skip,duplicate,high,"kabutan,nikkei",4
2026-05-16,7012,川崎重工業,川崎重工業,skip,duplicate,high,"kabutan,nikkei",4
2026-05-16,7012,川崎重工業,川重,skip,duplicate,high,kabutan,2
2026-05-16,7013,IHI,IHI,skip,duplicate,high,"kabutan,nikkei,tdnet",10
2026-05-16,7014,名村造船所,名村造船所,skip,duplicate,high,"kabutan,nikkei",4
2026-05-16,7014,名村造船所,名村造,skip,duplicate,high,kabutan,2
2026-05-16,7014,名村造船所,名村造船,skip,duplicate,high,tdnet,2
2026-05-16,7018,内海造船,内海造,skip,duplicate,high,"kabutan,tdnet",4
2026-05-16,7018,内海造船,内海造船,skip,duplicate,high,"kabutan,nikkei",4
2026-05-16,7021,ニッチツ,ニッチツ,skip,duplicate,high,"kabutan,nikkei,tdnet",8
2026-05-16,7022,サノヤスﾎｰﾙﾃﾞｨﾝｸﾞｽ,サノヤスHD,skip,duplicate,high,"kabutan,tdnet",10
2026-05-16,7022,サノヤスﾎｰﾙﾃﾞｨﾝｸﾞｽ,サノヤスホールディングス,skip,duplicate,high,"kabutan,nikkei",4
2026-05-16,7030,スプリックス,スプリックス,skip,duplicate,high,"kabutan,nikkei,tdnet",6
2026-05-16,7031,インバウンドテック,インバウンドテック,skip,duplicate,high,"kabutan,nikkei",4
2026-05-16,7031,インバウンドテック,インバウT,skip,duplicate,high,kabutan,2
2026-05-16,7031,インバウンドテック,インバウンド,add,new_candidate,medium,tdnet,2
2026-05-16,7033,マネジメントソリューションズ,MSOL,skip,duplicate,high,"kabutan,tdnet",6
2026-05-16,7033,マネジメントソリューションズ,マネジメントソリューションズ,skip,duplicate,high,"kabutan,nikkei",4
2026-05-16,7034,プロレド・パートナーズ,プロレド・パートナーズ,skip,duplicate,high,"kabutan,nikkei",7
2026-05-16,7034,プロレド・パートナーズ,プロレド,skip,duplicate,high,kabutan,2
2026-05-16,7035,and factory,and factory,skip,duplicate,high,"kabutan,nikkei",5
2026-05-16,7035,and factory,アンファク,skip,duplicate,high,kabutan,2
2026-05-16,7035,and factory,anfac,review,new_candidate,low,tdnet,3
2026-05-16,7036,イーエムネットジャパン,イーエムネットJ,skip,duplicate,high,tdnet,17
2026-05-16,7036,イーエムネットジャパン,イーエムネットジャパン,skip,duplicate,high,"kabutan,nikkei",4
2026-05-16,7036,イーエムネットジャパン,EMネットJ,skip,duplicate,high,kabutan,2
2026-05-16,7037,テノ．ﾎｰﾙﾃﾞｨﾝｸﾞｽ,テノ.ホールディングス,skip,duplicate,high,"kabutan,nikkei",4
2026-05-16,7037,テノ．ﾎｰﾙﾃﾞｨﾝｸﾞｽ,テノ.,skip,duplicate,high,tdnet,3
2026-05-16,7037,テノ．ﾎｰﾙﾃﾞｨﾝｸﾞｽ,テノ.HD,skip,duplicate,high,kabutan,2
2026-05-16,7038,フロンティア・マネジメント,フロンティア・マネジメント,skip,duplicate,high,"kabutan,nikkei",4
2026-05-16,7038,フロンティア・マネジメント,フロンティM,skip,duplicate,high,kabutan,2
2026-05-16,7038,フロンティア・マネジメント,フロンティアM,skip,duplicate,high,tdnet,2
2026-05-16,7039,ブリッジｲﾝﾀｰﾅｼｮﾅﾙｸﾞﾙｰﾌﾟ,ブリッジインターナショナルグループ,skip,duplicate,high,"kabutan,nikkei",4
2026-05-16,7039,ブリッジｲﾝﾀｰﾅｼｮﾅﾙｸﾞﾙｰﾌﾟ,ブリッジ-G,skip,duplicate,high,kabutan,2
2026-05-16,7040,サン・ライフホールディング,サン・ライフHD,skip,duplicate,high,tdnet,5
2026-05-16,7040,サン・ライフホールディング,サン・ライフホールディング,skip,duplicate,high,"kabutan,nikkei",4
2026-05-16,7040,サン・ライフホールディング,サンライフH,skip,duplicate,high,kabutan,2
2026-05-16,7041,CRGﾎｰﾙﾃﾞｨﾝｸﾞｽ,CRGホールディングス,skip,duplicate,high,"kabutan,nikkei",4
2026-05-16,7041,CRGﾎｰﾙﾃﾞｨﾝｸﾞｽ,CRGHD,skip,duplicate,high,kabutan,3
2026-05-16,7042,アクセスｸﾞﾙｰﾌﾟ・ﾎｰﾙﾃﾞｨﾝｸﾞｽ,アクセスグループ,skip,duplicate,high,tdnet,14
2026-05-16,7042,アクセスｸﾞﾙｰﾌﾟ・ﾎｰﾙﾃﾞｨﾝｸﾞｽ,アクセスグループ・ホールディングス,skip,duplicate,high,"kabutan,nikkei",4
2026-05-16,7042,アクセスｸﾞﾙｰﾌﾟ・ﾎｰﾙﾃﾞｨﾝｸﾞｽ,アクセスHD,skip,duplicate,high,kabutan,2
2026-05-16,7043,アルー,アルー,skip,duplicate,high,"kabutan,nikkei,tdnet",12
2026-05-16,7044,ピアラ,ピアラ,skip,duplicate,high,"kabutan,nikkei,tdnet",11
2026-05-16,7046,TDSE,TDSE,skip,duplicate,high,"kabutan,nikkei",7
2026-05-16,7047,ポート,ポート,skip,duplicate,high,"kabutan,nikkei,tdnet",12
2026-05-16,7048,ベルトラ,ベルトラ,skip,duplicate,high,"kabutan,nikkei",5
2026-05-16,7049,識学,識学,skip,duplicate,high,"kabutan,nikkei,tdnet",10
2026-05-16,7050,フロンティアｲﾝﾀｰﾅｼｮﾅﾙ,フロンティアI,skip,duplicate,high,tdnet,4
2026-05-16,7050,フロンティアｲﾝﾀｰﾅｼｮﾅﾙ,フロンティアインターナショナル,skip,duplicate,high,"kabutan,nikkei",4
2026-05-16,7050,フロンティアｲﾝﾀｰﾅｼｮﾅﾙ,Fインタ,skip,duplicate,high,kabutan,2
2026-05-16,7057,エヌ・シー・エヌ,エヌ・シー・エヌ,skip,duplicate,high,"kabutan,nikkei,tdnet",12
2026-05-16,7058,共栄セキュリティーサービス,共栄セキュリティーサービス,skip,duplicate,high,"kabutan,nikkei",4
2026-05-16,7058,共栄セキュリティーサービス,共栄セキュリ,skip,duplicate,high,kabutan,2
2026-05-16,7058,共栄セキュリティーサービス,共栄セキュリティ,add,new_candidate,medium,tdnet,1
2026-05-16,7059,コプロ・ﾎｰﾙﾃﾞｨﾝｸﾞｽ,コプロHD,skip,duplicate,high,"kabutan,tdnet",10
2026-05-16,7059,コプロ・ﾎｰﾙﾃﾞｨﾝｸﾞｽ,コプロ・ホールディングス,skip,duplicate,high,"kabutan,nikkei",4
2026-05-16,7060,ギークス,ギークス,skip,duplicate,high,"kabutan,nikkei",4
2026-05-16,7061,日本ホスピスﾎｰﾙﾃﾞｨﾝｸﾞｽ,日本ホスピスホールディングス,skip,duplicate,high,"kabutan,nikkei",4
2026-05-16,7061,日本ホスピスﾎｰﾙﾃﾞｨﾝｸﾞｽ,日本ホスピス,skip,duplicate,high,kabutan,3
2026-05-16,7062,フレアス,フレアス,skip,duplicate,high,"kabutan,nikkei,tdnet",10
2026-05-16,7063,Birdman,Birdman,skip,duplicate,high,"kabutan,nikkei,tdnet",19
2026-05-16,7063,Birdman,バードマン,skip,duplicate,high,kabutan,2
2026-05-16,7064,ハウテレビジョン,ハウテレビジョン,skip,duplicate,high,"kabutan,nikkei,tdnet",9
2026-05-16,7064,ハウテレビジョン,ハウテレ,skip,duplicate,high,kabutan,2
2026-05-16,7065,ユーピーアール,ユーピーアール,skip,duplicate,high,"kabutan,nikkei,tdnet",8
2026-05-16,7065,ユーピーアール,upr,skip,duplicate,high,kabutan,3
2026-05-16,7066,ピアズ,ピアズ,skip,duplicate,high,"kabutan,nikkei,tdnet",8
2026-05-16,7067,ブランディングテクノロジー,ブランディングテクノロジー,skip,duplicate,high,"kabutan,nikkei",4
2026-05-16,7067,ブランディングテクノロジー,ブランドT,skip,duplicate,high,kabutan,2
2026-05-16,7068,フィードフォースｸﾞﾙｰﾌﾟ,FフォースG,skip,duplicate,high,"kabutan,tdnet",6
2026-05-16,7068,フィードフォースｸﾞﾙｰﾌﾟ,フィードフォースグループ,skip,duplicate,high,"kabutan,nikkei",4
2026-05-16,7069,サイバー・バズ,サイバー・バズ,skip,duplicate,high,"kabutan,nikkei",6
2026-05-16,7071,アンビスﾎｰﾙﾃﾞｨﾝｸﾞｽ,アンビス,skip,duplicate,high,tdnet,4
2026-05-16,7071,アンビスﾎｰﾙﾃﾞｨﾝｸﾞｽ,アンビスホールディングス,skip,duplicate,high,"kabutan,nikkei",4
2026-05-16,7071,アンビスﾎｰﾙﾃﾞｨﾝｸﾞｽ,アンビスHD,skip,duplicate,high,kabutan,2
2026-05-16,7072,インティメート・マージャー,インティメート・マージャー,skip,duplicate,high,"kabutan,nikkei",4
2026-05-16,7072,インティメート・マージャー,インテM,skip,duplicate,high,kabutan,2
2026-05-16,7073,ジェイック,ジェイック,skip,duplicate,high,"kabutan,nikkei,tdnet",10
2026-05-16,7074,トゥエンティーフォーセブンﾎｰﾙﾃﾞｨﾝｸﾞｽ,247HD,skip,duplicate,high,"kabutan,tdnet",10
2026-05-16,7074,トゥエンティーフォーセブンﾎｰﾙﾃﾞｨﾝｸﾞｽ,トゥエンティーフォーセブンホールディングス,skip,duplicate,high,"kabutan,nikkei",4
2026-05-16,7075,QLSﾎｰﾙﾃﾞｨﾝｸﾞｽ,QLSホールディングス,skip,duplicate,high,"kabutan,nikkei",4
2026-05-16,7075,QLSﾎｰﾙﾃﾞｨﾝｸﾞｽ,QLSHD,skip,duplicate,high,kabutan,2
2026-05-16,7077,ALiNKインターネット,ALiNK,skip,duplicate,high,"kabutan,tdnet",11
2026-05-16,7077,ALiNKインターネット,ALiNKインターネット,skip,duplicate,high,"kabutan,nikkei",4
2026-05-16,7078,INCLUSIVE Holdings,INCHD,skip,duplicate,high,"kabutan,tdnet",6
2026-05-16,7078,INCLUSIVE Holdings,INCLUSIVE Holdings,skip,duplicate,high,"kabutan,nikkei",4
2026-05-16,7079,WDBココ,WDBココ,skip,duplicate,high,"kabutan,nikkei,tdnet",6
2026-05-16,7080,スポーツフィールド,スポーツフィール,skip,duplicate,high,tdnet,4
2026-05-16,7080,スポーツフィールド,スポーツフィールド,skip,duplicate,high,"kabutan,nikkei",4
2026-05-16,7080,スポーツフィールド,スポーツF,skip,duplicate,high,kabutan,2
2026-05-16,7081,コーユーレンティア,レンティア,skip,duplicate,high,"kabutan,tdnet",5
2026-05-16,7081,コーユーレンティア,コーユーレンティア,skip,duplicate,high,"kabutan,nikkei",4
2026-05-16,7082,ジモティー,ジモティー,skip,duplicate,high,"kabutan,nikkei,tdnet",8
2026-05-16,7083,AHCｸﾞﾙｰﾌﾟ,AHCグループ,skip,duplicate,high,"kabutan,nikkei,tdnet",9
2026-05-16,7083,AHCｸﾞﾙｰﾌﾟ,AHC,skip,duplicate,high,kabutan,3
2026-05-16,7084,Smile Holdings,SmileHD,skip,duplicate,high,tdnet,5
2026-05-16,7084,Smile Holdings,Smile Holdings,skip,duplicate,high,"kabutan,nikkei",4
2026-05-16,7084,Smile Holdings,スマイルHD,skip,duplicate,high,kabutan,2
2026-05-16,7085,カーブスﾎｰﾙﾃﾞｨﾝｸﾞｽ,カーブスHD,skip,duplicate,high,"kabutan,tdnet",8
2026-05-16,7085,カーブスﾎｰﾙﾃﾞｨﾝｸﾞｽ,カーブスホールディングス,skip,duplicate,high,"kabutan,nikkei",4
2026-05-16,7087,ウイルテック,ウイルテック,skip,duplicate,high,"kabutan,nikkei,tdnet",9
2026-05-16,7088,フォーラムエンジニアリング,フォーラムエンジニア,skip,duplicate,high,tdnet,4
2026-05-16,7088,フォーラムエンジニアリング,フォーラムエンジニアリング,skip,duplicate,high,kabutan,3
2026-05-16,7088,フォーラムエンジニアリング,フォーラムE,skip,duplicate,high,kabutan,2
2026-05-16,7089,フォースタートアップス,フォースタ,skip,duplicate,high,"kabutan,tdnet",5
2026-05-16,7089,フォースタートアップス,フォースタートアップス,skip,duplicate,high,"kabutan,nikkei",4
2026-05-16,7090,リグア,リグア,skip,duplicate,high,"kabutan,nikkei",4
2026-05-16,7091,リビングプラットフォーム,リビングプラットフォーム,skip,duplicate,high,"kabutan,nikkei",4
2026-05-16,7091,リビングプラットフォーム,リビングPF,skip,duplicate,high,kabutan,2
2026-05-16,7092,Fast Fitness Japan,Fast Fitness Japan,skip,duplicate,high,kabutan,4
2026-05-16,7092,Fast Fitness Japan,FFJ,skip,duplicate,high,"kabutan,tdnet",4
2026-05-16,7093,アディッシュ,アディッシュ,skip,duplicate,high,"kabutan,nikkei,tdnet",16
2026-05-16,7094,NexTone,NexTone,skip,duplicate,high,"kabutan,nikkei,tdnet",10
2026-05-16,7094,NexTone,ネクストーン,skip,duplicate,high,kabutan,2
2026-05-16,7095,Macbee Planet,MacbeeP,skip,duplicate,high,tdnet,6
2026-05-16,7095,Macbee Planet,Macbee Planet,skip,duplicate,high,"kabutan,nikkei",5
2026-05-16,7095,Macbee Planet,マクビープラ,skip,duplicate,high,kabutan,2
2026-05-16,7096,ステムセル研究所,ステムセル研究所,skip,duplicate,high,"kabutan,nikkei",4
2026-05-16,7096,ステムセル研究所,ステムセル研,skip,duplicate,high,kabutan,2
2026-05-16,7097,さくらさくプラス,さくらさく,skip,duplicate,high,"kabutan,tdnet",7
2026-05-16,7097,さくらさくプラス,さくらさくプラス,skip,duplicate,high,"kabutan,nikkei",4
2026-05-16,7102,日本車輌製造,日車輌,skip,duplicate,high,tdnet,4
2026-05-16,7102,日本車輌製造,日本車両製造,skip,duplicate,high,nikkei,2
2026-05-16,7102,日本車輌製造,日本車輌製造,skip,duplicate,high,kabutan,2
2026-05-16,7102,日本車輌製造,日車両,skip,duplicate,high,kabutan,2
2026-05-16,7105,三菱ロジスネクスト,三菱ロジスネクスト,skip,duplicate,high,"kabutan,tdnet",8
2026-05-16,7105,三菱ロジスネクスト,ロジスネクス,skip,duplicate,high,kabutan,2
2026-05-16,7110,クラシコム,クラシコム,skip,duplicate,high,"kabutan,nikkei",6
2026-05-16,7111,INEST,INEST,skip,duplicate,high,"kabutan,nikkei",6
2026-05-16,7112,キューブ,キューブ,skip,duplicate,high,"kabutan,nikkei,tdnet",14
2026-05-16,7114,フーディソン,フーディソン,skip,duplicate,high,"kabutan,nikkei",5
2026-05-16,7115,アルファパーチェス,アルファパーチェス,skip,duplicate,high,"kabutan,nikkei",6
2026-05-16,7115,アルファパーチェス,Aパーチェス,skip,duplicate,high,kabutan,2
2026-05-16,7116,ダイワ通信,ダイワ通信,skip,duplicate,high,kabutan,4
2026-05-16,7119,ハルメクﾎｰﾙﾃﾞｨﾝｸﾞｽ,ハルメクホールディングス,skip,duplicate,high,"kabutan,nikkei",4
2026-05-16,7119,ハルメクﾎｰﾙﾃﾞｨﾝｸﾞｽ,ハルメク,skip,duplicate,high,kabutan,2
2026-05-16,7120,SHINKO,SHINKO,skip,duplicate,high,"kabutan,nikkei,tdnet",10
2026-05-16,7122,近畿車輛,近畿車,skip,duplicate,high,kabutan,2
2026-05-16,7122,近畿車輛,近畿車両,skip,duplicate,high,nikkei,2
2026-05-16,7122,近畿車輛,近畿車輛,skip,duplicate,high,kabutan,2
2026-05-16,7126,グローバルスタイル,グローバルスタイル,skip,duplicate,high,"kabutan,nikkei",6
2026-05-16,7126,グローバルスタイル,グローバルS,skip,duplicate,high,kabutan,2
2026-05-16,7127,一家ﾎｰﾙﾃﾞｨﾝｸﾞｽ,一家ホールディングス,skip,duplicate,high,"kabutan,nikkei,tdnet",7
2026-05-16,7127,一家ﾎｰﾙﾃﾞｨﾝｸﾞｽ,一家HD,skip,duplicate,high,kabutan,2
2026-05-16,7128,ユニソルﾎｰﾙﾃﾞｨﾝｸﾞｽ,ユニソルHD,skip,duplicate,high,"kabutan,tdnet",4
2026-05-16,7128,ユニソルﾎｰﾙﾃﾞｨﾝｸﾞｽ,ユニソルホールディングス,skip,duplicate,high,"kabutan,nikkei",4
2026-05-16,7129,ミアヘルサﾎｰﾙﾃﾞｨﾝｸﾞｽ,ミアヘルサHD,skip,duplicate,high,tdnet,5
2026-05-16,7129,ミアヘルサﾎｰﾙﾃﾞｨﾝｸﾞｽ,ミアヘルサホールディングス,skip,duplicate,high,"kabutan,nikkei",4
2026-05-16,7129,ミアヘルサﾎｰﾙﾃﾞｨﾝｸﾞｽ,ミアヘルサ,skip,duplicate,high,kabutan,2
2026-05-16,7130,ヤマエｸﾞﾙｰﾌﾟﾎｰﾙﾃﾞｨﾝｸﾞｽ,ヤマエグループHD,skip,duplicate,high,tdnet,6
2026-05-16,7130,ヤマエｸﾞﾙｰﾌﾟﾎｰﾙﾃﾞｨﾝｸﾞｽ,ヤマエグループホールディングス,skip,duplicate,high,"kabutan,nikkei",4
2026-05-16,7130,ヤマエｸﾞﾙｰﾌﾟﾎｰﾙﾃﾞｨﾝｸﾞｽ,ヤマエGHD,skip,duplicate,high,kabutan,2
2026-05-16,7131,のむら産業,のむら産業,skip,duplicate,high,"kabutan,nikkei",7
2026-05-16,7133,HYUGA PRIMARY CARE,HYUGA PRIMARY CARE,skip,duplicate,high,"kabutan,nikkei",5
2026-05-16,7133,HYUGA PRIMARY CARE,ヒュウガプラ,skip,duplicate,high,kabutan,2
2026-05-16,7134,アップガレージｸﾞﾙｰﾌﾟ,アップガレージG,skip,duplicate,high,tdnet,5
2026-05-16,7134,アップガレージｸﾞﾙｰﾌﾟ,アップガレージグループ,skip,duplicate,high,"kabutan,nikkei",4
2026-05-16,7134,アップガレージｸﾞﾙｰﾌﾟ,アップガレG,skip,duplicate,high,kabutan,2
2026-05-16,7135,ジャパンクラフトﾎｰﾙﾃﾞｨﾝｸﾞｽ,ジャパンクラフトHD,skip,duplicate,high,tdnet,5
2026-05-16,7135,ジャパンクラフトﾎｰﾙﾃﾞｨﾝｸﾞｽ,ジャパンクラフトホールディングス,skip,duplicate,high,"kabutan,nikkei",4
2026-05-16,7135,ジャパンクラフトﾎｰﾙﾃﾞｨﾝｸﾞｽ,Jクラフト,skip,duplicate,high,kabutan,2
2026-05-16,7138,TORICO,TORICO,skip,duplicate,high,"kabutan,nikkei,tdnet",21
2026-05-16,7140,ペットゴー,ペットゴー,skip,duplicate,high,"kabutan,nikkei,tdnet",5
2026-05-16,7148,FPG,FPG,skip,duplicate,high,"kabutan,nikkei,tdnet",11
2026-05-16,7150,島根銀行,島根銀行,skip,duplicate,high,"kabutan,nikkei",5
2026-05-16,7157,ライフネット生命保険,ライフネット生命,skip,duplicate,high,tdnet,5
2026-05-16,7157,ライフネット生命保険,ライフネット生命保険,skip,duplicate,high,"kabutan,nikkei",4
2026-05-16,7157,ライフネット生命保険,ライフネット,skip,duplicate,high,kabutan,2
2026-05-16,7161,じもとﾎｰﾙﾃﾞｨﾝｸﾞｽ,じもとHD,skip,duplicate,high,"kabutan,tdnet",8
2026-05-16,7161,じもとﾎｰﾙﾃﾞｨﾝｸﾞｽ,じもとホールディングス,skip,duplicate,high,"kabutan,nikkei",4
2026-05-16,7162,アストマックス,アストマックス,skip,duplicate,high,"kabutan,nikkei,tdnet",15
2026-05-16,7162,アストマックス,アストマクス,skip,duplicate,high,kabutan,2
2026-05-16,7164,全国保証,全国保証,skip,duplicate,high,"kabutan,nikkei,tdnet",11
2026-05-16,7167,めぶきフィナンシャルｸﾞﾙｰﾌﾟ,めぶきFG,skip,duplicate,high,kabutan,4
2026-05-16,7167,めぶきフィナンシャルｸﾞﾙｰﾌﾟ,めぶきフィナンシャルグループ,skip,duplicate,high,"kabutan,nikkei",4
2026-05-16,7172,ジャパンインベストメントアドバイザー,JIA,skip,duplicate,high,"kabutan,tdnet",6
2026-05-16,7172,ジャパンインベストメントアドバイザー,ジャパンインベストメントアドバイザー,skip,duplicate,high,"kabutan,nikkei",4
2026-05-16,7173,東京きらぼしフィナンシャルｸﾞﾙｰﾌﾟ,東京きらぼしFG,skip,duplicate,high,tdnet,18
2026-05-16,7173,東京きらぼしフィナンシャルｸﾞﾙｰﾌﾟ,東京きらぼしフィナンシャルグループ,skip,duplicate,high,"kabutan,nikkei",4
2026-05-16,7173,東京きらぼしフィナンシャルｸﾞﾙｰﾌﾟ,東京きらぼし,skip,duplicate,high,kabutan,2
2026-05-16,7175,今村証券,今村証券,skip,duplicate,high,"kabutan,nikkei,tdnet",12
2026-05-16,7177,GMOフィナンシャルﾎｰﾙﾃﾞｨﾝｸﾞｽ,GMOFHD,skip,duplicate,high,tdnet,13
2026-05-16,7177,GMOフィナンシャルﾎｰﾙﾃﾞｨﾝｸﾞｽ,GMOフィナンシャルホールディングス,skip,duplicate,high,"kabutan,nikkei",4
2026-05-16,7177,GMOフィナンシャルﾎｰﾙﾃﾞｨﾝｸﾞｽ,GMO-FH,skip,duplicate,high,kabutan,2
2026-05-16,7180,九州フィナンシャルｸﾞﾙｰﾌﾟ,九州FG,skip,duplicate,high,kabutan,6
2026-05-16,7180,九州フィナンシャルｸﾞﾙｰﾌﾟ,九州フィナンシャルグループ,skip,duplicate,high,"kabutan,nikkei",4
2026-05-16,7181,かんぽ生命保険,かんぽ生命保険,skip,duplicate,high,"kabutan,nikkei,tdnet",8
2026-05-16,7181,かんぽ生命保険,かんぽ生命,skip,duplicate,high,kabutan,2
2026-05-16,7182,ゆうちょ銀行,ゆうちょ銀行,skip,duplicate,high,"kabutan,nikkei,tdnet",6
2026-05-16,7182,ゆうちょ銀行,ゆうちょ銀,skip,duplicate,high,kabutan,2
2026-05-16,7183,あんしん保証,あんしん保証,skip,duplicate,high,"kabutan,nikkei,tdnet",10
2026-05-16,7184,富山第一銀行,富山第一銀行,skip,duplicate,high,"kabutan,nikkei,tdnet",6
2026-05-16,7184,富山第一銀行,富山第一銀,skip,duplicate,high,kabutan,2
2026-05-16,7185,ヒロセ通商,ヒロセ通商,skip,duplicate,high,"kabutan,nikkei,tdnet",9
2026-05-16,7186,横浜フィナンシャルｸﾞﾙｰﾌﾟ,横浜FG,skip,duplicate,high,"kabutan,tdnet",8
2026-05-16,7186,横浜フィナンシャルｸﾞﾙｰﾌﾟ,横浜フィナンシャルグループ,skip,duplicate,high,"kabutan,nikkei",4
2026-05-16,7187,ジェイリース,ジェイリース,skip,duplicate,high,"kabutan,nikkei,tdnet",9
2026-05-16,7189,西日本フィナンシャルﾎｰﾙﾃﾞｨﾝｸﾞｽ,西日本FH,skip,duplicate,high,"kabutan,tdnet",7
2026-05-16,7189,西日本フィナンシャルﾎｰﾙﾃﾞｨﾝｸﾞｽ,西日本フィナンシャルホールディングス,skip,duplicate,high,"kabutan,nikkei",4
2026-05-16,7191,イントラスト,イントラスト,skip,duplicate,high,"kabutan,nikkei",5
2026-05-16,7192,日本モーゲージサービス,日本モーゲージサービス,skip,duplicate,high,"kabutan,nikkei",4
2026-05-16,7192,日本モーゲージサービス,日本モーゲージS,skip,duplicate,high,tdnet,3
2026-05-16,7192,日本モーゲージサービス,日本モゲジS,skip,duplicate,high,kabutan,2
2026-05-16,7196,Casa,Casa,skip,duplicate,high,"kabutan,nikkei",9
2026-05-16,7198,SBIアルヒ,SBIアルヒ,skip,duplicate,high,"kabutan,nikkei,tdnet",7
2026-05-16,7199,プレミアｸﾞﾙｰﾌﾟ,プレミアグループ,skip,duplicate,high,"kabutan,nikkei,tdnet",11
2026-05-16,7199,プレミアｸﾞﾙｰﾌﾟ,プレミアG,skip,duplicate,high,kabutan,2
2026-05-16,7201,日産自動車,日産自,skip,duplicate,high,"kabutan,tdnet",8
2026-05-16,7201,日産自動車,日産自動車,skip,duplicate,high,"kabutan,nikkei",4
2026-05-16,7202,いすゞ自動車,いすゞ自動車,skip,duplicate,high,"kabutan,nikkei",4
2026-05-16,7202,いすゞ自動車,いすゞ,skip,duplicate,high,kabutan,2
2026-05-16,7203,トヨタ自動車,トヨタ自,skip,duplicate,high,tdnet,8
2026-05-16,7203,トヨタ自動車,トヨタ自動車,skip,duplicate,high,"kabutan,nikkei",4
2026-05-16,7203,トヨタ自動車,トヨタ,skip,duplicate,high,kabutan,2
2026-05-16,7205,日野自動車,日野自,skip,duplicate,high,kabutan,8
2026-05-16,7205,日野自動車,日野自動車,skip,duplicate,high,kabutan,2
2026-05-16,7208,カネミツ,カネミツ,skip,duplicate,high,"kabutan,nikkei",6
2026-05-16,7211,三菱自動車工業,三菱自,skip,duplicate,high,"kabutan,tdnet",6
2026-05-16,7211,三菱自動車工業,三菱自動車,skip,duplicate,high,nikkei,2
2026-05-16,7211,三菱自動車工業,三菱自動車工業,skip,duplicate,high,kabutan,2
2026-05-16,7212,エフテック,エフテック,skip,duplicate,high,"kabutan,nikkei",4
2026-05-16,7213,レシップﾎｰﾙﾃﾞｨﾝｸﾞｽ,レシップHD,skip,duplicate,high,"kabutan,tdnet",5
2026-05-16,7213,レシップﾎｰﾙﾃﾞｨﾝｸﾞｽ,レシップホールディングス,skip,duplicate,high,"kabutan,nikkei",4
2026-05-16,7214,GMB,GMB,skip,duplicate,high,"kabutan,nikkei",6
2026-05-16,7215,ファルテック,ファルテック,skip,duplicate,high,"kabutan,nikkei",7
2026-05-16,7217,テイン,テイン,skip,duplicate,high,"kabutan,nikkei,tdnet",10
2026-05-16,7218,田中精密工業,田中精密工業,skip,duplicate,high,"kabutan,nikkei",4
2026-05-16,7218,田中精密工業,田中精密,skip,duplicate,high,kabutan,3
2026-05-16,7219,エッチ・ケー・エス,HKS,skip,duplicate,high,"kabutan,tdnet",5
2026-05-16,7219,エッチ・ケー・エス,エッチ・ケー・エス,skip,duplicate,high,"kabutan,nikkei",4
2026-05-16,7220,武蔵精密工業,武蔵精密,skip,duplicate,high,"kabutan,tdnet",4
2026-05-16,7220,武蔵精密工業,武蔵精密工業,skip,duplicate,high,"kabutan,nikkei",4
2026-05-16,7222,日産車体,日産車体,skip,duplicate,high,"kabutan,nikkei,tdnet",9
2026-05-16,7224,新明和工業,新明和工,skip,duplicate,high,tdnet,4
2026-05-16,7224,新明和工業,新明和工業,skip,duplicate,high,"kabutan,nikkei",4
2026-05-16,7224,新明和工業,新明和,skip,duplicate,high,kabutan,2
2026-05-16,7226,極東開発工業,極東開,skip,duplicate,high,tdnet,5
2026-05-16,7226,極東開発工業,極東開発工業,skip,duplicate,high,"kabutan,nikkei",4
2026-05-16,7226,極東開発工業,極東開発,skip,duplicate,high,kabutan,2
2026-05-16,7228,デイトナ,デイトナ,skip,duplicate,high,"kabutan,nikkei,tdnet",6
2026-05-16,7229,ユタカ技研,ユタカ技研,skip,duplicate,high,"kabutan,nikkei,tdnet",14
2026-05-16,7231,トピー工業,トピー工業,skip,duplicate,high,"kabutan,nikkei",4
2026-05-16,7231,トピー工業,トピー,skip,duplicate,high,kabutan,2
2026-05-16,7235,東京ラヂエーター製造,東ラヂエタ,skip,duplicate,high,tdnet,5
2026-05-16,7235,東京ラヂエーター製造,東京ラヂエーター製造,skip,duplicate,high,"kabutan,nikkei",4
2026-05-16,7235,東京ラヂエーター製造,東ラヂ,skip,duplicate,high,kabutan,2
2026-05-16,7236,ティラド,ティラド,skip,duplicate,high,"kabutan,nikkei,tdnet",10
2026-05-16,7238,曙ブレーキ工業,曙ブレーキ,skip,duplicate,high,tdnet,4
2026-05-16,7238,曙ブレーキ工業,曙ブレーキ工業,skip,duplicate,high,"kabutan,nikkei",4
2026-05-16,7238,曙ブレーキ工業,ブレーキ,skip,duplicate,high,kabutan,2
2026-05-16,7239,タチエス,タチエス,skip,duplicate,high,"kabutan,nikkei,tdnet",5
2026-05-16,7240,NOK,NOK,skip,duplicate,high,"kabutan,nikkei",5
2026-05-16,7241,フタバ産業,フタバ産,skip,duplicate,high,tdnet,6
2026-05-16,7241,フタバ産業,フタバ産業,skip,duplicate,high,"kabutan,nikkei",4
2026-05-16,7241,フタバ産業,フタバ,skip,duplicate,high,kabutan,2
2026-05-16,7242,カヤバ,カヤバ,skip,duplicate,high,"kabutan,nikkei,tdnet",10
2026-05-16,7244,市光工業,市光工,skip,duplicate,high,"kabutan,tdnet",7
2026-05-16,7244,市光工業,市光工業,skip,duplicate,high,"kabutan,nikkei",4
2026-05-16,7245,大同メタル工業,大同メタル,skip,duplicate,high,tdnet,8
2026-05-16,7245,大同メタル工業,大同メタル工業,skip,duplicate,high,"kabutan,nikkei",4
2026-05-16,7245,大同メタル工業,大同メ,skip,duplicate,high,kabutan,2
2026-05-16,7246,プレス工業,プレス工業,skip,duplicate,high,"kabutan,nikkei",4
2026-05-16,7246,プレス工業,プレス工,skip,duplicate,high,kabutan,3
2026-05-16,7247,ミクニ,ミクニ,skip,duplicate,high,"kabutan,nikkei,tdnet",7
2026-05-16,7250,太平洋工業,太平洋工,skip,duplicate,high,"kabutan,tdnet",6
2026-05-16,7250,太平洋工業,太平洋工業,skip,duplicate,high,kabutan,3
2026-05-16,7254,ユニバンス,ユニバンス,skip,duplicate,high,"kabutan,nikkei,tdnet",5
2026-05-16,7255,桜井製作所,桜井製作,skip,duplicate,high,tdnet,6
2026-05-16,7255,桜井製作所,桜井製作所,skip,duplicate,high,"kabutan,nikkei",4
2026-05-16,7255,桜井製作所,桜井製,skip,duplicate,high,kabutan,2
2026-05-16,7256,河西工業,河西工,skip,duplicate,high,"kabutan,tdnet",7
2026-05-16,7256,河西工業,河西工業,skip,duplicate,high,"kabutan,nikkei",4
2026-05-16,7259,アイシン,アイシン,skip,duplicate,high,"kabutan,nikkei,tdnet",14
2026-05-16,7261,マツダ,マツダ,skip,duplicate,high,"kabutan,nikkei",4
2026-05-16,7264,ムロｺｰﾎﾟﾚｰｼｮﾝ,MURO,skip,duplicate,high,"kabutan,tdnet",5
2026-05-16,7264,ムロｺｰﾎﾟﾚｰｼｮﾝ,ムロコーポレーション,skip,duplicate,high,"kabutan,nikkei",4
2026-05-16,7265,エイケン工業,エイケン工業,skip,duplicate,high,"kabutan,nikkei",5
2026-05-16,7266,今仙電機製作所,今仙電機,skip,duplicate,high,"kabutan,tdnet",7
2026-05-16,7266,今仙電機製作所,今仙電機製作所,skip,duplicate,high,"kabutan,nikkei",4
2026-05-16,7267,本田技研工業,ホンダ,skip,duplicate,high,"kabutan,nikkei,tdnet",8
2026-05-16,7269,スズキ,スズキ,skip,duplicate,high,"kabutan,nikkei",4
2026-05-16,7270,SUBARU,SUBARU,skip,duplicate,high,"kabutan,nikkei,tdnet",8
2026-05-16,7271,安永,安永,skip,duplicate,high,"kabutan,nikkei,tdnet",9
2026-05-16,7272,ヤマハ発動機,ヤマハ発動機,skip,duplicate,high,"kabutan,nikkei",4
2026-05-16,7272,ヤマハ発動機,ヤマハ発,skip,duplicate,high,kabutan,3
2026-05-16,7273,イクヨ,イクヨ,skip,duplicate,high,"kabutan,nikkei,tdnet",20
2026-05-16,7276,小糸製作所,小糸製,skip,duplicate,high,"kabutan,tdnet",8
2026-05-16,7276,小糸製作所,小糸製作所,skip,duplicate,high,"kabutan,nikkei",4
2026-05-16,7277,TBK,TBK,skip,duplicate,high,"kabutan,nikkei",6
2026-05-16,7278,エクセディ,エクセディ,skip,duplicate,high,"kabutan,nikkei,tdnet",10
2026-05-16,7279,ハイレックスｺｰﾎﾟﾚｰｼｮﾝ,ハイレックス,skip,duplicate,high,kabutan,8
2026-05-16,7279,ハイレックスｺｰﾎﾟﾚｰｼｮﾝ,ハイレックスコーポレーション,skip,duplicate,high,"kabutan,nikkei",4
2026-05-16,7280,ミツバ,ミツバ,skip,duplicate,high,"kabutan,nikkei,tdnet",6
2026-05-16,7282,豊田合成,豊田合,skip,duplicate,high,"kabutan,tdnet",5
2026-05-16,7282,豊田合成,豊田合成,skip,duplicate,high,"kabutan,nikkei",4
2026-05-16,7283,愛三工業,愛三工,skip,duplicate,high,"kabutan,tdnet",8
2026-05-16,7283,愛三工業,愛三工業,skip,duplicate,high,"kabutan,nikkei",4
2026-05-16,7284,盟和産業,盟和産業,skip,duplicate,high,"kabutan,nikkei",4
2026-05-16,7284,盟和産業,盟和産,skip,duplicate,high,"kabutan,tdnet",3
2026-05-16,7287,日本精機,日本精機,skip,duplicate,high,"kabutan,nikkei,tdnet",6
2026-05-16,7287,日本精機,日精機,skip,duplicate,high,kabutan,2
2026-05-16,7291,日本プラスト,日本プラスト,skip,duplicate,high,"kabutan,nikkei,tdnet",8
2026-05-16,7292,村上開明堂,村上開明,skip,duplicate,high,"kabutan,tdnet",6
2026-05-16,7292,村上開明堂,村上開明堂,skip,duplicate,high,"kabutan,nikkei",4
2026-05-16,7294,ヨロズ,ヨロズ,skip,duplicate,high,"kabutan,nikkei",5
2026-05-16,7296,エフ・シー・シー,エフ・シー・シー,skip,duplicate,high,"kabutan,nikkei",4
2026-05-16,7296,エフ・シー・シー,FCC,skip,duplicate,high,kabutan,3
2026-05-16,7297,カーメイト,カーメイト,skip,duplicate,high,"kabutan,nikkei",4
2026-05-16,7299,フジオーゼックス,フジオーゼ,skip,duplicate,high,"kabutan,tdnet",8
2026-05-16,7299,フジオーゼックス,フジオーゼックス,skip,duplicate,high,"kabutan,nikkei",4
2026-05-16,7305,新家工業,新家工,skip,duplicate,high,"kabutan,tdnet",5
2026-05-16,7305,新家工業,新家工業,skip,duplicate,high,"kabutan,nikkei",4
2026-05-16,7309,シマノ,シマノ,skip,duplicate,high,"kabutan,nikkei,tdnet",13
2026-05-16,7313,テイ・エス テック,TSテック,skip,duplicate,high,kabutan,6
2026-05-16,7313,テイ・エス テック,テイ・エス テック,skip,duplicate,high,"kabutan,nikkei",4
2026-05-16,7314,小田原機器,小田原機,skip,duplicate,high,tdnet,4
2026-05-16,7314,小田原機器,小田原機器,skip,duplicate,high,"kabutan,nikkei",4
2026-05-16,7317,松屋アールアンドディ,松屋アールアンドディ,skip,duplicate,high,"kabutan,nikkei",4
2026-05-16,7317,松屋アールアンドディ,松屋R&D,skip,duplicate,high,"kabutan,tdnet",3
2026-05-16,7318,セレンディップ・ﾎｰﾙﾃﾞｨﾝｸﾞｽ,セレンディップ・ホールディングス,skip,duplicate,high,"kabutan,nikkei",4
2026-05-16,7318,セレンディップ・ﾎｰﾙﾃﾞｨﾝｸﾞｽ,セレンHD,skip,duplicate,high,kabutan,2
2026-05-16,7320,Solvvy,Solvvy,skip,duplicate,high,"kabutan,nikkei,tdnet",8
2026-05-16,7322,三十三フィナンシャルｸﾞﾙｰﾌﾟ,三十三フィナンシャルグループ,skip,duplicate,high,"kabutan,nikkei",4
2026-05-16,7322,三十三フィナンシャルｸﾞﾙｰﾌﾟ,三十三FG,skip,duplicate,high,kabutan,2
2026-05-16,7325,アイリックｺｰﾎﾟﾚｰｼｮﾝ,アイリックコーポレーション,skip,duplicate,high,"kabutan,nikkei",4
2026-05-16,7325,アイリックｺｰﾎﾟﾚｰｼｮﾝ,アイリック,skip,duplicate,high,kabutan,2
2026-05-16,7326,SBIインシュアランスｸﾞﾙｰﾌﾟ,SBIインシュ,skip,duplicate,high,tdnet,4
2026-05-16,7326,SBIインシュアランスｸﾞﾙｰﾌﾟ,SBIインシュアランスグループ,skip,duplicate,high,"kabutan,nikkei",4
2026-05-16,7326,SBIインシュアランスｸﾞﾙｰﾌﾟ,SBIIG,skip,duplicate,high,kabutan,2
2026-05-16,7327,第四北越フィナンシャルｸﾞﾙｰﾌﾟ,第四北越FG,skip,duplicate,high,"kabutan,tdnet",6
2026-05-16,7327,第四北越フィナンシャルｸﾞﾙｰﾌﾟ,第四北越フィナンシャルグループ,skip,duplicate,high,"kabutan,nikkei",4
2026-05-16,7337,ひろぎんﾎｰﾙﾃﾞｨﾝｸﾞｽ,ひろぎんHD,skip,duplicate,high,"kabutan,tdnet",7
2026-05-16,7337,ひろぎんﾎｰﾙﾃﾞｨﾝｸﾞｽ,ひろぎんホールディングス,skip,duplicate,high,"kabutan,nikkei",4
2026-05-16,7343,ブロードマインド,ブロードマインド,skip,duplicate,high,"kabutan,nikkei,tdnet",8
2026-05-16,7343,ブロードマインド,Bマインド,skip,duplicate,high,kabutan,2
2026-05-16,7345,アイ・パートナーズフィナンシャル,アイ・パートナーズフィナンシャル,skip,duplicate,high,"kabutan,nikkei",4
2026-05-16,7345,アイ・パートナーズフィナンシャル,Ai Partners Financial,skip,duplicate,high,reuters,2
2026-05-16,7345,アイ・パートナーズフィナンシャル,Ai Partners Financial Inc,skip,duplicate,high,reuters,2
2026-05-16,7345,アイ・パートナーズフィナンシャル,AIPF,skip,duplicate,high,kabutan,2
2026-05-16,7345,アイ・パートナーズフィナンシャル,アイパートナーズ,add,new_candidate,medium,tdnet,5
2026-05-16,7347,マーキュリアﾎｰﾙﾃﾞｨﾝｸﾞｽ,マーキュリアホールディングス,skip,duplicate,high,"kabutan,nikkei",4
2026-05-16,7347,マーキュリアﾎｰﾙﾃﾞｨﾝｸﾞｽ,マーキュリア,skip,duplicate,high,kabutan,2
2026-05-16,7350,おきなわフィナンシャルｸﾞﾙｰﾌﾟ,おきなわFG,skip,duplicate,high,"kabutan,tdnet",5
2026-05-16,7350,おきなわフィナンシャルｸﾞﾙｰﾌﾟ,おきなわフィナンシャルグループ,skip,duplicate,high,"kabutan,nikkei",4
2026-05-16,7351,グッドパッチ,グッドパッチ,skip,duplicate,high,"kabutan,nikkei,tdnet",7
2026-05-16,7352,TWOSTONE＆Sons,TWOSTONE&Sons,skip,duplicate,high,"kabutan,nikkei",5
2026-05-16,7352,TWOSTONE＆Sons,TWOSTONE,add,new_candidate,medium,tdnet,4
2026-05-16,7352,TWOSTONE＆Sons,TWOST,review,new_candidate,low,kabutan,1
2026-05-16,7353,KIYOラーニング,KIYOラーニング,skip,duplicate,high,"kabutan,nikkei",4
2026-05-16,7353,KIYOラーニング,Kラーニング,skip,duplicate,high,kabutan,2
2026-05-16,7353,KIYOラーニング,KIYO,review,new_candidate,low,tdnet,1
2026-05-16,7354,ダイレクトマーケティングミックス,ダイレクトマーケティングミックス,skip,duplicate,high,"kabutan,nikkei",4
2026-05-16,7354,ダイレクトマーケティングミックス,Dmミックス,skip,duplicate,high,kabutan,2
2026-05-16,7356,Retty,Retty,skip,duplicate,high,"kabutan,nikkei",7
2026-05-16,7356,Retty,レッティ,skip,duplicate,high,kabutan,2
2026-05-16,7357,ジオコード,ジオコード,skip,duplicate,high,"kabutan,nikkei,tdnet",11
2026-05-16,7358,ポピンズ,ポピンズ,skip,duplicate,high,"kabutan,nikkei,tdnet",8
2026-05-16,7359,東京通信ｸﾞﾙｰﾌﾟ,東京通信G,skip,duplicate,high,"kabutan,tdnet",7
2026-05-16,7359,東京通信ｸﾞﾙｰﾌﾟ,東京通信グループ,skip,duplicate,high,"kabutan,nikkei",4
2026-05-16,7360,オンデック,オンデック,skip,duplicate,high,"kabutan,nikkei,tdnet",6
2026-05-16,7361,ヒューマンクリエイションﾎｰﾙﾃﾞｨﾝｸﾞｽ,ヒューマンクリエイションホールディングス,skip,duplicate,high,"kabutan,nikkei",4
2026-05-16,7361,ヒューマンクリエイションﾎｰﾙﾃﾞｨﾝｸﾞｽ,HCH,skip,duplicate,high,kabutan,2
2026-05-16,7362,T．S．I,T.S.I,skip,duplicate,high,"kabutan,nikkei,tdnet",12
2026-05-16,7363,ベビーカレンダー,ベビーカレンダー,skip,duplicate,high,"kabutan,nikkei,tdnet",13
2026-05-16,7363,ベビーカレンダー,ベビカレ,skip,duplicate,high,kabutan,2
2026-05-16,7366,LITALICO,LITALICO,skip,duplicate,high,"kabutan,nikkei,tdnet",12
2026-05-16,7366,LITALICO,りたりこ,skip,duplicate,high,kabutan,2
2026-05-16,7367,セルム,セルム,skip,duplicate,high,"kabutan,nikkei",5
2026-05-16,7368,表示灯,表示灯,skip,duplicate,high,"kabutan,nikkei,tdnet",7
2026-05-16,7369,メイホーﾎｰﾙﾃﾞｨﾝｸﾞｽ,メイホーホールディングス,skip,duplicate,high,"kabutan,nikkei",4
2026-05-16,7369,メイホーﾎｰﾙﾃﾞｨﾝｸﾞｽ,メイホーHD,skip,duplicate,high,kabutan,2
2026-05-16,7370,Enjin,Enjin,skip,duplicate,high,"kabutan,nikkei,tdnet",14
2026-05-16,7371,Zenken,Zenken,skip,duplicate,high,"kabutan,nikkei,tdnet",7
2026-05-16,7372,デコルテ・ﾎｰﾙﾃﾞｨﾝｸﾞｽ,デコルテHD,skip,duplicate,high,"kabutan,tdnet",7
2026-05-16,7372,デコルテ・ﾎｰﾙﾃﾞｨﾝｸﾞｽ,デコルテ・ホールディングス,skip,duplicate,high,"kabutan,nikkei",4
2026-05-16,7373,アイドマ・ﾎｰﾙﾃﾞｨﾝｸﾞｽ,アイドマHD,skip,duplicate,high,"kabutan,tdnet",4
2026-05-16,7373,アイドマ・ﾎｰﾙﾃﾞｨﾝｸﾞｽ,アイドマ・ホールディングス,skip,duplicate,high,"kabutan,nikkei",4
2026-05-16,7374,コンフィデンス・インターワークス,コンフィデンス・インターワークス,skip,duplicate,high,"kabutan,nikkei",4
2026-05-16,7374,コンフィデンス・インターワークス,コンフインタ,skip,duplicate,high,kabutan,2
2026-05-16,7375,リファインバースｸﾞﾙｰﾌﾟ,リファインバスG,skip,duplicate,high,tdnet,6
2026-05-16,7375,リファインバースｸﾞﾙｰﾌﾟ,リファインバースグループ,skip,duplicate,high,"kabutan,nikkei",4
2026-05-16,7375,リファインバースｸﾞﾙｰﾌﾟ,リファバスG,skip,duplicate,high,kabutan,2
2026-05-16,7376,BCC,BCC,skip,duplicate,high,"kabutan,nikkei",5
2026-05-16,7377,DNﾎｰﾙﾃﾞｨﾝｸﾞｽ,DNホールディングス,skip,duplicate,high,"kabutan,nikkei,tdnet",12
2026-05-16,7377,DNﾎｰﾙﾃﾞｨﾝｸﾞｽ,DNHD,skip,duplicate,high,kabutan,2
2026-05-16,7378,アシロ,アシロ,skip,duplicate,high,"kabutan,nikkei,tdnet",10
2026-05-16,7380,十六フィナンシャルｸﾞﾙｰﾌﾟ,十六FG,skip,duplicate,high,"kabutan,tdnet",9
2026-05-16,7380,十六フィナンシャルｸﾞﾙｰﾌﾟ,十六フィナンシャルグループ,skip,duplicate,high,"kabutan,nikkei",4
2026-05-16,7381,CCIｸﾞﾙｰﾌﾟ,CCIグループ,skip,duplicate,high,"kabutan,nikkei,tdnet",12
2026-05-16,7381,CCIｸﾞﾙｰﾌﾟ,CCIG,skip,duplicate,high,kabutan,2
2026-05-16,7383,ネットプロテクションズﾎｰﾙﾃﾞｨﾝｸﾞｽ,ネットプロHD,skip,duplicate,high,tdnet,4
2026-05-16,7383,ネットプロテクションズﾎｰﾙﾃﾞｨﾝｸﾞｽ,ネットプロテクションズホールディングス,skip,duplicate,high,"kabutan,nikkei",4
2026-05-16,7383,ネットプロテクションズﾎｰﾙﾃﾞｨﾝｸﾞｽ,ネットプロ,skip,duplicate,high,kabutan,2
2026-05-16,7384,プロクレアﾎｰﾙﾃﾞｨﾝｸﾞｽ,プロクレアホールディングス,skip,duplicate,high,"kabutan,nikkei",4
2026-05-16,7384,プロクレアﾎｰﾙﾃﾞｨﾝｸﾞｽ,プロクレアHD,skip,duplicate,high,tdnet,3
2026-05-16,7384,プロクレアﾎｰﾙﾃﾞｨﾝｸﾞｽ,プロクレHD,skip,duplicate,high,kabutan,2
2026-05-16,7388,FPパートナー,FPパートナー,skip,duplicate,high,"kabutan,nikkei,tdnet",13
2026-05-16,7388,FPパートナー,FPパートナ,skip,duplicate,high,kabutan,2
2026-05-16,7389,あいちフィナンシャルｸﾞﾙｰﾌﾟ,あいちFG,skip,duplicate,high,kabutan,5
2026-05-16,7389,あいちフィナンシャルｸﾞﾙｰﾌﾟ,あいちフィナンシャルグループ,skip,duplicate,high,"kabutan,nikkei",4
2026-05-16,7399,ナンシン,ナンシン,skip,duplicate,high,"kabutan,nikkei,tdnet",8
2026-05-16,7409,AeroEdge,AeroEdge,skip,duplicate,high,"kabutan,nikkei",5
2026-05-16,7409,AeroEdge,エアロエッジ,skip,duplicate,high,kabutan,2
2026-05-16,7412,アトム,アトム,skip,duplicate,high,"kabutan,nikkei,tdnet",6
2026-05-16,7413,創健社,創健社,skip,duplicate,high,"kabutan,nikkei",6
2026-05-16,7414,小野建,小野建,skip,duplicate,high,"kabutan,nikkei",4
2026-05-16,7416,はるやまﾎｰﾙﾃﾞｨﾝｸﾞｽ,はるやまホールディングス,skip,duplicate,high,"kabutan,nikkei",4
2026-05-16,7416,はるやまﾎｰﾙﾃﾞｨﾝｸﾞｽ,はるやまHD,skip,duplicate,high,kabutan,3
2026-05-16,7417,南陽,南陽,skip,duplicate,high,"kabutan,nikkei,tdnet",11
2026-05-16,7419,ノジマ,ノジマ,skip,duplicate,high,"kabutan,nikkei,tdnet",11
2026-05-16,7420,佐鳥電機,佐鳥電機,skip,duplicate,high,kabutan,6
2026-05-16,7421,カッパ・クリエイト,カッパ・クリエイト,skip,duplicate,high,"kabutan,nikkei,tdnet",7
2026-05-16,7421,カッパ・クリエイト,カッパクリエ,skip,duplicate,high,kabutan,2
2026-05-16,7422,東邦レマック,東邦レマック,skip,duplicate,high,"kabutan,nikkei,tdnet",11
2026-05-16,7425,初穂商事,初穂商事,skip,duplicate,high,"kabutan,nikkei,tdnet",7
2026-05-16,7426,山大,山大,skip,duplicate,high,"kabutan,nikkei,tdnet",6
2026-05-16,7427,エコートレーディング,エコーTD,skip,duplicate,high,"kabutan,tdnet",7
2026-05-16,7427,エコートレーディング,エコートレーディング,skip,duplicate,high,"kabutan,nikkei",4
2026-05-16,7433,伯東,伯東,skip,duplicate,high,"kabutan,nikkei,tdnet",9
2026-05-16,7434,オータケ,オータケ,skip,duplicate,high,"kabutan,nikkei,tdnet",7
2026-05-16,7435,ナ・デックス,ナ・デックス,skip,duplicate,high,"kabutan,nikkei,tdnet",11
2026-05-16,7438,コンドーテック,コンドーテック,skip,duplicate,high,"kabutan,nikkei",4
2026-05-16,7438,コンドーテック,コンドー,skip,duplicate,high,kabutan,2
2026-05-16,7442,中山福,中山福,skip,duplicate,high,"kabutan,nikkei,tdnet",10
2026-05-16,7443,横浜魚類,横浜魚類,skip,duplicate,high,"kabutan,nikkei,tdnet",7
2026-05-16,7444,ハリマ共和物産,ハリマ共和物産,skip,duplicate,high,"kabutan,nikkei,tdnet",5
2026-05-16,7444,ハリマ共和物産,ハリマ共和,skip,duplicate,high,kabutan,2
2026-05-16,7446,東北化学薬品,東北化学,skip,duplicate,high,"kabutan,tdnet",4
2026-05-16,7446,東北化学薬品,東北化学薬品,skip,duplicate,high,"kabutan,nikkei",4
2026-05-16,7447,ナガイレーベン,ナガイレーベン,skip,duplicate,high,"kabutan,nikkei",4
2026-05-16,7447,ナガイレーベン,ナガイレーベ,skip,duplicate,high,kabutan,2
2026-05-16,7450,サンデー,サンデー,skip,duplicate,high,kabutan,5
2026-05-16,7453,良品計画,良品計画,skip,duplicate,high,"kabutan,nikkei,tdnet",7
2026-05-16,7455,パリミキﾎｰﾙﾃﾞｨﾝｸﾞｽ,パリミキHD,skip,duplicate,high,kabutan,4
2026-05-16,7455,パリミキﾎｰﾙﾃﾞｨﾝｸﾞｽ,パリミキホールディングス,skip,duplicate,high,kabutan,2
2026-05-16,7456,松田産業,松田産,skip,duplicate,high,tdnet,4
2026-05-16,7456,松田産業,松田産業,skip,duplicate,high,"kabutan,nikkei",4
2026-05-16,7458,第一興商,第一興商,skip,duplicate,high,"kabutan,nikkei",5
2026-05-16,7459,メディパルﾎｰﾙﾃﾞｨﾝｸﾞｽ,メディパルホールディングス,skip,duplicate,high,"kabutan,nikkei",4
2026-05-16,7459,メディパルﾎｰﾙﾃﾞｨﾝｸﾞｽ,メディパル,skip,duplicate,high,"kabutan,tdnet",3
2026-05-16,7460,ヤギ,ヤギ,skip,duplicate,high,"kabutan,nikkei,tdnet",14
2026-05-16,7461,キムラ,キムラ,skip,duplicate,high,"kabutan,nikkei,tdnet",6
2026-05-16,7462,CAPITA,CAPITA,skip,duplicate,high,"kabutan,nikkei,tdnet",20
2026-05-16,7463,アドヴァンｸﾞﾙｰﾌﾟ,アドヴァングループ,skip,duplicate,high,"kabutan,nikkei",6
2026-05-16,7463,アドヴァンｸﾞﾙｰﾌﾟ,アドヴァンG,skip,duplicate,high,kabutan,2
2026-05-16,7464,セフテック,セフテック,skip,duplicate,high,"kabutan,nikkei,tdnet",7
2026-05-16,7466,SPK,SPK,skip,duplicate,high,"kabutan,nikkei,tdnet",8
2026-05-16,7467,萩原電気ﾎｰﾙﾃﾞｨﾝｸﾞｽ,萩原電気HD,skip,duplicate,high,kabutan,5
2026-05-16,7467,萩原電気ﾎｰﾙﾃﾞｨﾝｸﾞｽ,萩原電気ホールディングス,skip,duplicate,high,kabutan,2
2026-05-16,7472,鳥羽洋行,鳥羽洋行,skip,duplicate,high,"kabutan,nikkei,tdnet",8
2026-05-16,7475,アルビス,アルビス,skip,duplicate,high,"kabutan,nikkei,tdnet",6
2026-05-16,7476,アズワン,アズワン,skip,duplicate,high,"kabutan,nikkei,tdnet",12
2026-05-16,7477,ムラキ,ムラキ,skip,duplicate,high,"kabutan,nikkei,tdnet",8
2026-05-16,7480,スズデン,スズデン,skip,duplicate,high,"kabutan,nikkei,tdnet",9
2026-05-16,7481,尾家産業,尾家産,skip,duplicate,high,"kabutan,tdnet",4
2026-05-16,7481,尾家産業,尾家産業,skip,duplicate,high,"kabutan,nikkei",4
2026-05-16,7482,シモジマ,シモジマ,skip,duplicate,high,"kabutan,nikkei",8
2026-05-16,7483,ドウシシャ,ドウシシャ,skip,duplicate,high,"kabutan,nikkei,tdnet",8
2026-05-16,7486,サンリン,サンリン,skip,duplicate,high,"kabutan,nikkei,tdnet",7
2026-05-16,7487,小津産業,小津産業,skip,duplicate,high,"kabutan,nikkei,tdnet",7
2026-05-16,7490,日新商事,日新商,skip,duplicate,high,"kabutan,tdnet",9
2026-05-16,7490,日新商事,日新商事,skip,duplicate,high,"kabutan,nikkei",4
2026-05-16,7494,コナカ,コナカ,skip,duplicate,high,"kabutan,nikkei",4
2026-05-16,7500,西川計測,西川計測,skip,duplicate,high,"kabutan,nikkei",5
2026-05-16,7501,ティムコ,ティムコ,skip,duplicate,high,"kabutan,nikkei,tdnet",8
2026-05-16,7502,プラザﾎｰﾙﾃﾞｨﾝｸﾞｽ,プラザHD,skip,duplicate,high,"kabutan,tdnet",4
2026-05-16,7502,プラザﾎｰﾙﾃﾞｨﾝｸﾞｽ,プラザホールディングス,skip,duplicate,high,"kabutan,nikkei",4
2026-05-16,7504,高速,高速,skip,duplicate,high,"kabutan,nikkei,tdnet",9
2026-05-16,7505,扶桑電通,扶桑電通,skip,duplicate,high,"kabutan,nikkei",4
2026-05-16,7506,ハウス オブ ローゼ,ハウスローゼ,skip,duplicate,high,"kabutan,tdnet",8
2026-05-16,7506,ハウス オブ ローゼ,ハウス オブ ローゼ,skip,duplicate,high,"kabutan,nikkei",4
2026-05-16,7508,G‐7ﾎｰﾙﾃﾞｨﾝｸﾞｽ,GセブンHD,skip,duplicate,high,kabutan,5
2026-05-16,7508,G‐7ﾎｰﾙﾃﾞｨﾝｸﾞｽ,G-7ホールディングス,skip,duplicate,high,"kabutan,nikkei",4
2026-05-16,7509,アイエーｸﾞﾙｰﾌﾟ,アイエーG,skip,duplicate,high,"kabutan,tdnet",5
2026-05-16,7509,アイエーｸﾞﾙｰﾌﾟ,アイエーグループ,skip,duplicate,high,"kabutan,nikkei",4
2026-05-16,7510,たけびし,たけびし,skip,duplicate,high,"kabutan,nikkei,tdnet",7
2026-05-16,7512,イオン北海道,イオン北海道,skip,duplicate,high,"kabutan,nikkei",4
2026-05-16,7512,イオン北海道,イオン北海,add,new_candidate,medium,tdnet,9
2026-05-16,7513,コジマ,コジマ,skip,duplicate,high,"kabutan,nikkei,tdnet",7
2026-05-16,7514,ヒマラヤ,ヒマラヤ,skip,duplicate,high,"kabutan,nikkei,tdnet",7
2026-05-16,7515,マルヨシセンター,マルヨシセンター,skip,duplicate,high,"kabutan,nikkei,tdnet",7
2026-05-16,7515,マルヨシセンター,マルヨシ,skip,duplicate,high,kabutan,2
2026-05-16,7516,コーナン商事,コーナン商,skip,duplicate,high,tdnet,6
2026-05-16,7516,コーナン商事,コーナン商事,skip,duplicate,high,"kabutan,nikkei",4
2026-05-16,7516,コーナン商事,コーナン,skip,duplicate,high,kabutan,2
2026-05-16,7520,エコス,エコス,skip,duplicate,high,"kabutan,nikkei,tdnet",11
2026-05-16,7521,ムサシ,ムサシ,skip,duplicate,high,"kabutan,nikkei",4
2026-05-16,7522,ワタミ,ワタミ,skip,duplicate,high,"kabutan,nikkei",5
2026-05-16,7523,アールビバン,アールビバン,skip,duplicate,high,"kabutan,nikkei",5
2026-05-16,7524,マルシェ,マルシェ,skip,duplicate,high,"kabutan,nikkei,tdnet",8
2026-05-16,7525,リックス,リックス,skip,duplicate,high,"kabutan,nikkei",7
2026-05-16,7527,システムソフト,システムソフト,skip,duplicate,high,"kabutan,nikkei,tdnet",8
2026-05-16,7527,システムソフト,システムソフ,skip,duplicate,high,kabutan,2
2026-05-16,7531,清和中央ﾎｰﾙﾃﾞｨﾝｸﾞｽ,清和中央ホールディングス,skip,duplicate,high,"kabutan,nikkei",4
2026-05-16,7531,清和中央ﾎｰﾙﾃﾞｨﾝｸﾞｽ,清和中央,skip,duplicate,high,tdnet,2
2026-05-16,7531,清和中央ﾎｰﾙﾃﾞｨﾝｸﾞｽ,清和中央HD,skip,duplicate,high,kabutan,2
2026-05-16,7532,パン・パシフィック・ｲﾝﾀｰﾅｼｮﾅﾙﾎｰﾙﾃﾞｨﾝｸﾞｽ,パンパシフィックHD,skip,duplicate,high,tdnet,5
2026-05-16,7532,パン・パシフィック・ｲﾝﾀｰﾅｼｮﾅﾙﾎｰﾙﾃﾞｨﾝｸﾞｽ,パン・パシフィック・インターナショナルホールディングス,skip,duplicate,high,"kabutan,nikkei",4
2026-05-16,7532,パン・パシフィック・ｲﾝﾀｰﾅｼｮﾅﾙﾎｰﾙﾃﾞｨﾝｸﾞｽ,パンパシHD,skip,duplicate,high,kabutan,2
2026-05-16,7537,丸文,丸文,skip,duplicate,high,"kabutan,nikkei,tdnet",8
2026-05-16,7538,大水,大水,skip,duplicate,high,"kabutan,nikkei",5
2026-05-16,7539,アイナボﾎｰﾙﾃﾞｨﾝｸﾞｽ,アイナボHD,skip,duplicate,high,"kabutan,tdnet",5
2026-05-16,7539,アイナボﾎｰﾙﾃﾞｨﾝｸﾞｽ,アイナボホールディングス,skip,duplicate,high,"kabutan,nikkei",4
2026-05-16,7544,スリーエフ,スリーエフ,skip,duplicate,high,"kabutan,nikkei,tdnet",8
2026-05-16,7545,西松屋チェーン,西松屋チェ,skip,duplicate,high,"kabutan,tdnet",11
2026-05-16,7545,西松屋チェーン,西松屋チェーン,skip,duplicate,high,"kabutan,nikkei",4
2026-05-16,7550,ゼンショーﾎｰﾙﾃﾞｨﾝｸﾞｽ,ゼンショーHD,skip,duplicate,high,tdnet,6
2026-05-16,7550,ゼンショーﾎｰﾙﾃﾞｨﾝｸﾞｽ,ゼンショーホールディングス,skip,duplicate,high,"kabutan,nikkei",4
2026-05-16,7550,ゼンショーﾎｰﾙﾃﾞｨﾝｸﾞｽ,ゼンショHD,skip,duplicate,high,kabutan,2
2026-05-16,7551,ウェッズ,ウェッズ,skip,duplicate,high,"kabutan,nikkei,tdnet",6
2026-05-16,7552,ハピネット,ハピネット,skip,duplicate,high,"kabutan,nikkei",6
2026-05-16,7554,幸楽苑,幸楽苑,skip,duplicate,high,"kabutan,nikkei,tdnet",8
2026-05-16,7555,大田花き,大田花き,skip,duplicate,high,"kabutan,nikkei,tdnet",6
2026-05-16,7561,ハークスレイ,ハークスレイ,skip,duplicate,high,"kabutan,nikkei",4
2026-05-16,7562,安楽亭,安楽亭,skip,duplicate,high,"kabutan,nikkei,tdnet",8
2026-05-16,7564,ワークマン,ワークマン,skip,duplicate,high,"kabutan,nikkei,tdnet",15
2026-05-16,7565,萬世電機,万世電機,skip,duplicate,high,"kabutan,nikkei",4
2026-05-16,7565,萬世電機,萬世電機,skip,duplicate,high,kabutan,3
2026-05-16,7567,栄電子,栄電子,skip,duplicate,high,"kabutan,nikkei,tdnet",6
2026-05-16,7570,橋本総業ﾎｰﾙﾃﾞｨﾝｸﾞｽ,橋本総業HD,skip,duplicate,high,"kabutan,tdnet",5
2026-05-16,7570,橋本総業ﾎｰﾙﾃﾞｨﾝｸﾞｽ,橋本総業ホールディングス,skip,duplicate,high,"kabutan,nikkei",4
2026-05-16,7571,ヤマノﾎｰﾙﾃﾞｨﾝｸﾞｽ,ヤマノホールディングス,skip,duplicate,high,"kabutan,nikkei",4
2026-05-16,7571,ヤマノﾎｰﾙﾃﾞｨﾝｸﾞｽ,ヤマノHD,skip,duplicate,high,kabutan,3
2026-05-16,7575,日本ライフライン,日本ライフライン,skip,duplicate,high,"kabutan,nikkei,tdnet",5
2026-05-16,7575,日本ライフライン,日本ライフL,skip,duplicate,high,kabutan,2
2026-05-16,7578,ニチリョク,ニチリョク,skip,duplicate,high,"kabutan,nikkei,tdnet",15
2026-05-16,7581,サイゼリヤ,サイゼリヤ,skip,duplicate,high,"kabutan,nikkei,tdnet",9
2026-05-16,7585,かんなん丸,かんなん,skip,duplicate,high,tdnet,4
2026-05-16,7585,かんなん丸,かんなん丸,skip,duplicate,high,"kabutan,nikkei",4
2026-05-16,7590,タカショー,タカショー,skip,duplicate,high,"kabutan,nikkei",8
2026-05-16,7593,VTﾎｰﾙﾃﾞｨﾝｸﾞｽ,VTHD,skip,duplicate,high,"kabutan,tdnet",5
2026-05-16,7593,VTﾎｰﾙﾃﾞｨﾝｸﾞｽ,VTホールディングス,skip,duplicate,high,"kabutan,nikkei",4
2026-05-16,7595,アルゴグラフィックス,アルゴグラフ,skip,duplicate,high,"kabutan,tdnet",4
2026-05-16,7595,アルゴグラフィックス,アルゴグラフィックス,skip,duplicate,high,"kabutan,nikkei",4
2026-05-16,7596,魚力,魚力,skip,duplicate,high,"kabutan,nikkei,tdnet",6
2026-05-16,7599,IDOM,IDOM,skip,duplicate,high,"kabutan,nikkei,tdnet",7
2026-05-16,7600,日本エム・ディ・エム,日本エム・ディ・エム,skip,duplicate,high,"kabutan,nikkei",4
2026-05-16,7600,日本エム・ディ・エム,日本MDM,skip,duplicate,high,kabutan,2
2026-05-16,7600,日本エム・ディ・エム,MDM,review,new_candidate,low,tdnet,2
2026-05-16,7601,ポプラ,ポプラ,skip,duplicate,high,"kabutan,nikkei,tdnet",10
2026-05-16,7602,レダックス,レダックス,skip,duplicate,high,"kabutan,nikkei,tdnet",14
2026-05-16,7603,ジーイエット,ジーイエット,skip,duplicate,high,"kabutan,nikkei,tdnet",18
2026-05-16,7604,梅の花ｸﾞﾙｰﾌﾟ,梅の花グループ,skip,duplicate,high,"kabutan,nikkei,tdnet",8
2026-05-16,7604,梅の花ｸﾞﾙｰﾌﾟ,梅の花G,skip,duplicate,high,kabutan,2
2026-05-16,7606,ユナイテッドアローズ,Uアローズ,skip,duplicate,high,"kabutan,tdnet",14
2026-05-16,7606,ユナイテッドアローズ,ユナイテッドアローズ,skip,duplicate,high,"kabutan,nikkei",4
2026-05-16,7607,進和,進和,skip,duplicate,high,"kabutan,nikkei,tdnet",7
2026-05-16,7608,エスケイジャパン,SKジャパン,skip,duplicate,high,"kabutan,tdnet",5
2026-05-16,7608,エスケイジャパン,エスケイジャパン,skip,duplicate,high,"kabutan,nikkei",4
2026-05-16,7609,ダイトロン,ダイトロン,skip,duplicate,high,"kabutan,nikkei,tdnet",8
2026-05-16,7610,テイツー,テイツー,skip,duplicate,high,"kabutan,nikkei,tdnet",13
2026-05-16,7611,ハイデイ日高,ハイデ日高,skip,duplicate,high,"kabutan,tdnet",10
2026-05-16,7611,ハイデイ日高,ハイデイ日高,skip,duplicate,high,"kabutan,nikkei",4
2026-05-16,7613,シークス,シークス,skip,duplicate,high,"kabutan,nikkei,tdnet",10
2026-05-16,7614,オーエムツーネットワーク,オーエムツー,skip,duplicate,high,"kabutan,tdnet",7
2026-05-16,7614,オーエムツーネットワーク,オーエムツーネットワーク,skip,duplicate,high,"kabutan,nikkei",4
2026-05-16,7615,京都きもの友禅ﾎｰﾙﾃﾞｨﾝｸﾞｽ,京都きもの友禅HD,skip,duplicate,high,tdnet,8
2026-05-16,7615,京都きもの友禅ﾎｰﾙﾃﾞｨﾝｸﾞｽ,京都きもの友禅ホールディングス,skip,duplicate,high,"kabutan,nikkei",4
2026-05-16,7615,京都きもの友禅ﾎｰﾙﾃﾞｨﾝｸﾞｽ,京都友禅HD,skip,duplicate,high,kabutan,2
2026-05-16,7616,コロワイド,コロワイド,skip,duplicate,high,"kabutan,nikkei,tdnet",12
2026-05-16,7619,田中商事,田中商事,skip,duplicate,high,"kabutan,nikkei",8
2026-05-16,7621,うかい,うかい,skip,duplicate,high,"kabutan,nikkei",4
2026-05-16,7624,NaITO,NaITO,skip,duplicate,high,"kabutan,nikkei,tdnet",9
2026-05-16,7625,グローバルダイニング,Gダイニング,skip,duplicate,high,"kabutan,tdnet",9
2026-05-16,7625,グローバルダイニング,グローバルダイニング,skip,duplicate,high,"kabutan,nikkei",4
2026-05-16,7628,オーハシテクニカ,オーハシテクニカ,skip,duplicate,high,"kabutan,nikkei,tdnet",12
2026-05-16,7628,オーハシテクニカ,オーハシテク,skip,duplicate,high,kabutan,2
2026-05-16,7630,壱番屋,壱番屋,skip,duplicate,high,"kabutan,nikkei",4
2026-05-16,7634,星医療酸器,星医療,skip,duplicate,high,"kabutan,tdnet",5
2026-05-16,7634,星医療酸器,星医療酸器,skip,duplicate,high,"kabutan,nikkei",4
2026-05-16,7635,杉田エース,杉田エース,skip,duplicate,high,kabutan,4
2026-05-16,7636,ハンズマン,ハンズマン,skip,duplicate,high,"kabutan,nikkei,tdnet",8
2026-05-16,7637,白銅,白銅,skip,duplicate,high,"kabutan,nikkei",4
2026-05-16,7638,NEW ART HOLDINGS,NEWART,skip,duplicate,high,"kabutan,tdnet",6
2026-05-16,7638,NEW ART HOLDINGS,NEW ART HOLDINGS,skip,duplicate,high,"kabutan,nikkei",4
2026-05-16,7640,トップカルチャー,トップカルチャ,skip,duplicate,high,tdnet,6
2026-05-16,7640,トップカルチャー,トップカルチャー,skip,duplicate,high,"kabutan,nikkei",4
2026-05-16,7640,トップカルチャー,トップカルチ,skip,duplicate,high,kabutan,2
2026-05-16,7643,ダイイチ,ダイイチ,skip,duplicate,high,"kabutan,nikkei,tdnet",8
2026-05-16,7646,PLANT,PLANT,skip,duplicate,high,"kabutan,nikkei,tdnet",11
2026-05-16,7649,スギﾎｰﾙﾃﾞｨﾝｸﾞｽ,スギHD,skip,duplicate,high,"kabutan,tdnet",7
2026-05-16,7649,スギﾎｰﾙﾃﾞｨﾝｸﾞｽ,スギホールディングス,skip,duplicate,high,"kabutan,nikkei",4
2026-05-16,7670,オーウエル,オーウエル,skip,duplicate,high,"kabutan,nikkei,tdnet",8
2026-05-16,7673,ダイコー通産,ダイコー通産,skip,duplicate,high,"kabutan,nikkei,tdnet",6
2026-05-16,7674,NATTY SWANKYﾎｰﾙﾃﾞｨﾝｸﾞｽ,NATTYHD,skip,duplicate,high,tdnet,8
2026-05-16,7674,NATTY SWANKYﾎｰﾙﾃﾞｨﾝｸﾞｽ,NATTY SWANKYホールディングス,skip,duplicate,high,"kabutan,nikkei",4
2026-05-16,7674,NATTY SWANKYﾎｰﾙﾃﾞｨﾝｸﾞｽ,NATTY,skip,duplicate,high,kabutan,2
2026-05-16,7677,ヤシマキザイ,ヤシマキザイ,skip,duplicate,high,"kabutan,nikkei,tdnet",7
2026-05-16,7678,あさくま,あさくま,skip,duplicate,high,"kabutan,nikkei,tdnet",10
2026-05-16,7679,薬王堂ﾎｰﾙﾃﾞｨﾝｸﾞｽ,薬王堂HD,skip,duplicate,high,"kabutan,tdnet",6
2026-05-16,7679,薬王堂ﾎｰﾙﾃﾞｨﾝｸﾞｽ,薬王堂ホールディングス,skip,duplicate,high,"kabutan,nikkei",4
2026-05-16,7681,レオクラン,レオクラン,skip,duplicate,high,"kabutan,nikkei,tdnet",5
2026-05-16,7682,浜木綿,浜木綿,skip,duplicate,high,"kabutan,nikkei",6
2026-05-16,7683,ダブルエー,ダブルエー,skip,duplicate,high,"kabutan,nikkei,tdnet",12
2026-05-16,7685,BuySell Technologies,BUYSELL,skip,duplicate,high,tdnet,8
2026-05-16,7685,BuySell Technologies,BuySell Technologies,skip,duplicate,high,"kabutan,nikkei",5
2026-05-16,7685,BuySell Technologies,バイセル,skip,duplicate,high,kabutan,2
2026-05-16,7686,ひとまいる,ひとまいる,skip,duplicate,high,"kabutan,nikkei,tdnet",10
2026-05-16,7687,ミクリード,ミクリード,skip,duplicate,high,"kabutan,nikkei,tdnet",7
2026-05-16,7689,コパ・ｺｰﾎﾟﾚｰｼｮﾝ,コパ,skip,duplicate,high,"kabutan,tdnet",7
2026-05-16,7689,コパ・ｺｰﾎﾟﾚｰｼｮﾝ,コパ・コーポレーション,skip,duplicate,high,"kabutan,nikkei",4
2026-05-16,7692,アースインフィニティ,アースインフィニティ,skip,duplicate,high,"kabutan,nikkei",4
2026-05-16,7692,アースインフィニティ,Eインフィニ,skip,duplicate,high,kabutan,2
2026-05-16,7694,いつも,いつも,skip,duplicate,high,"kabutan,nikkei",5
2026-05-16,7695,交換できるくん,交換できるくん,skip,duplicate,high,"kabutan,nikkei,tdnet",10
2026-05-16,7695,交換できるくん,交換できる,skip,duplicate,high,kabutan,2
2026-05-16,7698,アイスコ,アイスコ,skip,duplicate,high,"kabutan,nikkei,tdnet",8
2026-05-16,7701,島津製作所,島津製,skip,duplicate,high,tdnet,5
2026-05-16,7701,島津製作所,島津製作所,skip,duplicate,high,"kabutan,nikkei",4
2026-05-16,7701,島津製作所,島津,skip,duplicate,high,kabutan,2
2026-05-16,7702,JMS,JMS,skip,duplicate,high,"kabutan,nikkei,tdnet",8
2026-05-16,7707,プレシジョン・システム・サイエンス,PSS,skip,duplicate,high,"kabutan,tdnet",5
2026-05-16,7707,プレシジョン・システム・サイエンス,プレシジョン・システム・サイエンス,skip,duplicate,high,"kabutan,nikkei",4
2026-05-16,7709,クボテック,クボテック,skip,duplicate,high,"kabutan,nikkei,tdnet",6
2026-05-16,7711,助川電気工業,助川電気,skip,duplicate,high,"kabutan,tdnet",4
2026-05-16,7711,助川電気工業,助川電気工業,skip,duplicate,high,"kabutan,nikkei",4
2026-05-16,7713,シグマ光機,シグマ光機,skip,duplicate,high,"kabutan,nikkei,tdnet",5
2026-05-16,7715,長野計器,長野計器,skip,duplicate,high,"kabutan,nikkei,tdnet",5
2026-05-16,7716,ナカニシ,ナカニシ,skip,duplicate,high,"kabutan,nikkei,tdnet",12
2026-05-16,7717,ブイ・テクノロジー,Vテク,skip,duplicate,high,"kabutan,tdnet",5
2026-05-16,7717,ブイ・テクノロジー,ブイ・テクノロジー,skip,duplicate,high,"kabutan,nikkei",4
2026-05-16,7718,スター精密,スター精密,skip,duplicate,high,kabutan,4
2026-05-16,7718,スター精密,スター精,skip,duplicate,high,kabutan,2
2026-05-16,7719,東京衡機,東京衡機,skip,duplicate,high,"kabutan,nikkei,tdnet",10
2026-05-16,7721,東京計器,東京計器,skip,duplicate,high,"kabutan,nikkei,tdnet",6
2026-05-16,7722,国際計測器,国際計測器,skip,duplicate,high,"kabutan,nikkei",4
2026-05-16,7722,国際計測器,国際計測,skip,duplicate,high,"kabutan,tdnet",3
2026-05-16,7723,愛知時計電機,愛知時計電機,skip,duplicate,high,"kabutan,nikkei",4
2026-05-16,7723,愛知時計電機,愛知時,skip,duplicate,high,tdnet,3
2026-05-16,7723,愛知時計電機,愛時計,skip,duplicate,high,kabutan,2
2026-05-16,7725,インターアクション,インターアクション,skip,duplicate,high,"kabutan,nikkei,tdnet",10
2026-05-16,7725,インターアクション,インターアク,skip,duplicate,high,kabutan,2
2026-05-16,7726,黒田精工,黒田精工,skip,duplicate,high,"kabutan,nikkei,tdnet",5
2026-05-16,7726,黒田精工,黒田精,skip,duplicate,high,kabutan,2
2026-05-16,7727,オーバル,オーバル,skip,duplicate,high,"kabutan,nikkei,tdnet",10
2026-05-16,7729,東京精密,東京精密,skip,duplicate,high,"kabutan,nikkei",4
2026-05-16,7729,東京精密,東京精,skip,duplicate,high,kabutan,2
2026-05-16,7729,東京精密,東精密,skip,duplicate,high,tdnet,2
2026-05-16,7730,マニー,マニー,skip,duplicate,high,"kabutan,nikkei,tdnet",6
2026-05-16,7731,ニコン,ニコン,skip,duplicate,high,"kabutan,nikkei,tdnet",8
2026-05-16,7733,オリンパス,オリンパス,skip,duplicate,high,"kabutan,nikkei,tdnet",12
2026-05-16,7734,理研計器,理研計器,skip,duplicate,high,"kabutan,nikkei",4
2026-05-16,7734,理研計器,理計器,skip,duplicate,high,kabutan,4
2026-05-16,7735,SCREENﾎｰﾙﾃﾞｨﾝｸﾞｽ,SCREENホールディングス,skip,duplicate,high,"kabutan,nikkei",4
2026-05-16,7735,SCREENﾎｰﾙﾃﾞｨﾝｸﾞｽ,スクリン,skip,duplicate,high,"kabutan,tdnet",4
2026-05-16,7739,キヤノン電子,キヤノン電子,skip,duplicate,high,"kabutan,tdnet",6
2026-05-16,7739,キヤノン電子,キヤノン電,skip,duplicate,high,kabutan,2
2026-05-16,7740,タムロン,タムロン,skip,duplicate,high,"kabutan,nikkei,tdnet",7
2026-05-16,7741,HOYA,HOYA,skip,duplicate,high,"kabutan,nikkei,tdnet",16
2026-05-16,7743,シード,シード,skip,duplicate,high,"kabutan,nikkei,tdnet",9
2026-05-16,7744,ノーリツ鋼機,ノーリツ鋼機,skip,duplicate,high,"kabutan,nikkei,tdnet",10
2026-05-16,7745,A＆Dホロンﾎｰﾙﾃﾞｨﾝｸﾞｽ,A&Dホロンホールディングス,skip,duplicate,high,"kabutan,nikkei",4
2026-05-16,7745,A＆Dホロンﾎｰﾙﾃﾞｨﾝｸﾞｽ,A&Dホロン,skip,duplicate,high,kabutan,2
2026-05-16,7745,A＆Dホロンﾎｰﾙﾃﾞｨﾝｸﾞｽ,A&DホロンHD,skip,duplicate,high,tdnet,2
2026-05-16,7746,岡本硝子,岡本硝子,skip,duplicate,high,"kabutan,nikkei,tdnet",6
2026-05-16,7747,朝日インテック,朝日インテック,skip,duplicate,high,"kabutan,nikkei",4
2026-05-16,7747,朝日インテック,朝日インテク,skip,duplicate,high,kabutan,2
2026-05-16,7747,朝日インテック,アサヒインテック,add,new_candidate,medium,tdnet,1
2026-05-16,7749,メディキット,メディキット,skip,duplicate,high,"kabutan,nikkei,tdnet",6
2026-05-16,7751,キヤノン,キヤノン,skip,duplicate,high,"kabutan,nikkei,tdnet",10
2026-05-16,7752,リコー,リコー,skip,duplicate,high,"kabutan,nikkei,tdnet",8
2026-05-16,7760,IMV,IMV,skip,duplicate,high,"kabutan,nikkei,tdnet",7
2026-05-16,7762,シチズン時計,シチズン時計,skip,duplicate,high,"kabutan,nikkei",4
2026-05-16,7762,シチズン時計,シチズン,skip,duplicate,high,kabutan,2
2026-05-16,7769,リズム,リズム,skip,duplicate,high,"kabutan,nikkei,tdnet",7
2026-05-16,7771,日本精密,日本精密,skip,duplicate,high,"kabutan,nikkei,tdnet",7
2026-05-16,7774,ジャパン・ティッシュエンジニアリング,J・TEC,skip,duplicate,high,tdnet,6
2026-05-16,7774,ジャパン・ティッシュエンジニアリング,ジャパン・ティッシュエンジニアリング,skip,duplicate,high,"kabutan,nikkei",4
2026-05-16,7774,ジャパン・ティッシュエンジニアリング,Jティッシュ,skip,duplicate,high,kabutan,2
2026-05-16,7775,大研医器,大研医器,skip,duplicate,high,"kabutan,nikkei,tdnet",6
2026-05-16,7776,セルシード,セルシード,skip,duplicate,high,"kabutan,nikkei,tdnet",12
2026-05-16,7777,スリー・ディー・マトリックス,スリー・ディー・マトリックス,skip,duplicate,high,"kabutan,nikkei",4
2026-05-16,7777,スリー・ディー・マトリックス,3DM,skip,duplicate,high,kabutan,2
2026-05-16,7779,CYBERDYNE,CYBERDYNE,skip,duplicate,high,"kabutan,nikkei",5
2026-05-16,7779,CYBERDYNE,サイバダイン-議,skip,duplicate,high,tdnet,4
2026-05-16,7779,CYBERDYNE,サイバダイン,skip,duplicate,high,kabutan,2
2026-05-16,7780,メニコン,メニコン,skip,duplicate,high,"kabutan,nikkei",6
2026-05-16,7781,平山ﾎｰﾙﾃﾞｨﾝｸﾞｽ,平山,skip,duplicate,high,"kabutan,tdnet",5
2026-05-16,7781,平山ﾎｰﾙﾃﾞｨﾝｸﾞｽ,平山ホールディングス,skip,duplicate,high,"kabutan,nikkei",4
2026-05-16,7782,シンシア,シンシア,skip,duplicate,high,"kabutan,nikkei,tdnet",11
2026-05-16,7791,ドリームベッド,ドリームベッド,skip,duplicate,high,"kabutan,nikkei,tdnet",7
2026-05-16,7791,ドリームベッド,ドリムベッド,skip,duplicate,high,kabutan,2
2026-05-16,7792,コラントッテ,コラントッテ,skip,duplicate,high,"kabutan,nikkei,tdnet",7
2026-05-16,7793,イメージ・マジック,イメージ・マジック,skip,duplicate,high,"kabutan,nikkei,tdnet",12
2026-05-16,7793,イメージ・マジック,イメージM,skip,duplicate,high,kabutan,2
2026-05-16,7794,イーディーピー,イーディーピー,skip,duplicate,high,"kabutan,nikkei",5
2026-05-16,7794,イーディーピー,EDP,skip,duplicate,high,kabutan,3
2026-05-16,7795,KYORITSU,KYORITSU,skip,duplicate,high,"kabutan,nikkei",6
2026-05-16,7795,KYORITSU,KYORIT,skip,duplicate,high,kabutan,2
2026-05-16,7800,アミファ,アミファ,skip,duplicate,high,"kabutan,nikkei",4
2026-05-16,7803,ブシロード,ブシロード,skip,duplicate,high,"kabutan,nikkei,tdnet",6
2026-05-16,7804,ビーアンドピー,ビーアンドピー,skip,duplicate,high,"kabutan,nikkei",9
2026-05-16,7804,ビーアンドピー,B&P,skip,duplicate,high,kabutan,3
2026-05-16,7805,プリントネット,プリントネット,skip,duplicate,high,"kabutan,nikkei,tdnet",7
2026-05-16,7805,プリントネット,プリントN,skip,duplicate,high,kabutan,2
2026-05-16,7806,MTG,MTG,skip,duplicate,high,"kabutan,nikkei",5
2026-05-16,7807,幸和製作所,幸和製作所,skip,duplicate,high,"kabutan,nikkei,tdnet",7
2026-05-16,7807,幸和製作所,幸和製,skip,duplicate,high,kabutan,2
2026-05-16,7808,シー・エス・ランバー,シー・エス・ランバー,skip,duplicate,high,"kabutan,nikkei",4
2026-05-16,7808,シー・エス・ランバー,CSランバー,skip,duplicate,high,"kabutan,tdnet",3
2026-05-16,7809,壽屋,寿屋,skip,duplicate,high,"kabutan,nikkei",4
2026-05-16,7809,壽屋,壽屋,skip,duplicate,high,kabutan,2
2026-05-16,7810,クロスフォー,クロスフォー,skip,duplicate,high,"kabutan,nikkei",5
2026-05-16,7811,中本パックス,中本パックス,skip,duplicate,high,"kabutan,nikkei,tdnet",12
2026-05-16,7812,クレステック,クレステック,skip,duplicate,high,"kabutan,nikkei,tdnet",6
2026-05-16,7813,プラッツ,プラッツ,skip,duplicate,high,"kabutan,nikkei,tdnet",5
2026-05-16,7814,日本創発ｸﾞﾙｰﾌﾟ,日本創発G,skip,duplicate,high,"kabutan,tdnet",9
2026-05-16,7814,日本創発ｸﾞﾙｰﾌﾟ,日本創発グループ,skip,duplicate,high,"kabutan,nikkei",4
2026-05-16,7815,東京ボード工業,東京ボード工業,skip,duplicate,high,"kabutan,nikkei,tdnet",8
2026-05-16,7815,東京ボード工業,東京ボード,skip,duplicate,high,kabutan,2
2026-05-16,7818,トランザクション,トランザクション,skip,duplicate,high,"kabutan,nikkei,tdnet",10
2026-05-16,7818,トランザクション,トランザク,skip,duplicate,high,kabutan,2
2026-05-16,7819,粧美堂,粧美堂,skip,duplicate,high,"kabutan,nikkei",6
2026-05-16,7820,ニホンフラッシュ,ニホンフラッシュ,skip,duplicate,high,"kabutan,nikkei",4
2026-05-16,7820,ニホンフラッシュ,ニホンフラ,skip,duplicate,high,kabutan,2
2026-05-16,7821,前田工繊,前田工繊,skip,duplicate,high,"kabutan,nikkei,tdnet",5
2026-05-16,7822,永大産業,永大産業,skip,duplicate,high,"kabutan,nikkei,tdnet",10
2026-05-16,7823,アートネイチャー,アートネイチャー,skip,duplicate,high,"kabutan,nikkei,tdnet",10
2026-05-16,7823,アートネイチャー,アトネイチャ,skip,duplicate,high,kabutan,2
2026-05-16,7826,フルヤ金属,フルヤ金属,skip,duplicate,high,"kabutan,nikkei,tdnet",5
2026-05-16,7827,オービス,オービス,skip,duplicate,high,"kabutan,nikkei",7
2026-05-16,7831,ウイルコﾎｰﾙﾃﾞｨﾝｸﾞｽ,ウイルコHD,skip,duplicate,high,kabutan,6
2026-05-16,7831,ウイルコﾎｰﾙﾃﾞｨﾝｸﾞｽ,ウイルコホールディングス,skip,duplicate,high,"kabutan,nikkei",4
2026-05-16,7832,バンダイナムコﾎｰﾙﾃﾞｨﾝｸﾞｽ,バンダイナムコ,skip,duplicate,high,tdnet,4
2026-05-16,7832,バンダイナムコﾎｰﾙﾃﾞｨﾝｸﾞｽ,バンダイナムコホールディングス,skip,duplicate,high,"kabutan,nikkei",4
2026-05-16,7832,バンダイナムコﾎｰﾙﾃﾞｨﾝｸﾞｽ,バンナムHD,skip,duplicate,high,kabutan,2
2026-05-16,7833,アイフィスジャパン,アイフィスジャパン,skip,duplicate,high,"kabutan,nikkei",6
2026-05-16,7833,アイフィスジャパン,アイフィス,skip,duplicate,high,kabutan,2
2026-05-16,7836,アビックス,アビックス,skip,duplicate,high,"kabutan,nikkei,tdnet",5
2026-05-16,7837,アールシーコア,アールシーコア,skip,duplicate,high,"kabutan,nikkei,tdnet",8
2026-05-16,7837,アールシーコア,アールシー,skip,duplicate,high,kabutan,2
2026-05-16,7839,SHOEI,SHOEI,skip,duplicate,high,"kabutan,nikkei,tdnet",9
2026-05-16,7840,フランスベッドﾎｰﾙﾃﾞｨﾝｸﾞｽ,フラベッドH,skip,duplicate,high,"kabutan,tdnet",5
2026-05-16,7840,フランスベッドﾎｰﾙﾃﾞｨﾝｸﾞｽ,フランスベッドホールディングス,skip,duplicate,high,"kabutan,nikkei",4
2026-05-16,7841,遠藤製作所,遠藤製作所,skip,duplicate,high,"kabutan,nikkei",4
2026-05-16,7841,遠藤製作所,遠藤製作,add,new_candidate,medium,tdnet,1
2026-05-16,7844,マーベラス,マーベラス,skip,duplicate,high,"kabutan,nikkei,tdnet",5
2026-05-16,7846,パイロットｺｰﾎﾟﾚｰｼｮﾝ,パイロット,skip,duplicate,high,"kabutan,tdnet",4
2026-05-16,7846,パイロットｺｰﾎﾟﾚｰｼｮﾝ,パイロットコーポレーション,skip,duplicate,high,"kabutan,nikkei",4
2026-05-16,7847,グラファイトデザイン,グラファイトデザイン,skip,duplicate,high,"kabutan,nikkei",4
2026-05-16,7847,グラファイトデザイン,グラファイト,skip,duplicate,high,kabutan,2
2026-05-16,7847,グラファイトデザイン,グラファイトD,add,new_candidate,medium,tdnet,1
2026-05-16,7849,スターツ出版,スターツ出版,skip,duplicate,high,"kabutan,nikkei,tdnet",6
2026-05-16,7850,総合商研,総合商研,skip,duplicate,high,"kabutan,nikkei",5
2026-05-16,7851,カワセコンピュータサプライ,カワセコンピュ,skip,duplicate,high,tdnet,7
2026-05-16,7851,カワセコンピュータサプライ,カワセコンピュータサプライ,skip,duplicate,high,"kabutan,nikkei",4
2026-05-16,7851,カワセコンピュータサプライ,カワセコンピ,skip,duplicate,high,kabutan,2
2026-05-16,7856,萩原工業,萩原工業,skip,duplicate,high,"kabutan,nikkei",5
2026-05-16,7857,セキ,セキ,skip,duplicate,high,"kabutan,nikkei",4
2026-05-16,7859,アルメディオ,アルメディオ,skip,duplicate,high,"kabutan,nikkei,tdnet",6
2026-05-16,7860,エイベックス,エイベックス,skip,duplicate,high,"kabutan,nikkei,tdnet",8
2026-05-16,7863,平賀,平賀,skip,duplicate,high,"kabutan,nikkei",5
2026-05-16,7864,フジシールｲﾝﾀｰﾅｼｮﾅﾙ,フジシールインターナショナル,skip,duplicate,high,"kabutan,nikkei",4
2026-05-16,7864,フジシールｲﾝﾀｰﾅｼｮﾅﾙ,フジシール,skip,duplicate,high,kabutan,2
2026-05-16,7865,ピープル,ピープル,skip,duplicate,high,"kabutan,nikkei,tdnet",12
2026-05-16,7867,タカラトミー,タカラトミー,skip,duplicate,high,"kabutan,nikkei,tdnet",10
2026-05-16,7868,広済堂ﾎｰﾙﾃﾞｨﾝｸﾞｽ,広済堂HD,skip,duplicate,high,"kabutan,tdnet",6
2026-05-16,7868,広済堂ﾎｰﾙﾃﾞｨﾝｸﾞｽ,広済堂ホールディングス,skip,duplicate,high,"kabutan,nikkei",4
2026-05-16,7871,フクビ化学工業,フクビ化学工業,skip,duplicate,high,"kabutan,nikkei,tdnet",9
2026-05-16,7871,フクビ化学工業,フクビ,skip,duplicate,high,kabutan,2
2026-05-16,7872,エステールﾎｰﾙﾃﾞｨﾝｸﾞｽ,エステールホールディングス,skip,duplicate,high,"kabutan,nikkei",4
2026-05-16,7872,エステールﾎｰﾙﾃﾞｨﾝｸﾞｽ,エステールHD,skip,duplicate,high,tdnet,3
2026-05-16,7872,エステールﾎｰﾙﾃﾞｨﾝｸﾞｽ,エステール,skip,duplicate,high,kabutan,2
2026-05-16,7874,レック,レック,skip,duplicate,high,"kabutan,nikkei,tdnet",5
2026-05-16,7875,竹田iPﾎｰﾙﾃﾞｨﾝｸﾞｽ,竹田iPホールディングス,skip,duplicate,high,"kabutan,nikkei",4
2026-05-16,7875,竹田iPﾎｰﾙﾃﾞｨﾝｸﾞｽ,竹田iP,skip,duplicate,high,"kabutan,tdnet",3
2026-05-16,7877,永大化工,永大化工,skip,duplicate,high,"kabutan,nikkei,tdnet",6
2026-05-16,7878,光・彩,光・彩,skip,duplicate,high,"kabutan,nikkei,tdnet",8
2026-05-16,7879,ノダ,ノダ,skip,duplicate,high,"kabutan,nikkei,tdnet",8
2026-05-16,7883,サンメッセ,サンメッセ,skip,duplicate,high,"kabutan,nikkei,tdnet",11
2026-05-16,7885,タカノ,タカノ,skip,duplicate,high,"kabutan,nikkei,tdnet",9
2026-05-16,7886,ヤマト モビリティ ＆ Mfg．,ヤマト モビリティ & Mfg.,skip,duplicate,high,"kabutan,nikkei",4
2026-05-16,7886,ヤマト モビリティ ＆ Mfg．,ヤマトモビM,skip,duplicate,high,kabutan,2
2026-05-16,7887,南海プライウッド,南海プライウッド,skip,duplicate,high,"kabutan,nikkei,tdnet",6
2026-05-16,7887,南海プライウッド,南プラ,skip,duplicate,high,kabutan,2
2026-05-16,7888,三光合成,三光合成,skip,duplicate,high,"kabutan,nikkei,tdnet",6
2026-05-16,7893,プロネクサス,プロネクサス,skip,duplicate,high,"kabutan,nikkei,tdnet",7
2026-05-16,7896,セブン工業,セブン工,skip,duplicate,high,tdnet,4
2026-05-16,7896,セブン工業,セブン工業,skip,duplicate,high,"kabutan,nikkei",4
2026-05-16,7897,ホクシン,ホクシン,skip,duplicate,high,"kabutan,nikkei,tdnet",9
2026-05-16,7898,ウッドワン,ウッドワン,skip,duplicate,high,"kabutan,nikkei,tdnet",7
2026-05-16,7901,マツモト,マツモト,skip,duplicate,high,"kabutan,nikkei,tdnet",7
2026-05-16,7902,ソノコム,ソノコム,skip,duplicate,high,"kabutan,nikkei,tdnet",6
2026-05-16,7906,ヨネックス,ヨネックス,skip,duplicate,high,"kabutan,nikkei,tdnet",9
2026-05-16,7908,きもと,KIMOTO,skip,duplicate,high,"kabutan,nikkei,tdnet",7
2026-05-16,7911,TOPPANﾎｰﾙﾃﾞｨﾝｸﾞｽ,TOPPAN HD,skip,duplicate,high,tdnet,5
2026-05-16,7911,TOPPANﾎｰﾙﾃﾞｨﾝｸﾞｽ,TOPPANホールディングス,skip,duplicate,high,"kabutan,nikkei",4
2026-05-16,7911,TOPPANﾎｰﾙﾃﾞｨﾝｸﾞｽ,TOPPAN,skip,duplicate,high,kabutan,3
2026-05-16,7912,大日本印刷,大日印,skip,duplicate,high,"kabutan,tdnet",8
2026-05-16,7912,大日本印刷,大日本印刷,skip,duplicate,high,"kabutan,nikkei",4
2026-05-16,7914,共同印刷,共同印,skip,duplicate,high,"kabutan,tdnet",7
2026-05-16,7914,共同印刷,共同印刷,skip,duplicate,high,"kabutan,nikkei",4
2026-05-16,7915,NISSHA,NISSHA,skip,duplicate,high,"kabutan,nikkei,tdnet",9
2026-05-16,7916,光村印刷,光村印,skip,duplicate,high,"kabutan,tdnet",8
2026-05-16,7916,光村印刷,光村印刷,skip,duplicate,high,"kabutan,nikkei",4
2026-05-16,7917,ZACROS,ZACROS,skip,duplicate,high,"kabutan,nikkei,tdnet",10
2026-05-16,7918,ヴィア・ﾎｰﾙﾃﾞｨﾝｸﾞｽ,ヴィアHD,skip,duplicate,high,"kabutan,tdnet",12
2026-05-16,7918,ヴィア・ﾎｰﾙﾃﾞｨﾝｸﾞｽ,ヴィア・ホールディングス,skip,duplicate,high,"kabutan,nikkei",4
2026-05-16,7919,野崎印刷紙業,野崎印刷紙業,skip,duplicate,high,"kabutan,nikkei",4
2026-05-16,7919,野崎印刷紙業,野崎印,skip,duplicate,high,tdnet,2
2026-05-16,7919,野崎印刷紙業,野崎紙,skip,duplicate,high,kabutan,2
2026-05-16,7921,TAKARA ＆ COMPANY,TAKARA & COMPANY,skip,duplicate,high,"kabutan,nikkei",5
2026-05-16,7921,TAKARA ＆ COMPANY,宝&CO,skip,duplicate,high,kabutan,2
2026-05-16,7922,三光産業,三光産業,skip,duplicate,high,"kabutan,nikkei,tdnet",15
2026-05-16,7923,トーイン,トーイン,skip,duplicate,high,kabutan,5
2026-05-16,7925,前澤化成工業,前沢化成,skip,duplicate,high,"kabutan,tdnet",7
2026-05-16,7925,前澤化成工業,前沢化成工業,skip,duplicate,high,nikkei,2
2026-05-16,7925,前澤化成工業,前澤化成工業,skip,duplicate,high,kabutan,2
2026-05-16,7927,ムトー精工,ムトー精工,skip,duplicate,high,"kabutan,nikkei,tdnet",6
2026-05-16,7928,旭化学工業,旭化学,skip,duplicate,high,"kabutan,tdnet",5
2026-05-16,7928,旭化学工業,旭化学工業,skip,duplicate,high,"kabutan,nikkei",4
2026-05-16,7931,未来工業,未来工業,skip,duplicate,high,"kabutan,nikkei,tdnet",8
2026-05-16,7932,ニッピ,ニッピ,skip,duplicate,high,"kabutan,nikkei",6
2026-05-16,7936,アシックス,アシックス,skip,duplicate,high,"kabutan,nikkei",4
2026-05-16,7937,ツツミ,ツツミ,skip,duplicate,high,"kabutan,nikkei,tdnet",6
2026-05-16,7938,リーガルｺｰﾎﾟﾚｰｼｮﾝ,リーガル,skip,duplicate,high,"kabutan,tdnet",6
2026-05-16,7938,リーガルｺｰﾎﾟﾚｰｼｮﾝ,リーガルコーポレーション,skip,duplicate,high,"kabutan,nikkei",4
2026-05-16,7939,研創,研創,skip,duplicate,high,"kabutan,nikkei",4
2026-05-16,7940,ウェーブロックﾎｰﾙﾃﾞｨﾝｸﾞｽ,ウェーブロックHD,skip,duplicate,high,tdnet,4
2026-05-16,7940,ウェーブロックﾎｰﾙﾃﾞｨﾝｸﾞｽ,ウェーブロックホールディングス,skip,duplicate,high,"kabutan,nikkei",4
2026-05-16,7940,ウェーブロックﾎｰﾙﾃﾞｨﾝｸﾞｽ,ウェーブHD,skip,duplicate,high,kabutan,2
2026-05-16,7942,JSP,JSP,skip,duplicate,high,"kabutan,nikkei,tdnet",7
2026-05-16,7943,ニチハ,ニチハ,skip,duplicate,high,"kabutan,nikkei,tdnet",8
2026-05-16,7944,ローランド,ローランド,skip,duplicate,high,"kabutan,nikkei,tdnet",6
2026-05-16,7946,光陽社,光陽社,skip,duplicate,high,"kabutan,nikkei,tdnet",10
2026-05-16,7947,エフピコ,エフピコ,skip,duplicate,high,"kabutan,nikkei,tdnet",8
2026-05-16,7949,小松ウオール工業,小松ウオール,skip,duplicate,high,"kabutan,tdnet",6
2026-05-16,7949,小松ウオール工業,小松ウオール工業,skip,duplicate,high,"kabutan,nikkei",4
2026-05-16,7951,ヤマハ,ヤマハ,skip,duplicate,high,"kabutan,nikkei,tdnet",12
2026-05-16,7952,河合楽器製作所,河合楽器製作所,skip,duplicate,high,"kabutan,nikkei",4
2026-05-16,7952,河合楽器製作所,河合楽,skip,duplicate,high,kabutan,2
2026-05-16,7953,菊水化学工業,菊水化学工業,skip,duplicate,high,"kabutan,nikkei",7
2026-05-16,7953,菊水化学工業,菊水化,skip,duplicate,high,kabutan,2
2026-05-16,7955,クリナップ,クリナップ,skip,duplicate,high,"kabutan,nikkei,tdnet",6
2026-05-16,7956,ピジョン,ピジョン,skip,duplicate,high,"kabutan,nikkei",6
2026-05-16,7957,フジコピアン,フジコピアン,skip,duplicate,high,"kabutan,nikkei,tdnet",12
2026-05-16,7962,キングジム,キングジム,skip,duplicate,high,"kabutan,nikkei,tdnet",5
2026-05-16,7963,興研,興研,skip,duplicate,high,"kabutan,nikkei,tdnet",5
2026-05-16,7965,象印マホービン,象印マホービン,skip,duplicate,high,"kabutan,nikkei",7
2026-05-16,7965,象印マホービン,象印,skip,duplicate,high,kabutan,2
2026-05-16,7966,リンテック,リンテック,skip,duplicate,high,"kabutan,nikkei,tdnet",6
2026-05-16,7970,信越ポリマー,信越ポリマー,skip,duplicate,high,"kabutan,nikkei",4
2026-05-16,7970,信越ポリマー,信越ポリ,skip,duplicate,high,kabutan,2
2026-05-16,7970,信越ポリマー,信越ポリマ,add,new_candidate,medium,tdnet,2
2026-05-16,7971,東リ,東リ,skip,duplicate,high,"kabutan,nikkei,tdnet",8
2026-05-16,7972,イトーキ,イトーキ,skip,duplicate,high,"kabutan,nikkei,tdnet",11
2026-05-16,7974,任天堂,任天堂,skip,duplicate,high,"kabutan,nikkei,tdnet",13
2026-05-16,7975,リヒトラブ,リヒトラブ,skip,duplicate,high,"kabutan,nikkei,tdnet",7
2026-05-16,7976,三菱鉛筆,三菱鉛筆,skip,duplicate,high,"kabutan,nikkei,tdnet",14
2026-05-16,7976,三菱鉛筆,菱鉛筆,skip,duplicate,high,kabutan,2
2026-05-16,7979,松風,松風,skip,duplicate,high,"kabutan,nikkei",5
2026-05-16,7980,重松製作所,重松製作所,skip,duplicate,high,"kabutan,nikkei",4
2026-05-16,7980,重松製作所,重松製作,skip,duplicate,high,tdnet,3
2026-05-16,7980,重松製作所,重松製,skip,duplicate,high,kabutan,2
2026-05-16,7981,タカラスタンダード,タカラスタン,skip,duplicate,high,tdnet,11
2026-05-16,7981,タカラスタンダード,タカラスタンダード,skip,duplicate,high,"kabutan,nikkei",4
2026-05-16,7981,タカラスタンダード,タカラスタ,skip,duplicate,high,kabutan,2
2026-05-16,7983,ミロク,ミロク,skip,duplicate,high,"kabutan,nikkei",5
2026-05-16,7984,コクヨ,コクヨ,skip,duplicate,high,"kabutan,nikkei,tdnet",14
2026-05-16,7985,ネポン,ネポン,skip,duplicate,high,"kabutan,nikkei,tdnet",6
2026-05-16,7986,日本アイ・エス・ケイ,日本アイ・エス・ケイ,skip,duplicate,high,"kabutan,nikkei,tdnet",8
2026-05-16,7986,日本アイ・エス・ケイ,日本ISK,skip,duplicate,high,kabutan,2
2026-05-16,7987,ナカバヤシ,ナカバヤシ,skip,duplicate,high,"kabutan,nikkei,tdnet",6
2026-05-16,7988,ニフコ,ニフコ,skip,duplicate,high,"kabutan,nikkei,tdnet",6
2026-05-16,7989,立川ブラインド工業,立川ブライ,skip,duplicate,high,tdnet,4
2026-05-16,7989,立川ブラインド工業,立川ブラインド工業,skip,duplicate,high,"kabutan,nikkei",4
2026-05-16,7989,立川ブラインド工業,ブラインド,skip,duplicate,high,kabutan,2
2026-05-16,7990,グローブライド,グローブライド,skip,duplicate,high,"kabutan,nikkei,tdnet",6
2026-05-16,7990,グローブライド,グロブライド,skip,duplicate,high,kabutan,2
2026-05-16,7991,マミヤ・オーピー,マミヤ・オーピー,skip,duplicate,high,"kabutan,nikkei",5
2026-05-16,7991,マミヤ・オーピー,マミヤOP,skip,duplicate,high,kabutan,2
2026-05-16,7992,セーラー万年筆,セーラー,skip,duplicate,high,kabutan,4
2026-05-16,7992,セーラー万年筆,セーラー万年筆,skip,duplicate,high,"kabutan,nikkei",4
2026-05-16,7994,オカムラ,オカムラ,skip,duplicate,high,"kabutan,nikkei,tdnet",6
2026-05-16,7995,バルカー,バルカー,skip,duplicate,high,"kabutan,nikkei,tdnet",5
2026-05-16,7997,くろがね工作所,くろがね工作所,skip,duplicate,high,"kabutan,nikkei,tdnet",7
2026-05-16,7997,くろがね工作所,くろ工,skip,duplicate,high,kabutan,2
2026-05-16,7999,MUTOHﾎｰﾙﾃﾞｨﾝｸﾞｽ,MUTOH-HD,skip,duplicate,high,tdnet,7
2026-05-16,7999,MUTOHﾎｰﾙﾃﾞｨﾝｸﾞｽ,MUTOHホールディングス,skip,duplicate,high,"kabutan,nikkei",4
2026-05-16,7999,MUTOHﾎｰﾙﾃﾞｨﾝｸﾞｽ,MUTOH,skip,duplicate,high,kabutan,3
2026-05-16,8001,伊藤忠商事,伊藤忠,skip,duplicate,high,"kabutan,tdnet",20
2026-05-16,8001,伊藤忠商事,伊藤忠商事,skip,duplicate,high,"kabutan,nikkei",4
2026-05-16,8002,丸紅,丸紅,skip,duplicate,high,"kabutan,nikkei,tdnet",14
2026-05-16,8005,スクロール,スクロール,skip,duplicate,high,"kabutan,nikkei,tdnet",11
2026-05-16,8006,ユアサ・フナショク,ユアサ・フナショク,skip,duplicate,high,"kabutan,nikkei",4
2026-05-16,8006,ユアサ・フナショク,ユアサフナ,skip,duplicate,high,kabutan,3
2026-05-16,8007,高島,高島,skip,duplicate,high,"kabutan,nikkei",8
2026-05-16,8008,ヨンドシーﾎｰﾙﾃﾞｨﾝｸﾞｽ,ヨンドシーホールディングス,skip,duplicate,high,"kabutan,nikkei",4
2026-05-16,8008,ヨンドシーﾎｰﾙﾃﾞｨﾝｸﾞｽ,4°Cホールデ,skip,duplicate,high,kabutan,2
2026-05-16,8008,ヨンドシーﾎｰﾙﾃﾞｨﾝｸﾞｽ,4°C HD,add,new_candidate,medium,tdnet,2
2026-05-16,8011,三陽商会,三陽商,skip,duplicate,high,"kabutan,tdnet",13
2026-05-16,8011,三陽商会,三陽商会,skip,duplicate,high,"kabutan,nikkei",4
2026-05-16,8012,長瀬産業,長瀬産,skip,duplicate,high,"kabutan,tdnet",8
2026-05-16,8012,長瀬産業,長瀬産業,skip,duplicate,high,"kabutan,nikkei",4
2026-05-16,8013,ナイガイ,ナイガイ,skip,duplicate,high,"kabutan,nikkei",8
2026-05-16,8013,ナイガイ,Naigai,skip,duplicate,high,reuters,2
2026-05-16,8013,ナイガイ,Naigai Co Ltd,skip,duplicate,high,reuters,2
2026-05-16,8014,蝶理,蝶理,skip,duplicate,high,"kabutan,nikkei,tdnet",11
2026-05-16,8015,豊田通商,豊田通商,skip,duplicate,high,"kabutan,nikkei,tdnet",11
2026-05-16,8016,オンワードﾎｰﾙﾃﾞｨﾝｸﾞｽ,オンワードHD,skip,duplicate,high,tdnet,5
2026-05-16,8016,オンワードﾎｰﾙﾃﾞｨﾝｸﾞｽ,オンワードホールディングス,skip,duplicate,high,"kabutan,nikkei",4
2026-05-16,8016,オンワードﾎｰﾙﾃﾞｨﾝｸﾞｽ,オンワード,skip,duplicate,high,kabutan,2
2026-05-16,8018,三共生興,三共生興,skip,duplicate,high,"kabutan,nikkei,tdnet",6
2026-05-16,8018,三共生興,三共興,skip,duplicate,high,kabutan,2
2026-05-16,8020,兼松,兼松,skip,duplicate,high,"kabutan,nikkei,tdnet",7
2026-05-16,8022,美津濃,ミズノ,skip,duplicate,high,"kabutan,nikkei",10
2026-05-16,8023,DAIKO XTECH,DAIKO XTECH,skip,duplicate,high,"kabutan,nikkei",5
2026-05-16,8023,DAIKO XTECH,DAIKOXT,skip,duplicate,high,tdnet,4
2026-05-16,8023,DAIKO XTECH,DAIKOX,skip,duplicate,high,kabutan,2
2026-05-16,8025,ツカモトｺｰﾎﾟﾚｰｼｮﾝ,ツカモト,skip,duplicate,high,"kabutan,tdnet",4
2026-05-16,8025,ツカモトｺｰﾎﾟﾚｰｼｮﾝ,ツカモトコーポレーション,skip,duplicate,high,"kabutan,nikkei",4
2026-05-16,8029,ルックﾎｰﾙﾃﾞｨﾝｸﾞｽ,ルックHD,skip,duplicate,high,"kabutan,tdnet",7
2026-05-16,8029,ルックﾎｰﾙﾃﾞｨﾝｸﾞｽ,ルックホールディングス,skip,duplicate,high,"kabutan,nikkei",4
2026-05-16,8030,中央魚類,中央魚類,skip,duplicate,high,"kabutan,nikkei",4
2026-05-16,8030,中央魚類,中央魚,skip,duplicate,high,kabutan,2
2026-05-16,8031,三井物産,三井物産,skip,duplicate,high,"kabutan,nikkei,tdnet",11
2026-05-16,8031,三井物産,三井物,skip,duplicate,high,kabutan,2
2026-05-16,8032,日本紙パルプ商事,紙パル商,skip,duplicate,high,"kabutan,tdnet",5
2026-05-16,8032,日本紙パルプ商事,日本紙パルプ商事,skip,duplicate,high,"kabutan,nikkei",4
2026-05-16,8035,東京エレクトロン,東エレク,skip,duplicate,high,"kabutan,tdnet",9
2026-05-16,8035,東京エレクトロン,東京エレクトロン,skip,duplicate,high,"kabutan,nikkei",4
2026-05-16,8037,カメイ,カメイ,skip,duplicate,high,"kabutan,nikkei",5
2026-05-16,8039,築地魚市場,築地魚,skip,duplicate,high,kabutan,5
2026-05-16,8039,築地魚市場,築地魚市場,skip,duplicate,high,"kabutan,nikkei",4
2026-05-16,8040,東京ソワール,東ソワール,skip,duplicate,high,"kabutan,tdnet",5
2026-05-16,8040,東京ソワール,東京ソワール,skip,duplicate,high,"kabutan,nikkei",4
2026-05-16,8041,OUGﾎｰﾙﾃﾞｨﾝｸﾞｽ,OUGホールディングス,skip,duplicate,high,"kabutan,nikkei",4
2026-05-16,8041,OUGﾎｰﾙﾃﾞｨﾝｸﾞｽ,OUGHD,skip,duplicate,high,kabutan,2
2026-05-16,8043,スターゼン,スターゼン,skip,duplicate,high,"kabutan,nikkei",5
2026-05-16,8045,横浜丸魚,横浜丸魚,skip,duplicate,high,"kabutan,nikkei,tdnet",8
2026-05-16,8045,横浜丸魚,浜丸魚,skip,duplicate,high,kabutan,2
2026-05-16,8046,丸藤シートパイル,丸藤シートパイル,skip,duplicate,high,"kabutan,nikkei",4
2026-05-16,8046,丸藤シートパイル,丸藤パ,skip,duplicate,high,kabutan,2
2026-05-16,8050,セイコーｸﾞﾙｰﾌﾟ,セイコーグループ,skip,duplicate,high,"kabutan,nikkei",4
2026-05-16,8050,セイコーｸﾞﾙｰﾌﾟ,セイコーG,skip,duplicate,high,kabutan,3
2026-05-16,8051,山善,山善,skip,duplicate,high,"kabutan,nikkei,tdnet",10
2026-05-16,8052,椿本興業,椿本興,skip,duplicate,high,"kabutan,tdnet",8
2026-05-16,8052,椿本興業,椿本興業,skip,duplicate,high,"kabutan,nikkei",4
2026-05-16,8053,住友商事,住友商,skip,duplicate,high,"kabutan,tdnet",11
2026-05-16,8053,住友商事,住友商事,skip,duplicate,high,"kabutan,nikkei",4
2026-05-16,8056,BIPROGY,BIPROGY,skip,duplicate,high,"kabutan,nikkei,tdnet",10
2026-05-16,8056,BIPROGY,ビプロジー,skip,duplicate,high,kabutan,2
2026-05-16,8057,内田洋行,内田洋行,skip,duplicate,high,"kabutan,nikkei",6
2026-05-16,8057,内田洋行,内田洋,skip,duplicate,high,kabutan,2
2026-05-16,8058,三菱商事,三菱商事,skip,duplicate,high,"kabutan,nikkei,tdnet",11
2026-05-16,8058,三菱商事,三菱商,skip,duplicate,high,kabutan,2
2026-05-16,8059,第一実業,第一実業,skip,duplicate,high,"kabutan,nikkei,tdnet",6
2026-05-16,8059,第一実業,第一実,skip,duplicate,high,kabutan,2
2026-05-16,8060,キヤノンマーケティングジャパン,キヤノンMJ,skip,duplicate,high,"kabutan,tdnet",11
2026-05-16,8060,キヤノンマーケティングジャパン,キヤノンマーケティングジャパン,skip,duplicate,high,"kabutan,nikkei",4
2026-05-16,8061,西華産業,西華産,skip,duplicate,high,kabutan,4
2026-05-16,8061,西華産業,西華産業,skip,duplicate,high,"kabutan,nikkei",4
2026-05-16,8065,佐藤商事,佐藤商事,skip,duplicate,high,"kabutan,nikkei",4
2026-05-16,8065,佐藤商事,佐藤商,skip,duplicate,high,kabutan,2
2026-05-16,8066,三谷商事,三谷商事,skip,duplicate,high,"kabutan,nikkei",4
2026-05-16,8066,三谷商事,三谷商,skip,duplicate,high,"kabutan,tdnet",3
2026-05-16,8070,東京産業,東京産,skip,duplicate,high,"kabutan,tdnet",4
2026-05-16,8070,東京産業,東京産業,skip,duplicate,high,"kabutan,nikkei",4
2026-05-16,8074,ユアサ商事,YUASA,skip,duplicate,high,"kabutan,nikkei,tdnet",7
2026-05-16,8075,神鋼商事,神鋼商,skip,duplicate,high,kabutan,4
2026-05-16,8075,神鋼商事,神鋼商事,skip,duplicate,high,"kabutan,nikkei",4
2026-05-16,8076,カノークス,カノークス,skip,duplicate,high,"kabutan,nikkei,tdnet",10
2026-05-16,8077,トルク,トルク,skip,duplicate,high,"kabutan,nikkei",9
2026-05-16,8078,阪和興業,阪和興,skip,duplicate,high,"kabutan,tdnet",5
2026-05-16,8078,阪和興業,阪和興業,skip,duplicate,high,"kabutan,nikkei",4
2026-05-16,8079,正栄食品工業,正栄食,skip,duplicate,high,kabutan,5
2026-05-16,8079,正栄食品工業,正栄食品工業,skip,duplicate,high,"kabutan,nikkei",4
2026-05-16,8081,カナデン,カナデン,skip,duplicate,high,"kabutan,nikkei",4
2026-05-16,8084,RYODEN,RYODEN,skip,duplicate,high,"kabutan,nikkei,tdnet",8
2026-05-16,8085,ナラサキ産業,ナラサキ産業,skip,duplicate,high,"kabutan,nikkei",4
2026-05-16,8085,ナラサキ産業,ナラサキ,skip,duplicate,high,kabutan,2
2026-05-16,8086,ニプロ,ニプロ,skip,duplicate,high,"kabutan,nikkei,tdnet",10
2026-05-16,8088,岩谷産業,岩谷産,skip,duplicate,high,"kabutan,tdnet",4
2026-05-16,8088,岩谷産業,岩谷産業,skip,duplicate,high,"kabutan,nikkei",4
2026-05-16,8089,ナイス,ナイス,skip,duplicate,high,"kabutan,nikkei",5
2026-05-16,8091,ニチモウ,ニチモウ,skip,duplicate,high,"kabutan,nikkei,tdnet",9
2026-05-16,8093,極東貿易,極東貿易,skip,duplicate,high,"kabutan,nikkei",4
2026-05-16,8095,アステナﾎｰﾙﾃﾞｨﾝｸﾞｽ,アステナHD,skip,duplicate,high,"kabutan,tdnet",5
2026-05-16,8095,アステナﾎｰﾙﾃﾞｨﾝｸﾞｽ,アステナホールディングス,skip,duplicate,high,"kabutan,nikkei",4
2026-05-16,8097,三愛オブリ,三愛オブリ,skip,duplicate,high,"kabutan,nikkei",6
2026-05-16,8098,稲畑産業,稲畑産,skip,duplicate,high,"kabutan,tdnet",6
2026-05-16,8098,稲畑産業,稲畑産業,skip,duplicate,high,"kabutan,nikkei",4
2026-05-16,8101,GSIクレオス,GSIクレオス,skip,duplicate,high,"kabutan,nikkei,tdnet",7
2026-05-16,8101,GSIクレオス,クレオス,skip,duplicate,high,kabutan,2
2026-05-16,8103,明和産業,明和産,skip,duplicate,high,"kabutan,tdnet",13
2026-05-16,8103,明和産業,明和産業,skip,duplicate,high,"kabutan,nikkei",4
2026-05-16,8104,クワザワﾎｰﾙﾃﾞｨﾝｸﾞｽ,クワザワホールディングス,skip,duplicate,high,"kabutan,nikkei",4
2026-05-16,8104,クワザワﾎｰﾙﾃﾞｨﾝｸﾞｽ,クワザワHD,skip,duplicate,high,kabutan,2
2026-05-16,8105,Bitcoin Japan,BitcoinJPN,skip,duplicate,high,tdnet,6
2026-05-16,8105,Bitcoin Japan,Bitcoin Japan,skip,duplicate,high,"kabutan,nikkei",5
2026-05-16,8105,Bitcoin Japan,BTCJPN,skip,duplicate,high,kabutan,2
2026-05-16,8107,キムラタン,キムラタン,skip,duplicate,high,"kabutan,nikkei,tdnet",11
2026-05-16,8111,ゴールドウイン,ゴールドウイン,skip,duplicate,high,"kabutan,nikkei",4
2026-05-16,8111,ゴールドウイン,ゴルドウイン,skip,duplicate,high,kabutan,2
2026-05-16,8113,ユニ・チャーム,ユニ・チャーム,skip,duplicate,high,"kabutan,nikkei,tdnet",15
2026-05-16,8115,ムーンバット,ムーンバット,skip,duplicate,high,"kabutan,nikkei",4
2026-05-16,8117,中央自動車工業,中央自動車工業,skip,duplicate,high,"kabutan,nikkei",4
2026-05-16,8117,中央自動車工業,中央自,skip,duplicate,high,kabutan,2
2026-05-16,8118,キング,キング,skip,duplicate,high,"kabutan,nikkei",4
2026-05-16,8119,三栄ｺｰﾎﾟﾚｰｼｮﾝ,三栄コーポレーション,skip,duplicate,high,"kabutan,nikkei",4
2026-05-16,8119,三栄ｺｰﾎﾟﾚｰｼｮﾝ,三栄コ,skip,duplicate,high,kabutan,2
2026-05-16,8123,川辺,川辺,skip,duplicate,high,"kabutan,nikkei",5
2026-05-16,8125,ワキタ,ワキタ,skip,duplicate,high,"kabutan,nikkei,tdnet",6
2026-05-16,8127,ヤマトｲﾝﾀｰﾅｼｮﾅﾙ,ヤマトインター,skip,duplicate,high,tdnet,5
2026-05-16,8127,ヤマトｲﾝﾀｰﾅｼｮﾅﾙ,ヤマトインターナショナル,skip,duplicate,high,"kabutan,nikkei",4
2026-05-16,8127,ヤマトｲﾝﾀｰﾅｼｮﾅﾙ,ヤマトインタ,skip,duplicate,high,kabutan,2
2026-05-16,8129,東邦ﾎｰﾙﾃﾞｨﾝｸﾞｽ,東邦HD,skip,duplicate,high,"kabutan,tdnet",13
2026-05-16,8129,東邦ﾎｰﾙﾃﾞｨﾝｸﾞｽ,東邦ホールディングス,skip,duplicate,high,"kabutan,nikkei",4
2026-05-16,8130,サンゲツ,サンゲツ,skip,duplicate,high,"kabutan,nikkei",4
2026-05-16,8131,ミツウロコｸﾞﾙｰﾌﾟﾎｰﾙﾃﾞｨﾝｸﾞｽ,ミツウロコグループホールディングス,skip,duplicate,high,"kabutan,nikkei",4
2026-05-16,8131,ミツウロコｸﾞﾙｰﾌﾟﾎｰﾙﾃﾞｨﾝｸﾞｽ,ミツウロコGHD,skip,duplicate,high,tdnet,3
2026-05-16,8131,ミツウロコｸﾞﾙｰﾌﾟﾎｰﾙﾃﾞｨﾝｸﾞｽ,ミツウロコG,skip,duplicate,high,kabutan,2
2026-05-16,8132,シナネンﾎｰﾙﾃﾞｨﾝｸﾞｽ,シナネンHD,skip,duplicate,high,"kabutan,tdnet",7
2026-05-16,8132,シナネンﾎｰﾙﾃﾞｨﾝｸﾞｽ,シナネンホールディングス,skip,duplicate,high,"kabutan,nikkei",4
2026-05-16,8133,伊藤忠エネクス,エネクス,skip,duplicate,high,"kabutan,tdnet",5
2026-05-16,8133,伊藤忠エネクス,伊藤忠エネクス,skip,duplicate,high,"kabutan,nikkei",4
2026-05-16,8135,ゼット,ゼット,skip,duplicate,high,"kabutan,nikkei",5
2026-05-16,8136,サンリオ,サンリオ,skip,duplicate,high,"kabutan,nikkei,tdnet",7
2026-05-16,8137,サンワテクノス,サンワテクノス,skip,duplicate,high,"kabutan,nikkei,tdnet",11
2026-05-16,8137,サンワテクノス,サンワテク,skip,duplicate,high,kabutan,2
2026-05-16,8138,三京化成,三京化成,skip,duplicate,high,"kabutan,nikkei",5
2026-05-16,8138,三京化成,三京化,skip,duplicate,high,kabutan,2
2026-05-16,8139,ナガホリ,ナガホリ,skip,duplicate,high,"kabutan,nikkei,tdnet",5
2026-05-16,8141,新光商事,新光商,skip,duplicate,high,"kabutan,tdnet",4
2026-05-16,8141,新光商事,新光商事,skip,duplicate,high,"kabutan,nikkei",4
2026-05-16,8142,トーホー,トーホー,skip,duplicate,high,"kabutan,nikkei,tdnet",8
2026-05-16,8143,ラピーヌ,ラピーヌ,skip,duplicate,high,"kabutan,nikkei,tdnet",6
2026-05-16,8144,デンキョーｸﾞﾙｰﾌﾟﾎｰﾙﾃﾞｨﾝｸﾞｽ,デンキョーグループホールディングス,skip,duplicate,high,"kabutan,nikkei",4
2026-05-16,8144,デンキョーｸﾞﾙｰﾌﾟﾎｰﾙﾃﾞｨﾝｸﾞｽ,デンキョーグループ,skip,duplicate,high,tdnet,3
2026-05-16,8144,デンキョーｸﾞﾙｰﾌﾟﾎｰﾙﾃﾞｨﾝｸﾞｽ,デンキョーG,skip,duplicate,high,kabutan,2
2026-05-16,8147,トミタ,トミタ,skip,duplicate,high,"kabutan,nikkei",4
2026-05-16,8150,三信電気,三信電気,skip,duplicate,high,"kabutan,nikkei,tdnet",5
2026-05-16,8150,三信電気,三信電,skip,duplicate,high,kabutan,2
2026-05-16,8151,東陽テクニカ,東陽テクニカ,skip,duplicate,high,"kabutan,nikkei,tdnet",7
2026-05-16,8151,東陽テクニカ,東陽テク,skip,duplicate,high,kabutan,2
2026-05-16,8152,ソマール,ソマール,skip,duplicate,high,"kabutan,nikkei,tdnet",5
2026-05-16,8153,モスフードサービス,モスフードサービス,skip,duplicate,high,"kabutan,nikkei",4
2026-05-16,8153,モスフードサービス,モスフード,skip,duplicate,high,kabutan,3
2026-05-16,8154,加賀電子,加賀電子,skip,duplicate,high,"kabutan,nikkei",6
2026-05-16,8157,都築電気,都築電気,skip,duplicate,high,"kabutan,nikkei",6
2026-05-16,8157,都築電気,都築電,skip,duplicate,high,kabutan,2
2026-05-16,8158,ソーダニッカ,ソーダニッカ,skip,duplicate,high,"kabutan,nikkei,tdnet",9
2026-05-16,8159,立花エレテック,立花エレ,skip,duplicate,high,"kabutan,tdnet",8
2026-05-16,8159,立花エレテック,立花エレテック,skip,duplicate,high,"kabutan,nikkei",4
2026-05-16,8160,木曽路,木曽路,skip,duplicate,high,"kabutan,nikkei",4
2026-05-16,8163,SRSﾎｰﾙﾃﾞｨﾝｸﾞｽ,SRSHD,skip,duplicate,high,"kabutan,tdnet",5
2026-05-16,8163,SRSﾎｰﾙﾃﾞｨﾝｸﾞｽ,SRSホールディングス,skip,duplicate,high,"kabutan,nikkei",4
2026-05-16,8165,千趣会,千趣会,skip,duplicate,high,"kabutan,nikkei,tdnet",6
2026-05-16,8166,タカキュー,タカキュー,skip,duplicate,high,"kabutan,nikkei,tdnet",16
2026-05-16,8167,リテールパートナーズ,リテールパートナーズ,skip,duplicate,high,"kabutan,nikkei,tdnet",10
2026-05-16,8167,リテールパートナーズ,リテールPA,skip,duplicate,high,kabutan,2
2026-05-16,8173,上新電機,Joshin,skip,duplicate,high,"kabutan,nikkei,tdnet",9
2026-05-16,8174,日本瓦斯,日瓦斯,skip,duplicate,high,tdnet,6
2026-05-16,8174,日本瓦斯,日本瓦斯,skip,duplicate,high,"kabutan,nikkei",4
2026-05-16,8174,日本瓦斯,日ガス,skip,duplicate,high,kabutan,2
2026-05-16,8179,ロイヤルﾎｰﾙﾃﾞｨﾝｸﾞｽ,ロイヤルホールディングス,skip,duplicate,high,"kabutan,nikkei",4
2026-05-16,8179,ロイヤルﾎｰﾙﾃﾞｨﾝｸﾞｽ,ロイヤルHD,skip,duplicate,high,kabutan,3
2026-05-16,8181,東天紅,東天紅,skip,duplicate,high,"kabutan,nikkei,tdnet",7
2026-05-16,8185,チヨダ,チヨダ,skip,duplicate,high,"kabutan,nikkei,tdnet",9
2026-05-16,8194,ライフｺｰﾎﾟﾚｰｼｮﾝ,ライフコーポ,skip,duplicate,high,"kabutan,tdnet",7
2026-05-16,8194,ライフｺｰﾎﾟﾚｰｼｮﾝ,ライフコーポレーション,skip,duplicate,high,"kabutan,nikkei",4
2026-05-16,8198,マックスバリュ東海,MV東海,skip,duplicate,high,"kabutan,tdnet",8
2026-05-16,8198,マックスバリュ東海,マックスバリュ東海,skip,duplicate,high,"kabutan,nikkei",4
2026-05-16,8200,リンガーハット,リンガーハット,skip,duplicate,high,"kabutan,nikkei,tdnet",11
2026-05-16,8200,リンガーハット,リンガハット,skip,duplicate,high,kabutan,2
2026-05-16,8202,ラオックスﾎｰﾙﾃﾞｨﾝｸﾞｽ,ラオックスHD,skip,duplicate,high,tdnet,4
2026-05-16,8202,ラオックスﾎｰﾙﾃﾞｨﾝｸﾞｽ,ラオックスホールディングス,skip,duplicate,high,"kabutan,nikkei",4
2026-05-16,8202,ラオックスﾎｰﾙﾃﾞｨﾝｸﾞｽ,ラオックス,skip,duplicate,high,kabutan,2
2026-05-16,8203,MrMaxHD,MrMaxHD,skip,duplicate,high,tdnet,6
2026-05-16,8203,MrMaxHD,ミスターマックス・ホールディングス,skip,duplicate,high,"kabutan,nikkei",4
2026-05-16,8203,MrMaxHD,MrMax,skip,duplicate,high,kabutan,3
2026-05-16,8207,テンアライド,テンアライド,skip,duplicate,high,"kabutan,nikkei,tdnet",8
2026-05-16,8209,フレンドリー,フレンドリー,skip,duplicate,high,kabutan,4
2026-05-16,8209,フレンドリー,フレンドリ,skip,duplicate,high,kabutan,2
2026-05-16,8214,AOKIﾎｰﾙﾃﾞｨﾝｸﾞｽ,AOKIHD,skip,duplicate,high,"kabutan,tdnet",5
2026-05-16,8214,AOKIﾎｰﾙﾃﾞｨﾝｸﾞｽ,AOKIホールディングス,skip,duplicate,high,"kabutan,nikkei",4
2026-05-16,8217,オークワ,オークワ,skip,duplicate,high,"kabutan,nikkei",6
2026-05-16,8218,コメリ,コメリ,skip,duplicate,high,"kabutan,nikkei,tdnet",9
2026-05-16,8219,青山商事,青山商,skip,duplicate,high,"kabutan,tdnet",8
2026-05-16,8219,青山商事,青山商事,skip,duplicate,high,"kabutan,nikkei",4
2026-05-16,8225,タカチホ,タカチホ,skip,duplicate,high,"kabutan,nikkei,tdnet",5
2026-05-16,8226,理経,理経,skip,duplicate,high,"kabutan,nikkei",6
2026-05-16,8227,しまむら,しまむら,skip,duplicate,high,"kabutan,nikkei",9
2026-05-16,8230,はせがわ,はせがわ,skip,duplicate,high,"kabutan,nikkei",6
2026-05-16,8233,高島屋,高島屋,skip,duplicate,high,"kabutan,nikkei,tdnet",16
2026-05-16,8237,松屋,松屋,skip,duplicate,high,"kabutan,nikkei,tdnet",15
2026-05-16,8242,エイチ・ツー・オー リテイリング,エイチ・ツー・オー リテイリング,skip,duplicate,high,"kabutan,nikkei",4
2026-05-16,8242,エイチ・ツー・オー リテイリング,H2Oリテイル,skip,duplicate,high,tdnet,3
2026-05-16,8242,エイチ・ツー・オー リテイリング,H2Oリテイ,skip,duplicate,high,kabutan,2
2026-05-16,8244,近鉄百貨店,近鉄百貨店,skip,duplicate,high,"kabutan,nikkei,tdnet",11
2026-05-16,8244,近鉄百貨店,近鉄百,skip,duplicate,high,kabutan,2
2026-05-16,8247,大和,大和,skip,duplicate,high,"kabutan,nikkei,tdnet",6
2026-05-16,8247,大和,大和デ,skip,duplicate,high,kabutan,2
2026-05-16,8252,丸井ｸﾞﾙｰﾌﾟ,丸井G,skip,duplicate,high,"kabutan,tdnet",6
2026-05-16,8252,丸井ｸﾞﾙｰﾌﾟ,丸井グループ,skip,duplicate,high,"kabutan,nikkei",4
2026-05-16,8253,クレディセゾン,クレディセゾン,skip,duplicate,high,"kabutan,nikkei",4
2026-05-16,8253,クレディセゾン,クレセゾン,skip,duplicate,high,kabutan,2
2026-05-16,8254,さいか屋,さいか屋,skip,duplicate,high,"kabutan,nikkei,tdnet",14
2026-05-16,8255,アクシアル リテイリング,アクシアル,skip,duplicate,high,"kabutan,tdnet",10
2026-05-16,8255,アクシアル リテイリング,アクシアル リテイリング,skip,duplicate,high,"kabutan,nikkei",4
2026-05-16,8260,井筒屋,井筒屋,skip,duplicate,high,"kabutan,nikkei,tdnet",7
2026-05-16,8267,イオン,イオン,skip,duplicate,high,"kabutan,nikkei,tdnet",17
2026-05-16,8273,イズミ,イズミ,skip,duplicate,high,"kabutan,nikkei,tdnet",9
2026-05-16,8275,フォーバル,フォーバル,skip,duplicate,high,"kabutan,nikkei,tdnet",8
2026-05-16,8276,平和堂,平和堂,skip,duplicate,high,"kabutan,nikkei,tdnet",6
2026-05-16,8278,フジ,フジ,skip,duplicate,high,"kabutan,nikkei,tdnet",9
2026-05-16,8281,ゼビオﾎｰﾙﾃﾞｨﾝｸﾞｽ,ゼビオHD,skip,duplicate,high,"kabutan,tdnet",4
2026-05-16,8281,ゼビオﾎｰﾙﾃﾞｨﾝｸﾞｽ,ゼビオホールディングス,skip,duplicate,high,"kabutan,nikkei",4
2026-05-16,8282,ケーズﾎｰﾙﾃﾞｨﾝｸﾞｽ,ケーズホールディングス,skip,duplicate,high,"kabutan,nikkei",4
2026-05-16,8282,ケーズﾎｰﾙﾃﾞｨﾝｸﾞｽ,ケーズHD,skip,duplicate,high,kabutan,3
2026-05-16,8283,PALTAC,PALTAC,skip,duplicate,high,"kabutan,nikkei,tdnet",12
2026-05-16,8285,三谷産業,三谷産業,skip,duplicate,high,"kabutan,nikkei,tdnet",10
2026-05-16,8289,Olympicｸﾞﾙｰﾌﾟ,OlympicG,skip,duplicate,high,tdnet,6
2026-05-16,8289,Olympicｸﾞﾙｰﾌﾟ,Olympicグループ,skip,duplicate,high,"kabutan,nikkei",4
2026-05-16,8289,Olympicｸﾞﾙｰﾌﾟ,オリンピック,skip,duplicate,high,kabutan,2
2026-05-16,8291,日産東京販売ﾎｰﾙﾃﾞｨﾝｸﾞｽ,日産東HD,skip,duplicate,high,"kabutan,tdnet",4
2026-05-16,8291,日産東京販売ﾎｰﾙﾃﾞｨﾝｸﾞｽ,日産東京販売ホールディングス,skip,duplicate,high,"kabutan,nikkei",4
2026-05-16,8303,SBI新生銀行,SBI新生銀行,skip,duplicate,high,"kabutan,nikkei,tdnet",8
2026-05-16,8303,SBI新生銀行,SBI新生銀,skip,duplicate,high,kabutan,2
2026-05-16,8304,あおぞら銀行,あおぞら,skip,duplicate,high,tdnet,5
2026-05-16,8304,あおぞら銀行,あおぞら銀行,skip,duplicate,high,"kabutan,nikkei",4
2026-05-16,8304,あおぞら銀行,あおぞら銀,skip,duplicate,high,kabutan,2
2026-05-16,8306,三菱UFJフィナンシャル・ｸﾞﾙｰﾌﾟ,三菱UFJ,skip,duplicate,high,"kabutan,tdnet",8
2026-05-16,8306,三菱UFJフィナンシャル・ｸﾞﾙｰﾌﾟ,三菱UFJフィナンシャル・グループ,skip,duplicate,high,"kabutan,nikkei",4
2026-05-16,8308,りそなﾎｰﾙﾃﾞｨﾝｸﾞｽ,りそなHD,skip,duplicate,high,"kabutan,tdnet",12
2026-05-16,8308,りそなﾎｰﾙﾃﾞｨﾝｸﾞｽ,りそなホールディングス,skip,duplicate,high,"kabutan,nikkei",4
2026-05-16,8309,三井住友トラストｸﾞﾙｰﾌﾟ,三井住友トラストG,skip,duplicate,high,tdnet,9
2026-05-16,8309,三井住友トラストｸﾞﾙｰﾌﾟ,三井住友トラストグループ,skip,duplicate,high,"kabutan,nikkei",4
2026-05-16,8309,三井住友トラストｸﾞﾙｰﾌﾟ,三井住友トラ,skip,duplicate,high,kabutan,2
2026-05-16,8316,三井住友フィナンシャルｸﾞﾙｰﾌﾟ,三井住友,skip,duplicate,high,tdnet,11
2026-05-16,8316,三井住友フィナンシャルｸﾞﾙｰﾌﾟ,三井住友フィナンシャルグループ,skip,duplicate,high,"kabutan,nikkei",4
2026-05-16,8316,三井住友フィナンシャルｸﾞﾙｰﾌﾟ,三井住友FG,skip,duplicate,high,kabutan,2
2026-05-16,8331,千葉銀行,千葉銀,skip,duplicate,high,kabutan,6
2026-05-16,8331,千葉銀行,千葉銀行,skip,duplicate,high,"kabutan,nikkei",4
2026-05-16,8334,群馬銀行,群馬銀,skip,duplicate,high,"kabutan,tdnet",8
2026-05-16,8334,群馬銀行,群馬銀行,skip,duplicate,high,"kabutan,nikkei",4
2026-05-16,8336,武蔵野銀行,武蔵野銀,skip,duplicate,high,tdnet,9
2026-05-16,8336,武蔵野銀行,武蔵野銀行,skip,duplicate,high,"kabutan,nikkei",4
2026-05-16,8336,武蔵野銀行,武蔵銀,skip,duplicate,high,kabutan,2
2026-05-16,8337,千葉興業銀行,千葉興銀,skip,duplicate,high,tdnet,5
2026-05-16,8337,千葉興業銀行,千葉興業銀行,skip,duplicate,high,"kabutan,nikkei",4
2026-05-16,8337,千葉興業銀行,千葉興,skip,duplicate,high,kabutan,2
2026-05-16,8338,筑波銀行,筑波銀行,skip,duplicate,high,"kabutan,nikkei,tdnet",7
2026-05-16,8338,筑波銀行,筑波銀,skip,duplicate,high,kabutan,2
2026-05-16,8341,七十七銀行,七十七銀行,skip,duplicate,high,"kabutan,nikkei",4
2026-05-16,8341,七十七銀行,七十七,skip,duplicate,high,kabutan,2
2026-05-16,8343,秋田銀行,秋田銀行,skip,duplicate,high,"kabutan,nikkei",4
2026-05-16,8343,秋田銀行,秋田銀,skip,duplicate,high,"kabutan,tdnet",3
2026-05-16,8344,山形銀行,山形銀行,skip,duplicate,high,"kabutan,nikkei",4
2026-05-16,8344,山形銀行,山形銀,skip,duplicate,high,kabutan,3
2026-05-16,8345,岩手銀行,岩手銀,skip,duplicate,high,"kabutan,tdnet",5
2026-05-16,8345,岩手銀行,岩手銀行,skip,duplicate,high,"kabutan,nikkei",4
2026-05-16,8346,東邦銀行,東邦銀行,skip,duplicate,high,"kabutan,nikkei",4
2026-05-16,8346,東邦銀行,東邦銀,skip,duplicate,high,kabutan,3
2026-05-16,8349,東北銀行,東北銀,skip,duplicate,high,"kabutan,tdnet",8
2026-05-16,8349,東北銀行,東北銀行,skip,duplicate,high,"kabutan,nikkei",4
2026-05-16,8354,ふくおかフィナンシャルｸﾞﾙｰﾌﾟ,ふくおかフィナンシャルグループ,skip,duplicate,high,"kabutan,nikkei",4
2026-05-16,8354,ふくおかフィナンシャルｸﾞﾙｰﾌﾟ,ふくおかFG,skip,duplicate,high,kabutan,2
2026-05-16,8358,スルガ銀行,スルガ銀,skip,duplicate,high,"kabutan,tdnet",10
2026-05-16,8358,スルガ銀行,スルガ銀行,skip,duplicate,high,"kabutan,nikkei",4
2026-05-16,8359,八十二長野銀行,八十二長野銀行,skip,duplicate,high,"kabutan,nikkei,tdnet",7
2026-05-16,8359,八十二長野銀行,八十二長野,skip,duplicate,high,kabutan,2
2026-05-16,8360,山梨中央銀行,山梨中央銀行,skip,duplicate,high,"kabutan,nikkei",4
2026-05-16,8360,山梨中央銀行,山梨銀,skip,duplicate,high,kabutan,2
2026-05-16,8361,大垣共立銀行,大垣銀,skip,duplicate,high,tdnet,14
2026-05-16,8361,大垣共立銀行,大垣共立銀行,skip,duplicate,high,"kabutan,nikkei",4
2026-05-16,8361,大垣共立銀行,大垣共立,skip,duplicate,high,kabutan,2
2026-05-16,8362,福井銀行,福井銀,skip,duplicate,high,"kabutan,tdnet",8
2026-05-16,8362,福井銀行,福井銀行,skip,duplicate,high,"kabutan,nikkei",4
2026-05-16,8364,清水銀行,清水銀行,skip,duplicate,high,"kabutan,nikkei",4
2026-05-16,8364,清水銀行,清水銀,skip,duplicate,high,kabutan,3
2026-05-16,8365,富山銀行,富山銀行,skip,duplicate,high,"kabutan,nikkei,tdnet",5
2026-05-16,8365,富山銀行,富山銀,skip,duplicate,high,kabutan,2
2026-05-16,8366,滋賀銀行,滋賀銀,skip,duplicate,high,"kabutan,tdnet",5
2026-05-16,8366,滋賀銀行,滋賀銀行,skip,duplicate,high,"kabutan,nikkei",4
2026-05-16,8367,南都銀行,南都銀,skip,duplicate,high,"kabutan,tdnet",8
2026-05-16,8367,南都銀行,南都銀行,skip,duplicate,high,"kabutan,nikkei",4
2026-05-16,8368,百五銀行,百五銀,skip,duplicate,high,"kabutan,tdnet",9
2026-05-16,8368,百五銀行,百五銀行,skip,duplicate,high,"kabutan,nikkei",4
2026-05-16,8370,紀陽銀行,紀陽銀行,skip,duplicate,high,"kabutan,nikkei,tdnet",5
2026-05-16,8370,紀陽銀行,紀陽銀,skip,duplicate,high,kabutan,2
2026-05-16,8377,ほくほくフィナンシャルｸﾞﾙｰﾌﾟ,ほくほく,skip,duplicate,high,tdnet,9
2026-05-16,8377,ほくほくフィナンシャルｸﾞﾙｰﾌﾟ,ほくほくフィナンシャルグループ,skip,duplicate,high,"kabutan,nikkei",4
2026-05-16,8377,ほくほくフィナンシャルｸﾞﾙｰﾌﾟ,ほくほくFG,skip,duplicate,high,kabutan,2
2026-05-16,8381,山陰合同銀行,山陰合同銀行,skip,duplicate,high,"kabutan,nikkei",4
2026-05-16,8381,山陰合同銀行,山陰合銀,skip,duplicate,high,kabutan,4
2026-05-16,8383,鳥取銀行,鳥取銀行,skip,duplicate,high,"kabutan,nikkei",4
2026-05-16,8383,鳥取銀行,鳥取銀,skip,duplicate,high,kabutan,3
2026-05-16,8386,百十四銀行,百十四銀,skip,duplicate,high,tdnet,5
2026-05-16,8386,百十四銀行,百十四銀行,skip,duplicate,high,"kabutan,nikkei",4
2026-05-16,8386,百十四銀行,百十四,skip,duplicate,high,kabutan,2
2026-05-16,8387,四国銀行,四国銀,skip,duplicate,high,"kabutan,tdnet",6
2026-05-16,8387,四国銀行,四国銀行,skip,duplicate,high,"kabutan,nikkei",4
2026-05-16,8388,阿波銀行,阿波銀,skip,duplicate,high,kabutan,4
2026-05-16,8388,阿波銀行,阿波銀行,skip,duplicate,high,"kabutan,nikkei",4
2026-05-16,8392,大分銀行,大分銀,skip,duplicate,high,"kabutan,tdnet",4
2026-05-16,8392,大分銀行,大分銀行,skip,duplicate,high,"kabutan,nikkei",4
2026-05-16,8393,宮崎銀行,宮崎銀,skip,duplicate,high,"kabutan,tdnet",5
2026-05-16,8393,宮崎銀行,宮崎銀行,skip,duplicate,high,"kabutan,nikkei",4
2026-05-16,8395,佐賀銀行,佐賀銀行,skip,duplicate,high,"kabutan,nikkei",4
2026-05-16,8395,佐賀銀行,佐賀銀,skip,duplicate,high,"kabutan,tdnet",3
2026-05-16,8399,琉球銀行,琉球銀,skip,duplicate,high,"kabutan,tdnet",6
2026-05-16,8399,琉球銀行,琉球銀行,skip,duplicate,high,"kabutan,nikkei",4
2026-05-16,8410,セブン銀行,セブン銀行,skip,duplicate,high,"kabutan,nikkei,tdnet",12
2026-05-16,8410,セブン銀行,セブン銀,skip,duplicate,high,kabutan,2
2026-05-16,8411,みずほフィナンシャルｸﾞﾙｰﾌﾟ,みずほフィナンシャルグループ,skip,duplicate,high,"kabutan,nikkei",4
2026-05-16,8411,みずほフィナンシャルｸﾞﾙｰﾌﾟ,みずほFG,skip,duplicate,high,kabutan,2
2026-05-16,8416,高知銀行,高知銀行,skip,duplicate,high,"kabutan,nikkei,tdnet",9
2026-05-16,8416,高知銀行,高知銀,skip,duplicate,high,kabutan,2
2026-05-16,8418,山口フィナンシャルｸﾞﾙｰﾌﾟ,山口FG,skip,duplicate,high,"kabutan,tdnet",10
2026-05-16,8418,山口フィナンシャルｸﾞﾙｰﾌﾟ,山口フィナンシャルグループ,skip,duplicate,high,"kabutan,nikkei",4
2026-05-16,8424,芙蓉総合リース,芙蓉リース,skip,duplicate,high,kabutan,5
2026-05-16,8424,芙蓉総合リース,芙蓉総合リース,skip,duplicate,high,"kabutan,nikkei",4
2026-05-16,8425,みずほリース,みずほリース,skip,duplicate,high,"kabutan,nikkei",7
2026-05-16,8439,東京センチュリー,東京センチュリー,skip,duplicate,high,"kabutan,nikkei,tdnet",10
2026-05-16,8439,東京センチュリー,東京センチュ,skip,duplicate,high,kabutan,2
2026-05-16,8473,SBIﾎｰﾙﾃﾞｨﾝｸﾞｽ,SBI,skip,duplicate,high,"kabutan,tdnet",12
2026-05-16,8473,SBIﾎｰﾙﾃﾞｨﾝｸﾞｽ,SBIホールディングス,skip,duplicate,high,"kabutan,nikkei",4
2026-05-16,8508,Jトラスト,Jトラスト,skip,duplicate,high,"kabutan,nikkei,tdnet",10
2026-05-16,8511,日本証券金融,日証金,skip,duplicate,high,"kabutan,tdnet",11
2026-05-16,8511,日本証券金融,日本証券金融,skip,duplicate,high,"kabutan,nikkei",4
2026-05-16,8515,アイフル,アイフル,skip,duplicate,high,kabutan,3
2026-05-16,8518,日本アジア投資,アジア投資,skip,duplicate,high,"kabutan,tdnet",13
2026-05-16,8518,日本アジア投資,日本アジア投資,skip,duplicate,high,"kabutan,nikkei",4
2026-05-16,8522,名古屋銀行,名古屋銀,skip,duplicate,high,"kabutan,tdnet",7
2026-05-16,8522,名古屋銀行,名古屋銀行,skip,duplicate,high,"kabutan,nikkei",4
2026-05-16,8524,北洋銀行,北洋銀行,skip,duplicate,high,"kabutan,nikkei,tdnet",13
2026-05-16,8524,北洋銀行,北洋銀,skip,duplicate,high,kabutan,2
2026-05-16,8537,大光銀行,大光銀,skip,duplicate,high,"kabutan,tdnet",4
2026-05-16,8537,大光銀行,大光銀行,skip,duplicate,high,"kabutan,nikkei",4
2026-05-16,8541,愛媛銀行,愛媛銀,skip,duplicate,high,"kabutan,tdnet",4
2026-05-16,8541,愛媛銀行,愛媛銀行,skip,duplicate,high,"kabutan,nikkei",4
2026-05-16,8542,トマト銀行,トマト銀行,skip,duplicate,high,"kabutan,nikkei",4
2026-05-16,8542,トマト銀行,トマト銀,skip,duplicate,high,kabutan,2
2026-05-16,8544,京葉銀行,京葉銀,skip,duplicate,high,"kabutan,tdnet",5
2026-05-16,8544,京葉銀行,京葉銀行,skip,duplicate,high,"kabutan,nikkei",4
2026-05-16,8550,栃木銀行,栃木銀行,skip,duplicate,high,"kabutan,nikkei",4
2026-05-16,8550,栃木銀行,栃木銀,skip,duplicate,high,kabutan,3
2026-05-16,8551,北日本銀行,北日本銀行,skip,duplicate,high,"kabutan,nikkei",4
2026-05-16,8551,北日本銀行,北日銀,skip,duplicate,high,kabutan,2
2026-05-16,8558,東和銀行,東和銀,skip,duplicate,high,"kabutan,tdnet",7
2026-05-16,8558,東和銀行,東和銀行,skip,duplicate,high,"kabutan,nikkei",4
2026-05-16,8562,福島銀行,福島銀,skip,duplicate,high,"kabutan,tdnet",5
2026-05-16,8562,福島銀行,福島銀行,skip,duplicate,high,"kabutan,nikkei",4
2026-05-16,8563,大東銀行,大東銀,skip,duplicate,high,"kabutan,tdnet",4
2026-05-16,8563,大東銀行,大東銀行,skip,duplicate,high,"kabutan,nikkei",4
2026-05-16,8566,リコーリース,リコーリース,skip,duplicate,high,"kabutan,nikkei,tdnet",12
2026-05-16,8570,イオンフィナンシャルサービス,イオンFS,skip,duplicate,high,"kabutan,tdnet",6
2026-05-16,8570,イオンフィナンシャルサービス,イオンフィナンシャルサービス,skip,duplicate,high,"kabutan,nikkei",4
2026-05-16,8572,アコム,アコム,skip,duplicate,high,"kabutan,nikkei,tdnet",6
2026-05-16,8584,ジャックス,ジャックス,skip,duplicate,high,"kabutan,nikkei",4
2026-05-16,8585,オリエントｺｰﾎﾟﾚｰｼｮﾝ,オリエントコーポレーション,skip,duplicate,high,"kabutan,nikkei",4
2026-05-16,8585,オリエントｺｰﾎﾟﾚｰｼｮﾝ,オリコ,skip,duplicate,high,kabutan,3
2026-05-16,8591,オリックス,オリックス,skip,duplicate,high,"kabutan,nikkei,tdnet",22
2026-05-16,8593,三菱HCキャピタル,三菱HCキャピタル,skip,duplicate,high,"kabutan,nikkei,tdnet",7
2026-05-16,8593,三菱HCキャピタル,三菱HCキャ,skip,duplicate,high,kabutan,2
2026-05-16,8595,ジャフコ ｸﾞﾙｰﾌﾟ,ジャフコ グループ,skip,duplicate,high,"kabutan,nikkei,tdnet",12
2026-05-16,8595,ジャフコ ｸﾞﾙｰﾌﾟ,ジャフコG,skip,duplicate,high,kabutan,2
2026-05-16,8596,九州リースサービス,九州リースサービス,skip,duplicate,high,"kabutan,nikkei,tdnet",6
2026-05-16,8596,九州リースサービス,九州リース,skip,duplicate,high,kabutan,2
2026-05-16,8600,トモニﾎｰﾙﾃﾞｨﾝｸﾞｽ,トモニホールディングス,skip,duplicate,high,"kabutan,nikkei",4
2026-05-16,8600,トモニﾎｰﾙﾃﾞｨﾝｸﾞｽ,トモニHD,skip,duplicate,high,kabutan,3
2026-05-16,8601,大和証券ｸﾞﾙｰﾌﾟ本社,大和証G,skip,duplicate,high,tdnet,10
2026-05-16,8601,大和証券ｸﾞﾙｰﾌﾟ本社,大和証券グループ本社,skip,duplicate,high,"kabutan,nikkei",4
2026-05-16,8601,大和証券ｸﾞﾙｰﾌﾟ本社,大和,skip,duplicate,high,kabutan,2
2026-05-16,8604,野村ﾎｰﾙﾃﾞｨﾝｸﾞｽ,野村,skip,duplicate,high,"kabutan,tdnet",14
2026-05-16,8604,野村ﾎｰﾙﾃﾞｨﾝｸﾞｽ,野村ホールディングス,skip,duplicate,high,"kabutan,nikkei",4
2026-05-16,8609,岡三証券ｸﾞﾙｰﾌﾟ,岡三,skip,duplicate,high,"kabutan,tdnet",6
2026-05-16,8609,岡三証券ｸﾞﾙｰﾌﾟ,岡三証券グループ,skip,duplicate,high,"kabutan,nikkei",4
2026-05-16,8613,丸三証券,丸三証券,skip,duplicate,high,"kabutan,nikkei",4
2026-05-16,8613,丸三証券,丸三証,skip,duplicate,high,tdnet,3
2026-05-16,8613,丸三証券,丸三,skip,duplicate,high,kabutan,2
2026-05-16,8614,東洋証券,東洋証,skip,duplicate,high,tdnet,7
2026-05-16,8614,東洋証券,東洋証券,skip,duplicate,high,"kabutan,nikkei",4
2026-05-16,8616,東海東京フィナンシャル・ﾎｰﾙﾃﾞｨﾝｸﾞｽ,東海東京,skip,duplicate,high,"kabutan,tdnet",10
2026-05-16,8616,東海東京フィナンシャル・ﾎｰﾙﾃﾞｨﾝｸﾞｽ,東海東京フィナンシャル・ホールディングス,skip,duplicate,high,"kabutan,nikkei",4
2026-05-16,8617,光世証券,光世証券,skip,duplicate,high,"kabutan,nikkei",4
2026-05-16,8617,光世証券,光世,skip,duplicate,high,kabutan,2
2026-05-16,8617,光世証券,光世証,add,new_candidate,medium,tdnet,6
2026-05-16,8622,水戸証券,水戸証,skip,duplicate,high,tdnet,22
2026-05-16,8622,水戸証券,水戸証券,skip,duplicate,high,"kabutan,nikkei",4
2026-05-16,8622,水戸証券,水戸,skip,duplicate,high,kabutan,2
2026-05-16,8624,いちよし証券,いちよし,skip,duplicate,high,"kabutan,tdnet",11
2026-05-16,8624,いちよし証券,いちよし証券,skip,duplicate,high,"kabutan,nikkei",4
2026-05-16,8628,松井証券,松井証,skip,duplicate,high,tdnet,6
2026-05-16,8628,松井証券,松井証券,skip,duplicate,high,"kabutan,nikkei",4
2026-05-16,8628,松井証券,松井,skip,duplicate,high,kabutan,2
2026-05-16,8630,SOMPOﾎｰﾙﾃﾞｨﾝｸﾞｽ,SOMPOホールディングス,skip,duplicate,high,"kabutan,nikkei",4
2026-05-16,8630,SOMPOﾎｰﾙﾃﾞｨﾝｸﾞｽ,SOMPO,skip,duplicate,high,kabutan,3
2026-05-16,8697,日本取引所ｸﾞﾙｰﾌﾟ,JPX,skip,duplicate,high,tdnet,8
2026-05-16,8697,日本取引所ｸﾞﾙｰﾌﾟ,日本取引所グループ,skip,duplicate,high,"kabutan,nikkei",4
2026-05-16,8697,日本取引所ｸﾞﾙｰﾌﾟ,日本取引所,skip,duplicate,high,kabutan,2
2026-05-16,8698,マネックスｸﾞﾙｰﾌﾟ,マネックスG,skip,duplicate,high,"kabutan,tdnet",13
2026-05-16,8698,マネックスｸﾞﾙｰﾌﾟ,マネックスグループ,skip,duplicate,high,"kabutan,nikkei",4
2026-05-16,8699,HSﾎｰﾙﾃﾞｨﾝｸﾞｽ,HSHD,skip,duplicate,high,"kabutan,tdnet",8
2026-05-16,8699,HSﾎｰﾙﾃﾞｨﾝｸﾞｽ,HSホールディングス,skip,duplicate,high,"kabutan,nikkei",4
2026-05-16,8700,丸八証券,丸八証券,skip,duplicate,high,"kabutan,nikkei,tdnet",7
2026-05-16,8704,トレイダーズﾎｰﾙﾃﾞｨﾝｸﾞｽ,トレイダーズHD,skip,duplicate,high,tdnet,5
2026-05-16,8704,トレイダーズﾎｰﾙﾃﾞｨﾝｸﾞｽ,トレイダーズホールディングス,skip,duplicate,high,"kabutan,nikkei",4
2026-05-16,8704,トレイダーズﾎｰﾙﾃﾞｨﾝｸﾞｽ,トレイダーズ,skip,duplicate,high,kabutan,2
2026-05-16,8705,日産証券ｸﾞﾙｰﾌﾟ,日産証券グループ,skip,duplicate,high,"kabutan,nikkei,tdnet",10
2026-05-16,8705,日産証券ｸﾞﾙｰﾌﾟ,日産証券G,skip,duplicate,high,kabutan,2
2026-05-16,8706,極東証券,極東証券,skip,duplicate,high,"kabutan,nikkei,tdnet",8
2026-05-16,8707,岩井コスモﾎｰﾙﾃﾞｨﾝｸﾞｽ,岩井コスモ,skip,duplicate,high,"kabutan,tdnet",5
2026-05-16,8707,岩井コスモﾎｰﾙﾃﾞｨﾝｸﾞｽ,岩井コスモホールディングス,skip,duplicate,high,"kabutan,nikkei",4
2026-05-16,8708,アイザワ証券ｸﾞﾙｰﾌﾟ,アイザワ証G,skip,duplicate,high,"kabutan,tdnet",10
2026-05-16,8708,アイザワ証券ｸﾞﾙｰﾌﾟ,アイザワ証券グループ,skip,duplicate,high,"kabutan,nikkei",4
2026-05-16,8713,フィデアﾎｰﾙﾃﾞｨﾝｸﾞｽ,フィデアHD,skip,duplicate,high,"kabutan,tdnet",4
2026-05-16,8713,フィデアﾎｰﾙﾃﾞｨﾝｸﾞｽ,フィデアホールディングス,skip,duplicate,high,"kabutan,nikkei",4
2026-05-16,8714,池田泉州ﾎｰﾙﾃﾞｨﾝｸﾞｽ,池田泉州,skip,duplicate,high,tdnet,8
2026-05-16,8714,池田泉州ﾎｰﾙﾃﾞｨﾝｸﾞｽ,池田泉州ホールディングス,skip,duplicate,high,"kabutan,nikkei",4
2026-05-16,8714,池田泉州ﾎｰﾙﾃﾞｨﾝｸﾞｽ,池田泉州HD,skip,duplicate,high,kabutan,2
2026-05-16,8715,アニコム ﾎｰﾙﾃﾞｨﾝｸﾞｽ,アニコムHD,skip,duplicate,high,"kabutan,tdnet",10
2026-05-16,8715,アニコム ﾎｰﾙﾃﾞｨﾝｸﾞｽ,アニコム ホールディングス,skip,duplicate,high,"kabutan,nikkei",4
2026-05-16,8725,MS＆ADインシュアランスｸﾞﾙｰﾌﾟﾎｰﾙﾃﾞｨﾝｸﾞｽ,MS&AD,skip,duplicate,high,"kabutan,tdnet",8
2026-05-16,8725,MS＆ADインシュアランスｸﾞﾙｰﾌﾟﾎｰﾙﾃﾞｨﾝｸﾞｽ,MS&ADインシュアランスグループホールディングス,skip,duplicate,high,"kabutan,nikkei",4
2026-05-16,8729,ソニーフィナンシャルｸﾞﾙｰﾌﾟ,ソニーFG,skip,duplicate,high,"kabutan,tdnet",8
2026-05-16,8729,ソニーフィナンシャルｸﾞﾙｰﾌﾟ,ソニーフィナンシャルグループ,skip,duplicate,high,"kabutan,nikkei",4
2026-05-16,8737,あかつき本社,あかつき本社,skip,duplicate,high,"kabutan,nikkei,tdnet",7
2026-05-16,8739,スパークス・ｸﾞﾙｰﾌﾟ,スパークス,skip,duplicate,high,"kabutan,tdnet",9
2026-05-16,8739,スパークス・ｸﾞﾙｰﾌﾟ,スパークス・グループ,skip,duplicate,high,"kabutan,nikkei",4
2026-05-16,8742,小林洋行,小林洋行,skip,duplicate,high,"kabutan,nikkei,tdnet",19
2026-05-16,8746,unbanked,unbanked,skip,duplicate,high,"kabutan,nikkei,tdnet",24
2026-05-16,8746,unbanked,unbank,skip,duplicate,high,kabutan,2
2026-05-16,8747,豊トラスティ証券,豊トラスティ証券,skip,duplicate,high,"kabutan,nikkei,tdnet",28
2026-05-16,8747,豊トラスティ証券,豊トラスティ,skip,duplicate,high,kabutan,2
2026-05-16,8750,第一生命ﾎｰﾙﾃﾞｨﾝｸﾞｽ,第一ライフグループ,skip,duplicate,high,"kabutan,nikkei",4
2026-05-16,8750,第一生命ﾎｰﾙﾃﾞｨﾝｸﾞｽ,第一ライフ,skip,duplicate,high,kabutan,2
2026-05-16,8766,東京海上ﾎｰﾙﾃﾞｨﾝｸﾞｽ,東京海上,skip,duplicate,high,"kabutan,tdnet",5
2026-05-16,8766,東京海上ﾎｰﾙﾃﾞｨﾝｸﾞｽ,東京海上ホールディングス,skip,duplicate,high,"kabutan,nikkei",4
2026-05-16,8769,アドバンテッジリスクマネジメント,アドバンテッジリスクマネジメント,skip,duplicate,high,"kabutan,nikkei",4
2026-05-16,8769,アドバンテッジリスクマネジメント,アドバンRM,skip,duplicate,high,kabutan,2
2026-05-16,8771,イー・ギャランティ,Eギャランティ,skip,duplicate,high,tdnet,4
2026-05-16,8771,イー・ギャランティ,イー・ギャランティ,skip,duplicate,high,"kabutan,nikkei",4
2026-05-16,8771,イー・ギャランティ,イー・ギャラ,skip,duplicate,high,kabutan,2
2026-05-16,8772,アサックス,アサックス,skip,duplicate,high,"kabutan,nikkei,tdnet",7
2026-05-16,8783,abc,abc,skip,duplicate,high,"kabutan,nikkei,tdnet",20
2026-05-16,8789,フィンテック グローバル,フィンテック,skip,duplicate,high,"kabutan,tdnet",9
2026-05-16,8789,フィンテック グローバル,フィンテック グローバル,skip,duplicate,high,"kabutan,nikkei",4
2026-05-16,8793,NECキャピタルソリューション,NECキャピ,skip,duplicate,high,"kabutan,tdnet",10
2026-05-16,8793,NECキャピタルソリューション,NECキャピタルソリューション,skip,duplicate,high,"kabutan,nikkei",4
2026-05-16,8795,T＆Dﾎｰﾙﾃﾞｨﾝｸﾞｽ,T&DHD,skip,duplicate,high,tdnet,5
2026-05-16,8795,T＆Dﾎｰﾙﾃﾞｨﾝｸﾞｽ,T&Dホールディングス,skip,duplicate,high,"kabutan,nikkei",4
2026-05-16,8795,T＆Dﾎｰﾙﾃﾞｨﾝｸﾞｽ,T&D,skip,duplicate,high,kabutan,3
2026-05-16,8798,アドバンスクリエイト,アドバンスクリエイト,skip,duplicate,high,"kabutan,nikkei,tdnet",10
2026-05-16,8798,アドバンスクリエイト,Aクリエイト,skip,duplicate,high,kabutan,2
2026-05-16,8801,三井不動産,三井不,skip,duplicate,high,kabutan,4
2026-05-16,8801,三井不動産,三井不動産,skip,duplicate,high,"kabutan,nikkei",4
2026-05-16,8802,三菱地所,三菱地所,skip,duplicate,high,"kabutan,nikkei",8
2026-05-16,8802,三菱地所,菱地所,skip,duplicate,high,kabutan,2
2026-05-16,8803,平和不動産,平和不,skip,duplicate,high,"kabutan,tdnet",9
2026-05-16,8803,平和不動産,平和不動産,skip,duplicate,high,"kabutan,nikkei",4
2026-05-16,8804,東京建物,東京建物,skip,duplicate,high,"kabutan,nikkei",4
2026-05-16,8804,東京建物,東建物,skip,duplicate,high,kabutan,3
2026-05-16,8818,京阪神ビルディング,京阪神ビルディング,skip,duplicate,high,"kabutan,nikkei",4
2026-05-16,8818,京阪神ビルディング,京阪神ビ,skip,duplicate,high,tdnet,3
2026-05-16,8818,京阪神ビルディング,京阪神ビル,skip,duplicate,high,kabutan,2
2026-05-16,8830,住友不動産,住友不,skip,duplicate,high,"kabutan,tdnet",5
2026-05-16,8830,住友不動産,住友不動産,skip,duplicate,high,"kabutan,nikkei",4
2026-05-16,8835,太平洋興発,太平洋興発,skip,duplicate,high,"kabutan,nikkei",4
2026-05-16,8835,太平洋興発,太平洋発,skip,duplicate,high,tdnet,3
2026-05-16,8835,太平洋興発,太平発,skip,duplicate,high,kabutan,2
2026-05-16,8836,RISE,RISE,skip,duplicate,high,"kabutan,nikkei,tdnet",7
2026-05-16,8841,テーオーシー,テーオーシー,skip,duplicate,high,"kabutan,nikkei,tdnet",8
2026-05-16,8844,コスモスイニシア,コスモスイニシア,skip,duplicate,high,"kabutan,nikkei,tdnet",11
2026-05-16,8844,コスモスイニシア,コスモスイニ,skip,duplicate,high,kabutan,2
2026-05-16,8848,レオパレス21,レオパレス21,skip,duplicate,high,"kabutan,nikkei",4
2026-05-16,8848,レオパレス21,レオパレス,skip,duplicate,high,kabutan,2
2026-05-16,8850,スターツｺｰﾎﾟﾚｰｼｮﾝ,スターツ,skip,duplicate,high,"kabutan,tdnet",6
2026-05-16,8850,スターツｺｰﾎﾟﾚｰｼｮﾝ,スターツコーポレーション,skip,duplicate,high,"kabutan,nikkei",4
2026-05-16,8860,フジ住宅,フジ住宅,skip,duplicate,high,"kabutan,nikkei,tdnet",9
2026-05-16,8860,フジ住宅,フジ住,skip,duplicate,high,kabutan,2
2026-05-16,8864,空港施設,空港施設,skip,duplicate,high,"kabutan,nikkei,tdnet",7
2026-05-16,8869,明和地所,明和地所,skip,duplicate,high,"kabutan,nikkei",5
2026-05-16,8871,ゴールドクレスト,ゴールドクレ,skip,duplicate,high,kabutan,4
2026-05-16,8871,ゴールドクレスト,ゴールドクレスト,skip,duplicate,high,"kabutan,nikkei",4
2026-05-16,8876,リロｸﾞﾙｰﾌﾟ,リログループ,skip,duplicate,high,"kabutan,nikkei,tdnet",10
2026-05-16,8877,エスリード,エスリード,skip,duplicate,high,"kabutan,nikkei",4
2026-05-16,8881,日神ｸﾞﾙｰﾌﾟﾎｰﾙﾃﾞｨﾝｸﾞｽ,日神グループホールディングス,skip,duplicate,high,"kabutan,nikkei",4
2026-05-16,8881,日神ｸﾞﾙｰﾌﾟﾎｰﾙﾃﾞｨﾝｸﾞｽ,日神GHD,skip,duplicate,high,kabutan,2
2026-05-16,8887,シーラﾎｰﾙﾃﾞｨﾝｸﾞｽ,シーラHD,skip,duplicate,high,"kabutan,tdnet",11
2026-05-16,8887,シーラﾎｰﾙﾃﾞｨﾝｸﾞｽ,シーラホールディングス,skip,duplicate,high,"kabutan,nikkei",4
2026-05-16,8891,AMGﾎｰﾙﾃﾞｨﾝｸﾞｽ,AMGHD,skip,duplicate,high,"kabutan,tdnet",6
2026-05-16,8891,AMGﾎｰﾙﾃﾞｨﾝｸﾞｽ,AMGホールディングス,skip,duplicate,high,"kabutan,nikkei",4
2026-05-16,8892,エスコン,エスコン,skip,duplicate,high,"kabutan,nikkei,tdnet",13
2026-05-16,8894,REVOLUTION,REVOLUTION,skip,duplicate,high,"kabutan,nikkei,tdnet",12
2026-05-16,8894,REVOLUTION,レボリュー,skip,duplicate,high,kabutan,2
2026-05-16,8897,MIRARTHﾎｰﾙﾃﾞｨﾝｸﾞｽ,ミラースHD,skip,duplicate,high,"kabutan,tdnet",15
2026-05-16,8897,MIRARTHﾎｰﾙﾃﾞｨﾝｸﾞｽ,MIRARTHホールディングス,skip,duplicate,high,"kabutan,nikkei",4
2026-05-16,8898,センチュリー21・ジャパン,センチュリー21,skip,duplicate,high,tdnet,6
2026-05-16,8898,センチュリー21・ジャパン,センチュリー21・ジャパン,skip,duplicate,high,"kabutan,nikkei",4
2026-05-16,8898,センチュリー21・ジャパン,センチュ21,skip,duplicate,high,kabutan,2
2026-05-16,8904,AVANTIA,AVANTIA,skip,duplicate,high,"kabutan,nikkei,tdnet",7
2026-05-16,8904,AVANTIA,アバンティア,skip,duplicate,high,kabutan,2
2026-05-16,8908,毎日コムネット,毎日コムネット,skip,duplicate,high,"kabutan,nikkei,tdnet",9
2026-05-16,8908,毎日コムネット,毎コムネット,skip,duplicate,high,kabutan,2
2026-05-16,8912,エリアクエスト,エリアクエスト,skip,duplicate,high,"kabutan,nikkei,tdnet",9
2026-05-16,8912,エリアクエスト,エリアクエス,skip,duplicate,high,kabutan,2
2026-05-16,8914,エリアリンク,エリアリンク,skip,duplicate,high,"kabutan,nikkei,tdnet",9
2026-05-16,8917,ファースト住建,ファースト住建,skip,duplicate,high,"kabutan,nikkei",8
2026-05-16,8917,ファースト住建,ファースト住,skip,duplicate,high,kabutan,2
2026-05-16,8918,ランド,ランド,skip,duplicate,high,"kabutan,nikkei,tdnet",9
2026-05-16,8919,カチタス,カチタス,skip,duplicate,high,"kabutan,nikkei,tdnet",10
2026-05-16,8920,東祥,東祥,skip,duplicate,high,"kabutan,nikkei,tdnet",7
2026-05-16,8923,トーセイ,トーセイ,skip,duplicate,high,"kabutan,nikkei",7
2026-05-16,8927,明豊エンタープライズ,明豊エンター,skip,duplicate,high,tdnet,9
2026-05-16,8927,明豊エンタープライズ,明豊エンタープライズ,skip,duplicate,high,"kabutan,nikkei",4
2026-05-16,8927,明豊エンタープライズ,明豊エンタ,skip,duplicate,high,kabutan,2
2026-05-16,8928,穴吹興産,穴吹興産,skip,duplicate,high,"kabutan,nikkei",5
2026-05-16,8929,青山財産ネットワークス,青山財産ネットワークス,skip,duplicate,high,"kabutan,nikkei",4
2026-05-16,8929,青山財産ネットワークス,青山財産,skip,duplicate,high,kabutan,3
2026-05-16,8931,和田興産,和田興産,skip,duplicate,high,"kabutan,nikkei,tdnet",9
2026-05-16,8934,サンフロンティア不動産,サンフロンティア,skip,duplicate,high,tdnet,14
2026-05-16,8934,サンフロンティア不動産,サンフロンティア不動産,skip,duplicate,high,"kabutan,nikkei",4
2026-05-16,8934,サンフロンティア不動産,サンフロ不,skip,duplicate,high,kabutan,2
2026-05-16,8935,FJネクストﾎｰﾙﾃﾞｨﾝｸﾞｽ,FJネクストホールディングス,skip,duplicate,high,"kabutan,nikkei",4
2026-05-16,8935,FJネクストﾎｰﾙﾃﾞｨﾝｸﾞｽ,FJネクHD,skip,duplicate,high,kabutan,2
2026-05-16,8935,FJネクストﾎｰﾙﾃﾞｨﾝｸﾞｽ,FJネクストHD,skip,duplicate,high,tdnet,2
2026-05-16,8938,グローム・ﾎｰﾙﾃﾞｨﾝｸﾞｽ,グロームHD,skip,duplicate,high,"kabutan,tdnet",7
2026-05-16,8938,グローム・ﾎｰﾙﾃﾞｨﾝｸﾞｽ,グローム・ホールディングス,skip,duplicate,high,"kabutan,nikkei",4
2026-05-16,8944,ランドビジネス,ランドビジネス,skip,duplicate,high,"kabutan,nikkei",4
2026-05-16,8944,ランドビジネス,ランビジネス,skip,duplicate,high,kabutan,2
2026-05-16,8945,サンネクスタｸﾞﾙｰﾌﾟ,サンネクスタグループ,skip,duplicate,high,"kabutan,nikkei",4
2026-05-16,8945,サンネクスタｸﾞﾙｰﾌﾟ,サンネクスタ,skip,duplicate,high,kabutan,2
2026-05-16,8946,ASIAN STAR,ASIAN STAR,skip,duplicate,high,"kabutan,nikkei",5
2026-05-16,8946,ASIAN STAR,エイシアンスター,skip,duplicate,high,tdnet,3
2026-05-16,8946,ASIAN STAR,エイシアンS,skip,duplicate,high,kabutan,2
2026-05-16,8995,誠建設工業,誠建設,skip,duplicate,high,"kabutan,tdnet",5
2026-05-16,8995,誠建設工業,誠建設工業,skip,duplicate,high,"kabutan,nikkei",4
2026-05-16,8996,ハウスフリーダム,ハウスフリーダム,skip,duplicate,high,"kabutan,nikkei,tdnet",5
2026-05-16,8996,ハウスフリーダム,フリーダム,skip,duplicate,high,kabutan,2
2026-05-16,8999,グランディハウス,グランディ,skip,duplicate,high,"kabutan,tdnet",4
2026-05-16,8999,グランディハウス,グランディハウス,skip,duplicate,high,"kabutan,nikkei",4
2026-05-16,9001,東武鉄道,東武,skip,duplicate,high,"kabutan,tdnet",6
2026-05-16,9001,東武鉄道,東武鉄道,skip,duplicate,high,"kabutan,nikkei",4
2026-05-16,9003,相鉄ﾎｰﾙﾃﾞｨﾝｸﾞｽ,相鉄HD,skip,duplicate,high,"kabutan,tdnet",5
2026-05-16,9003,相鉄ﾎｰﾙﾃﾞｨﾝｸﾞｽ,相鉄ホールディングス,skip,duplicate,high,"kabutan,nikkei",4
2026-05-16,9005,東急,東急,skip,duplicate,high,"kabutan,nikkei,tdnet",12
2026-05-16,9006,京浜急行電鉄,京急,skip,duplicate,high,"kabutan,tdnet",7
2026-05-16,9006,京浜急行電鉄,京浜急行電鉄,skip,duplicate,high,"kabutan,nikkei",4
2026-05-16,9007,小田急電鉄,小田急,skip,duplicate,high,kabutan,4
2026-05-16,9007,小田急電鉄,小田急電鉄,skip,duplicate,high,"kabutan,nikkei",4
2026-05-16,9008,京王電鉄,京王,skip,duplicate,high,kabutan,5
2026-05-16,9008,京王電鉄,京王電鉄,skip,duplicate,high,"kabutan,nikkei",4
2026-05-16,9009,京成電鉄,京成,skip,duplicate,high,"kabutan,tdnet",4
2026-05-16,9009,京成電鉄,京成電鉄,skip,duplicate,high,"kabutan,nikkei",4
2026-05-16,9010,富士急行,富士急行,skip,duplicate,high,"kabutan,nikkei",4
2026-05-16,9010,富士急行,富士急,skip,duplicate,high,kabutan,2
2026-05-16,9012,秩父鉄道,秩父鉄道,skip,duplicate,high,"kabutan,nikkei,tdnet",9
2026-05-16,9012,秩父鉄道,秩父鉄,skip,duplicate,high,kabutan,2
2026-05-16,9017,新潟交通,新潟交通,skip,duplicate,high,"kabutan,nikkei,tdnet",6
2026-05-16,9017,新潟交通,新潟交,skip,duplicate,high,kabutan,2
2026-05-16,9020,東日本旅客鉄道,JR東,skip,duplicate,high,tdnet,6
2026-05-16,9020,東日本旅客鉄道,JR東日本,skip,duplicate,high,"kabutan,nikkei",4
2026-05-16,9021,西日本旅客鉄道,JR西,skip,duplicate,high,tdnet,10
2026-05-16,9021,西日本旅客鉄道,JR西日本,skip,duplicate,high,"kabutan,nikkei",4
2026-05-16,9022,東海旅客鉄道,JR東海,skip,duplicate,high,"kabutan,nikkei,tdnet",10
2026-05-16,9023,東京地下鉄,東京メトロ,skip,duplicate,high,"kabutan,tdnet",4
2026-05-16,9023,東京地下鉄,東京地下鉄,skip,duplicate,high,"kabutan,nikkei",4
2026-05-16,9024,西武ﾎｰﾙﾃﾞｨﾝｸﾞｽ,西武ホールディングス,skip,duplicate,high,"kabutan,nikkei,tdnet",9
2026-05-16,9024,西武ﾎｰﾙﾃﾞｨﾝｸﾞｽ,西武HD,skip,duplicate,high,kabutan,2
2026-05-16,9025,鴻池運輸,鴻池運輸,skip,duplicate,high,"kabutan,nikkei",4
2026-05-16,9028,ゼロ,ゼロ,skip,duplicate,high,"kabutan,nikkei,tdnet",7
2026-05-16,9029,ヒガシﾎｰﾙﾃﾞｨﾝｸﾞｽ,ヒガシHD,skip,duplicate,high,"kabutan,tdnet",6
2026-05-16,9029,ヒガシﾎｰﾙﾃﾞｨﾝｸﾞｽ,ヒガシホールディングス,skip,duplicate,high,"kabutan,nikkei",4
2026-05-16,9031,西日本鉄道,西鉄,skip,duplicate,high,"kabutan,tdnet",8
2026-05-16,9031,西日本鉄道,西日本鉄道,skip,duplicate,high,"kabutan,nikkei",4
2026-05-16,9033,広島電鉄,広島電鉄,skip,duplicate,high,"kabutan,nikkei",4
2026-05-16,9033,広島電鉄,広電鉄,skip,duplicate,high,"kabutan,tdnet",3
2026-05-16,9034,南総通運,南総通運,skip,duplicate,high,"kabutan,nikkei",4
2026-05-16,9036,東部ネットワーク,東部ネット,skip,duplicate,high,"kabutan,tdnet",4
2026-05-16,9036,東部ネットワーク,東部ネットワーク,skip,duplicate,high,"kabutan,nikkei",4
2026-05-16,9037,ハマキョウレックス,ハマキョウ,skip,duplicate,high,"kabutan,tdnet",5
2026-05-16,9037,ハマキョウレックス,ハマキョウレックス,skip,duplicate,high,"kabutan,nikkei",4
2026-05-16,9039,サカイ引越センター,サカイ引越,skip,duplicate,high,"kabutan,tdnet",7
2026-05-16,9039,サカイ引越センター,サカイ引越センター,skip,duplicate,high,"kabutan,nikkei",4
2026-05-16,9041,近鉄ｸﾞﾙｰﾌﾟﾎｰﾙﾃﾞｨﾝｸﾞｽ,近鉄GHD,skip,duplicate,high,"kabutan,tdnet",7
2026-05-16,9041,近鉄ｸﾞﾙｰﾌﾟﾎｰﾙﾃﾞｨﾝｸﾞｽ,近鉄グループホールディングス,skip,duplicate,high,"kabutan,nikkei",4
2026-05-16,9042,阪急阪神ﾎｰﾙﾃﾞｨﾝｸﾞｽ,阪急阪神ホールディングス,skip,duplicate,high,"kabutan,nikkei",4
2026-05-16,9042,阪急阪神ﾎｰﾙﾃﾞｨﾝｸﾞｽ,阪急阪神,skip,duplicate,high,kabutan,2
2026-05-16,9044,南海電気鉄道,NANKAI,skip,duplicate,high,"kabutan,nikkei,tdnet",10
2026-05-16,9045,京阪ﾎｰﾙﾃﾞｨﾝｸﾞｽ,京阪ホールディングス,skip,duplicate,high,"kabutan,nikkei",4
2026-05-16,9045,京阪ﾎｰﾙﾃﾞｨﾝｸﾞｽ,京阪HD,skip,duplicate,high,kabutan,2
2026-05-16,9046,神戸電鉄,神戸電鉄,skip,duplicate,high,"kabutan,nikkei,tdnet",7
2026-05-16,9046,神戸電鉄,神電鉄,skip,duplicate,high,kabutan,2
2026-05-16,9048,名古屋鉄道,名鉄,skip,duplicate,high,"kabutan,tdnet",5
2026-05-16,9048,名古屋鉄道,名古屋鉄道,skip,duplicate,high,"kabutan,nikkei",4
2026-05-16,9049,京福電気鉄道,京福電気鉄道,skip,duplicate,high,"kabutan,nikkei",4
2026-05-16,9049,京福電気鉄道,京福電,skip,duplicate,high,kabutan,2
2026-05-16,9049,京福電気鉄道,京福電鉄,skip,duplicate,high,tdnet,2
2026-05-16,9051,センコン物流,センコン物流,skip,duplicate,high,"kabutan,nikkei,tdnet",7
2026-05-16,9052,山陽電気鉄道,山陽電気鉄道,skip,duplicate,high,"kabutan,nikkei",4
2026-05-16,9052,山陽電気鉄道,山陽電,skip,duplicate,high,kabutan,2
2026-05-16,9057,遠州トラック,遠州トラック,skip,duplicate,high,"kabutan,nikkei",5
2026-05-16,9059,カンダﾎｰﾙﾃﾞｨﾝｸﾞｽ,カンダホールディングス,skip,duplicate,high,"kabutan,nikkei",4
2026-05-16,9059,カンダﾎｰﾙﾃﾞｨﾝｸﾞｽ,カンダ,skip,duplicate,high,"kabutan,tdnet",3
2026-05-16,9060,日本ロジテム,日本ロジテム,skip,duplicate,high,"kabutan,nikkei",4
2026-05-16,9060,日本ロジテム,日ロジテム,skip,duplicate,high,"kabutan,tdnet",3
2026-05-16,9063,岡山県貨物運送,岡県運送,skip,duplicate,high,"kabutan,tdnet",5
2026-05-16,9063,岡山県貨物運送,岡山県貨物運送,skip,duplicate,high,"kabutan,nikkei",4
2026-05-16,9064,ヤマトﾎｰﾙﾃﾞｨﾝｸﾞｽ,ヤマトHD,skip,duplicate,high,"kabutan,tdnet",7
2026-05-16,9064,ヤマトﾎｰﾙﾃﾞｨﾝｸﾞｽ,ヤマトホールディングス,skip,duplicate,high,"kabutan,nikkei",4
2026-05-16,9065,山九,山九,skip,duplicate,high,"kabutan,nikkei",7
2026-05-16,9067,丸運,丸運,skip,duplicate,high,"kabutan,nikkei,tdnet",9
2026-05-16,9068,丸全昭和運輸,丸全運,skip,duplicate,high,"kabutan,tdnet",7
2026-05-16,9068,丸全昭和運輸,丸全昭和運輸,skip,duplicate,high,"kabutan,nikkei",4
2026-05-16,9069,センコーｸﾞﾙｰﾌﾟﾎｰﾙﾃﾞｨﾝｸﾞｽ,センコーグループHD,skip,duplicate,high,tdnet,7
2026-05-16,9069,センコーｸﾞﾙｰﾌﾟﾎｰﾙﾃﾞｨﾝｸﾞｽ,センコーグループホールディングス,skip,duplicate,high,"kabutan,nikkei",4
2026-05-16,9069,センコーｸﾞﾙｰﾌﾟﾎｰﾙﾃﾞｨﾝｸﾞｽ,センコーHD,skip,duplicate,high,kabutan,2
2026-05-16,9072,ニッコンﾎｰﾙﾃﾞｨﾝｸﾞｽ,ニッコンHD,skip,duplicate,high,"kabutan,tdnet",11
2026-05-16,9072,ニッコンﾎｰﾙﾃﾞｨﾝｸﾞｽ,ニッコンホールディングス,skip,duplicate,high,"kabutan,nikkei",4
2026-05-16,9073,京極運輸商事,京極運輸,skip,duplicate,high,tdnet,8
2026-05-16,9073,京極運輸商事,京極運輸商事,skip,duplicate,high,"kabutan,nikkei",4
2026-05-16,9073,京極運輸商事,京極運,skip,duplicate,high,kabutan,2
2026-05-16,9074,日本石油輸送,日本石油輸送,skip,duplicate,high,"kabutan,nikkei",4
2026-05-16,9074,日本石油輸送,日石輸,skip,duplicate,high,kabutan,2
2026-05-16,9075,福山通運,福山運,skip,duplicate,high,"kabutan,tdnet",6
2026-05-16,9075,福山通運,福山通運,skip,duplicate,high,"kabutan,nikkei",4
2026-05-16,9076,セイノーﾎｰﾙﾃﾞｨﾝｸﾞｽ,セイノーホールディングス,skip,duplicate,high,"kabutan,nikkei",4
2026-05-16,9076,セイノーﾎｰﾙﾃﾞｨﾝｸﾞｽ,セイノーHD,skip,duplicate,high,kabutan,2
2026-05-16,9081,神奈川中央交通,神奈中交,skip,duplicate,high,tdnet,5
2026-05-16,9081,神奈川中央交通,神奈川中央交通,skip,duplicate,high,"kabutan,nikkei",4
2026-05-16,9081,神奈川中央交通,神奈交,skip,duplicate,high,kabutan,2
2026-05-16,9082,大和自動車交通,大和自交,skip,duplicate,high,tdnet,5
2026-05-16,9082,大和自動車交通,大和自動車交通,skip,duplicate,high,"kabutan,nikkei",4
2026-05-16,9082,大和自動車交通,大和自,skip,duplicate,high,kabutan,2
2026-05-16,9083,神姫バス,神姫バス,skip,duplicate,high,"kabutan,nikkei,tdnet",8
2026-05-16,9083,神姫バス,神姫バ,skip,duplicate,high,kabutan,2
2026-05-16,9087,タカセ,タカセ,skip,duplicate,high,"kabutan,nikkei,tdnet",6
2026-05-16,9090,AZ－COM丸和ﾎｰﾙﾃﾞｨﾝｸﾞｽ,AZ-COM丸和HD,skip,duplicate,high,tdnet,5
2026-05-16,9090,AZ－COM丸和ﾎｰﾙﾃﾞｨﾝｸﾞｽ,AZ-COM丸和ホールディングス,skip,duplicate,high,"kabutan,nikkei",4
2026-05-16,9090,AZ－COM丸和ﾎｰﾙﾃﾞｨﾝｸﾞｽ,AZ丸和HD,skip,duplicate,high,kabutan,2
2026-05-16,9101,日本郵船,郵船,skip,duplicate,high,"kabutan,tdnet",8
2026-05-16,9101,日本郵船,日本郵船,skip,duplicate,high,"kabutan,nikkei",4
2026-05-16,9104,商船三井,商船三井,skip,duplicate,high,"kabutan,nikkei,tdnet",6
2026-05-16,9107,川崎汽船,川崎汽船,skip,duplicate,high,"kabutan,nikkei",4
2026-05-16,9107,川崎汽船,川崎船,skip,duplicate,high,tdnet,3
2026-05-16,9107,川崎汽船,川崎汽,skip,duplicate,high,kabutan,2
2026-05-16,9110,NSユナイテッド海運,ユナイテド海,skip,duplicate,high,"kabutan,tdnet",5
2026-05-16,9110,NSユナイテッド海運,NSユナイテッド海運,skip,duplicate,high,"kabutan,nikkei",4
2026-05-16,9115,明海ｸﾞﾙｰﾌﾟ,明海グループ,skip,duplicate,high,"kabutan,nikkei,tdnet",6
2026-05-16,9119,飯野海運,飯野海,skip,duplicate,high,"kabutan,tdnet",6
2026-05-16,9119,飯野海運,飯野海運,skip,duplicate,high,"kabutan,nikkei",4
2026-05-16,9127,玉井商船,玉井商船,skip,duplicate,high,"kabutan,nikkei",9
2026-05-16,9127,玉井商船,玉井船,skip,duplicate,high,kabutan,2
2026-05-16,9130,共栄タンカー,共栄タンカー,skip,duplicate,high,"kabutan,nikkei,tdnet",6
2026-05-16,9130,共栄タンカー,共栄タ,skip,duplicate,high,kabutan,2
2026-05-16,9142,九州旅客鉄道,JR九州,skip,duplicate,high,"kabutan,nikkei,tdnet",8
2026-05-16,9143,SGﾎｰﾙﾃﾞｨﾝｸﾞｽ,SGホールディングス,skip,duplicate,high,"kabutan,nikkei,tdnet",8
2026-05-16,9143,SGﾎｰﾙﾃﾞｨﾝｸﾞｽ,SGHD,skip,duplicate,high,kabutan,2
2026-05-16,9145,ビーイングﾎｰﾙﾃﾞｨﾝｸﾞｽ,ビーイングHD,skip,duplicate,high,tdnet,8
2026-05-16,9145,ビーイングﾎｰﾙﾃﾞｨﾝｸﾞｽ,ビーイングホールディングス,skip,duplicate,high,"kabutan,nikkei",4
2026-05-16,9145,ビーイングﾎｰﾙﾃﾞｨﾝｸﾞｽ,ビイングHD,skip,duplicate,high,kabutan,2
2026-05-16,9147,NIPPON EXPRESSﾎｰﾙﾃﾞｨﾝｸﾞｽ,NIPPON EXPRESS ホールディングス,skip,duplicate,high,"kabutan,nikkei",4
2026-05-16,9147,NIPPON EXPRESSﾎｰﾙﾃﾞｨﾝｸﾞｽ,NXHD,skip,duplicate,high,"kabutan,tdnet",4
2026-05-16,9158,シーユーシー,シーユーシー,skip,duplicate,high,"kabutan,nikkei,tdnet",8
2026-05-16,9159,W TOKYO,W TOKYO,skip,duplicate,high,"kabutan,nikkei",8
2026-05-16,9160,ノバレーゼ,オンザページ,skip,duplicate,high,"kabutan,nikkei",5
2026-05-16,9162,ブリーチ,ブリーチ,skip,duplicate,high,"kabutan,nikkei",4
2026-05-16,9163,ナレルｸﾞﾙｰﾌﾟ,ナレルグループ,skip,duplicate,high,"kabutan,nikkei,tdnet",9
2026-05-16,9163,ナレルｸﾞﾙｰﾌﾟ,ナレルG,skip,duplicate,high,kabutan,2
2026-05-16,9165,クオルテック,クオルテック,skip,duplicate,high,"kabutan,nikkei",4
2026-05-16,9166,GENDA,GENDA,skip,duplicate,high,"kabutan,nikkei,tdnet",30
2026-05-16,9168,ライズ・コンサルティング・ｸﾞﾙｰﾌﾟ,ライズ,skip,duplicate,high,tdnet,9
2026-05-16,9168,ライズ・コンサルティング・ｸﾞﾙｰﾌﾟ,ライズ・コンサルティング・グループ,skip,duplicate,high,"kabutan,nikkei",4
2026-05-16,9168,ライズ・コンサルティング・ｸﾞﾙｰﾌﾟ,ライズCG,skip,duplicate,high,kabutan,2
2026-05-16,9171,栗林商船,栗林商船,skip,duplicate,high,"kabutan,nikkei",4
2026-05-16,9171,栗林商船,栗林船,skip,duplicate,high,kabutan,2
2026-05-16,9173,東海汽船,東海汽船,skip,duplicate,high,"kabutan,nikkei",4
2026-05-16,9173,東海汽船,東海汽,skip,duplicate,high,kabutan,2
2026-05-16,9193,東京汽船,東京汽船,skip,duplicate,high,"kabutan,nikkei",4
2026-05-16,9193,東京汽船,東京汽,skip,duplicate,high,kabutan,2
2026-05-16,9193,東京汽船,東汽船,skip,duplicate,high,tdnet,2
2026-05-16,9201,日本航空,JAL,skip,duplicate,high,"kabutan,tdnet",14
2026-05-16,9201,日本航空,日本航空,skip,duplicate,high,"kabutan,nikkei",4
2026-05-16,9202,ANAﾎｰﾙﾃﾞｨﾝｸﾞｽ,ANA,skip,duplicate,high,tdnet,7
2026-05-16,9202,ANAﾎｰﾙﾃﾞｨﾝｸﾞｽ,ANAホールディングス,skip,duplicate,high,"kabutan,nikkei",4
2026-05-16,9202,ANAﾎｰﾙﾃﾞｨﾝｸﾞｽ,ANAHD,review,new_candidate,low,kabutan,1
2026-05-16,9204,スカイマーク,スカイマーク,skip,duplicate,high,"kabutan,nikkei,tdnet",5
2026-05-16,9206,スターフライヤー,SFJ,skip,duplicate,high,"kabutan,tdnet",11
2026-05-16,9206,スターフライヤー,スターフライヤー,skip,duplicate,high,"kabutan,nikkei",4
2026-05-16,9211,エフ・コード,エフ・コード,skip,duplicate,high,"kabutan,nikkei,tdnet",10
2026-05-16,9212,Green Earth Institute,Green Earth Institute,skip,duplicate,high,"kabutan,nikkei",5
2026-05-16,9212,Green Earth Institute,GEI,skip,duplicate,high,"kabutan,tdnet",4
2026-05-16,9213,セイファート,セイファート,skip,duplicate,high,"kabutan,nikkei",8
2026-05-16,9214,Recovery International,リカバリー,skip,duplicate,high,tdnet,6
2026-05-16,9214,Recovery International,Recovery International,skip,duplicate,high,"kabutan,nikkei",5
2026-05-16,9215,CaSy,CaSy,skip,duplicate,high,"kabutan,nikkei,tdnet",10
2026-05-16,9216,ビーウィズ,ビーウィズ,skip,duplicate,high,"kabutan,nikkei,tdnet",6
2026-05-16,9218,メンタルヘルステクノロジーズ,メンタルヘルステクノロジーズ,skip,duplicate,high,"kabutan,nikkei",4
2026-05-16,9218,メンタルヘルステクノロジーズ,MHT,skip,duplicate,high,kabutan,2
2026-05-16,9219,ギックス,ギックス,skip,duplicate,high,"kabutan,nikkei,tdnet",7
2026-05-16,9220,エフビー介護サービス,エフビー介護サービス,skip,duplicate,high,"kabutan,nikkei",4
2026-05-16,9220,エフビー介護サービス,エフビー介護,skip,duplicate,high,kabutan,2
2026-05-16,9221,フルハシEPO,フルハシEPO,skip,duplicate,high,"kabutan,nikkei",4
2026-05-16,9221,フルハシEPO,フルハシE,skip,duplicate,high,kabutan,2
2026-05-16,9223,ASNOVA,ASNOVA,skip,duplicate,high,"kabutan,nikkei,tdnet",10
2026-05-16,9225,ブリッジコンサルティングｸﾞﾙｰﾌﾟ,ブリッジコンサルティンググループ,skip,duplicate,high,"kabutan,nikkei",4
2026-05-16,9225,ブリッジコンサルティングｸﾞﾙｰﾌﾟ,ブリッジG,skip,duplicate,high,kabutan,2
2026-05-16,9225,ブリッジコンサルティングｸﾞﾙｰﾌﾟ,ブリッジコンサル,add,new_candidate,medium,tdnet,1
2026-05-16,9227,マイクロ波化学,マイクロ波化学,skip,duplicate,high,"kabutan,nikkei,tdnet",7
2026-05-16,9227,マイクロ波化学,マイクロ波,skip,duplicate,high,kabutan,2
2026-05-16,9229,サンウェルズ,サンウェルズ,skip,duplicate,high,"kabutan,nikkei,tdnet",11
2026-05-16,9233,アジア航測,アジア航測,skip,duplicate,high,"kabutan,nikkei",4
2026-05-16,9233,アジア航測,アジア航,skip,duplicate,high,kabutan,2
2026-05-16,9235,売れるネット広告社ｸﾞﾙｰﾌﾟ,売れるネットG,skip,duplicate,high,tdnet,14
2026-05-16,9235,売れるネット広告社ｸﾞﾙｰﾌﾟ,売れるネット広告社グループ,skip,duplicate,high,"kabutan,nikkei",4
2026-05-16,9235,売れるネット広告社ｸﾞﾙｰﾌﾟ,売れるG,skip,duplicate,high,kabutan,2
2026-05-16,9236,ジャパンM＆Aソリューション,ジャパンMA,skip,duplicate,high,"kabutan,tdnet",7
2026-05-16,9236,ジャパンM＆Aソリューション,ジャパンM&Aソリューション,skip,duplicate,high,"kabutan,nikkei",4
2026-05-16,9237,笑美面,笑美面,skip,duplicate,high,"kabutan,nikkei,tdnet",10
2026-05-16,9238,バリュークリエーション,バリューC,skip,duplicate,high,"kabutan,tdnet",8
2026-05-16,9238,バリュークリエーション,バリュークリエーション,skip,duplicate,high,"kabutan,nikkei",4
2026-05-16,9240,デリバリーコンサルティング,デリバリーコンサルティング,skip,duplicate,high,"kabutan,nikkei",4
2026-05-16,9240,デリバリーコンサルティング,デリバリコン,skip,duplicate,high,kabutan,2
2026-05-16,9241,フューチャーリンクネットワーク,フューチャーリンクネットワーク,skip,duplicate,high,"kabutan,nikkei",4
2026-05-16,9241,フューチャーリンクネットワーク,FLネット,skip,duplicate,high,kabutan,2
2026-05-16,9241,フューチャーリンクネットワーク,FLN,review,new_candidate,low,tdnet,4
2026-05-16,9242,メディア総研,メディア総研,skip,duplicate,high,"kabutan,nikkei",7
2026-05-16,9244,デジタリフト,デジタリフト,skip,duplicate,high,"kabutan,nikkei",4
2026-05-16,9245,リベロ,リベロ,skip,duplicate,high,"kabutan,nikkei,tdnet",12
2026-05-16,9246,プロジェクトﾎｰﾙﾃﾞｨﾝｸﾞｽ,プロジェクトHD,skip,duplicate,high,tdnet,7
2026-05-16,9246,プロジェクトﾎｰﾙﾃﾞｨﾝｸﾞｽ,プロジェクトホールディングス,skip,duplicate,high,"kabutan,nikkei",4
2026-05-16,9246,プロジェクトﾎｰﾙﾃﾞｨﾝｸﾞｽ,プロHD,skip,duplicate,high,kabutan,2
2026-05-16,9247,TREﾎｰﾙﾃﾞｨﾝｸﾞｽ,TREHD,skip,duplicate,high,kabutan,4
2026-05-16,9247,TREﾎｰﾙﾃﾞｨﾝｸﾞｽ,TREホールディングス,skip,duplicate,high,"kabutan,nikkei",4
2026-05-16,9248,人・夢・技術ｸﾞﾙｰﾌﾟ,人・夢・技術グループ,skip,duplicate,high,"kabutan,nikkei",4
2026-05-16,9248,人・夢・技術ｸﾞﾙｰﾌﾟ,人・夢・技術,skip,duplicate,high,kabutan,2
2026-05-16,9248,人・夢・技術ｸﾞﾙｰﾌﾟ,人・夢・技術G,add,new_candidate,medium,tdnet,2
2026-05-16,9249,日本エコシステム,日本エコシステム,skip,duplicate,high,"kabutan,nikkei,tdnet",11
2026-05-16,9249,日本エコシステム,エコシステム,skip,duplicate,high,kabutan,2
2026-05-16,9250,GRCS,GRCS,skip,duplicate,high,"kabutan,nikkei,tdnet",12
2026-05-16,9251,AB＆Company,AB&C,skip,duplicate,high,"kabutan,tdnet",6
2026-05-16,9251,AB＆Company,AB&Company,skip,duplicate,high,"kabutan,nikkei",5
2026-05-16,9252,ラストワンマイル,ラストワンマイル,skip,duplicate,high,"kabutan,nikkei,tdnet",12
2026-05-16,9252,ラストワンマイル,ラストワンM,skip,duplicate,high,kabutan,2
2026-05-16,9253,スローガン,スローガン,skip,duplicate,high,"kabutan,nikkei,tdnet",17
2026-05-16,9254,ラバブルマーケティングｸﾞﾙｰﾌﾟ,ラバブルマーケティンググループ,skip,duplicate,high,"kabutan,nikkei",4
2026-05-16,9254,ラバブルマーケティングｸﾞﾙｰﾌﾟ,ラバブルMG,skip,duplicate,high,kabutan,2
2026-05-16,9256,サクシード,サクシード,skip,duplicate,high,"kabutan,nikkei,tdnet",7
2026-05-16,9258,CS－C,CS-C,skip,duplicate,high,"kabutan,nikkei",5
2026-05-16,9259,タカヨシﾎｰﾙﾃﾞｨﾝｸﾞｽ,タカヨシホールディングス,skip,duplicate,high,"kabutan,nikkei",4
2026-05-16,9259,タカヨシﾎｰﾙﾃﾞｨﾝｸﾞｽ,タカヨシHD,skip,duplicate,high,"kabutan,tdnet",3
2026-05-16,9262,シルバーライフ,シルバーライフ,skip,duplicate,high,"kabutan,nikkei",5
2026-05-16,9262,シルバーライフ,シルバライフ,skip,duplicate,high,kabutan,2
2026-05-16,9264,ポエック,ポエック,skip,duplicate,high,"kabutan,nikkei,tdnet",8
2026-05-16,9265,ヤマシタヘルスケアﾎｰﾙﾃﾞｨﾝｸﾞｽ,ヤマシタヘルスケアホールディングス,skip,duplicate,high,"kabutan,nikkei",4
2026-05-16,9265,ヤマシタヘルスケアﾎｰﾙﾃﾞｨﾝｸﾞｽ,ヤマシタHD,skip,duplicate,high,kabutan,2
2026-05-16,9265,ヤマシタヘルスケアﾎｰﾙﾃﾞｨﾝｸﾞｽ,ヤマシタヘルスケア,skip,duplicate,high,tdnet,2
2026-05-16,9267,Genky DrugStores,ゲンキードラッグ,skip,duplicate,high,tdnet,6
2026-05-16,9267,Genky DrugStores,Genky DrugStores,skip,duplicate,high,"kabutan,nikkei",5
2026-05-16,9267,Genky DrugStores,Genky,skip,duplicate,high,kabutan,2
2026-05-16,9268,オプティマスｸﾞﾙｰﾌﾟ,オプティマスグループ,skip,duplicate,high,"kabutan,nikkei",4
2026-05-16,9268,オプティマスｸﾞﾙｰﾌﾟ,オプティマス,skip,duplicate,high,kabutan,3
2026-05-16,9270,バリュエンスﾎｰﾙﾃﾞｨﾝｸﾞｽ,バリュエンスHD,skip,duplicate,high,tdnet,4
2026-05-16,9270,バリュエンスﾎｰﾙﾃﾞｨﾝｸﾞｽ,バリュエンスホールディングス,skip,duplicate,high,"kabutan,nikkei",4
2026-05-16,9270,バリュエンスﾎｰﾙﾃﾞｨﾝｸﾞｽ,バリュエンス,skip,duplicate,high,kabutan,2
2026-05-16,9271,和心,和心,skip,duplicate,high,"kabutan,nikkei",6
2026-05-16,9272,ブティックス,ブティックス,skip,duplicate,high,"kabutan,nikkei,tdnet",15
2026-05-16,9273,コーア商事ﾎｰﾙﾃﾞｨﾝｸﾞｽ,コーア商事ホールディングス,skip,duplicate,high,"kabutan,nikkei",4
2026-05-16,9273,コーア商事ﾎｰﾙﾃﾞｨﾝｸﾞｽ,コーア商事HD,skip,duplicate,high,tdnet,3
2026-05-16,9273,コーア商事ﾎｰﾙﾃﾞｨﾝｸﾞｽ,コーア商HD,skip,duplicate,high,kabutan,2
2026-05-16,9274,KPPｸﾞﾙｰﾌﾟﾎｰﾙﾃﾞｨﾝｸﾞｽ,KPPグループHD,skip,duplicate,high,tdnet,4
2026-05-16,9274,KPPｸﾞﾙｰﾌﾟﾎｰﾙﾃﾞｨﾝｸﾞｽ,KPPグループホールディングス,skip,duplicate,high,"kabutan,nikkei",4
2026-05-16,9274,KPPｸﾞﾙｰﾌﾟﾎｰﾙﾃﾞｨﾝｸﾞｽ,KPPGHD,skip,duplicate,high,kabutan,2
2026-05-16,9278,ブックオフｸﾞﾙｰﾌﾟﾎｰﾙﾃﾞｨﾝｸﾞｽ,ブックオフGHD,skip,duplicate,high,tdnet,6
2026-05-16,9278,ブックオフｸﾞﾙｰﾌﾟﾎｰﾙﾃﾞｨﾝｸﾞｽ,ブックオフグループホールディングス,skip,duplicate,high,"kabutan,nikkei",4
2026-05-16,9278,ブックオフｸﾞﾙｰﾌﾟﾎｰﾙﾃﾞｨﾝｸﾞｽ,ブックオフG,skip,duplicate,high,kabutan,2
2026-05-16,9279,ギフトﾎｰﾙﾃﾞｨﾝｸﾞｽ,ギフトHD,skip,duplicate,high,"kabutan,tdnet",10
2026-05-16,9279,ギフトﾎｰﾙﾃﾞｨﾝｸﾞｽ,ギフトホールディングス,skip,duplicate,high,"kabutan,nikkei",4
2026-05-16,9301,三菱倉庫,三菱倉,skip,duplicate,high,"kabutan,tdnet",12
2026-05-16,9301,三菱倉庫,三菱倉庫,skip,duplicate,high,"kabutan,nikkei",4
2026-05-16,9302,三井倉庫ﾎｰﾙﾃﾞｨﾝｸﾞｽ,三井倉HD,skip,duplicate,high,"kabutan,tdnet",7
2026-05-16,9302,三井倉庫ﾎｰﾙﾃﾞｨﾝｸﾞｽ,三井倉庫ホールディングス,skip,duplicate,high,"kabutan,nikkei",4
2026-05-16,9303,住友倉庫,住友倉,skip,duplicate,high,kabutan,5
2026-05-16,9303,住友倉庫,住友倉庫,skip,duplicate,high,"kabutan,nikkei",4
2026-05-16,9304,澁澤倉庫,渋沢倉,skip,duplicate,high,"kabutan,tdnet",8
2026-05-16,9304,澁澤倉庫,渋沢倉庫,skip,duplicate,high,nikkei,2
2026-05-16,9304,澁澤倉庫,澁澤倉庫,skip,duplicate,high,kabutan,2
2026-05-16,9305,ヤマタネ,ヤマタネ,skip,duplicate,high,"kabutan,nikkei",5
2026-05-16,9306,東陽倉庫,東陽倉庫,skip,duplicate,high,"kabutan,nikkei",4
2026-05-16,9306,東陽倉庫,東陽倉,skip,duplicate,high,"kabutan,tdnet",3
2026-05-16,9307,杉村倉庫,杉村倉庫,skip,duplicate,high,"kabutan,nikkei,tdnet",8
2026-05-16,9307,杉村倉庫,杉村倉,skip,duplicate,high,kabutan,2
2026-05-16,9308,乾汽船,乾汽船,skip,duplicate,high,"kabutan,nikkei",8
2026-05-16,9310,日本トランスシティ,日本トランスシティ,skip,duplicate,high,"kabutan,nikkei",4
2026-05-16,9310,日本トランスシティ,トランスシティ,skip,duplicate,high,tdnet,3
2026-05-16,9310,日本トランスシティ,トランシティ,skip,duplicate,high,kabutan,2
2026-05-16,9311,アサガミ,アサガミ,skip,duplicate,high,"kabutan,nikkei",4
2026-05-16,9312,ケイヒン,ケイヒン,skip,duplicate,high,"kabutan,nikkei,tdnet",5
2026-05-16,9313,丸八倉庫,丸八倉庫,skip,duplicate,high,"kabutan,nikkei",4
2026-05-16,9313,丸八倉庫,丸八倉,skip,duplicate,high,"kabutan,tdnet",3
2026-05-16,9319,中央倉庫,中央倉庫,skip,duplicate,high,"kabutan,nikkei,tdnet",14
2026-05-16,9319,中央倉庫,中央倉,skip,duplicate,high,kabutan,2
2026-05-16,9322,川西倉庫,川西倉庫,skip,duplicate,high,"kabutan,nikkei,tdnet",5
2026-05-16,9322,川西倉庫,川西倉,skip,duplicate,high,kabutan,2
2026-05-16,9324,安田倉庫,安田倉,skip,duplicate,high,"kabutan,tdnet",12
2026-05-16,9324,安田倉庫,安田倉庫,skip,duplicate,high,"kabutan,nikkei",4
2026-05-16,9325,ファイズﾎｰﾙﾃﾞｨﾝｸﾞｽ,ファイズホールディングス,skip,duplicate,high,"kabutan,nikkei",4
2026-05-16,9325,ファイズﾎｰﾙﾃﾞｨﾝｸﾞｽ,ファイズHD,skip,duplicate,high,"kabutan,tdnet",3
2026-05-16,9326,関通,関通HD,skip,duplicate,high,"kabutan,tdnet",11
2026-05-16,9326,関通,関通ホールディングス,skip,duplicate,high,"kabutan,nikkei",4
2026-05-16,9327,イー・ロジット,イー・ロジット,skip,duplicate,high,"kabutan,nikkei,tdnet",12
2026-05-16,9330,揚羽,揚羽,skip,duplicate,high,"kabutan,nikkei",4
2026-05-16,9331,キャスター,キャスター,skip,duplicate,high,"kabutan,nikkei,tdnet",6
2026-05-16,9332,NISSOﾎｰﾙﾃﾞｨﾝｸﾞｽ,NISSOホールディングス,skip,duplicate,high,"kabutan,nikkei",4
2026-05-16,9332,NISSOﾎｰﾙﾃﾞｨﾝｸﾞｽ,NISSO,skip,duplicate,high,kabutan,3
2026-05-16,9332,NISSOﾎｰﾙﾃﾞｨﾝｸﾞｽ,NISSOHD,skip,duplicate,high,tdnet,2
2026-05-16,9336,大栄環境,大栄環境,skip,duplicate,high,"kabutan,nikkei",7
2026-05-16,9337,トリドリ,トリドリ,skip,duplicate,high,"kabutan,nikkei",4
2026-05-16,9338,INFORICH,INFORICH,skip,duplicate,high,"kabutan,nikkei,tdnet",16
2026-05-16,9338,INFORICH,インフォR,skip,duplicate,high,kabutan,2
2026-05-16,9339,コーチ・エィ,コーチ・エィ,skip,duplicate,high,"kabutan,nikkei,tdnet",8
2026-05-16,9340,アソｲﾝﾀｰﾅｼｮﾅﾙ,アソインター,skip,duplicate,high,"kabutan,tdnet",5
2026-05-16,9340,アソｲﾝﾀｰﾅｼｮﾅﾙ,アソインターナショナル,skip,duplicate,high,"kabutan,nikkei",4
2026-05-16,9341,GENOVA,GENOVA,skip,duplicate,high,"kabutan,nikkei,tdnet",10
2026-05-16,9342,スマサポ,スマサポ,skip,duplicate,high,"kabutan,nikkei,tdnet",7
2026-05-16,9343,アイビス,アイビス,skip,duplicate,high,"kabutan,nikkei",5
2026-05-16,9344,アクシスコンサルティング,アクシスC,skip,duplicate,high,"kabutan,tdnet",6
2026-05-16,9344,アクシスコンサルティング,アクシスコンサルティング,skip,duplicate,high,"kabutan,nikkei",4
2026-05-16,9345,ビズメイツ,ビズメイツ,skip,duplicate,high,"kabutan,nikkei",5
2026-05-16,9346,ココルポート,ココルポート,skip,duplicate,high,"kabutan,nikkei,tdnet",6
2026-05-16,9347,日本管財ﾎｰﾙﾃﾞｨﾝｸﾞｽ,日本管財ホールディングス,skip,duplicate,high,"kabutan,nikkei",4
2026-05-16,9347,日本管財ﾎｰﾙﾃﾞｨﾝｸﾞｽ,日本管財HD,skip,duplicate,high,kabutan,2
2026-05-16,9348,ispace,ispace,skip,duplicate,high,"kabutan,nikkei,tdnet",14
2026-05-16,9348,ispace,アイスペース,skip,duplicate,high,kabutan,2
2026-05-16,9351,東洋埠頭,東洋埠頭,skip,duplicate,high,"kabutan,nikkei,tdnet",7
2026-05-16,9353,櫻島埠頭,桜島埠頭,skip,duplicate,high,"nikkei,tdnet",5
2026-05-16,9353,櫻島埠頭,桜島埠,skip,duplicate,high,kabutan,2
2026-05-16,9353,櫻島埠頭,櫻島埠頭,skip,duplicate,high,kabutan,2
2026-05-16,9355,リンコーｺｰﾎﾟﾚｰｼｮﾝ,リンコー,skip,duplicate,high,"kabutan,tdnet",6
2026-05-16,9355,リンコーｺｰﾎﾟﾚｰｼｮﾝ,リンコーコーポレーション,skip,duplicate,high,"kabutan,nikkei",4
2026-05-16,9360,鈴与シンワート,鈴与シンワ,skip,duplicate,high,"kabutan,tdnet",6
2026-05-16,9360,鈴与シンワート,鈴与シンワート,skip,duplicate,high,"kabutan,nikkei",4
2026-05-16,9361,伏木海陸運送,伏木海陸運送,skip,duplicate,high,"kabutan,nikkei",4
2026-05-16,9361,伏木海陸運送,伏木運,skip,duplicate,high,"kabutan,tdnet",4
2026-05-16,9362,兵機海運,兵機海運,skip,duplicate,high,"kabutan,nikkei,tdnet",6
2026-05-16,9362,兵機海運,兵機海,skip,duplicate,high,kabutan,2
2026-05-16,9363,大運,大運,skip,duplicate,high,"kabutan,nikkei,tdnet",5
2026-05-16,9364,上組,上組,skip,duplicate,high,"kabutan,nikkei",10
2026-05-16,9365,トレーディア,トレーディア,skip,duplicate,high,"kabutan,nikkei",6
2026-05-16,9366,サンリツ,サンリツ,skip,duplicate,high,"kabutan,nikkei,tdnet",7
2026-05-16,9367,大東港運,大東港運,skip,duplicate,high,"kabutan,nikkei,tdnet",5
2026-05-16,9368,キムラユニティー,キムラユニティー,skip,duplicate,high,"kabutan,nikkei,tdnet",8
2026-05-16,9368,キムラユニティー,キムラユニテ,skip,duplicate,high,kabutan,2
2026-05-16,9369,キユーソー流通システム,キユソ流通,skip,duplicate,high,"kabutan,tdnet",5
2026-05-16,9369,キユーソー流通システム,キユーソー流通システム,skip,duplicate,high,"kabutan,nikkei",4
2026-05-16,9376,ユーラシア旅行社,ユーラシア,skip,duplicate,high,"kabutan,tdnet",5
2026-05-16,9376,ユーラシア旅行社,ユーラシア旅行社,skip,duplicate,high,"kabutan,nikkei",4
2026-05-16,9380,東海運,東海運,skip,duplicate,high,"kabutan,nikkei",5
2026-05-16,9381,エーアイテイー,エーアイテイー,skip,duplicate,high,"kabutan,nikkei,tdnet",7
2026-05-16,9381,エーアイテイー,エーアイテイ,skip,duplicate,high,kabutan,2
2026-05-16,9385,ショーエイｺｰﾎﾟﾚｰｼｮﾝ,ショーエイコーポ,skip,duplicate,high,tdnet,6
2026-05-16,9385,ショーエイｺｰﾎﾟﾚｰｼｮﾝ,ショーエイコーポレーション,skip,duplicate,high,"kabutan,nikkei",4
2026-05-16,9385,ショーエイｺｰﾎﾟﾚｰｼｮﾝ,ショーエイ,skip,duplicate,high,kabutan,2
2026-05-16,9401,TBSﾎｰﾙﾃﾞｨﾝｸﾞｽ,TBSHD,skip,duplicate,high,"kabutan,tdnet",16
2026-05-16,9401,TBSﾎｰﾙﾃﾞｨﾝｸﾞｽ,TBSホールディングス,skip,duplicate,high,"kabutan,nikkei",4
2026-05-16,9404,日本テレビﾎｰﾙﾃﾞｨﾝｸﾞｽ,日テレHD,skip,duplicate,high,"kabutan,tdnet",11
2026-05-16,9404,日本テレビﾎｰﾙﾃﾞｨﾝｸﾞｽ,日本テレビホールディングス,skip,duplicate,high,"kabutan,nikkei",4
2026-05-16,9405,朝日放送ｸﾞﾙｰﾌﾟﾎｰﾙﾃﾞｨﾝｸﾞｽ,朝日放送グループHD,skip,duplicate,high,tdnet,8
2026-05-16,9405,朝日放送ｸﾞﾙｰﾌﾟﾎｰﾙﾃﾞｨﾝｸﾞｽ,朝日放送グループホールディングス,skip,duplicate,high,"kabutan,nikkei",4
2026-05-16,9405,朝日放送ｸﾞﾙｰﾌﾟﾎｰﾙﾃﾞｨﾝｸﾞｽ,朝日放送HD,skip,duplicate,high,kabutan,2
2026-05-16,9408,BSNメディアﾎｰﾙﾃﾞｨﾝｸﾞｽ,BSNメディアホールディングス,skip,duplicate,high,"kabutan,nikkei",4
2026-05-16,9408,BSNメディアﾎｰﾙﾃﾞｨﾝｸﾞｽ,BSNHD,skip,duplicate,high,kabutan,2
2026-05-16,9408,BSNメディアﾎｰﾙﾃﾞｨﾝｸﾞｽ,BSNメディアHD,add,new_candidate,medium,tdnet,3
2026-05-16,9409,テレビ朝日ﾎｰﾙﾃﾞｨﾝｸﾞｽ,テレビ朝日HD,skip,duplicate,high,tdnet,6
2026-05-16,9409,テレビ朝日ﾎｰﾙﾃﾞｨﾝｸﾞｽ,テレビ朝日ホールディングス,skip,duplicate,high,"kabutan,nikkei",4
2026-05-16,9409,テレビ朝日ﾎｰﾙﾃﾞｨﾝｸﾞｽ,テレ朝HD,skip,duplicate,high,kabutan,2
2026-05-16,9412,スカパーJSATﾎｰﾙﾃﾞｨﾝｸﾞｽ,スカパーJSAT,skip,duplicate,high,"kabutan,nikkei,tdnet",13
2026-05-16,9412,スカパーJSATﾎｰﾙﾃﾞｨﾝｸﾞｽ,スカJSAT,skip,duplicate,high,kabutan,2
2026-05-16,9413,テレビ東京ﾎｰﾙﾃﾞｨﾝｸﾞｽ,テレ東HD,skip,duplicate,high,"kabutan,tdnet",8
2026-05-16,9413,テレビ東京ﾎｰﾙﾃﾞｨﾝｸﾞｽ,テレビ東京ホールディングス,skip,duplicate,high,"kabutan,nikkei",4
2026-05-16,9414,日本BS放送,日本BS放送,skip,duplicate,high,"kabutan,nikkei,tdnet",6
2026-05-16,9414,日本BS放送,BS11,skip,duplicate,high,kabutan,2
2026-05-16,9416,ビジョン,ビジョン,skip,duplicate,high,"kabutan,nikkei",5
2026-05-16,9417,スマートバリュー,スマートバリュー,skip,duplicate,high,"kabutan,nikkei,tdnet",8
2026-05-16,9417,スマートバリュー,スマバ,skip,duplicate,high,kabutan,2
2026-05-16,9418,U－NEXT HOLDINGS,UNEXT,skip,duplicate,high,"kabutan,tdnet",8
2026-05-16,9418,U－NEXT HOLDINGS,U-NEXT HOLDINGS,skip,duplicate,high,"kabutan,nikkei",4
2026-05-16,9419,ワイヤレスゲート,ワイヤレスゲート,skip,duplicate,high,"kabutan,nikkei",7
2026-05-16,9419,ワイヤレスゲート,ワイヤレスG,skip,duplicate,high,kabutan,2
2026-05-16,9421,エヌジェイﾎｰﾙﾃﾞｨﾝｸﾞｽ,エヌジェイホールディングス,skip,duplicate,high,"kabutan,nikkei",4
2026-05-16,9421,エヌジェイﾎｰﾙﾃﾞｨﾝｸﾞｽ,エヌジェイ,skip,duplicate,high,kabutan,2
2026-05-16,9421,エヌジェイﾎｰﾙﾃﾞｨﾝｸﾞｽ,エヌジェイHD,skip,duplicate,high,tdnet,2
2026-05-16,9423,フォーバル・リアルストレート,フォーバル・リアルストレート,skip,duplicate,high,"kabutan,nikkei",4
2026-05-16,9423,フォーバル・リアルストレート,フォーバルRS,skip,duplicate,high,tdnet,3
2026-05-16,9423,フォーバル・リアルストレート,フォーバルR,skip,duplicate,high,kabutan,2
2026-05-16,9424,日本通信,日本通信,skip,duplicate,high,"kabutan,nikkei,tdnet",11
2026-05-16,9425,ReYuu Japan,ReYuu Japan,skip,duplicate,high,"kabutan,nikkei,tdnet",21
2026-05-16,9425,ReYuu Japan,ReYuu,skip,duplicate,high,kabutan,2
2026-05-16,9428,クロップス,クロップス,skip,duplicate,high,"kabutan,nikkei",4
2026-05-16,9432,NTT,NTT,skip,duplicate,high,"kabutan,nikkei",5
2026-05-16,9433,KDDI,KDDI,skip,duplicate,high,"kabutan,nikkei,tdnet",31
2026-05-16,9434,ソフトバンク,ソフトバンク,skip,duplicate,high,"kabutan,nikkei,tdnet",8
2026-05-16,9435,光通信,光通信,skip,duplicate,high,"kabutan,nikkei,tdnet",13
2026-05-16,9436,沖縄セルラー電話,沖縄セルラー,skip,duplicate,high,"kabutan,tdnet",11
2026-05-16,9436,沖縄セルラー電話,沖縄セルラー電話,skip,duplicate,high,"kabutan,nikkei",4
2026-05-16,9438,エムティーアイ,エムティーアイ,skip,duplicate,high,"kabutan,nikkei,tdnet",5
2026-05-16,9438,エムティーアイ,MTI,skip,duplicate,high,kabutan,3
2026-05-16,9439,エム・エイチ・ｸﾞﾙｰﾌﾟ,MHグループ,skip,duplicate,high,kabutan,5
2026-05-16,9439,エム・エイチ・ｸﾞﾙｰﾌﾟ,エム・エイチ・グループ,skip,duplicate,high,"kabutan,nikkei",4
2026-05-16,9441,ベルパーク,ベルパーク,skip,duplicate,high,"kabutan,nikkei",6
2026-05-16,9444,トーシンﾎｰﾙﾃﾞｨﾝｸﾞｽ,トーシンHD,skip,duplicate,high,"kabutan,tdnet",17
2026-05-16,9444,トーシンﾎｰﾙﾃﾞｨﾝｸﾞｽ,トーシンホールディングス,skip,duplicate,high,"kabutan,nikkei",4
2026-05-16,9445,フォーバルテレコム,フォーバルテレコム,skip,duplicate,high,"kabutan,nikkei",4
2026-05-16,9445,フォーバルテレコム,フォーバルT,skip,duplicate,high,kabutan,2
2026-05-16,9446,サカイﾎｰﾙﾃﾞｨﾝｸﾞｽ,サカイホールディングス,skip,duplicate,high,"kabutan,nikkei",4
2026-05-16,9446,サカイﾎｰﾙﾃﾞｨﾝｸﾞｽ,サカイHD,skip,duplicate,high,"kabutan,tdnet",3
2026-05-16,9449,GMOインターネットｸﾞﾙｰﾌﾟ,GMO,skip,duplicate,high,"kabutan,tdnet",11
2026-05-16,9449,GMOインターネットｸﾞﾙｰﾌﾟ,GMOインターネットグループ,skip,duplicate,high,"kabutan,nikkei",4
2026-05-16,9450,ファイバーゲート,ファイバーゲート,skip,duplicate,high,"kabutan,nikkei,tdnet",6
2026-05-16,9450,ファイバーゲート,ファイバーG,skip,duplicate,high,kabutan,2
2026-05-16,9466,アイドママーケティングコミュニケーション,アイドマMC,skip,duplicate,high,"kabutan,tdnet",4
2026-05-16,9466,アイドママーケティングコミュニケーション,アイドママーケティングコミュニケーション,skip,duplicate,high,"kabutan,nikkei",4
2026-05-16,9467,アルファポリス,アルファポリス,skip,duplicate,high,"kabutan,nikkei",4
2026-05-16,9467,アルファポリス,アルファP,skip,duplicate,high,kabutan,2
2026-05-16,9468,KADOKAWA,KADOKAWA,skip,duplicate,high,"kabutan,nikkei",7
2026-05-16,9468,KADOKAWA,カドカワ,skip,duplicate,high,kabutan,2
2026-05-16,9470,学研ﾎｰﾙﾃﾞｨﾝｸﾞｽ,学研HD,skip,duplicate,high,"kabutan,tdnet",4
2026-05-16,9470,学研ﾎｰﾙﾃﾞｨﾝｸﾞｽ,学研ホールディングス,skip,duplicate,high,"kabutan,nikkei",4
2026-05-16,9474,ゼンリン,ゼンリン,skip,duplicate,high,"kabutan,nikkei,tdnet",7
2026-05-16,9475,昭文社ﾎｰﾙﾃﾞｨﾝｸﾞｽ,昭文社HD,skip,duplicate,high,"kabutan,tdnet",4
2026-05-16,9475,昭文社ﾎｰﾙﾃﾞｨﾝｸﾞｽ,昭文社ホールディングス,skip,duplicate,high,"kabutan,nikkei",4
2026-05-16,9476,中央経済社ﾎｰﾙﾃﾞｨﾝｸﾞｽ,中央経済社ホールディングス,skip,duplicate,high,"kabutan,nikkei",4
2026-05-16,9476,中央経済社ﾎｰﾙﾃﾞｨﾝｸﾞｽ,中央経済HD,skip,duplicate,high,kabutan,2
2026-05-16,9478,SEﾎｰﾙﾃﾞｨﾝｸﾞｽ・アンド・インキュベーションズ,SEHI,skip,duplicate,high,"kabutan,tdnet",7
2026-05-16,9478,SEﾎｰﾙﾃﾞｨﾝｸﾞｽ・アンド・インキュベーションズ,SEホールディングス・アンド・インキュベーションズ,skip,duplicate,high,"kabutan,nikkei",4
2026-05-16,9501,東京電力ﾎｰﾙﾃﾞｨﾝｸﾞｽ,東電力HD,skip,duplicate,high,tdnet,10
2026-05-16,9501,東京電力ﾎｰﾙﾃﾞｨﾝｸﾞｽ,東京電力ホールディングス,skip,duplicate,high,"kabutan,nikkei",4
2026-05-16,9501,東京電力ﾎｰﾙﾃﾞｨﾝｸﾞｽ,東電HD,skip,duplicate,high,kabutan,2
2026-05-16,9502,中部電力,中部電力,skip,duplicate,high,"kabutan,nikkei,tdnet",7
2026-05-16,9502,中部電力,中部電,skip,duplicate,high,kabutan,2
2026-05-16,9503,関西電力,関西電力,skip,duplicate,high,"kabutan,nikkei,tdnet",11
2026-05-16,9503,関西電力,関西電,skip,duplicate,high,kabutan,2
2026-05-16,9504,中国電力,中国電力,skip,duplicate,high,"kabutan,nikkei,tdnet",7
2026-05-16,9504,中国電力,中国電,skip,duplicate,high,kabutan,2
2026-05-16,9505,北陸電力,北陸電力,skip,duplicate,high,"kabutan,nikkei,tdnet",11
2026-05-16,9505,北陸電力,北陸電,skip,duplicate,high,kabutan,2
2026-05-16,9506,東北電力,東北電力,skip,duplicate,high,"kabutan,nikkei,tdnet",8
2026-05-16,9506,東北電力,東北電,skip,duplicate,high,kabutan,2
2026-05-16,9507,四国電力,四国電力,skip,duplicate,high,"kabutan,nikkei,tdnet",7
2026-05-16,9507,四国電力,四国電,skip,duplicate,high,kabutan,2
2026-05-16,9508,九州電力,九州電力,skip,duplicate,high,"kabutan,nikkei,tdnet",8
2026-05-16,9508,九州電力,九州電,skip,duplicate,high,kabutan,2
2026-05-16,9509,北海道電力,北海電力,skip,duplicate,high,tdnet,7
2026-05-16,9509,北海道電力,北海道電力,skip,duplicate,high,"kabutan,nikkei",4
2026-05-16,9509,北海道電力,北海電,skip,duplicate,high,kabutan,2
2026-05-16,9511,沖縄電力,沖縄電力,skip,duplicate,high,"kabutan,nikkei,tdnet",10
2026-05-16,9511,沖縄電力,沖縄電,skip,duplicate,high,kabutan,2
2026-05-16,9513,電源開発,Jパワー,skip,duplicate,high,"kabutan,nikkei,tdnet",11
2026-05-16,9514,エフオン,EF-ON,skip,duplicate,high,tdnet,4
2026-05-16,9514,エフオン,エフオン,skip,duplicate,high,"kabutan,nikkei",4
2026-05-16,9517,イーレックス,イーレックス,skip,duplicate,high,"kabutan,nikkei,tdnet",18
2026-05-16,9519,レノバ,レノバ,skip,duplicate,high,"kabutan,nikkei,tdnet",10
2026-05-16,9531,東京瓦斯,東瓦斯,skip,duplicate,high,tdnet,7
2026-05-16,9531,東京瓦斯,東京ガス,skip,duplicate,high,"kabutan,nikkei",4
2026-05-16,9531,東京瓦斯,東ガス,skip,duplicate,high,kabutan,2
2026-05-16,9532,大阪瓦斯,大瓦斯,skip,duplicate,high,tdnet,11
2026-05-16,9532,大阪瓦斯,大阪ガス,skip,duplicate,high,"kabutan,nikkei",4
2026-05-16,9532,大阪瓦斯,大ガス,skip,duplicate,high,kabutan,2
2026-05-16,9533,東邦瓦斯,東邦瓦斯,skip,duplicate,high,tdnet,7
2026-05-16,9533,東邦瓦斯,東邦ガス,skip,duplicate,high,"kabutan,nikkei",4
2026-05-16,9533,東邦瓦斯,邦ガス,skip,duplicate,high,kabutan,2
2026-05-16,9534,北海道瓦斯,北海瓦斯,skip,duplicate,high,tdnet,4
2026-05-16,9534,北海道瓦斯,北海道ガス,skip,duplicate,high,"kabutan,nikkei",4
2026-05-16,9534,北海道瓦斯,北ガス,skip,duplicate,high,kabutan,2
2026-05-16,9535,広島ガス,広島ガス,skip,duplicate,high,"kabutan,nikkei,tdnet",7
2026-05-16,9535,広島ガス,広ガス,skip,duplicate,high,kabutan,2
2026-05-16,9536,西部ガスﾎｰﾙﾃﾞｨﾝｸﾞｽ,西部ガスホールディングス,skip,duplicate,high,"kabutan,nikkei",4
2026-05-16,9536,西部ガスﾎｰﾙﾃﾞｨﾝｸﾞｽ,西部ガスHD,skip,duplicate,high,"kabutan,tdnet",3
2026-05-16,9537,北陸瓦斯,北陸ガス,skip,duplicate,high,"kabutan,nikkei",4
2026-05-16,9539,京葉瓦斯,京葉瓦斯,skip,duplicate,high,"kabutan,tdnet",4
2026-05-16,9539,京葉瓦斯,京葉ガス,skip,duplicate,high,nikkei,2
2026-05-16,9539,京葉瓦斯,葉ガス,skip,duplicate,high,kabutan,2
2026-05-16,9543,静岡ガス,静岡ガス,skip,duplicate,high,"kabutan,nikkei,tdnet",9
2026-05-16,9543,静岡ガス,静ガス,skip,duplicate,high,kabutan,2
2026-05-16,9551,メタウォーター,メタウォーター,skip,duplicate,high,"kabutan,nikkei,tdnet",10
2026-05-16,9551,メタウォーター,メタウォータ,skip,duplicate,high,kabutan,2
2026-05-16,9552,クオンツ総研ﾎｰﾙﾃﾞｨﾝｸﾞｽ,クオンツ総研ホールディングス,skip,duplicate,high,"kabutan,nikkei",4
2026-05-16,9552,クオンツ総研ﾎｰﾙﾃﾞｨﾝｸﾞｽ,クオンツ総研,skip,duplicate,high,kabutan,2
2026-05-16,9553,マイクロアド,マイクロアド,skip,duplicate,high,"kabutan,nikkei",5
2026-05-16,9554,AViC,AViC,skip,duplicate,high,"kabutan,nikkei",6
2026-05-16,9554,AViC,エイビック,skip,duplicate,high,kabutan,2
2026-05-16,9556,INTLOOP,INTLOOP,skip,duplicate,high,"kabutan,nikkei",8
2026-05-16,9556,INTLOOP,イントループ,skip,duplicate,high,kabutan,2
2026-05-16,9557,エアークローゼット,エアークローゼット,skip,duplicate,high,"kabutan,nikkei",4
2026-05-16,9557,エアークローゼット,エアクロ,skip,duplicate,high,kabutan,2
2026-05-16,9558,ジャパニアス,ジャパニアス,skip,duplicate,high,"kabutan,nikkei",6
2026-05-16,9560,プログリット,プログリット,skip,duplicate,high,"kabutan,nikkei,tdnet",14
2026-05-16,9561,グラッドキューブ,グラッドキューブ,skip,duplicate,high,"kabutan,nikkei",7
2026-05-16,9561,グラッドキューブ,グラッドC,skip,duplicate,high,kabutan,2
2026-05-16,9562,ビジネスコーチ,ビジネスコーチ,skip,duplicate,high,"kabutan,nikkei",5
2026-05-16,9562,ビジネスコーチ,ビジコーチ,skip,duplicate,high,kabutan,2
2026-05-16,9563,Atlas Technologies,Atlas Technologies,skip,duplicate,high,"kabutan,nikkei",5
2026-05-16,9563,Atlas Technologies,アトラスT,skip,duplicate,high,kabutan,2
2026-05-16,9563,Atlas Technologies,Atlas,review,new_candidate,low,tdnet,3
2026-05-16,9564,FCE,FCE,skip,duplicate,high,"kabutan,nikkei",5
2026-05-16,9565,GLOE,GLOE,skip,duplicate,high,"kabutan,nikkei",6
2026-05-16,9601,松竹,松竹,skip,duplicate,high,"kabutan,nikkei,tdnet",13
2026-05-16,9602,東宝,東宝,skip,duplicate,high,"kabutan,nikkei,tdnet",13
2026-05-16,9603,エイチ・アイ・エス,HIS,skip,duplicate,high,kabutan,7
2026-05-16,9603,エイチ・アイ・エス,エイチ・アイ・エス,skip,duplicate,high,"kabutan,nikkei",4
2026-05-16,9605,東映,東映,skip,duplicate,high,"kabutan,nikkei",5
2026-05-16,9610,ウィルソン・ラーニング ワールドワイド,ウィルソン・ラーニング ワールドワイド,skip,duplicate,high,"kabutan,nikkei",4
2026-05-16,9610,ウィルソン・ラーニング ワールドワイド,ウィルソンW,skip,duplicate,high,kabutan,2
2026-05-16,9610,ウィルソン・ラーニング ワールドワイド,ウィルソンWLW,skip,duplicate,high,tdnet,2
2026-05-16,9612,ラックランド,ラックランド,skip,duplicate,high,"kabutan,nikkei,tdnet",9
2026-05-16,9616,共立メンテナンス,共立メンテ,skip,duplicate,high,"kabutan,tdnet",7
2026-05-16,9616,共立メンテナンス,共立メンテナンス,skip,duplicate,high,"kabutan,nikkei",4
2026-05-16,9619,イチネンﾎｰﾙﾃﾞｨﾝｸﾞｽ,イチネンHD,skip,duplicate,high,"kabutan,tdnet",8
2026-05-16,9619,イチネンﾎｰﾙﾃﾞｨﾝｸﾞｽ,イチネンホールディングス,skip,duplicate,high,"kabutan,nikkei",4
2026-05-16,9621,建設技術研究所,建設技研,skip,duplicate,high,"kabutan,tdnet",5
2026-05-16,9621,建設技術研究所,建設技術研究所,skip,duplicate,high,"kabutan,nikkei",4
2026-05-16,9622,スペース,スペース,skip,duplicate,high,"kabutan,nikkei,tdnet",8
2026-05-16,9625,セレスポ,セレスポ,skip,duplicate,high,"kabutan,nikkei,tdnet",6
2026-05-16,9627,アインﾎｰﾙﾃﾞｨﾝｸﾞｽ,アインHD,skip,duplicate,high,"kabutan,tdnet",6
2026-05-16,9627,アインﾎｰﾙﾃﾞｨﾝｸﾞｽ,アインホールディングス,skip,duplicate,high,"kabutan,nikkei",4
2026-05-16,9628,燦ﾎｰﾙﾃﾞｨﾝｸﾞｽ,燦HD,skip,duplicate,high,"kabutan,tdnet",5
2026-05-16,9628,燦ﾎｰﾙﾃﾞｨﾝｸﾞｽ,燦ホールディングス,skip,duplicate,high,"kabutan,nikkei",4
2026-05-16,9629,ピー・シー・エー,ピー・シー・エー,skip,duplicate,high,"kabutan,nikkei,tdnet",8
2026-05-16,9629,ピー・シー・エー,PCA,skip,duplicate,high,kabutan,3
2026-05-16,9632,スバル興業,スバル興,skip,duplicate,high,tdnet,6
2026-05-16,9632,スバル興業,スバル興業,skip,duplicate,high,"kabutan,nikkei",4
2026-05-16,9632,スバル興業,スバル,skip,duplicate,high,kabutan,2
2026-05-16,9633,東京テアトル,テアトル,skip,duplicate,high,kabutan,5
2026-05-16,9633,東京テアトル,東京テアトル,skip,duplicate,high,"kabutan,nikkei",4
2026-05-16,9635,武蔵野興業,武蔵野興業,skip,duplicate,high,"kabutan,nikkei",4
2026-05-16,9635,武蔵野興業,武蔵野興,skip,duplicate,high,tdnet,3
2026-05-16,9635,武蔵野興業,武蔵野,skip,duplicate,high,kabutan,2
2026-05-16,9636,きんえい,きんえい,skip,duplicate,high,"kabutan,nikkei,tdnet",8
2026-05-16,9639,三協フロンテア,三協フロンテア,skip,duplicate,high,"kabutan,nikkei",4
2026-05-16,9639,三協フロンテア,三協フロンテ,skip,duplicate,high,kabutan,3
2026-05-16,9640,セゾンテクノロジー,セゾンテクノロジー,skip,duplicate,high,"kabutan,nikkei",4
2026-05-16,9640,セゾンテクノロジー,セゾンテク,skip,duplicate,high,kabutan,2
2026-05-16,9644,タナベコンサルティングｸﾞﾙｰﾌﾟ,タナベコンサルG,skip,duplicate,high,tdnet,4
2026-05-16,9644,タナベコンサルティングｸﾞﾙｰﾌﾟ,タナベコンサルティンググループ,skip,duplicate,high,"kabutan,nikkei",4
2026-05-16,9644,タナベコンサルティングｸﾞﾙｰﾌﾟ,タナベCG,skip,duplicate,high,kabutan,2
2026-05-16,9647,協和コンサルタンツ,協和コンサル,skip,duplicate,high,"kabutan,tdnet",6
2026-05-16,9647,協和コンサルタンツ,協和コンサルタンツ,skip,duplicate,high,"kabutan,nikkei",4
2026-05-16,9651,日本プロセス,日本プロセス,skip,duplicate,high,"kabutan,nikkei",4
2026-05-16,9656,グリーンランドリゾート,グリーンランドリゾート,skip,duplicate,high,"kabutan,nikkei",4
2026-05-16,9656,グリーンランドリゾート,グリンランド,skip,duplicate,high,kabutan,2
2026-05-16,9658,ビジネスブレイン太田昭和,ビジ太田昭和,skip,duplicate,high,tdnet,5
2026-05-16,9658,ビジネスブレイン太田昭和,ビジネスブレイン太田昭和,skip,duplicate,high,"kabutan,nikkei",4
2026-05-16,9658,ビジネスブレイン太田昭和,ビジ太田昭,skip,duplicate,high,kabutan,2
2026-05-16,9661,歌舞伎座,歌舞伎,skip,duplicate,high,"kabutan,tdnet",4
2026-05-16,9661,歌舞伎座,歌舞伎座,skip,duplicate,high,"kabutan,nikkei",4
2026-05-16,9663,ナガワ,ナガワ,skip,duplicate,high,"kabutan,nikkei,tdnet",9
2026-05-16,9672,東京都競馬,東京都競馬,skip,duplicate,high,"kabutan,nikkei",4
2026-05-16,9672,東京都競馬,東競馬,skip,duplicate,high,kabutan,2
2026-05-16,9672,東京都競馬,都競馬,skip,duplicate,high,tdnet,2
2026-05-16,9678,カナモト,カナモト,skip,duplicate,high,"kabutan,nikkei,tdnet",8
2026-05-16,9679,ホウライ,ホウライ,skip,duplicate,high,"kabutan,nikkei,tdnet",5
2026-05-16,9682,DTS,DTS,skip,duplicate,high,"kabutan,nikkei,tdnet",9
2026-05-16,9684,スクウェア・エニックス・ﾎｰﾙﾃﾞｨﾝｸﾞｽ,スクウェア・エニックス・ホールディングス,skip,duplicate,high,"kabutan,nikkei",4
2026-05-16,9684,スクウェア・エニックス・ﾎｰﾙﾃﾞｨﾝｸﾞｽ,スクエニHD,skip,duplicate,high,kabutan,2
2026-05-16,9685,KYCOMﾎｰﾙﾃﾞｨﾝｸﾞｽ,KYCOMホールディングス,skip,duplicate,high,"kabutan,nikkei",4
2026-05-16,9685,KYCOMﾎｰﾙﾃﾞｨﾝｸﾞｽ,KYCOM,skip,duplicate,high,kabutan,3
2026-05-16,9686,東洋テック,東洋テック,skip,duplicate,high,"kabutan,nikkei,tdnet",8
2026-05-16,9686,東洋テック,東洋テク,skip,duplicate,high,kabutan,2
2026-05-16,9687,KSK,KSK,skip,duplicate,high,"kabutan,nikkei,tdnet",9
2026-05-16,9691,両毛システムズ,両毛システム,skip,duplicate,high,"kabutan,tdnet",8
2026-05-16,9691,両毛システムズ,両毛システムズ,skip,duplicate,high,"kabutan,nikkei",4
2026-05-16,9692,シーイーシー,シーイーシー,skip,duplicate,high,"kabutan,nikkei",8
2026-05-16,9697,カプコン,カプコン,skip,duplicate,high,"kabutan,nikkei,tdnet",8
2026-05-16,9698,クレオ,クレオ,skip,duplicate,high,"kabutan,nikkei,tdnet",10
2026-05-16,9699,ニシオﾎｰﾙﾃﾞｨﾝｸﾞｽ,ニシオホールディングス,skip,duplicate,high,"kabutan,nikkei",4
2026-05-16,9699,ニシオﾎｰﾙﾃﾞｨﾝｸﾞｽ,ニシオHD,skip,duplicate,high,"kabutan,tdnet",3
2026-05-16,9701,東京會舘,東京会館,skip,duplicate,high,"nikkei,tdnet",5
2026-05-16,9701,東京會舘,会舘,skip,duplicate,high,kabutan,2
2026-05-16,9701,東京會舘,東京會舘,skip,duplicate,high,kabutan,2
2026-05-16,9702,アイ・エス・ビー,アイ・エス・ビー,skip,duplicate,high,"kabutan,nikkei,tdnet",9
2026-05-16,9704,アゴーラ ホスピタリティー ｸﾞﾙｰﾌﾟ,アゴーラHG,skip,duplicate,high,"kabutan,tdnet",6
2026-05-16,9704,アゴーラ ホスピタリティー ｸﾞﾙｰﾌﾟ,アゴーラ ホスピタリティー グループ,skip,duplicate,high,"kabutan,nikkei",4
2026-05-16,9706,日本空港ビルデング,日空ビル,skip,duplicate,high,tdnet,6
2026-05-16,9706,日本空港ビルデング,日本空港ビルデング,skip,duplicate,high,"kabutan,nikkei",4
2026-05-16,9706,日本空港ビルデング,日本空港ビル,skip,duplicate,high,kabutan,2
2026-05-16,9708,帝国ホテル,帝国ホテル,skip,duplicate,high,"kabutan,nikkei",6
2026-05-16,9708,帝国ホテル,帝ホテル,skip,duplicate,high,kabutan,2
2026-05-16,9709,NCS＆A,NCS&A,skip,duplicate,high,"kabutan,nikkei,tdnet",10
2026-05-16,9713,ロイヤルホテル,ロイヤルホテル,skip,duplicate,high,"kabutan,nikkei,tdnet",15
2026-05-16,9713,ロイヤルホテル,ロイヤルホ,skip,duplicate,high,kabutan,2
2026-05-16,9715,トランス・コスモス,トランス・コスモス,skip,duplicate,high,"kabutan,nikkei,tdnet",10
2026-05-16,9715,トランス・コスモス,トランスコス,skip,duplicate,high,kabutan,2
2026-05-16,9716,乃村工藝社,乃村工芸社,skip,duplicate,high,"kabutan,nikkei",4
2026-05-16,9716,乃村工藝社,乃村工藝社,skip,duplicate,high,kabutan,2
2026-05-16,9716,乃村工藝社,乃村工芸,add,new_candidate,medium,tdnet,2
2026-05-16,9719,SCSK,SCSK,skip,duplicate,high,kabutan,3
2026-05-16,9720,ホテル、ニューグランド,ホテル、ニューグランド,skip,duplicate,high,"kabutan,nikkei",4
2026-05-16,9720,ホテル、ニューグランド,ニューグランド,skip,duplicate,high,tdnet,3
2026-05-16,9720,ホテル、ニューグランド,グランド,skip,duplicate,high,kabutan,2
2026-05-16,9722,藤田観光,藤田観,skip,duplicate,high,"kabutan,tdnet",4
2026-05-16,9722,藤田観光,藤田観光,skip,duplicate,high,"kabutan,nikkei",4
2026-05-16,9723,京都ホテル,京都ホテル,skip,duplicate,high,"kabutan,nikkei,tdnet",10
2026-05-16,9723,京都ホテル,京都ホ,skip,duplicate,high,kabutan,2
2026-05-16,9726,KNT－CTﾎｰﾙﾃﾞｨﾝｸﾞｽ,KNTCT,skip,duplicate,high,"kabutan,tdnet",5
2026-05-16,9726,KNT－CTﾎｰﾙﾃﾞｨﾝｸﾞｽ,KNT-CTホールディングス,skip,duplicate,high,"kabutan,nikkei",4
2026-05-16,9729,トーカイ,トーカイ,skip,duplicate,high,"kabutan,nikkei",5
2026-05-16,9731,白洋舎,白洋舎,skip,duplicate,high,"kabutan,nikkei",4
2026-05-16,9733,ナガセ,ナガセ,skip,duplicate,high,"kabutan,nikkei,tdnet",5
2026-05-16,9735,セコム,セコム,skip,duplicate,high,"kabutan,nikkei,tdnet",5
2026-05-16,9739,NSW,NSW,skip,duplicate,high,"kabutan,nikkei,tdnet",10
2026-05-16,9740,セントラル警備保障,CSP,skip,duplicate,high,"kabutan,nikkei,tdnet",8
2026-05-16,9740,セントラル警備保障,セントラル警備保障,skip,duplicate,high,kabutan,2
2026-05-16,9742,アイネス,アイネス,skip,duplicate,high,"kabutan,nikkei,tdnet",7
2026-05-16,9743,丹青社,丹青社,skip,duplicate,high,"kabutan,nikkei",6
2026-05-16,9744,メイテックｸﾞﾙｰﾌﾟﾎｰﾙﾃﾞｨﾝｸﾞｽ,メイテックグループホールディングス,skip,duplicate,high,"kabutan,nikkei",4
2026-05-16,9744,メイテックｸﾞﾙｰﾌﾟﾎｰﾙﾃﾞｨﾝｸﾞｽ,メイテックG,skip,duplicate,high,kabutan,2
2026-05-16,9746,TKC,TKC,skip,duplicate,high,"kabutan,nikkei,tdnet",9
2026-05-16,9753,アイエックス・ナレッジ,IXナレッジ,skip,duplicate,high,"kabutan,tdnet",7
2026-05-16,9753,アイエックス・ナレッジ,アイエックス・ナレッジ,skip,duplicate,high,"kabutan,nikkei",4
2026-05-16,9755,応用地質,応用地質,skip,duplicate,high,"kabutan,nikkei",4
2026-05-16,9757,船井総研ﾎｰﾙﾃﾞｨﾝｸﾞｽ,船井総研HD,skip,duplicate,high,"kabutan,tdnet",4
2026-05-16,9757,船井総研ﾎｰﾙﾃﾞｨﾝｸﾞｽ,船井総研ホールディングス,skip,duplicate,high,"kabutan,nikkei",4
2026-05-16,9759,NSD,NSD,skip,duplicate,high,"kabutan,nikkei,tdnet",11
2026-05-16,9760,進学会ﾎｰﾙﾃﾞｨﾝｸﾞｽ,進学会HD,skip,duplicate,high,"kabutan,tdnet",6
2026-05-16,9760,進学会ﾎｰﾙﾃﾞｨﾝｸﾞｽ,進学会ホールディングス,skip,duplicate,high,"kabutan,nikkei",4
2026-05-16,9761,東海リース,東海リース,skip,duplicate,high,"kabutan,nikkei",4
2026-05-16,9763,丸建リース,丸建リース,skip,duplicate,high,"kabutan,nikkei,tdnet",7
2026-05-16,9765,オオバ,オオバ,skip,duplicate,high,"kabutan,nikkei,tdnet",13
2026-05-16,9766,コナミｸﾞﾙｰﾌﾟ,コナミグループ,skip,duplicate,high,"kabutan,nikkei,tdnet",7
2026-05-16,9766,コナミｸﾞﾙｰﾌﾟ,コナミG,skip,duplicate,high,kabutan,2
2026-05-16,9767,日建工学,日建工学,skip,duplicate,high,"kabutan,nikkei",4
2026-05-16,9768,いであ,いであ,skip,duplicate,high,"kabutan,nikkei,tdnet",5
2026-05-16,9769,学究社,学究社,skip,duplicate,high,"kabutan,nikkei",5
2026-05-16,9780,ハリマビステム,ハリマビステム,skip,duplicate,high,"kabutan,nikkei,tdnet",10
2026-05-16,9780,ハリマビステム,ビステム,skip,duplicate,high,kabutan,2
2026-05-16,9782,ディーエムエス,ディーエムエス,skip,duplicate,high,"kabutan,nikkei",5
2026-05-16,9782,ディーエムエス,DMS,skip,duplicate,high,kabutan,2
2026-05-16,9788,ナック,ナック,skip,duplicate,high,"kabutan,nikkei,tdnet",11
2026-05-16,9790,福井コンピュータﾎｰﾙﾃﾞｨﾝｸﾞｽ,福井コンピュータホールディングス,skip,duplicate,high,"kabutan,nikkei",4
2026-05-16,9790,福井コンピュータﾎｰﾙﾃﾞｨﾝｸﾞｽ,福井コン,skip,duplicate,high,kabutan,2
2026-05-16,9791,ビケンテクノ,ビケンテクノ,skip,duplicate,high,"kabutan,nikkei,tdnet",8
2026-05-16,9793,ダイセキ,ダイセキ,skip,duplicate,high,"kabutan,nikkei,tdnet",7
2026-05-16,9795,ステップ,ステップ,skip,duplicate,high,"kabutan,nikkei,tdnet",7
2026-05-16,9799,旭情報サービス,旭情報,skip,duplicate,high,"kabutan,tdnet",10
2026-05-16,9799,旭情報サービス,旭情報サービス,skip,duplicate,high,"kabutan,nikkei",4
2026-05-16,9812,テーオーﾎｰﾙﾃﾞｨﾝｸﾞｽ,テーオーHD,skip,duplicate,high,"kabutan,tdnet",5
2026-05-16,9812,テーオーﾎｰﾙﾃﾞｨﾝｸﾞｽ,テーオーホールディングス,skip,duplicate,high,"kabutan,nikkei",4
2026-05-16,9816,ストライダーズ,ストライダーズ,skip,duplicate,high,"kabutan,nikkei,tdnet",8
2026-05-16,9816,ストライダーズ,ストライダズ,skip,duplicate,high,kabutan,2
2026-05-16,9818,大丸エナウィン,大丸エナ,skip,duplicate,high,"kabutan,tdnet",5
2026-05-16,9818,大丸エナウィン,大丸エナウィン,skip,duplicate,high,"kabutan,nikkei",4
2026-05-16,9820,エムティジェネックス,エムティジェネックス,skip,duplicate,high,"kabutan,nikkei",4
2026-05-16,9820,エムティジェネックス,MTジェネック,skip,duplicate,high,tdnet,3
2026-05-16,9820,エムティジェネックス,ジェネックス,skip,duplicate,high,kabutan,2
2026-05-16,9823,マミーマートﾎｰﾙﾃﾞｨﾝｸﾞｽ,マミーマートHD,skip,duplicate,high,tdnet,6
2026-05-16,9823,マミーマートﾎｰﾙﾃﾞｨﾝｸﾞｽ,マミーマートホールディングス,skip,duplicate,high,"kabutan,nikkei",4
2026-05-16,9823,マミーマートﾎｰﾙﾃﾞｨﾝｸﾞｽ,マミーマート,skip,duplicate,high,kabutan,2
2026-05-16,9824,泉州電業,泉州電業,skip,duplicate,high,"kabutan,nikkei,tdnet",13
2026-05-16,9824,泉州電業,泉州電,skip,duplicate,high,kabutan,2
2026-05-16,9827,リリカラ,リリカラ,skip,duplicate,high,"kabutan,nikkei,tdnet",11
2026-05-16,9828,Genki Global Dining Concepts,ゲンキGDC,skip,duplicate,high,"kabutan,tdnet",6
2026-05-16,9828,Genki Global Dining Concepts,Genki Global Dining Concepts,skip,duplicate,high,"kabutan,nikkei",5
2026-05-16,9830,トラスコ中山,トラスコ中山,skip,duplicate,high,"kabutan,nikkei,tdnet",5
2026-05-16,9831,ヤマダﾎｰﾙﾃﾞｨﾝｸﾞｽ,ヤマダHD,skip,duplicate,high,"kabutan,tdnet",9
2026-05-16,9831,ヤマダﾎｰﾙﾃﾞｨﾝｸﾞｽ,ヤマダホールディングス,skip,duplicate,high,"kabutan,nikkei",4
2026-05-16,9832,オートバックスセブン,オートバックス,skip,duplicate,high,tdnet,5
2026-05-16,9832,オートバックスセブン,オートバックスセブン,skip,duplicate,high,"kabutan,nikkei",4
2026-05-16,9832,オートバックスセブン,オートバクス,skip,duplicate,high,kabutan,2
2026-05-16,9835,ジュンテンドー,ジュンテンド,skip,duplicate,high,tdnet,6
2026-05-16,9835,ジュンテンドー,ジュンテンドー,skip,duplicate,high,"kabutan,nikkei",4
2026-05-16,9835,ジュンテンドー,ジュンテン,skip,duplicate,high,kabutan,2
2026-05-16,9837,モリト,モリト,skip,duplicate,high,"kabutan,nikkei,tdnet",8
2026-05-16,9842,アークランズ,アークランズ,skip,duplicate,high,"kabutan,nikkei,tdnet",9
2026-05-16,9843,ニトリﾎｰﾙﾃﾞｨﾝｸﾞｽ,ニトリホールディングス,skip,duplicate,high,"kabutan,nikkei",4
2026-05-16,9843,ニトリﾎｰﾙﾃﾞｨﾝｸﾞｽ,ニトリHD,skip,duplicate,high,kabutan,2
2026-05-16,9845,パーカーｺｰﾎﾟﾚｰｼｮﾝ,パーカー,skip,duplicate,high,"kabutan,tdnet",4
2026-05-16,9845,パーカーｺｰﾎﾟﾚｰｼｮﾝ,パーカーコーポレーション,skip,duplicate,high,"kabutan,nikkei",4
2026-05-16,9846,天満屋ストア,天満屋ス,skip,duplicate,high,"kabutan,tdnet",4
2026-05-16,9846,天満屋ストア,天満屋ストア,skip,duplicate,high,"kabutan,nikkei",4
2026-05-16,9849,共同紙販ﾎｰﾙﾃﾞｨﾝｸﾞｽ,共同紙,skip,duplicate,high,"kabutan,tdnet",6
2026-05-16,9849,共同紙販ﾎｰﾙﾃﾞｨﾝｸﾞｽ,共同紙販ホールディングス,skip,duplicate,high,"kabutan,nikkei",4
2026-05-16,9850,グルメ杵屋,グルメ杵屋,skip,duplicate,high,"kabutan,nikkei",5
2026-05-16,9853,銀座ルノアール,銀座ルノア,skip,duplicate,high,kabutan,4
2026-05-16,9853,銀座ルノアール,銀座ルノアール,skip,duplicate,high,"kabutan,nikkei",4
2026-05-16,9854,愛眼,愛眼,skip,duplicate,high,"kabutan,nikkei,tdnet",5
2026-05-16,9856,ケーユーﾎｰﾙﾃﾞｨﾝｸﾞｽ,ケーユーホールディングス,skip,duplicate,high,"kabutan,nikkei",4
2026-05-16,9856,ケーユーﾎｰﾙﾃﾞｨﾝｸﾞｽ,ケーユーHD,skip,duplicate,high,kabutan,2
2026-05-16,9857,英和,英和,skip,duplicate,high,"kabutan,nikkei",4
2026-05-16,9861,吉野家ﾎｰﾙﾃﾞｨﾝｸﾞｽ,吉野家HD,skip,duplicate,high,"kabutan,tdnet",5
2026-05-16,9861,吉野家ﾎｰﾙﾃﾞｨﾝｸﾞｽ,吉野家ホールディングス,skip,duplicate,high,"kabutan,nikkei",4
2026-05-16,9867,ソレキア,ソレキア,skip,duplicate,high,"kabutan,nikkei,tdnet",7
2026-05-16,9869,加藤産業,加藤産業,skip,duplicate,high,"kabutan,nikkei,tdnet",7
2026-05-16,9869,加藤産業,加藤産,skip,duplicate,high,kabutan,2
2026-05-16,9872,北恵,北恵,skip,duplicate,high,"kabutan,nikkei",5
2026-05-16,9876,コックス,コックス,skip,duplicate,high,"kabutan,nikkei,tdnet",10
2026-05-16,9878,セキド,セキド,skip,duplicate,high,"kabutan,nikkei,tdnet",15
2026-05-16,9880,イノテック,イノテック,skip,duplicate,high,"kabutan,nikkei",6
2026-05-16,9882,イエローハット,イエローハット,skip,duplicate,high,"kabutan,nikkei,tdnet",14
2026-05-16,9882,イエローハット,イエロハット,skip,duplicate,high,kabutan,2
2026-05-16,9885,シャルレ,シャルレ,skip,duplicate,high,"kabutan,nikkei,tdnet",9
2026-05-16,9887,松屋フーズﾎｰﾙﾃﾞｨﾝｸﾞｽ,松屋フーズホールディングス,skip,duplicate,high,"kabutan,nikkei",4
2026-05-16,9887,松屋フーズﾎｰﾙﾃﾞｨﾝｸﾞｽ,松屋フーズ,skip,duplicate,high,kabutan,2
2026-05-16,9888,UEX,UEX,skip,duplicate,high,"kabutan,nikkei,tdnet",11
2026-05-16,9889,JBCCﾎｰﾙﾃﾞｨﾝｸﾞｽ,JBCCHD,skip,duplicate,high,kabutan,7
2026-05-16,9889,JBCCﾎｰﾙﾃﾞｨﾝｸﾞｽ,JBCCホールディングス,skip,duplicate,high,"kabutan,nikkei",4
2026-05-16,9890,マキヤ,マキヤ,skip,duplicate,high,"kabutan,nikkei,tdnet",7
2026-05-16,9895,コンセック,コンセック,skip,duplicate,high,"kabutan,nikkei,tdnet",6
2026-05-16,9896,JKﾎｰﾙﾃﾞｨﾝｸﾞｽ,JKHD,skip,duplicate,high,kabutan,4
2026-05-16,9896,JKﾎｰﾙﾃﾞｨﾝｸﾞｽ,JKホールディングス,skip,duplicate,high,"kabutan,nikkei",4
2026-05-16,9900,サガミﾎｰﾙﾃﾞｨﾝｸﾞｽ,サガミHD,skip,duplicate,high,"kabutan,tdnet",4
2026-05-16,9900,サガミﾎｰﾙﾃﾞｨﾝｸﾞｽ,サガミホールディングス,skip,duplicate,high,"kabutan,nikkei",4
2026-05-16,9902,日伝,日伝,skip,duplicate,high,"kabutan,nikkei",5
2026-05-16,9903,カンセキ,カンセキ,skip,duplicate,high,"kabutan,nikkei,tdnet",6
2026-05-16,9904,ベリテ,ベリテ,skip,duplicate,high,"kabutan,nikkei,tdnet",7
2026-05-16,9906,藤井産業,藤井産業,skip,duplicate,high,"kabutan,nikkei,tdnet",8
2026-05-16,9908,日本電計,日本電計,skip,duplicate,high,"kabutan,nikkei",13
2026-05-16,9908,日本電計,Denkei,skip,duplicate,high,kabutan,2
2026-05-16,9913,日邦産業,日邦産業,skip,duplicate,high,"kabutan,nikkei",4
2026-05-16,9914,植松商会,植松商会,skip,duplicate,high,"kabutan,nikkei,tdnet",8
2026-05-16,9927,ワットマン,ワットマン,skip,duplicate,high,"kabutan,nikkei,tdnet",10
2026-05-16,9928,ミロク情報サービス,ミロク情報,skip,duplicate,high,"kabutan,tdnet",5
2026-05-16,9928,ミロク情報サービス,ミロク情報サービス,skip,duplicate,high,"kabutan,nikkei",4
2026-05-16,9929,平和紙業,平和紙業,skip,duplicate,high,"kabutan,nikkei,tdnet",10
2026-05-16,9930,北沢産業,北沢産業,skip,duplicate,high,"kabutan,nikkei,tdnet",8
2026-05-16,9930,北沢産業,北沢産,skip,duplicate,high,kabutan,2
2026-05-16,9932,杉本商事,杉本商事,skip,duplicate,high,"kabutan,nikkei,tdnet",7
2026-05-16,9932,杉本商事,杉本商,skip,duplicate,high,kabutan,2
2026-05-16,9934,因幡電機産業,因幡電産,skip,duplicate,high,"kabutan,tdnet",5
2026-05-16,9934,因幡電機産業,因幡電機産業,skip,duplicate,high,"kabutan,nikkei",4
2026-05-16,9936,王将フードサービス,王将フード,skip,duplicate,high,"kabutan,tdnet",5
2026-05-16,9936,王将フードサービス,王将フードサービス,skip,duplicate,high,"kabutan,nikkei",4
2026-05-16,9941,太洋物産,太洋物産,skip,duplicate,high,"kabutan,nikkei,tdnet",18
2026-05-16,9946,ミニストップ,ミニストップ,skip,duplicate,high,"kabutan,nikkei,tdnet",10
2026-05-16,9948,アークス,アークス,skip,duplicate,high,"kabutan,nikkei,tdnet",11
2026-05-16,9950,ハチバン,ハチバン,skip,duplicate,high,"kabutan,nikkei,tdnet",11
2026-05-16,9955,ヨンキュウ,ヨンキュウ,skip,duplicate,high,"kabutan,nikkei,tdnet",7
2026-05-16,9956,バローﾎｰﾙﾃﾞｨﾝｸﾞｽ,バローHD,skip,duplicate,high,"kabutan,tdnet",4
2026-05-16,9956,バローﾎｰﾙﾃﾞｨﾝｸﾞｽ,バローホールディングス,skip,duplicate,high,"kabutan,nikkei",4
2026-05-16,9959,アシードﾎｰﾙﾃﾞｨﾝｸﾞｽ,アシードホールディングス,skip,duplicate,high,"kabutan,nikkei",4
2026-05-16,9959,アシードﾎｰﾙﾃﾞｨﾝｸﾞｽ,アシードHD,skip,duplicate,high,kabutan,2
2026-05-16,9960,東テク,東テク,skip,duplicate,high,"kabutan,nikkei,tdnet",11
2026-05-16,9962,ミスミｸﾞﾙｰﾌﾟ本社,ミスミG,skip,duplicate,high,"kabutan,tdnet",10
2026-05-16,9962,ミスミｸﾞﾙｰﾌﾟ本社,ミスミグループ本社,skip,duplicate,high,"kabutan,nikkei",4
2026-05-16,9969,ショクブン,ショクブン,skip,duplicate,high,"kabutan,nikkei,tdnet",5
2026-05-16,9972,アルテック,アルテック,skip,duplicate,high,"kabutan,nikkei,tdnet",7
2026-05-16,9973,KOZOﾎｰﾙﾃﾞｨﾝｸﾞｽ,KOZOHD,skip,duplicate,high,"kabutan,tdnet",13
2026-05-16,9973,KOZOﾎｰﾙﾃﾞｨﾝｸﾞｽ,KOZOホールディングス,skip,duplicate,high,"kabutan,nikkei",4
2026-05-16,9974,ベルク,ベルク,skip,duplicate,high,"kabutan,nikkei,tdnet",7
2026-05-16,9976,セキチュー,セキチュー,skip,duplicate,high,"kabutan,nikkei",7
2026-05-16,9978,文教堂ｸﾞﾙｰﾌﾟﾎｰﾙﾃﾞｨﾝｸﾞｽ,文教堂グループホールディングス,skip,duplicate,high,"kabutan,nikkei",4
2026-05-16,9978,文教堂ｸﾞﾙｰﾌﾟﾎｰﾙﾃﾞｨﾝｸﾞｽ,文教堂GHD,skip,duplicate,high,kabutan,2
2026-05-16,9978,文教堂ｸﾞﾙｰﾌﾟﾎｰﾙﾃﾞｨﾝｸﾞｽ,文教堂HD,add,new_candidate,medium,tdnet,2
2026-05-16,9979,大庄,大庄,skip,duplicate,high,"kabutan,nikkei,tdnet",9
2026-05-16,9980,MRKﾎｰﾙﾃﾞｨﾝｸﾞｽ,MRKHLD,skip,duplicate,high,"kabutan,tdnet",10
2026-05-16,9980,MRKﾎｰﾙﾃﾞｨﾝｸﾞｽ,MRKホールディングス,skip,duplicate,high,"kabutan,nikkei",4
2026-05-16,9982,タキヒヨー,タキヒヨー,skip,duplicate,high,"kabutan,nikkei,tdnet",10
2026-05-16,9983,ファーストリテイリング,ファーストリテイリング,skip,duplicate,high,"kabutan,nikkei",4
2026-05-16,9983,ファーストリテイリング,ファストリ,skip,duplicate,high,kabutan,2
2026-05-16,9983,ファーストリテイリング,ファーストリテ,add,new_candidate,medium,tdnet,3
2026-05-16,9984,ソフトバンクｸﾞﾙｰﾌﾟ,ソフトバンクグループ,skip,duplicate,high,"kabutan,nikkei,tdnet",18
2026-05-16,9984,ソフトバンクｸﾞﾙｰﾌﾟ,SBG,skip,duplicate,high,kabutan,2
2026-05-16,9986,蔵王産業,蔵王産業,skip,duplicate,high,"kabutan,nikkei",5
2026-05-16,9987,スズケン,スズケン,skip,duplicate,high,"kabutan,nikkei",6
2026-05-16,9989,サンドラッグ,サンドラッグ,skip,duplicate,high,"kabutan,nikkei",4
2026-05-16,9990,サックスバー ﾎｰﾙﾃﾞｨﾝｸﾞｽ,サックスバー ホールディングス,skip,duplicate,high,"kabutan,nikkei",4
2026-05-16,9990,サックスバー ﾎｰﾙﾃﾞｨﾝｸﾞｽ,サックスバー,skip,duplicate,high,kabutan,2
2026-05-16,9990,サックスバー ﾎｰﾙﾃﾞｨﾝｸﾞｽ,サックスバーHD,skip,duplicate,high,tdnet,2
2026-05-16,9991,ジェコス,ジェコス,skip,duplicate,high,"kabutan,nikkei,tdnet",11
2026-05-16,9993,ヤマザワ,ヤマザワ,skip,duplicate,high,"kabutan,nikkei,tdnet",13
2026-05-16,9994,やまや,やまや,skip,duplicate,high,"kabutan,nikkei",4
2026-05-16,9996,サトー商会,サトー商会,skip,duplicate,high,"kabutan,nikkei",5
2026-05-16,9997,ベルーナ,ベルーナ,skip,duplicate,high,"kabutan,nikkei,tdnet",8
